year,month,state,rto,maker,fuel_filter,vehicle_category_filter,norms_filter,vehicle_class_filter,vehicle_count,scraped_at,source_url
2026,5,INDIA TOTAL,All Vahan4 Running Office,AJAY ENGINEERING AND AGRICULTURAL EQUIPMENT CO.,ALL,ALL,ALL,ADAPTED VEHICLE|MOTOR CAR|MOTOR CARAVAN|OMNI BUS (PRIVATE USE)|VINTAGE MOTOR VEHICLE,0,2026-06-14T09:45:02.903Z,https://vahan.parivahan.gov.in/vahan4dashboard/vahan/view/reportview.xhtml
2026,5,INDIA TOTAL,All Vahan4 Running Office,ASTON MARTIN LAGONDA LTD,ALL,ALL,ALL,ADAPTED VEHICLE|MOTOR CAR|MOTOR CARAVAN|OMNI BUS (PRIVATE USE)|VINTAGE MOTOR VEHICLE,1,2026-06-14T09:45:02.903Z,https://vahan.parivahan.gov.in/vahan4dashboard/vahan/view/reportview.xhtml
2026,5,INDIA TOTAL,All Vahan4 Running Office,ATHER ENERGY LTD,ALL,ALL,ALL,ADAPTED VEHICLE|MOTOR CAR|MOTOR CARAVAN|OMNI BUS (PRIVATE USE)|VINTAGE MOTOR VEHICLE,0,2026-06-14T09:45:02.903Z,https://vahan.parivahan.gov.in/vahan4dashboard/vahan/view/reportview.xhtml
2026,5,INDIA TOTAL,All Vahan4 Running Office,AUDI AG,ALL,ALL,ALL,ADAPTED VEHICLE|MOTOR CAR|MOTOR CARAVAN|OMNI BUS (PRIVATE USE)|VINTAGE MOTOR VEHICLE,4,2026-06-14T09:45:02.903Z,https://vahan.parivahan.gov.in/vahan4dashboard/vahan/view/reportview.xhtml
2026,5,INDIA TOTAL,All Vahan4 Running Office,AUTOMOBILI LAMBORGHINI S.P.A,ALL,ALL,ALL,ADAPTED VEHICLE|MOTOR CAR|MOTOR CARAVAN|OMNI BUS (PRIVATE USE)|VINTAGE MOTOR VEHICLE,5,2026-06-14T09:45:02.903Z,https://vahan.parivahan.gov.in/vahan4dashboard/vahan/view/reportview.xhtml
2026,5,INDIA TOTAL,All Vahan4 Running Office,BAJAJ AUTO LTD,ALL,ALL,ALL,ADAPTED VEHICLE|MOTOR CAR|MOTOR CARAVAN|OMNI BUS (PRIVATE USE)|VINTAGE MOTOR VEHICLE,3,2026-06-14T09:45:02.903Z,https://vahan.parivahan.gov.in/vahan4dashboard/vahan/view/reportview.xhtml
2026,5,INDIA TOTAL,All Vahan4 Running Office,BENTLEY MOTORS LIMITED,ALL,ALL,ALL,ADAPTED VEHICLE|MOTOR CAR|MOTOR CARAVAN|OMNI BUS (PRIVATE USE)|VINTAGE MOTOR VEHICLE,2,2026-06-14T09:45:02.903Z,https://vahan.parivahan.gov.in/vahan4dashboard/vahan/view/reportview.xhtml
2026,5,INDIA TOTAL,All Vahan4 Running Office,BENTLEY MOTORS LTD (SAVWIPL),ALL,ALL,ALL,ADAPTED VEHICLE|MOTOR CAR|MOTOR CARAVAN|OMNI BUS (PRIVATE USE)|VINTAGE MOTOR VEHICLE,1,2026-06-14T09:45:02.903Z,https://vahan.parivahan.gov.in/vahan4dashboard/vahan/view/reportview.xhtml
2026,5,INDIA TOTAL,All Vahan4 Running Office,BMW INDIA PVT LTD,ALL,ALL,ALL,ADAPTED VEHICLE|MOTOR CAR|MOTOR CARAVAN|OMNI BUS (PRIVATE USE)|VINTAGE MOTOR VEHICLE,1404,2026-06-14T09:45:02.903Z,https://vahan.parivahan.gov.in/vahan4dashboard/vahan/view/reportview.xhtml
2026,5,INDIA TOTAL,All Vahan4 Running Office,BYD AUTO,ALL,ALL,ALL,ADAPTED VEHICLE|MOTOR CAR|MOTOR CARAVAN|OMNI BUS (PRIVATE USE)|VINTAGE MOTOR VEHICLE,0,2026-06-14T09:45:02.903Z,https://vahan.parivahan.gov.in/vahan4dashboard/vahan/view/reportview.xhtml
2026,5,INDIA TOTAL,All Vahan4 Running Office,BYD INDIA PRIVATE LIMITED,ALL,ALL,ALL,ADAPTED VEHICLE|MOTOR CAR|MOTOR CARAVAN|OMNI BUS (PRIVATE USE)|VINTAGE MOTOR VEHICLE,703,2026-06-14T09:45:02.903Z,https://vahan.parivahan.gov.in/vahan4dashboard/vahan/view/reportview.xhtml
2026,5,INDIA TOTAL,All Vahan4 Running Office,FERRARI SPA,ALL,ALL,ALL,ADAPTED VEHICLE|MOTOR CAR|MOTOR CARAVAN|OMNI BUS (PRIVATE USE)|VINTAGE MOTOR VEHICLE,0,2026-06-14T09:45:02.903Z,https://vahan.parivahan.gov.in/vahan4dashboard/vahan/view/reportview.xhtml
2026,5,INDIA TOTAL,All Vahan4 Running Office,FERRARI SPA (IMPORTER:NAVNIT MOTORS PVT LTD),ALL,ALL,ALL,ADAPTED VEHICLE|MOTOR CAR|MOTOR CARAVAN|OMNI BUS (PRIVATE USE)|VINTAGE MOTOR VEHICLE,0,2026-06-14T09:45:02.903Z,https://vahan.parivahan.gov.in/vahan4dashboard/vahan/view/reportview.xhtml
2026,5,INDIA TOTAL,All Vahan4 Running Office,FERRARI SPA (IMPORTER:SELECT CARS P LTD),ALL,ALL,ALL,ADAPTED VEHICLE|MOTOR CAR|MOTOR CARAVAN|OMNI BUS (PRIVATE USE)|VINTAGE MOTOR VEHICLE,2,2026-06-14T09:45:02.903Z,https://vahan.parivahan.gov.in/vahan4dashboard/vahan/view/reportview.xhtml
2026,5,INDIA TOTAL,All Vahan4 Running Office,FORCE MOTORS LIMITED,ALL,ALL,ALL,ADAPTED VEHICLE|MOTOR CAR|MOTOR CARAVAN|OMNI BUS (PRIVATE USE)|VINTAGE MOTOR VEHICLE,213,2026-06-14T09:45:02.903Z,https://vahan.parivahan.gov.in/vahan4dashboard/vahan/view/reportview.xhtml
2026,5,INDIA TOTAL,All Vahan4 Running Office,FORD INDIA PVT LTD,ALL,ALL,ALL,ADAPTED VEHICLE|MOTOR CAR|MOTOR CARAVAN|OMNI BUS (PRIVATE USE)|VINTAGE MOTOR VEHICLE,1,2026-06-14T09:45:02.903Z,https://vahan.parivahan.gov.in/vahan4dashboard/vahan/view/reportview.xhtml
2026,5,INDIA TOTAL,All Vahan4 Running Office,FORD USA MILITARY BANTAM,ALL,ALL,ALL,ADAPTED VEHICLE|MOTOR CAR|MOTOR CARAVAN|OMNI BUS (PRIVATE USE)|VINTAGE MOTOR VEHICLE,0,2026-06-14T09:45:02.903Z,https://vahan.parivahan.gov.in/vahan4dashboard/vahan/view/reportview.xhtml
2026,5,INDIA TOTAL,All Vahan4 Running Office,GENERAL MOTORS INDIA PVT LTD,ALL,ALL,ALL,ADAPTED VEHICLE|MOTOR CAR|MOTOR CARAVAN|OMNI BUS (PRIVATE USE)|VINTAGE MOTOR VEHICLE,0,2026-06-14T09:45:02.903Z,https://vahan.parivahan.gov.in/vahan4dashboard/vahan/view/reportview.xhtml
2026,5,INDIA TOTAL,All Vahan4 Running Office,GREAVES ELECTRIC MOBILITY LTD,ALL,ALL,ALL,ADAPTED VEHICLE|MOTOR CAR|MOTOR CARAVAN|OMNI BUS (PRIVATE USE)|VINTAGE MOTOR VEHICLE,0,2026-06-14T09:45:02.903Z,https://vahan.parivahan.gov.in/vahan4dashboard/vahan/view/reportview.xhtml
2026,5,INDIA TOTAL,All Vahan4 Running Office,HERO MOTOCORP LTD,ALL,ALL,ALL,ADAPTED VEHICLE|MOTOR CAR|MOTOR CARAVAN|OMNI BUS (PRIVATE USE)|VINTAGE MOTOR VEHICLE,293,2026-06-14T09:45:02.903Z,https://vahan.parivahan.gov.in/vahan4dashboard/vahan/view/reportview.xhtml
2026,5,INDIA TOTAL,All Vahan4 Running Office,HINDUSTAN MOTORS LTD,ALL,ALL,ALL,ADAPTED VEHICLE|MOTOR CAR|MOTOR CARAVAN|OMNI BUS (PRIVATE USE)|VINTAGE MOTOR VEHICLE,0,2026-06-14T09:45:02.903Z,https://vahan.parivahan.gov.in/vahan4dashboard/vahan/view/reportview.xhtml
2026,5,INDIA TOTAL,All Vahan4 Running Office,HONDA CARS INDIA LTD,ALL,ALL,ALL,ADAPTED VEHICLE|MOTOR CAR|MOTOR CARAVAN|OMNI BUS (PRIVATE USE)|VINTAGE MOTOR VEHICLE,4383,2026-06-14T09:45:02.903Z,https://vahan.parivahan.gov.in/vahan4dashboard/vahan/view/reportview.xhtml
2026,5,INDIA TOTAL,All Vahan4 Running Office,HONDA MOTORCYCLE AND SCOOTER INDIA (P) LTD,ALL,ALL,ALL,ADAPTED VEHICLE|MOTOR CAR|MOTOR CARAVAN|OMNI BUS (PRIVATE USE)|VINTAGE MOTOR VEHICLE,136,2026-06-14T09:45:02.904Z,https://vahan.parivahan.gov.in/vahan4dashboard/vahan/view/reportview.xhtml
2026,5,INDIA TOTAL,All Vahan4 Running Office,HYUNDAI MOTOR INDIA LTD,ALL,ALL,ALL,ADAPTED VEHICLE|MOTOR CAR|MOTOR CARAVAN|OMNI BUS (PRIVATE USE)|VINTAGE MOTOR VEHICLE,43587,2026-06-14T09:45:02.904Z,https://vahan.parivahan.gov.in/vahan4dashboard/vahan/view/reportview.xhtml
2026,5,INDIA TOTAL,All Vahan4 Running Office,INDIA YAMAHA MOTOR PVT LTD,ALL,ALL,ALL,ADAPTED VEHICLE|MOTOR CAR|MOTOR CARAVAN|OMNI BUS (PRIVATE USE)|VINTAGE MOTOR VEHICLE,2,2026-06-14T09:45:02.904Z,https://vahan.parivahan.gov.in/vahan4dashboard/vahan/view/reportview.xhtml
2026,5,INDIA TOTAL,All Vahan4 Running Office,ISUZU MOTORS INDIA PVT LTD,ALL,ALL,ALL,ADAPTED VEHICLE|MOTOR CAR|MOTOR CARAVAN|OMNI BUS (PRIVATE USE)|VINTAGE MOTOR VEHICLE,30,2026-06-14T09:45:02.904Z,https://vahan.parivahan.gov.in/vahan4dashboard/vahan/view/reportview.xhtml
2026,5,INDIA TOTAL,All Vahan4 Running Office,JAGUAR LAND ROVER INDIA LIMITED,ALL,ALL,ALL,ADAPTED VEHICLE|MOTOR CAR|MOTOR CARAVAN|OMNI BUS (PRIVATE USE)|VINTAGE MOTOR VEHICLE,378,2026-06-14T09:45:02.904Z,https://vahan.parivahan.gov.in/vahan4dashboard/vahan/view/reportview.xhtml
2026,5,INDIA TOTAL,All Vahan4 Running Office,JAGUAR LAND ROVER LIMITED UK,ALL,ALL,ALL,ADAPTED VEHICLE|MOTOR CAR|MOTOR CARAVAN|OMNI BUS (PRIVATE USE)|VINTAGE MOTOR VEHICLE,0,2026-06-14T09:45:02.904Z,https://vahan.parivahan.gov.in/vahan4dashboard/vahan/view/reportview.xhtml
2026,5,INDIA TOTAL,All Vahan4 Running Office,JSW MG MOTOR INDIA PVT LTD,ALL,ALL,ALL,ADAPTED VEHICLE|MOTOR CAR|MOTOR CARAVAN|OMNI BUS (PRIVATE USE)|VINTAGE MOTOR VEHICLE,5997,2026-06-14T09:45:02.904Z,https://vahan.parivahan.gov.in/vahan4dashboard/vahan/view/reportview.xhtml
2026,5,INDIA TOTAL,All Vahan4 Running Office,KIA INDIA PRIVATE LIMITED,ALL,ALL,ALL,ADAPTED VEHICLE|MOTOR CAR|MOTOR CARAVAN|OMNI BUS (PRIVATE USE)|VINTAGE MOTOR VEHICLE,24801,2026-06-14T09:45:02.904Z,https://vahan.parivahan.gov.in/vahan4dashboard/vahan/view/reportview.xhtml
2026,5,INDIA TOTAL,All Vahan4 Running Office,KIA MOTORS CORPN,ALL,ALL,ALL,ADAPTED VEHICLE|MOTOR CAR|MOTOR CARAVAN|OMNI BUS (PRIVATE USE)|VINTAGE MOTOR VEHICLE,0,2026-06-14T09:45:02.904Z,https://vahan.parivahan.gov.in/vahan4dashboard/vahan/view/reportview.xhtml
2026,5,INDIA TOTAL,All Vahan4 Running Office,KINETIC MOTOR COMPANY LIMITED,ALL,ALL,ALL,ADAPTED VEHICLE|MOTOR CAR|MOTOR CARAVAN|OMNI BUS (PRIVATE USE)|VINTAGE MOTOR VEHICLE,0,2026-06-14T09:45:02.904Z,https://vahan.parivahan.gov.in/vahan4dashboard/vahan/view/reportview.xhtml
2026,5,INDIA TOTAL,All Vahan4 Running Office,LEXUS MOTORS LTD,ALL,ALL,ALL,ADAPTED VEHICLE|MOTOR CAR|MOTOR CARAVAN|OMNI BUS (PRIVATE USE)|VINTAGE MOTOR VEHICLE,0,2026-06-14T09:45:02.904Z,https://vahan.parivahan.gov.in/vahan4dashboard/vahan/view/reportview.xhtml
2026,5,INDIA TOTAL,All Vahan4 Running Office,M/S GENERAL MOTORS LLC,ALL,ALL,ALL,ADAPTED VEHICLE|MOTOR CAR|MOTOR CARAVAN|OMNI BUS (PRIVATE USE)|VINTAGE MOTOR VEHICLE,1,2026-06-14T09:45:02.904Z,https://vahan.parivahan.gov.in/vahan4dashboard/vahan/view/reportview.xhtml
2026,5,INDIA TOTAL,All Vahan4 Running Office,MAHINDRA & MAHINDRA LIMITED,ALL,ALL,ALL,ADAPTED VEHICLE|MOTOR CAR|MOTOR CARAVAN|OMNI BUS (PRIVATE USE)|VINTAGE MOTOR VEHICLE,44711,2026-06-14T09:45:02.904Z,https://vahan.parivahan.gov.in/vahan4dashboard/vahan/view/reportview.xhtml
2026,5,INDIA TOTAL,All Vahan4 Running Office,MAHINDRA DEFENCE SYSTEMS LTD,ALL,ALL,ALL,ADAPTED VEHICLE|MOTOR CAR|MOTOR CARAVAN|OMNI BUS (PRIVATE USE)|VINTAGE MOTOR VEHICLE,0,2026-06-14T09:45:02.904Z,https://vahan.parivahan.gov.in/vahan4dashboard/vahan/view/reportview.xhtml
2026,5,INDIA TOTAL,All Vahan4 Running Office,MAHINDRA ELECTRIC AUTOMOBILE LTD,ALL,ALL,ALL,ADAPTED VEHICLE|MOTOR CAR|MOTOR CARAVAN|OMNI BUS (PRIVATE USE)|VINTAGE MOTOR VEHICLE,5992,2026-06-14T09:45:02.904Z,https://vahan.parivahan.gov.in/vahan4dashboard/vahan/view/reportview.xhtml
2026,5,INDIA TOTAL,All Vahan4 Running Office,MAHINDRA ELECTRIC MOBILITY LIMITED,ALL,ALL,ALL,ADAPTED VEHICLE|MOTOR CAR|MOTOR CARAVAN|OMNI BUS (PRIVATE USE)|VINTAGE MOTOR VEHICLE,0,2026-06-14T09:45:02.904Z,https://vahan.parivahan.gov.in/vahan4dashboard/vahan/view/reportview.xhtml
2026,5,INDIA TOTAL,All Vahan4 Running Office,MAHINDRA LAST MILE MOBILITY LTD,ALL,ALL,ALL,ADAPTED VEHICLE|MOTOR CAR|MOTOR CARAVAN|OMNI BUS (PRIVATE USE)|VINTAGE MOTOR VEHICLE,1,2026-06-14T09:45:02.904Z,https://vahan.parivahan.gov.in/vahan4dashboard/vahan/view/reportview.xhtml
2026,5,INDIA TOTAL,All Vahan4 Running Office,MARUTI INDUSTRIES,ALL,ALL,ALL,ADAPTED VEHICLE|MOTOR CAR|MOTOR CARAVAN|OMNI BUS (PRIVATE USE)|VINTAGE MOTOR VEHICLE,2,2026-06-14T09:45:02.904Z,https://vahan.parivahan.gov.in/vahan4dashboard/vahan/view/reportview.xhtml
2026,5,INDIA TOTAL,All Vahan4 Running Office,MARUTI SUZUKI INDIA LTD,ALL,ALL,ALL,ADAPTED VEHICLE|MOTOR CAR|MOTOR CARAVAN|OMNI BUS (PRIVATE USE)|VINTAGE MOTOR VEHICLE,145494,2026-06-14T09:45:02.904Z,https://vahan.parivahan.gov.in/vahan4dashboard/vahan/view/reportview.xhtml
2026,5,INDIA TOTAL,All Vahan4 Running Office,MARUTI UDYOG LTD,ALL,ALL,ALL,ADAPTED VEHICLE|MOTOR CAR|MOTOR CARAVAN|OMNI BUS (PRIVATE USE)|VINTAGE MOTOR VEHICLE,4,2026-06-14T09:45:02.904Z,https://vahan.parivahan.gov.in/vahan4dashboard/vahan/view/reportview.xhtml
2026,5,INDIA TOTAL,All Vahan4 Running Office,MASERATI S.P.A,ALL,ALL,ALL,ADAPTED VEHICLE|MOTOR CAR|MOTOR CARAVAN|OMNI BUS (PRIVATE USE)|VINTAGE MOTOR VEHICLE,6,2026-06-14T09:45:02.904Z,https://vahan.parivahan.gov.in/vahan4dashboard/vahan/view/reportview.xhtml
2026,5,INDIA TOTAL,All Vahan4 Running Office,MCLAREN AUTOMOTIVE (IMPORTER: INFINITY CARS),ALL,ALL,ALL,ADAPTED VEHICLE|MOTOR CAR|MOTOR CARAVAN|OMNI BUS (PRIVATE USE)|VINTAGE MOTOR VEHICLE,0,2026-06-14T09:45:02.904Z,https://vahan.parivahan.gov.in/vahan4dashboard/vahan/view/reportview.xhtml
2026,5,INDIA TOTAL,All Vahan4 Running Office,MERCEDES -BENZ AG,ALL,ALL,ALL,ADAPTED VEHICLE|MOTOR CAR|MOTOR CARAVAN|OMNI BUS (PRIVATE USE)|VINTAGE MOTOR VEHICLE,228,2026-06-14T09:45:02.904Z,https://vahan.parivahan.gov.in/vahan4dashboard/vahan/view/reportview.xhtml
2026,5,INDIA TOTAL,All Vahan4 Running Office,MERCEDES BENZ,ALL,ALL,ALL,ADAPTED VEHICLE|MOTOR CAR|MOTOR CARAVAN|OMNI BUS (PRIVATE USE)|VINTAGE MOTOR VEHICLE,4,2026-06-14T09:45:02.904Z,https://vahan.parivahan.gov.in/vahan4dashboard/vahan/view/reportview.xhtml
2026,5,INDIA TOTAL,All Vahan4 Running Office,MERCEDES-BENZ INDIA PVT LTD,ALL,ALL,ALL,ADAPTED VEHICLE|MOTOR CAR|MOTOR CARAVAN|OMNI BUS (PRIVATE USE)|VINTAGE MOTOR VEHICLE,1109,2026-06-14T09:45:02.904Z,https://vahan.parivahan.gov.in/vahan4dashboard/vahan/view/reportview.xhtml
2026,5,INDIA TOTAL,All Vahan4 Running Office,MITSUBISHI MOTORS CORPORATION,ALL,ALL,ALL,ADAPTED VEHICLE|MOTOR CAR|MOTOR CARAVAN|OMNI BUS (PRIVATE USE)|VINTAGE MOTOR VEHICLE,1,2026-06-14T09:45:02.904Z,https://vahan.parivahan.gov.in/vahan4dashboard/vahan/view/reportview.xhtml
2026,5,INDIA TOTAL,All Vahan4 Running Office,NANJING GOLDEN (IMPORTER: KALY EMOTORS),ALL,ALL,ALL,ADAPTED VEHICLE|MOTOR CAR|MOTOR CARAVAN|OMNI BUS (PRIVATE USE)|VINTAGE MOTOR VEHICLE,0,2026-06-14T09:45:02.904Z,https://vahan.parivahan.gov.in/vahan4dashboard/vahan/view/reportview.xhtml
2026,5,INDIA TOTAL,All Vahan4 Running Office,NISSAN MOTOR INDIA PVT LTD,ALL,ALL,ALL,ADAPTED VEHICLE|MOTOR CAR|MOTOR CARAVAN|OMNI BUS (PRIVATE USE)|VINTAGE MOTOR VEHICLE,2982,2026-06-14T09:45:02.905Z,https://vahan.parivahan.gov.in/vahan4dashboard/vahan/view/reportview.xhtml
2026,5,INDIA TOTAL,All Vahan4 Running Office,OKINAWA AUTOTECH PVT LTD,ALL,ALL,ALL,ADAPTED VEHICLE|MOTOR CAR|MOTOR CARAVAN|OMNI BUS (PRIVATE USE)|VINTAGE MOTOR VEHICLE,7,2026-06-14T09:45:02.905Z,https://vahan.parivahan.gov.in/vahan4dashboard/vahan/view/reportview.xhtml
2026,5,INDIA TOTAL,All Vahan4 Running Office,OTHERS,ALL,ALL,ALL,ADAPTED VEHICLE|MOTOR CAR|MOTOR CARAVAN|OMNI BUS (PRIVATE USE)|VINTAGE MOTOR VEHICLE,0,2026-06-14T09:45:02.905Z,https://vahan.parivahan.gov.in/vahan4dashboard/vahan/view/reportview.xhtml
2026,5,INDIA TOTAL,All Vahan4 Running Office,PINNACLE MOBILITY SOLUTIONS PVT LTD,ALL,ALL,ALL,ADAPTED VEHICLE|MOTOR CAR|MOTOR CARAVAN|OMNI BUS (PRIVATE USE)|VINTAGE MOTOR VEHICLE,1,2026-06-14T09:45:02.905Z,https://vahan.parivahan.gov.in/vahan4dashboard/vahan/view/reportview.xhtml
2026,5,INDIA TOTAL,All Vahan4 Running Office,PORSCHE AG GERMANY,ALL,ALL,ALL,ADAPTED VEHICLE|MOTOR CAR|MOTOR CARAVAN|OMNI BUS (PRIVATE USE)|VINTAGE MOTOR VEHICLE,47,2026-06-14T09:45:02.905Z,https://vahan.parivahan.gov.in/vahan4dashboard/vahan/view/reportview.xhtml
2026,5,INDIA TOTAL,All Vahan4 Running Office,POWERLAND AGRO TRACTOR VEHICLES PVT LTD,ALL,ALL,ALL,ADAPTED VEHICLE|MOTOR CAR|MOTOR CARAVAN|OMNI BUS (PRIVATE USE)|VINTAGE MOTOR VEHICLE,0,2026-06-14T09:45:02.905Z,https://vahan.parivahan.gov.in/vahan4dashboard/vahan/view/reportview.xhtml
2026,5,INDIA TOTAL,All Vahan4 Running Office,RANGE AUTOMOBILES PVT LTD,ALL,ALL,ALL,ADAPTED VEHICLE|MOTOR CAR|MOTOR CARAVAN|OMNI BUS (PRIVATE USE)|VINTAGE MOTOR VEHICLE,0,2026-06-14T09:45:02.905Z,https://vahan.parivahan.gov.in/vahan4dashboard/vahan/view/reportview.xhtml
2026,5,INDIA TOTAL,All Vahan4 Running Office,RENAULT INDIA PVT LTD,ALL,ALL,ALL,ADAPTED VEHICLE|MOTOR CAR|MOTOR CARAVAN|OMNI BUS (PRIVATE USE)|VINTAGE MOTOR VEHICLE,4191,2026-06-14T09:45:02.905Z,https://vahan.parivahan.gov.in/vahan4dashboard/vahan/view/reportview.xhtml
2026,5,INDIA TOTAL,All Vahan4 Running Office,RENAULT NISSAN AUTOMOTIVE INDIA PRIVATE LIMITED,ALL,ALL,ALL,ADAPTED VEHICLE|MOTOR CAR|MOTOR CARAVAN|OMNI BUS (PRIVATE USE)|VINTAGE MOTOR VEHICLE,0,2026-06-14T09:45:02.905Z,https://vahan.parivahan.gov.in/vahan4dashboard/vahan/view/reportview.xhtml
2026,5,INDIA TOTAL,All Vahan4 Running Office,ROLLS ROYCE,ALL,ALL,ALL,ADAPTED VEHICLE|MOTOR CAR|MOTOR CARAVAN|OMNI BUS (PRIVATE USE)|VINTAGE MOTOR VEHICLE,1,2026-06-14T09:45:02.905Z,https://vahan.parivahan.gov.in/vahan4dashboard/vahan/view/reportview.xhtml
2026,5,INDIA TOTAL,All Vahan4 Running Office,ROLLS ROYCE MOTOR (IMPORTER: KUN MOTOR),ALL,ALL,ALL,ADAPTED VEHICLE|MOTOR CAR|MOTOR CARAVAN|OMNI BUS (PRIVATE USE)|VINTAGE MOTOR VEHICLE,2,2026-06-14T09:45:02.905Z,https://vahan.parivahan.gov.in/vahan4dashboard/vahan/view/reportview.xhtml
2026,5,INDIA TOTAL,All Vahan4 Running Office,ROLLS-ROYCE MOTOR CARS(IMPORTER:SELECT CARS P LTD),ALL,ALL,ALL,ADAPTED VEHICLE|MOTOR CAR|MOTOR CARAVAN|OMNI BUS (PRIVATE USE)|VINTAGE MOTOR VEHICLE,3,2026-06-14T09:45:02.905Z,https://vahan.parivahan.gov.in/vahan4dashboard/vahan/view/reportview.xhtml
2026,5,INDIA TOTAL,All Vahan4 Running Office,ROYAL-ENFIELD (UNIT OF EICHER LTD),ALL,ALL,ALL,ADAPTED VEHICLE|MOTOR CAR|MOTOR CARAVAN|OMNI BUS (PRIVATE USE)|VINTAGE MOTOR VEHICLE,1,2026-06-14T09:45:02.905Z,https://vahan.parivahan.gov.in/vahan4dashboard/vahan/view/reportview.xhtml
2026,5,INDIA TOTAL,All Vahan4 Running Office,SHREE SHYAM AGROTECH,ALL,ALL,ALL,ADAPTED VEHICLE|MOTOR CAR|MOTOR CARAVAN|OMNI BUS (PRIVATE USE)|VINTAGE MOTOR VEHICLE,0,2026-06-14T09:45:02.905Z,https://vahan.parivahan.gov.in/vahan4dashboard/vahan/view/reportview.xhtml
2026,5,INDIA TOTAL,All Vahan4 Running Office,SKODA AUTO AS,ALL,ALL,ALL,ADAPTED VEHICLE|MOTOR CAR|MOTOR CARAVAN|OMNI BUS (PRIVATE USE)|VINTAGE MOTOR VEHICLE,2,2026-06-14T09:45:02.905Z,https://vahan.parivahan.gov.in/vahan4dashboard/vahan/view/reportview.xhtml
2026,5,INDIA TOTAL,All Vahan4 Running Office,SKODA AUTO INDIA PVT LTD,ALL,ALL,ALL,ADAPTED VEHICLE|MOTOR CAR|MOTOR CARAVAN|OMNI BUS (PRIVATE USE)|VINTAGE MOTOR VEHICLE,1,2026-06-14T09:45:02.905Z,https://vahan.parivahan.gov.in/vahan4dashboard/vahan/view/reportview.xhtml
2026,5,INDIA TOTAL,All Vahan4 Running Office,SKODA AUTO VOLKSWAGEN INDIA PVT LTD,ALL,ALL,ALL,ADAPTED VEHICLE|MOTOR CAR|MOTOR CARAVAN|OMNI BUS (PRIVATE USE)|VINTAGE MOTOR VEHICLE,8522,2026-06-14T09:45:02.905Z,https://vahan.parivahan.gov.in/vahan4dashboard/vahan/view/reportview.xhtml
2026,5,INDIA TOTAL,All Vahan4 Running Office,SML MAHINDRA LTD,ALL,ALL,ALL,ADAPTED VEHICLE|MOTOR CAR|MOTOR CARAVAN|OMNI BUS (PRIVATE USE)|VINTAGE MOTOR VEHICLE,1,2026-06-14T09:45:02.905Z,https://vahan.parivahan.gov.in/vahan4dashboard/vahan/view/reportview.xhtml
2026,5,INDIA TOTAL,All Vahan4 Running Office,STELLANTIS AUTOMOBILES INDIA PVT LTD,ALL,ALL,ALL,ADAPTED VEHICLE|MOTOR CAR|MOTOR CARAVAN|OMNI BUS (PRIVATE USE)|VINTAGE MOTOR VEHICLE,608,2026-06-14T09:45:02.905Z,https://vahan.parivahan.gov.in/vahan4dashboard/vahan/view/reportview.xhtml
2026,5,INDIA TOTAL,All Vahan4 Running Office,STELLANTIS INDIA PVT LTD,ALL,ALL,ALL,ADAPTED VEHICLE|MOTOR CAR|MOTOR CARAVAN|OMNI BUS (PRIVATE USE)|VINTAGE MOTOR VEHICLE,210,2026-06-14T09:45:02.905Z,https://vahan.parivahan.gov.in/vahan4dashboard/vahan/view/reportview.xhtml
2026,5,INDIA TOTAL,All Vahan4 Running Office,SUZUKI MOTORCYCLE INDIA PVT LTD,ALL,ALL,ALL,ADAPTED VEHICLE|MOTOR CAR|MOTOR CARAVAN|OMNI BUS (PRIVATE USE)|VINTAGE MOTOR VEHICLE,13,2026-06-14T09:45:02.905Z,https://vahan.parivahan.gov.in/vahan4dashboard/vahan/view/reportview.xhtml
2026,5,INDIA TOTAL,All Vahan4 Running Office,TATA ADVANCED SYSTEMS LTD,ALL,ALL,ALL,ADAPTED VEHICLE|MOTOR CAR|MOTOR CARAVAN|OMNI BUS (PRIVATE USE)|VINTAGE MOTOR VEHICLE,0,2026-06-14T09:45:02.905Z,https://vahan.parivahan.gov.in/vahan4dashboard/vahan/view/reportview.xhtml
2026,5,INDIA TOTAL,All Vahan4 Running Office,TATA MOTORS LTD,ALL,ALL,ALL,ADAPTED VEHICLE|MOTOR CAR|MOTOR CARAVAN|OMNI BUS (PRIVATE USE)|VINTAGE MOTOR VEHICLE,110,2026-06-14T09:45:02.905Z,https://vahan.parivahan.gov.in/vahan4dashboard/vahan/view/reportview.xhtml
2026,5,INDIA TOTAL,All Vahan4 Running Office,TATA MOTORS PASSENGER VEHICLES LTD,ALL,ALL,ALL,ADAPTED VEHICLE|MOTOR CAR|MOTOR CARAVAN|OMNI BUS (PRIVATE USE)|VINTAGE MOTOR VEHICLE,44024,2026-06-14T09:45:02.905Z,https://vahan.parivahan.gov.in/vahan4dashboard/vahan/view/reportview.xhtml
2026,5,INDIA TOTAL,All Vahan4 Running Office,TATA PASSENGER ELECTRIC MOBILITY LTD,ALL,ALL,ALL,ADAPTED VEHICLE|MOTOR CAR|MOTOR CARAVAN|OMNI BUS (PRIVATE USE)|VINTAGE MOTOR VEHICLE,10346,2026-06-14T09:45:02.905Z,https://vahan.parivahan.gov.in/vahan4dashboard/vahan/view/reportview.xhtml
2026,5,INDIA TOTAL,All Vahan4 Running Office,TESLA INDIA MOTORS AND ENERGY PVT LTD,ALL,ALL,ALL,ADAPTED VEHICLE|MOTOR CAR|MOTOR CARAVAN|OMNI BUS (PRIVATE USE)|VINTAGE MOTOR VEHICLE,35,2026-06-14T09:45:02.905Z,https://vahan.parivahan.gov.in/vahan4dashboard/vahan/view/reportview.xhtml
2026,5,INDIA TOTAL,All Vahan4 Running Office,TOYOTA HIACE GL COMMUTER,ALL,ALL,ALL,ADAPTED VEHICLE|MOTOR CAR|MOTOR CARAVAN|OMNI BUS (PRIVATE USE)|VINTAGE MOTOR VEHICLE,0,2026-06-14T09:45:02.905Z,https://vahan.parivahan.gov.in/vahan4dashboard/vahan/view/reportview.xhtml
2026,5,INDIA TOTAL,All Vahan4 Running Office,TOYOTA KIRLOSKAR MOTOR PVT LTD,ALL,ALL,ALL,ADAPTED VEHICLE|MOTOR CAR|MOTOR CARAVAN|OMNI BUS (PRIVATE USE)|VINTAGE MOTOR VEHICLE,24536,2026-06-14T09:45:02.905Z,https://vahan.parivahan.gov.in/vahan4dashboard/vahan/view/reportview.xhtml
2026,5,INDIA TOTAL,All Vahan4 Running Office,TVS MOTOR COMPANY LTD,ALL,ALL,ALL,ADAPTED VEHICLE|MOTOR CAR|MOTOR CARAVAN|OMNI BUS (PRIVATE USE)|VINTAGE MOTOR VEHICLE,273,2026-06-14T09:45:02.905Z,https://vahan.parivahan.gov.in/vahan4dashboard/vahan/view/reportview.xhtml
2026,5,INDIA TOTAL,All Vahan4 Running Office,VE COMMERCIAL VEHICLES LTD,ALL,ALL,ALL,ADAPTED VEHICLE|MOTOR CAR|MOTOR CARAVAN|OMNI BUS (PRIVATE USE)|VINTAGE MOTOR VEHICLE,1,2026-06-14T09:45:02.905Z,https://vahan.parivahan.gov.in/vahan4dashboard/vahan/view/reportview.xhtml
2026,5,INDIA TOTAL,All Vahan4 Running Office,VINFAST AUTO INDIA PVT LTD,ALL,ALL,ALL,ADAPTED VEHICLE|MOTOR CAR|MOTOR CARAVAN|OMNI BUS (PRIVATE USE)|VINTAGE MOTOR VEHICLE,958,2026-06-14T09:45:02.905Z,https://vahan.parivahan.gov.in/vahan4dashboard/vahan/view/reportview.xhtml
2026,5,INDIA TOTAL,All Vahan4 Running Office,VINTAGE VEHICLES,ALL,ALL,ALL,ADAPTED VEHICLE|MOTOR CAR|MOTOR CARAVAN|OMNI BUS (PRIVATE USE)|VINTAGE MOTOR VEHICLE,1,2026-06-14T09:45:02.906Z,https://vahan.parivahan.gov.in/vahan4dashboard/vahan/view/reportview.xhtml
2026,5,INDIA TOTAL,All Vahan4 Running Office,VOLKSWAGEN AG,ALL,ALL,ALL,ADAPTED VEHICLE|MOTOR CAR|MOTOR CARAVAN|OMNI BUS (PRIVATE USE)|VINTAGE MOTOR VEHICLE,40,2026-06-14T09:45:02.906Z,https://vahan.parivahan.gov.in/vahan4dashboard/vahan/view/reportview.xhtml
2026,5,INDIA TOTAL,All Vahan4 Running Office,VOLVO,ALL,ALL,ALL,ADAPTED VEHICLE|MOTOR CAR|MOTOR CARAVAN|OMNI BUS (PRIVATE USE)|VINTAGE MOTOR VEHICLE,1,2026-06-14T09:45:02.906Z,https://vahan.parivahan.gov.in/vahan4dashboard/vahan/view/reportview.xhtml
2026,5,INDIA TOTAL,All Vahan4 Running Office,VOLVO AUTO INDIA PVT LTD,ALL,ALL,ALL,ADAPTED VEHICLE|MOTOR CAR|MOTOR CARAVAN|OMNI BUS (PRIVATE USE)|VINTAGE MOTOR VEHICLE,120,2026-06-14T09:45:02.906Z,https://vahan.parivahan.gov.in/vahan4dashboard/vahan/view/reportview.xhtml
2026,5,INDIA TOTAL,All Vahan4 Running Office,WILLYS INDIA LTD,ALL,ALL,ALL,ADAPTED VEHICLE|MOTOR CAR|MOTOR CARAVAN|OMNI BUS (PRIVATE USE)|VINTAGE MOTOR VEHICLE,0,2026-06-14T09:45:02.906Z,https://vahan.parivahan.gov.in/vahan4dashboard/vahan/view/reportview.xhtml
2026,5,INDIA TOTAL,All Vahan4 Running Office,WUHAN LOTUS (IMPORTER: EXCLUSIVE MOTORS PVT LTD),ALL,ALL,ALL,ADAPTED VEHICLE|MOTOR CAR|MOTOR CARAVAN|OMNI BUS (PRIVATE USE)|VINTAGE MOTOR VEHICLE,0,2026-06-14T09:45:02.906Z,https://vahan.parivahan.gov.in/vahan4dashboard/vahan/view/reportview.xhtml
2026,5,INDIA TOTAL,All Vahan4 Running Office,XYZ1,ALL,ALL,ALL,ADAPTED VEHICLE|MOTOR CAR|MOTOR CARAVAN|OMNI BUS (PRIVATE USE)|VINTAGE MOTOR VEHICLE,0,2026-06-14T09:45:02.906Z,https://vahan.parivahan.gov.in/vahan4dashboard/vahan/view/reportview.xhtml
2026,5,INDIA TOTAL,All Vahan4 Running Office,3EV INDUSTRIES PVT LTD,ALL,THREE WHEELER(NT)|THREE WHEELER(T),ALL,ALL,0,2026-06-14T09:44:14.666Z,https://vahan.parivahan.gov.in/vahan4dashboard/vahan/view/reportview.xhtml
2026,5,INDIA TOTAL,All Vahan4 Running Office,3S INDUSTRIES PRIVATE LIMITED,ALL,THREE WHEELER(NT)|THREE WHEELER(T),ALL,ALL,111,2026-06-14T09:44:14.668Z,https://vahan.parivahan.gov.in/vahan4dashboard/vahan/view/reportview.xhtml
2026,5,INDIA TOTAL,All Vahan4 Running Office,A K GUPTA & CO.,ALL,THREE WHEELER(NT)|THREE WHEELER(T),ALL,ALL,12,2026-06-14T09:44:14.668Z,https://vahan.parivahan.gov.in/vahan4dashboard/vahan/view/reportview.xhtml
2026,5,INDIA TOTAL,All Vahan4 Running Office,A N ENTERPRISES,ALL,THREE WHEELER(NT)|THREE WHEELER(T),ALL,ALL,0,2026-06-14T09:44:14.668Z,https://vahan.parivahan.gov.in/vahan4dashboard/vahan/view/reportview.xhtml
2026,5,INDIA TOTAL,All Vahan4 Running Office,A P I MOTORS PVT LTD,ALL,THREE WHEELER(NT)|THREE WHEELER(T),ALL,ALL,32,2026-06-14T09:44:14.668Z,https://vahan.parivahan.gov.in/vahan4dashboard/vahan/view/reportview.xhtml
2026,5,INDIA TOTAL,All Vahan4 Running Office,A.J ENTERPRISES,ALL,THREE WHEELER(NT)|THREE WHEELER(T),ALL,ALL,37,2026-06-14T09:44:14.668Z,https://vahan.parivahan.gov.in/vahan4dashboard/vahan/view/reportview.xhtml
2026,5,INDIA TOTAL,All Vahan4 Running Office,A.R. MOTOR,ALL,THREE WHEELER(NT)|THREE WHEELER(T),ALL,ALL,73,2026-06-14T09:44:14.668Z,https://vahan.parivahan.gov.in/vahan4dashboard/vahan/view/reportview.xhtml
2026,5,INDIA TOTAL,All Vahan4 Running Office,A.V.AUTOMOTIVES PVT LTD,ALL,THREE WHEELER(NT)|THREE WHEELER(T),ALL,ALL,37,2026-06-14T09:44:14.668Z,https://vahan.parivahan.gov.in/vahan4dashboard/vahan/view/reportview.xhtml
2026,5,INDIA TOTAL,All Vahan4 Running Office,AADHYA ENTERPRISES,ALL,THREE WHEELER(NT)|THREE WHEELER(T),ALL,ALL,1,2026-06-14T09:44:14.668Z,https://vahan.parivahan.gov.in/vahan4dashboard/vahan/view/reportview.xhtml
2026,5,INDIA TOTAL,All Vahan4 Running Office,AADITYA GARBAGE PRODUCTS PVT LTD,ALL,THREE WHEELER(NT)|THREE WHEELER(T),ALL,ALL,2,2026-06-14T09:44:14.668Z,https://vahan.parivahan.gov.in/vahan4dashboard/vahan/view/reportview.xhtml
2026,5,INDIA TOTAL,All Vahan4 Running Office,AAHANA COMMERCE PVT LTD,ALL,THREE WHEELER(NT)|THREE WHEELER(T),ALL,ALL,847,2026-06-14T09:44:14.668Z,https://vahan.parivahan.gov.in/vahan4dashboard/vahan/view/reportview.xhtml
2026,5,INDIA TOTAL,All Vahan4 Running Office,AAKK AUTO PVT LTD,ALL,THREE WHEELER(NT)|THREE WHEELER(T),ALL,ALL,19,2026-06-14T09:44:14.668Z,https://vahan.parivahan.gov.in/vahan4dashboard/vahan/view/reportview.xhtml
2026,5,INDIA TOTAL,All Vahan4 Running Office,AARON INDUSTRIES,ALL,THREE WHEELER(NT)|THREE WHEELER(T),ALL,ALL,0,2026-06-14T09:44:14.668Z,https://vahan.parivahan.gov.in/vahan4dashboard/vahan/view/reportview.xhtml
2026,5,INDIA TOTAL,All Vahan4 Running Office,ABV CARGO PVT LTD,ALL,THREE WHEELER(NT)|THREE WHEELER(T),ALL,ALL,69,2026-06-14T09:44:14.668Z,https://vahan.parivahan.gov.in/vahan4dashboard/vahan/view/reportview.xhtml
2026,5,INDIA TOTAL,All Vahan4 Running Office,ACCRETION POWER AUTOS,ALL,THREE WHEELER(NT)|THREE WHEELER(T),ALL,ALL,16,2026-06-14T09:44:14.668Z,https://vahan.parivahan.gov.in/vahan4dashboard/vahan/view/reportview.xhtml
2026,5,INDIA TOTAL,All Vahan4 Running Office,ADIDEV TECHNOA PVT LTD,ALL,THREE WHEELER(NT)|THREE WHEELER(T),ALL,ALL,286,2026-06-14T09:44:14.668Z,https://vahan.parivahan.gov.in/vahan4dashboard/vahan/view/reportview.xhtml
2026,5,INDIA TOTAL,All Vahan4 Running Office,ADIGURU MANUFACTURING PVT LTD,ALL,THREE WHEELER(NT)|THREE WHEELER(T),ALL,ALL,1,2026-06-14T09:44:14.668Z,https://vahan.parivahan.gov.in/vahan4dashboard/vahan/view/reportview.xhtml
2026,5,INDIA TOTAL,All Vahan4 Running Office,ADITYA SAI INDUSTRIES,ALL,THREE WHEELER(NT)|THREE WHEELER(T),ALL,ALL,14,2026-06-14T09:44:14.668Z,https://vahan.parivahan.gov.in/vahan4dashboard/vahan/view/reportview.xhtml
2026,5,INDIA TOTAL,All Vahan4 Running Office,ADM TECHNOLOGIES PVT. LTD.,ALL,THREE WHEELER(NT)|THREE WHEELER(T),ALL,ALL,3,2026-06-14T09:44:14.668Z,https://vahan.parivahan.gov.in/vahan4dashboard/vahan/view/reportview.xhtml
2026,5,INDIA TOTAL,All Vahan4 Running Office,AERODRIVE PVT LTD,ALL,THREE WHEELER(NT)|THREE WHEELER(T),ALL,ALL,28,2026-06-14T09:44:14.668Z,https://vahan.parivahan.gov.in/vahan4dashboard/vahan/view/reportview.xhtml
2026,5,INDIA TOTAL,All Vahan4 Running Office,AEROEAGLE AUTOMOBILES PVT LTD,ALL,THREE WHEELER(NT)|THREE WHEELER(T),ALL,ALL,0,2026-06-14T09:44:14.668Z,https://vahan.parivahan.gov.in/vahan4dashboard/vahan/view/reportview.xhtml
2026,5,INDIA TOTAL,All Vahan4 Running Office,AFKON AUTOMOTIVES PVT LTD,ALL,THREE WHEELER(NT)|THREE WHEELER(T),ALL,ALL,45,2026-06-14T09:44:14.668Z,https://vahan.parivahan.gov.in/vahan4dashboard/vahan/view/reportview.xhtml
2026,5,INDIA TOTAL,All Vahan4 Running Office,AGI AUTO INDUSTRIES,ALL,THREE WHEELER(NT)|THREE WHEELER(T),ALL,ALL,33,2026-06-14T09:44:14.668Z,https://vahan.parivahan.gov.in/vahan4dashboard/vahan/view/reportview.xhtml
2026,5,INDIA TOTAL,All Vahan4 Running Office,AJAY MOTORS PRIVATE LIMITED,ALL,THREE WHEELER(NT)|THREE WHEELER(T),ALL,ALL,16,2026-06-14T09:44:14.668Z,https://vahan.parivahan.gov.in/vahan4dashboard/vahan/view/reportview.xhtml
2026,5,INDIA TOTAL,All Vahan4 Running Office,AKG INTERNATIONAL,ALL,THREE WHEELER(NT)|THREE WHEELER(T),ALL,ALL,161,2026-06-14T09:44:14.668Z,https://vahan.parivahan.gov.in/vahan4dashboard/vahan/view/reportview.xhtml
2026,5,INDIA TOTAL,All Vahan4 Running Office,ALBEDO VISION PVT LTD,ALL,THREE WHEELER(NT)|THREE WHEELER(T),ALL,ALL,4,2026-06-14T09:44:14.668Z,https://vahan.parivahan.gov.in/vahan4dashboard/vahan/view/reportview.xhtml
2026,5,INDIA TOTAL,All Vahan4 Running Office,ALIED E MOBILITY PVT LTD,ALL,THREE WHEELER(NT)|THREE WHEELER(T),ALL,ALL,37,2026-06-14T09:44:14.668Z,https://vahan.parivahan.gov.in/vahan4dashboard/vahan/view/reportview.xhtml
2026,5,INDIA TOTAL,All Vahan4 Running Office,ALLENTTI MOTORS PVT LTD,ALL,THREE WHEELER(NT)|THREE WHEELER(T),ALL,ALL,0,2026-06-14T09:44:14.668Z,https://vahan.parivahan.gov.in/vahan4dashboard/vahan/view/reportview.xhtml
2026,5,INDIA TOTAL,All Vahan4 Running Office,ALLFINE INDUSTRIES PVT LTD,ALL,THREE WHEELER(NT)|THREE WHEELER(T),ALL,ALL,232,2026-06-14T09:44:14.668Z,https://vahan.parivahan.gov.in/vahan4dashboard/vahan/view/reportview.xhtml
2026,5,INDIA TOTAL,All Vahan4 Running Office,ALTIER ELECTRIC VEHICLES PVT LTD,ALL,THREE WHEELER(NT)|THREE WHEELER(T),ALL,ALL,247,2026-06-14T09:44:14.668Z,https://vahan.parivahan.gov.in/vahan4dashboard/vahan/view/reportview.xhtml
2026,5,INDIA TOTAL,All Vahan4 Running Office,ALTIGREEN PROPULSION LABS PVT LTD,ALL,THREE WHEELER(NT)|THREE WHEELER(T),ALL,ALL,0,2026-06-14T09:44:14.668Z,https://vahan.parivahan.gov.in/vahan4dashboard/vahan/view/reportview.xhtml
2026,5,INDIA TOTAL,All Vahan4 Running Office,ALTIUS TECHNOLOGIES,ALL,THREE WHEELER(NT)|THREE WHEELER(T),ALL,ALL,0,2026-06-14T09:44:14.668Z,https://vahan.parivahan.gov.in/vahan4dashboard/vahan/view/reportview.xhtml
2026,5,INDIA TOTAL,All Vahan4 Running Office,ALVI AUTO,ALL,THREE WHEELER(NT)|THREE WHEELER(T),ALL,ALL,15,2026-06-14T09:44:14.668Z,https://vahan.parivahan.gov.in/vahan4dashboard/vahan/view/reportview.xhtml
2026,5,INDIA TOTAL,All Vahan4 Running Office,AMAN AUTOMOBILES,ALL,THREE WHEELER(NT)|THREE WHEELER(T),ALL,ALL,49,2026-06-14T09:44:14.668Z,https://vahan.parivahan.gov.in/vahan4dashboard/vahan/view/reportview.xhtml
2026,5,INDIA TOTAL,All Vahan4 Running Office,AMAN ELECTRIC VEHICLES,ALL,THREE WHEELER(NT)|THREE WHEELER(T),ALL,ALL,113,2026-06-14T09:44:14.668Z,https://vahan.parivahan.gov.in/vahan4dashboard/vahan/view/reportview.xhtml
2026,5,INDIA TOTAL,All Vahan4 Running Office,AMBIKA ENTERPRISES,ALL,THREE WHEELER(NT)|THREE WHEELER(T),ALL,ALL,16,2026-06-14T09:44:14.668Z,https://vahan.parivahan.gov.in/vahan4dashboard/vahan/view/reportview.xhtml
2026,5,INDIA TOTAL,All Vahan4 Running Office,AMBIKA INDUSTRIES,ALL,THREE WHEELER(NT)|THREE WHEELER(T),ALL,ALL,106,2026-06-14T09:44:14.668Z,https://vahan.parivahan.gov.in/vahan4dashboard/vahan/view/reportview.xhtml
2026,5,INDIA TOTAL,All Vahan4 Running Office,AMIR KHAN SAIFI STEEL WORKS,ALL,THREE WHEELER(NT)|THREE WHEELER(T),ALL,ALL,3,2026-06-14T09:44:14.668Z,https://vahan.parivahan.gov.in/vahan4dashboard/vahan/view/reportview.xhtml
2026,5,INDIA TOTAL,All Vahan4 Running Office,ANJ TECH,ALL,THREE WHEELER(NT)|THREE WHEELER(T),ALL,ALL,6,2026-06-14T09:44:14.668Z,https://vahan.parivahan.gov.in/vahan4dashboard/vahan/view/reportview.xhtml
2026,5,INDIA TOTAL,All Vahan4 Running Office,ANJALI AUTO COMPONENTS,ALL,THREE WHEELER(NT)|THREE WHEELER(T),ALL,ALL,0,2026-06-14T09:44:14.668Z,https://vahan.parivahan.gov.in/vahan4dashboard/vahan/view/reportview.xhtml
2026,5,INDIA TOTAL,All Vahan4 Running Office,ANJALI TRADERS,ALL,THREE WHEELER(NT)|THREE WHEELER(T),ALL,ALL,14,2026-06-14T09:44:14.668Z,https://vahan.parivahan.gov.in/vahan4dashboard/vahan/view/reportview.xhtml
2026,5,INDIA TOTAL,All Vahan4 Running Office,ANTARK ENERGY,ALL,THREE WHEELER(NT)|THREE WHEELER(T),ALL,ALL,1,2026-06-14T09:44:14.668Z,https://vahan.parivahan.gov.in/vahan4dashboard/vahan/view/reportview.xhtml
2026,5,INDIA TOTAL,All Vahan4 Running Office,AOMBRAY ELECTRIC VEHICLE PVT LTD,ALL,THREE WHEELER(NT)|THREE WHEELER(T),ALL,ALL,0,2026-06-14T09:44:14.668Z,https://vahan.parivahan.gov.in/vahan4dashboard/vahan/view/reportview.xhtml
2026,5,INDIA TOTAL,All Vahan4 Running Office,APM AUTO SALES,ALL,THREE WHEELER(NT)|THREE WHEELER(T),ALL,ALL,165,2026-06-14T09:44:14.668Z,https://vahan.parivahan.gov.in/vahan4dashboard/vahan/view/reportview.xhtml
2026,5,INDIA TOTAL,All Vahan4 Running Office,APSARA ENTERPRISE,ALL,THREE WHEELER(NT)|THREE WHEELER(T),ALL,ALL,434,2026-06-14T09:44:14.668Z,https://vahan.parivahan.gov.in/vahan4dashboard/vahan/view/reportview.xhtml
2026,5,INDIA TOTAL,All Vahan4 Running Office,ARCHIT ENTERPRISES,ALL,THREE WHEELER(NT)|THREE WHEELER(T),ALL,ALL,87,2026-06-14T09:44:14.668Z,https://vahan.parivahan.gov.in/vahan4dashboard/vahan/view/reportview.xhtml
2026,5,INDIA TOTAL,All Vahan4 Running Office,ARIHANT ENTERPRISES,ALL,THREE WHEELER(NT)|THREE WHEELER(T),ALL,ALL,0,2026-06-14T09:44:14.668Z,https://vahan.parivahan.gov.in/vahan4dashboard/vahan/view/reportview.xhtml
2026,5,INDIA TOTAL,All Vahan4 Running Office,ARNA ELECTRIC AUTO PVT LTD,ALL,THREE WHEELER(NT)|THREE WHEELER(T),ALL,ALL,1,2026-06-14T09:44:14.668Z,https://vahan.parivahan.gov.in/vahan4dashboard/vahan/view/reportview.xhtml
2026,5,INDIA TOTAL,All Vahan4 Running Office,ARPITA E VEHICLES,ALL,THREE WHEELER(NT)|THREE WHEELER(T),ALL,ALL,16,2026-06-14T09:44:14.668Z,https://vahan.parivahan.gov.in/vahan4dashboard/vahan/view/reportview.xhtml
2026,5,INDIA TOTAL,All Vahan4 Running Office,ARROW AUTOMOTIVE,ALL,THREE WHEELER(NT)|THREE WHEELER(T),ALL,ALL,423,2026-06-14T09:44:14.668Z,https://vahan.parivahan.gov.in/vahan4dashboard/vahan/view/reportview.xhtml
2026,5,INDIA TOTAL,All Vahan4 Running Office,ARYAN INDUSTRIES,ALL,THREE WHEELER(NT)|THREE WHEELER(T),ALL,ALL,26,2026-06-14T09:44:14.668Z,https://vahan.parivahan.gov.in/vahan4dashboard/vahan/view/reportview.xhtml
2026,5,INDIA TOTAL,All Vahan4 Running Office,ASAV AUTOMOTIVE PVT LTD,ALL,THREE WHEELER(NT)|THREE WHEELER(T),ALL,ALL,2,2026-06-14T09:44:14.668Z,https://vahan.parivahan.gov.in/vahan4dashboard/vahan/view/reportview.xhtml
2026,5,INDIA TOTAL,All Vahan4 Running Office,ASHA IMPEX,ALL,THREE WHEELER(NT)|THREE WHEELER(T),ALL,ALL,9,2026-06-14T09:44:14.668Z,https://vahan.parivahan.gov.in/vahan4dashboard/vahan/view/reportview.xhtml
2026,5,INDIA TOTAL,All Vahan4 Running Office,ASHMA-MOTORS PVT LTD,ALL,THREE WHEELER(NT)|THREE WHEELER(T),ALL,ALL,93,2026-06-14T09:44:14.668Z,https://vahan.parivahan.gov.in/vahan4dashboard/vahan/view/reportview.xhtml
2026,5,INDIA TOTAL,All Vahan4 Running Office,ASTRO MOTORS PVT LTD,ALL,THREE WHEELER(NT)|THREE WHEELER(T),ALL,ALL,0,2026-06-14T09:44:14.668Z,https://vahan.parivahan.gov.in/vahan4dashboard/vahan/view/reportview.xhtml
2026,5,INDIA TOTAL,All Vahan4 Running Office,ATTOLENT AUTO GROUP PVT LTD,ALL,THREE WHEELER(NT)|THREE WHEELER(T),ALL,ALL,40,2026-06-14T09:44:14.668Z,https://vahan.parivahan.gov.in/vahan4dashboard/vahan/view/reportview.xhtml
2026,5,INDIA TOTAL,All Vahan4 Running Office,ATUL AUTO LTD,ALL,THREE WHEELER(NT)|THREE WHEELER(T),ALL,ALL,2568,2026-06-14T09:44:14.668Z,https://vahan.parivahan.gov.in/vahan4dashboard/vahan/view/reportview.xhtml
2026,5,INDIA TOTAL,All Vahan4 Running Office,ATUL GREENTECH PRIVATE LIMITED,ALL,THREE WHEELER(NT)|THREE WHEELER(T),ALL,ALL,18,2026-06-14T09:44:14.668Z,https://vahan.parivahan.gov.in/vahan4dashboard/vahan/view/reportview.xhtml
2026,5,INDIA TOTAL,All Vahan4 Running Office,ATUT SANGAM,ALL,THREE WHEELER(NT)|THREE WHEELER(T),ALL,ALL,149,2026-06-14T09:44:14.668Z,https://vahan.parivahan.gov.in/vahan4dashboard/vahan/view/reportview.xhtml
2026,5,INDIA TOTAL,All Vahan4 Running Office,AUTO SUPREME INDUSTRIES,ALL,THREE WHEELER(NT)|THREE WHEELER(T),ALL,ALL,6,2026-06-14T09:44:14.668Z,https://vahan.parivahan.gov.in/vahan4dashboard/vahan/view/reportview.xhtml
2026,5,INDIA TOTAL,All Vahan4 Running Office,AUTOECO GREEN ENERGY PVT LTD,ALL,THREE WHEELER(NT)|THREE WHEELER(T),ALL,ALL,81,2026-06-14T09:44:14.668Z,https://vahan.parivahan.gov.in/vahan4dashboard/vahan/view/reportview.xhtml
2026,5,INDIA TOTAL,All Vahan4 Running Office,AUTOHAUS PRIVATE LIMITED,ALL,THREE WHEELER(NT)|THREE WHEELER(T),ALL,ALL,1,2026-06-14T09:44:14.668Z,https://vahan.parivahan.gov.in/vahan4dashboard/vahan/view/reportview.xhtml
2026,5,INDIA TOTAL,All Vahan4 Running Office,AUTOZONE IMPEX LLP,ALL,THREE WHEELER(NT)|THREE WHEELER(T),ALL,ALL,0,2026-06-14T09:44:14.668Z,https://vahan.parivahan.gov.in/vahan4dashboard/vahan/view/reportview.xhtml
2026,5,INDIA TOTAL,All Vahan4 Running Office,AVL ELECTRIC VEHICLES PVT LTD,ALL,THREE WHEELER(NT)|THREE WHEELER(T),ALL,ALL,175,2026-06-14T09:44:14.668Z,https://vahan.parivahan.gov.in/vahan4dashboard/vahan/view/reportview.xhtml
2026,5,INDIA TOTAL,All Vahan4 Running Office,AVON CYCLES LTD,ALL,THREE WHEELER(NT)|THREE WHEELER(T),ALL,ALL,17,2026-06-14T09:44:14.668Z,https://vahan.parivahan.gov.in/vahan4dashboard/vahan/view/reportview.xhtml
2026,5,INDIA TOTAL,All Vahan4 Running Office,AYUSH MOTORS,ALL,THREE WHEELER(NT)|THREE WHEELER(T),ALL,ALL,11,2026-06-14T09:44:14.668Z,https://vahan.parivahan.gov.in/vahan4dashboard/vahan/view/reportview.xhtml
2026,5,INDIA TOTAL,All Vahan4 Running Office,AZZURRO MOBILITY LLP,ALL,THREE WHEELER(NT)|THREE WHEELER(T),ALL,ALL,0,2026-06-14T09:44:14.668Z,https://vahan.parivahan.gov.in/vahan4dashboard/vahan/view/reportview.xhtml
2026,5,INDIA TOTAL,All Vahan4 Running Office,B24 ROKET EV,ALL,THREE WHEELER(NT)|THREE WHEELER(T),ALL,ALL,59,2026-06-14T09:44:14.668Z,https://vahan.parivahan.gov.in/vahan4dashboard/vahan/view/reportview.xhtml
2026,5,INDIA TOTAL,All Vahan4 Running Office,BABA E-VEHICLES,ALL,THREE WHEELER(NT)|THREE WHEELER(T),ALL,ALL,11,2026-06-14T09:44:14.668Z,https://vahan.parivahan.gov.in/vahan4dashboard/vahan/view/reportview.xhtml
2026,5,INDIA TOTAL,All Vahan4 Running Office,BADSHAH ENTERPRISES,ALL,THREE WHEELER(NT)|THREE WHEELER(T),ALL,ALL,67,2026-06-14T09:44:14.668Z,https://vahan.parivahan.gov.in/vahan4dashboard/vahan/view/reportview.xhtml
2026,5,INDIA TOTAL,All Vahan4 Running Office,BAGHWAN RIKSHAW UDYOG,ALL,THREE WHEELER(NT)|THREE WHEELER(T),ALL,ALL,0,2026-06-14T09:44:14.668Z,https://vahan.parivahan.gov.in/vahan4dashboard/vahan/view/reportview.xhtml
2026,5,INDIA TOTAL,All Vahan4 Running Office,BAJAJ AUTO LTD,ALL,THREE WHEELER(NT)|THREE WHEELER(T),ALL,ALL,39113,2026-06-14T09:44:14.668Z,https://vahan.parivahan.gov.in/vahan4dashboard/vahan/view/reportview.xhtml
2026,5,INDIA TOTAL,All Vahan4 Running Office,BAJAJ IMPLEMENTS PVT. LTD,ALL,THREE WHEELER(NT)|THREE WHEELER(T),ALL,ALL,21,2026-06-14T09:44:14.668Z,https://vahan.parivahan.gov.in/vahan4dashboard/vahan/view/reportview.xhtml
2026,5,INDIA TOTAL,All Vahan4 Running Office,BAL GOPAL WHEELS PVT LTD,ALL,THREE WHEELER(NT)|THREE WHEELER(T),ALL,ALL,0,2026-06-14T09:44:14.669Z,https://vahan.parivahan.gov.in/vahan4dashboard/vahan/view/reportview.xhtml
2026,5,INDIA TOTAL,All Vahan4 Running Office,BALAJI TRADING COMPANY,ALL,THREE WHEELER(NT)|THREE WHEELER(T),ALL,ALL,1,2026-06-14T09:44:14.668Z,https://vahan.parivahan.gov.in/vahan4dashboard/vahan/view/reportview.xhtml
2026,5,INDIA TOTAL,All Vahan4 Running Office,BALAN ENGINEERING PVT LTD,ALL,THREE WHEELER(NT)|THREE WHEELER(T),ALL,ALL,1,2026-06-14T09:44:14.668Z,https://vahan.parivahan.gov.in/vahan4dashboard/vahan/view/reportview.xhtml
2026,5,INDIA TOTAL,All Vahan4 Running Office,BALI AUTO INDUSTRIES,ALL,THREE WHEELER(NT)|THREE WHEELER(T),ALL,ALL,4,2026-06-14T09:44:14.669Z,https://vahan.parivahan.gov.in/vahan4dashboard/vahan/view/reportview.xhtml
2026,5,INDIA TOTAL,All Vahan4 Running Office,BAMUR INDUSTRIES & ENGINEERING PVT LTD,ALL,THREE WHEELER(NT)|THREE WHEELER(T),ALL,ALL,3,2026-06-14T09:44:14.669Z,https://vahan.parivahan.gov.in/vahan4dashboard/vahan/view/reportview.xhtml
2026,5,INDIA TOTAL,All Vahan4 Running Office,BAXY LTD,ALL,THREE WHEELER(NT)|THREE WHEELER(T),ALL,ALL,357,2026-06-14T09:44:14.669Z,https://vahan.parivahan.gov.in/vahan4dashboard/vahan/view/reportview.xhtml
2026,5,INDIA TOTAL,All Vahan4 Running Office,BENTINCK INDUSTRIES PVT. LTD.,ALL,THREE WHEELER(NT)|THREE WHEELER(T),ALL,ALL,29,2026-06-14T09:44:14.669Z,https://vahan.parivahan.gov.in/vahan4dashboard/vahan/view/reportview.xhtml
2026,5,INDIA TOTAL,All Vahan4 Running Office,BEST WAY AGENCIES PVT LTD,ALL,THREE WHEELER(NT)|THREE WHEELER(T),ALL,ALL,253,2026-06-14T09:44:14.669Z,https://vahan.parivahan.gov.in/vahan4dashboard/vahan/view/reportview.xhtml
2026,5,INDIA TOTAL,All Vahan4 Running Office,BHADAURIA ENTERPRISES,ALL,THREE WHEELER(NT)|THREE WHEELER(T),ALL,ALL,1,2026-06-14T09:44:14.669Z,https://vahan.parivahan.gov.in/vahan4dashboard/vahan/view/reportview.xhtml
2026,5,INDIA TOTAL,All Vahan4 Running Office,BHARATH MOTOCORP,ALL,THREE WHEELER(NT)|THREE WHEELER(T),ALL,ALL,11,2026-06-14T09:44:14.669Z,https://vahan.parivahan.gov.in/vahan4dashboard/vahan/view/reportview.xhtml
2026,5,INDIA TOTAL,All Vahan4 Running Office,BHAVE ELECTRIC VEHICLES PVT LTD,ALL,THREE WHEELER(NT)|THREE WHEELER(T),ALL,ALL,61,2026-06-14T09:44:14.669Z,https://vahan.parivahan.gov.in/vahan4dashboard/vahan/view/reportview.xhtml
2026,5,INDIA TOTAL,All Vahan4 Running Office,BHM AUTOMOTIVES PVT LTD,ALL,THREE WHEELER(NT)|THREE WHEELER(T),ALL,ALL,274,2026-06-14T09:44:14.669Z,https://vahan.parivahan.gov.in/vahan4dashboard/vahan/view/reportview.xhtml
2026,5,INDIA TOTAL,All Vahan4 Running Office,BHOLE SHANKAR MOTOR BODY,ALL,THREE WHEELER(NT)|THREE WHEELER(T),ALL,ALL,3,2026-06-14T09:44:14.669Z,https://vahan.parivahan.gov.in/vahan4dashboard/vahan/view/reportview.xhtml
2026,5,INDIA TOTAL,All Vahan4 Running Office,BIG BULL TRADER PVT LTD,ALL,THREE WHEELER(NT)|THREE WHEELER(T),ALL,ALL,362,2026-06-14T09:44:14.669Z,https://vahan.parivahan.gov.in/vahan4dashboard/vahan/view/reportview.xhtml
2026,5,INDIA TOTAL,All Vahan4 Running Office,BILLU ELECTRIC MOTOR VEHICLES,ALL,THREE WHEELER(NT)|THREE WHEELER(T),ALL,ALL,0,2026-06-14T09:44:14.669Z,https://vahan.parivahan.gov.in/vahan4dashboard/vahan/view/reportview.xhtml
2026,5,INDIA TOTAL,All Vahan4 Running Office,BISWAS MOTORS,ALL,THREE WHEELER(NT)|THREE WHEELER(T),ALL,ALL,0,2026-06-14T09:44:14.669Z,https://vahan.parivahan.gov.in/vahan4dashboard/vahan/view/reportview.xhtml
2026,5,INDIA TOTAL,All Vahan4 Running Office,BLUE EDGE TRADE VENTURE PVT. LTD,ALL,THREE WHEELER(NT)|THREE WHEELER(T),ALL,ALL,13,2026-06-14T09:44:14.669Z,https://vahan.parivahan.gov.in/vahan4dashboard/vahan/view/reportview.xhtml
2026,5,INDIA TOTAL,All Vahan4 Running Office,BOSS ENTERPRISES,ALL,THREE WHEELER(NT)|THREE WHEELER(T),ALL,ALL,30,2026-06-14T09:44:14.669Z,https://vahan.parivahan.gov.in/vahan4dashboard/vahan/view/reportview.xhtml
2026,5,INDIA TOTAL,All Vahan4 Running Office,BPH MOBILITY PVT LTD,ALL,THREE WHEELER(NT)|THREE WHEELER(T),ALL,ALL,4,2026-06-14T09:44:14.669Z,https://vahan.parivahan.gov.in/vahan4dashboard/vahan/view/reportview.xhtml
2026,5,INDIA TOTAL,All Vahan4 Running Office,BRIGHT AUTOZONE PVT LTD,ALL,THREE WHEELER(NT)|THREE WHEELER(T),ALL,ALL,235,2026-06-14T09:44:14.669Z,https://vahan.parivahan.gov.in/vahan4dashboard/vahan/view/reportview.xhtml
2026,5,INDIA TOTAL,All Vahan4 Running Office,BRIGHT SAFAR,ALL,THREE WHEELER(NT)|THREE WHEELER(T),ALL,ALL,14,2026-06-14T09:44:14.669Z,https://vahan.parivahan.gov.in/vahan4dashboard/vahan/view/reportview.xhtml
2026,5,INDIA TOTAL,All Vahan4 Running Office,BSERAIL ENGINEERING PVT LTD,ALL,THREE WHEELER(NT)|THREE WHEELER(T),ALL,ALL,0,2026-06-14T09:44:14.669Z,https://vahan.parivahan.gov.in/vahan4dashboard/vahan/view/reportview.xhtml
2026,5,INDIA TOTAL,All Vahan4 Running Office,BUZZCHARGE ELECTRIC VEHICLES PVT LTD,ALL,THREE WHEELER(NT)|THREE WHEELER(T),ALL,ALL,1,2026-06-14T09:44:14.669Z,https://vahan.parivahan.gov.in/vahan4dashboard/vahan/view/reportview.xhtml
2026,5,INDIA TOTAL,All Vahan4 Running Office,C M OVERSEAS,ALL,THREE WHEELER(NT)|THREE WHEELER(T),ALL,ALL,1,2026-06-14T09:44:14.669Z,https://vahan.parivahan.gov.in/vahan4dashboard/vahan/view/reportview.xhtml
2026,5,INDIA TOTAL,All Vahan4 Running Office,CAP ELECTRIC WORKS LLP,ALL,THREE WHEELER(NT)|THREE WHEELER(T),ALL,ALL,0,2026-06-14T09:44:14.669Z,https://vahan.parivahan.gov.in/vahan4dashboard/vahan/view/reportview.xhtml
2026,5,INDIA TOTAL,All Vahan4 Running Office,CAPCO INDUSTRIES PVT LTD,ALL,THREE WHEELER(NT)|THREE WHEELER(T),ALL,ALL,0,2026-06-14T09:44:14.669Z,https://vahan.parivahan.gov.in/vahan4dashboard/vahan/view/reportview.xhtml
2026,5,INDIA TOTAL,All Vahan4 Running Office,CARREE YUNUS VEHICLE PVT LTD,ALL,THREE WHEELER(NT)|THREE WHEELER(T),ALL,ALL,13,2026-06-14T09:44:14.669Z,https://vahan.parivahan.gov.in/vahan4dashboard/vahan/view/reportview.xhtml
2026,5,INDIA TOTAL,All Vahan4 Running Office,CART INDIA,ALL,THREE WHEELER(NT)|THREE WHEELER(T),ALL,ALL,43,2026-06-14T09:44:14.669Z,https://vahan.parivahan.gov.in/vahan4dashboard/vahan/view/reportview.xhtml
2026,5,INDIA TOTAL,All Vahan4 Running Office,CEEON INDIA,ALL,THREE WHEELER(NT)|THREE WHEELER(T),ALL,ALL,2,2026-06-14T09:44:14.669Z,https://vahan.parivahan.gov.in/vahan4dashboard/vahan/view/reportview.xhtml
2026,5,INDIA TOTAL,All Vahan4 Running Office,CELLETRON MOTOR WORKS,ALL,THREE WHEELER(NT)|THREE WHEELER(T),ALL,ALL,3,2026-06-14T09:44:14.669Z,https://vahan.parivahan.gov.in/vahan4dashboard/vahan/view/reportview.xhtml
2026,5,INDIA TOTAL,All Vahan4 Running Office,CG & BROTHER CO,ALL,THREE WHEELER(NT)|THREE WHEELER(T),ALL,ALL,33,2026-06-14T09:44:14.669Z,https://vahan.parivahan.gov.in/vahan4dashboard/vahan/view/reportview.xhtml
2026,5,INDIA TOTAL,All Vahan4 Running Office,CHAMPION POLY PLAST,ALL,THREE WHEELER(NT)|THREE WHEELER(T),ALL,ALL,436,2026-06-14T09:44:14.669Z,https://vahan.parivahan.gov.in/vahan4dashboard/vahan/view/reportview.xhtml
2026,5,INDIA TOTAL,All Vahan4 Running Office,CHANDAKE-AUTOMOBILES LLP,ALL,THREE WHEELER(NT)|THREE WHEELER(T),ALL,ALL,2,2026-06-14T09:44:14.669Z,https://vahan.parivahan.gov.in/vahan4dashboard/vahan/view/reportview.xhtml
2026,5,INDIA TOTAL,All Vahan4 Running Office,CHAUHAN AUTO INDUSTRIES,ALL,THREE WHEELER(NT)|THREE WHEELER(T),ALL,ALL,12,2026-06-14T09:44:14.669Z,https://vahan.parivahan.gov.in/vahan4dashboard/vahan/view/reportview.xhtml
2026,5,INDIA TOTAL,All Vahan4 Running Office,CHEHAK BATTERIES,ALL,THREE WHEELER(NT)|THREE WHEELER(T),ALL,ALL,22,2026-06-14T09:44:14.669Z,https://vahan.parivahan.gov.in/vahan4dashboard/vahan/view/reportview.xhtml
2026,5,INDIA TOTAL,All Vahan4 Running Office,CITYGREEN AUTO & PETRO CHEMICALS (P) LTD,ALL,THREE WHEELER(NT)|THREE WHEELER(T),ALL,ALL,12,2026-06-14T09:44:14.669Z,https://vahan.parivahan.gov.in/vahan4dashboard/vahan/view/reportview.xhtml
2026,5,INDIA TOTAL,All Vahan4 Running Office,CONTINENTAL ENGINES PVT LTD,ALL,THREE WHEELER(NT)|THREE WHEELER(T),ALL,ALL,1,2026-06-14T09:44:14.669Z,https://vahan.parivahan.gov.in/vahan4dashboard/vahan/view/reportview.xhtml
2026,5,INDIA TOTAL,All Vahan4 Running Office,COVAI GREEN RIDE,ALL,THREE WHEELER(NT)|THREE WHEELER(T),ALL,ALL,1,2026-06-14T09:44:14.669Z,https://vahan.parivahan.gov.in/vahan4dashboard/vahan/view/reportview.xhtml
2026,5,INDIA TOTAL,All Vahan4 Running Office,CREATIVE AUTOMOTIVE,ALL,THREE WHEELER(NT)|THREE WHEELER(T),ALL,ALL,35,2026-06-14T09:44:14.669Z,https://vahan.parivahan.gov.in/vahan4dashboard/vahan/view/reportview.xhtml
2026,5,INDIA TOTAL,All Vahan4 Running Office,CREATIVE ENGINEERINGS,ALL,THREE WHEELER(NT)|THREE WHEELER(T),ALL,ALL,0,2026-06-14T09:44:14.669Z,https://vahan.parivahan.gov.in/vahan4dashboard/vahan/view/reportview.xhtml
2026,5,INDIA TOTAL,All Vahan4 Running Office,CYNOSURE INDUSTRIES,ALL,THREE WHEELER(NT)|THREE WHEELER(T),ALL,ALL,3,2026-06-14T09:44:14.669Z,https://vahan.parivahan.gov.in/vahan4dashboard/vahan/view/reportview.xhtml
2026,5,INDIA TOTAL,All Vahan4 Running Office,CYRUS AUTO INDUSTRIES PVT LTD,ALL,THREE WHEELER(NT)|THREE WHEELER(T),ALL,ALL,1,2026-06-14T09:44:14.669Z,https://vahan.parivahan.gov.in/vahan4dashboard/vahan/view/reportview.xhtml
2026,5,INDIA TOTAL,All Vahan4 Running Office,D S INDUSTRIES,ALL,THREE WHEELER(NT)|THREE WHEELER(T),ALL,ALL,0,2026-06-14T09:44:14.669Z,https://vahan.parivahan.gov.in/vahan4dashboard/vahan/view/reportview.xhtml
2026,5,INDIA TOTAL,All Vahan4 Running Office,D&V AUTO INDUSTRIES PVT LTD,ALL,THREE WHEELER(NT)|THREE WHEELER(T),ALL,ALL,18,2026-06-14T09:44:14.669Z,https://vahan.parivahan.gov.in/vahan4dashboard/vahan/view/reportview.xhtml
2026,5,INDIA TOTAL,All Vahan4 Running Office,DAKSH INDUSTRY PVT LTD,ALL,THREE WHEELER(NT)|THREE WHEELER(T),ALL,ALL,520,2026-06-14T09:44:14.669Z,https://vahan.parivahan.gov.in/vahan4dashboard/vahan/view/reportview.xhtml
2026,5,INDIA TOTAL,All Vahan4 Running Office,DASHMESH TRADERS,ALL,THREE WHEELER(NT)|THREE WHEELER(T),ALL,ALL,3,2026-06-14T09:44:14.669Z,https://vahan.parivahan.gov.in/vahan4dashboard/vahan/view/reportview.xhtml
2026,5,INDIA TOTAL,All Vahan4 Running Office,DAVE EXIM PVT LTD,ALL,THREE WHEELER(NT)|THREE WHEELER(T),ALL,ALL,3,2026-06-14T09:44:14.669Z,https://vahan.parivahan.gov.in/vahan4dashboard/vahan/view/reportview.xhtml
2026,5,INDIA TOTAL,All Vahan4 Running Office,DE EUSI MOTORS PVT LTD.,ALL,THREE WHEELER(NT)|THREE WHEELER(T),ALL,ALL,242,2026-06-14T09:44:14.669Z,https://vahan.parivahan.gov.in/vahan4dashboard/vahan/view/reportview.xhtml
2026,5,INDIA TOTAL,All Vahan4 Running Office,DEBU AUTOMOBILES,ALL,THREE WHEELER(NT)|THREE WHEELER(T),ALL,ALL,1,2026-06-14T09:44:14.669Z,https://vahan.parivahan.gov.in/vahan4dashboard/vahan/view/reportview.xhtml
2026,5,INDIA TOTAL,All Vahan4 Running Office,DEEP DRAWN TECHNOLOGIES,ALL,THREE WHEELER(NT)|THREE WHEELER(T),ALL,ALL,4,2026-06-14T09:44:14.669Z,https://vahan.parivahan.gov.in/vahan4dashboard/vahan/view/reportview.xhtml
2026,5,INDIA TOTAL,All Vahan4 Running Office,DEEP ELECTRIC VEHICLES,ALL,THREE WHEELER(NT)|THREE WHEELER(T),ALL,ALL,5,2026-06-14T09:44:14.669Z,https://vahan.parivahan.gov.in/vahan4dashboard/vahan/view/reportview.xhtml
2026,5,INDIA TOTAL,All Vahan4 Running Office,DELTA AUTOCORP LTD,ALL,THREE WHEELER(NT)|THREE WHEELER(T),ALL,ALL,25,2026-06-14T09:44:14.669Z,https://vahan.parivahan.gov.in/vahan4dashboard/vahan/view/reportview.xhtml
2026,5,INDIA TOTAL,All Vahan4 Running Office,DELTEK ENTERPRISES PVT LTD,ALL,THREE WHEELER(NT)|THREE WHEELER(T),ALL,ALL,0,2026-06-14T09:44:14.669Z,https://vahan.parivahan.gov.in/vahan4dashboard/vahan/view/reportview.xhtml
2026,5,INDIA TOTAL,All Vahan4 Running Office,DEV MOTORS,ALL,THREE WHEELER(NT)|THREE WHEELER(T),ALL,ALL,164,2026-06-14T09:44:14.669Z,https://vahan.parivahan.gov.in/vahan4dashboard/vahan/view/reportview.xhtml
2026,5,INDIA TOTAL,All Vahan4 Running Office,DEVAM ELECTRIC VEHICLES PVT LTD,ALL,THREE WHEELER(NT)|THREE WHEELER(T),ALL,ALL,19,2026-06-14T09:44:14.669Z,https://vahan.parivahan.gov.in/vahan4dashboard/vahan/view/reportview.xhtml
2026,5,INDIA TOTAL,All Vahan4 Running Office,DEVCHHAYA MOTORS,ALL,THREE WHEELER(NT)|THREE WHEELER(T),ALL,ALL,1,2026-06-14T09:44:14.669Z,https://vahan.parivahan.gov.in/vahan4dashboard/vahan/view/reportview.xhtml
2026,5,INDIA TOTAL,All Vahan4 Running Office,DHAR IN PVT LTD,ALL,THREE WHEELER(NT)|THREE WHEELER(T),ALL,ALL,177,2026-06-14T09:44:14.669Z,https://vahan.parivahan.gov.in/vahan4dashboard/vahan/view/reportview.xhtml
2026,5,INDIA TOTAL,All Vahan4 Running Office,DHARMPAL ENTERPRISES,ALL,THREE WHEELER(NT)|THREE WHEELER(T),ALL,ALL,20,2026-06-14T09:44:14.669Z,https://vahan.parivahan.gov.in/vahan4dashboard/vahan/view/reportview.xhtml
2026,5,INDIA TOTAL,All Vahan4 Running Office,DHRITI ENTERPRISES,ALL,THREE WHEELER(NT)|THREE WHEELER(T),ALL,ALL,8,2026-06-14T09:44:14.669Z,https://vahan.parivahan.gov.in/vahan4dashboard/vahan/view/reportview.xhtml
2026,5,INDIA TOTAL,All Vahan4 Running Office,DIAMOND E VEHICLES,ALL,THREE WHEELER(NT)|THREE WHEELER(T),ALL,ALL,87,2026-06-14T09:44:14.669Z,https://vahan.parivahan.gov.in/vahan4dashboard/vahan/view/reportview.xhtml
2026,5,INDIA TOTAL,All Vahan4 Running Office,DILLI ELECTRIC AUTO PVT LTD,ALL,THREE WHEELER(NT)|THREE WHEELER(T),ALL,ALL,1501,2026-06-14T09:44:14.669Z,https://vahan.parivahan.gov.in/vahan4dashboard/vahan/view/reportview.xhtml
2026,5,INDIA TOTAL,All Vahan4 Running Office,DIVANSU AUTOMOBILES LTD,ALL,THREE WHEELER(NT)|THREE WHEELER(T),ALL,ALL,6,2026-06-14T09:44:14.669Z,https://vahan.parivahan.gov.in/vahan4dashboard/vahan/view/reportview.xhtml
2026,5,INDIA TOTAL,All Vahan4 Running Office,DIVYA ENTERPRISES,ALL,THREE WHEELER(NT)|THREE WHEELER(T),ALL,ALL,64,2026-06-14T09:44:14.669Z,https://vahan.parivahan.gov.in/vahan4dashboard/vahan/view/reportview.xhtml
2026,5,INDIA TOTAL,All Vahan4 Running Office,DOOARS HINDUSTAN PVT LTD,ALL,THREE WHEELER(NT)|THREE WHEELER(T),ALL,ALL,14,2026-06-14T09:44:14.669Z,https://vahan.parivahan.gov.in/vahan4dashboard/vahan/view/reportview.xhtml
2026,5,INDIA TOTAL,All Vahan4 Running Office,DSR EV MOBILITY PVT LTD,ALL,THREE WHEELER(NT)|THREE WHEELER(T),ALL,ALL,8,2026-06-14T09:44:14.669Z,https://vahan.parivahan.gov.in/vahan4dashboard/vahan/view/reportview.xhtml
2026,5,INDIA TOTAL,All Vahan4 Running Office,DUKE AUTO INDIA,ALL,THREE WHEELER(NT)|THREE WHEELER(T),ALL,ALL,67,2026-06-14T09:44:14.669Z,https://vahan.parivahan.gov.in/vahan4dashboard/vahan/view/reportview.xhtml
2026,5,INDIA TOTAL,All Vahan4 Running Office,DYS IMPEX PRIVATE LIMITED,ALL,THREE WHEELER(NT)|THREE WHEELER(T),ALL,ALL,161,2026-06-14T09:44:14.669Z,https://vahan.parivahan.gov.in/vahan4dashboard/vahan/view/reportview.xhtml
2026,5,INDIA TOTAL,All Vahan4 Running Office,E ROYCE MOTORS INDIA PVT LTD,ALL,THREE WHEELER(NT)|THREE WHEELER(T),ALL,ALL,11,2026-06-14T09:44:14.669Z,https://vahan.parivahan.gov.in/vahan4dashboard/vahan/view/reportview.xhtml
2026,5,INDIA TOTAL,All Vahan4 Running Office,E-ASHWA AUTOMOTIVE PVT LTD,ALL,THREE WHEELER(NT)|THREE WHEELER(T),ALL,ALL,0,2026-06-14T09:44:14.669Z,https://vahan.parivahan.gov.in/vahan4dashboard/vahan/view/reportview.xhtml
2026,5,INDIA TOTAL,All Vahan4 Running Office,E-GURU AUTO ENERGY,ALL,THREE WHEELER(NT)|THREE WHEELER(T),ALL,ALL,3,2026-06-14T09:44:14.669Z,https://vahan.parivahan.gov.in/vahan4dashboard/vahan/view/reportview.xhtml
2026,5,INDIA TOTAL,All Vahan4 Running Office,E-MOTION AUTOMOTIVE INDUSTRY LLP,ALL,THREE WHEELER(NT)|THREE WHEELER(T),ALL,ALL,9,2026-06-14T09:44:14.669Z,https://vahan.parivahan.gov.in/vahan4dashboard/vahan/view/reportview.xhtml
2026,5,INDIA TOTAL,All Vahan4 Running Office,E-POWER CORP,ALL,THREE WHEELER(NT)|THREE WHEELER(T),ALL,ALL,0,2026-06-14T09:44:14.669Z,https://vahan.parivahan.gov.in/vahan4dashboard/vahan/view/reportview.xhtml
2026,5,INDIA TOTAL,All Vahan4 Running Office,EBUZZ MOBILITY LLP,ALL,THREE WHEELER(NT)|THREE WHEELER(T),ALL,ALL,5,2026-06-14T09:44:14.669Z,https://vahan.parivahan.gov.in/vahan4dashboard/vahan/view/reportview.xhtml
2026,5,INDIA TOTAL,All Vahan4 Running Office,ECO DYNAAMIC EQUIPMENTS,ALL,THREE WHEELER(NT)|THREE WHEELER(T),ALL,ALL,12,2026-06-14T09:44:14.669Z,https://vahan.parivahan.gov.in/vahan4dashboard/vahan/view/reportview.xhtml
2026,5,INDIA TOTAL,All Vahan4 Running Office,ECO SMART VEHICLES PVT LTD,ALL,THREE WHEELER(NT)|THREE WHEELER(T),ALL,ALL,74,2026-06-14T09:44:14.669Z,https://vahan.parivahan.gov.in/vahan4dashboard/vahan/view/reportview.xhtml
2026,5,INDIA TOTAL,All Vahan4 Running Office,ECO-FRIENDLY ELECTRIC VEHICLE PVT LTD,ALL,THREE WHEELER(NT)|THREE WHEELER(T),ALL,ALL,42,2026-06-14T09:44:14.669Z,https://vahan.parivahan.gov.in/vahan4dashboard/vahan/view/reportview.xhtml
2026,5,INDIA TOTAL,All Vahan4 Running Office,ECOPULSE MOTORS LLP,ALL,THREE WHEELER(NT)|THREE WHEELER(T),ALL,ALL,0,2026-06-14T09:44:14.669Z,https://vahan.parivahan.gov.in/vahan4dashboard/vahan/view/reportview.xhtml
2026,5,INDIA TOTAL,All Vahan4 Running Office,EDMRC MANNSCHAFT LLP,ALL,THREE WHEELER(NT)|THREE WHEELER(T),ALL,ALL,0,2026-06-14T09:44:14.669Z,https://vahan.parivahan.gov.in/vahan4dashboard/vahan/view/reportview.xhtml
2026,5,INDIA TOTAL,All Vahan4 Running Office,EEVEE ENGINEERING PVT LTD,ALL,THREE WHEELER(NT)|THREE WHEELER(T),ALL,ALL,1,2026-06-14T09:44:14.669Z,https://vahan.parivahan.gov.in/vahan4dashboard/vahan/view/reportview.xhtml
2026,5,INDIA TOTAL,All Vahan4 Running Office,EFEV CHARGING SOLUTION PVT LTD,ALL,THREE WHEELER(NT)|THREE WHEELER(T),ALL,ALL,161,2026-06-14T09:44:14.669Z,https://vahan.parivahan.gov.in/vahan4dashboard/vahan/view/reportview.xhtml
2026,5,INDIA TOTAL,All Vahan4 Running Office,ELECTRA INTERNATIONAL,ALL,THREE WHEELER(NT)|THREE WHEELER(T),ALL,ALL,13,2026-06-14T09:44:14.669Z,https://vahan.parivahan.gov.in/vahan4dashboard/vahan/view/reportview.xhtml
2026,5,INDIA TOTAL,All Vahan4 Running Office,ELECTRIC FUTURE INDIA,ALL,THREE WHEELER(NT)|THREE WHEELER(T),ALL,ALL,8,2026-06-14T09:44:14.669Z,https://vahan.parivahan.gov.in/vahan4dashboard/vahan/view/reportview.xhtml
2026,5,INDIA TOTAL,All Vahan4 Running Office,ELECTRO ARO AUTOMOTIVE PVT LTD,ALL,THREE WHEELER(NT)|THREE WHEELER(T),ALL,ALL,44,2026-06-14T09:44:14.669Z,https://vahan.parivahan.gov.in/vahan4dashboard/vahan/view/reportview.xhtml
2026,5,INDIA TOTAL,All Vahan4 Running Office,ELECTRODRIVE VEHICLES PVT LTD,ALL,THREE WHEELER(NT)|THREE WHEELER(T),ALL,ALL,4,2026-06-14T09:44:14.669Z,https://vahan.parivahan.gov.in/vahan4dashboard/vahan/view/reportview.xhtml
2026,5,INDIA TOTAL,All Vahan4 Running Office,ELEPHANTA INDUSTRIES PVT LTD,ALL,THREE WHEELER(NT)|THREE WHEELER(T),ALL,ALL,3,2026-06-14T09:44:14.669Z,https://vahan.parivahan.gov.in/vahan4dashboard/vahan/view/reportview.xhtml
2026,5,INDIA TOTAL,All Vahan4 Running Office,ELITE AUTO ENGINEERS PVT LTD,ALL,THREE WHEELER(NT)|THREE WHEELER(T),ALL,ALL,18,2026-06-14T09:44:14.669Z,https://vahan.parivahan.gov.in/vahan4dashboard/vahan/view/reportview.xhtml
2026,5,INDIA TOTAL,All Vahan4 Running Office,EMOBILITI SYSTEMS,ALL,THREE WHEELER(NT)|THREE WHEELER(T),ALL,ALL,0,2026-06-14T09:44:14.669Z,https://vahan.parivahan.gov.in/vahan4dashboard/vahan/view/reportview.xhtml
2026,5,INDIA TOTAL,All Vahan4 Running Office,ENABLING E-VEHICLE PVT LTD,ALL,THREE WHEELER(NT)|THREE WHEELER(T),ALL,ALL,93,2026-06-14T09:44:14.669Z,https://vahan.parivahan.gov.in/vahan4dashboard/vahan/view/reportview.xhtml
2026,5,INDIA TOTAL,All Vahan4 Running Office,ENERGY ELECTRIC VEHICLES,ALL,THREE WHEELER(NT)|THREE WHEELER(T),ALL,ALL,836,2026-06-14T09:44:14.669Z,https://vahan.parivahan.gov.in/vahan4dashboard/vahan/view/reportview.xhtml
2026,5,INDIA TOTAL,All Vahan4 Running Office,ENGINIA VEHICLES PVT LTD,ALL,THREE WHEELER(NT)|THREE WHEELER(T),ALL,ALL,142,2026-06-14T09:44:14.669Z,https://vahan.parivahan.gov.in/vahan4dashboard/vahan/view/reportview.xhtml
2026,5,INDIA TOTAL,All Vahan4 Running Office,ENTICE IMPEX PVT LTD,ALL,THREE WHEELER(NT)|THREE WHEELER(T),ALL,ALL,31,2026-06-14T09:44:14.669Z,https://vahan.parivahan.gov.in/vahan4dashboard/vahan/view/reportview.xhtml
2026,5,INDIA TOTAL,All Vahan4 Running Office,ENVISION ELECTRIC VEHICLES PVT LTD,ALL,THREE WHEELER(NT)|THREE WHEELER(T),ALL,ALL,0,2026-06-14T09:44:14.669Z,https://vahan.parivahan.gov.in/vahan4dashboard/vahan/view/reportview.xhtml
2026,5,INDIA TOTAL,All Vahan4 Running Office,EPOWER VEHICLES PVT LTD,ALL,THREE WHEELER(NT)|THREE WHEELER(T),ALL,ALL,7,2026-06-14T09:44:14.669Z,https://vahan.parivahan.gov.in/vahan4dashboard/vahan/view/reportview.xhtml
2026,5,INDIA TOTAL,All Vahan4 Running Office,ERISHA E MOBILITY PVT LTD,ALL,THREE WHEELER(NT)|THREE WHEELER(T),ALL,ALL,0,2026-06-14T09:44:14.669Z,https://vahan.parivahan.gov.in/vahan4dashboard/vahan/view/reportview.xhtml
2026,5,INDIA TOTAL,All Vahan4 Running Office,EULER MOTORS PVT LTD,ALL,THREE WHEELER(NT)|THREE WHEELER(T),ALL,ALL,459,2026-06-14T09:44:14.669Z,https://vahan.parivahan.gov.in/vahan4dashboard/vahan/view/reportview.xhtml
2026,5,INDIA TOTAL,All Vahan4 Running Office,EVBHARAT RANGE PRIVATE LIMITED,ALL,THREE WHEELER(NT)|THREE WHEELER(T),ALL,ALL,9,2026-06-14T09:44:14.669Z,https://vahan.parivahan.gov.in/vahan4dashboard/vahan/view/reportview.xhtml
2026,5,INDIA TOTAL,All Vahan4 Running Office,EVCO AUTOMOBILES PVT LTD,ALL,THREE WHEELER(NT)|THREE WHEELER(T),ALL,ALL,198,2026-06-14T09:44:14.669Z,https://vahan.parivahan.gov.in/vahan4dashboard/vahan/view/reportview.xhtml
2026,5,INDIA TOTAL,All Vahan4 Running Office,EVEX AUTO INDIA PVT LTD,ALL,THREE WHEELER(NT)|THREE WHEELER(T),ALL,ALL,0,2026-06-14T09:44:14.669Z,https://vahan.parivahan.gov.in/vahan4dashboard/vahan/view/reportview.xhtml
2026,5,INDIA TOTAL,All Vahan4 Running Office,EVGREEN PVT LTD,ALL,THREE WHEELER(NT)|THREE WHEELER(T),ALL,ALL,0,2026-06-14T09:44:14.669Z,https://vahan.parivahan.gov.in/vahan4dashboard/vahan/view/reportview.xhtml
2026,5,INDIA TOTAL,All Vahan4 Running Office,EVOLUTION AUTOTECH,ALL,THREE WHEELER(NT)|THREE WHEELER(T),ALL,ALL,2,2026-06-14T09:44:14.669Z,https://vahan.parivahan.gov.in/vahan4dashboard/vahan/view/reportview.xhtml
2026,5,INDIA TOTAL,All Vahan4 Running Office,EXDINDUS EV ENERGY PVT LTD,ALL,THREE WHEELER(NT)|THREE WHEELER(T),ALL,ALL,13,2026-06-14T09:44:14.669Z,https://vahan.parivahan.gov.in/vahan4dashboard/vahan/view/reportview.xhtml
2026,5,INDIA TOTAL,All Vahan4 Running Office,EXIDE INDUSTRIES LTD,ALL,THREE WHEELER(NT)|THREE WHEELER(T),ALL,ALL,75,2026-06-14T09:44:14.669Z,https://vahan.parivahan.gov.in/vahan4dashboard/vahan/view/reportview.xhtml
2026,5,INDIA TOTAL,All Vahan4 Running Office,EXTRA FAST SOLUTIONS,ALL,THREE WHEELER(NT)|THREE WHEELER(T),ALL,ALL,15,2026-06-14T09:44:14.669Z,https://vahan.parivahan.gov.in/vahan4dashboard/vahan/view/reportview.xhtml
2026,5,INDIA TOTAL,All Vahan4 Running Office,EXTREME MOTORS,ALL,THREE WHEELER(NT)|THREE WHEELER(T),ALL,ALL,7,2026-06-14T09:44:14.669Z,https://vahan.parivahan.gov.in/vahan4dashboard/vahan/view/reportview.xhtml
2026,5,INDIA TOTAL,All Vahan4 Running Office,FEDE INDUSTRIES PVT LTD,ALL,THREE WHEELER(NT)|THREE WHEELER(T),ALL,ALL,658,2026-06-14T09:44:14.669Z,https://vahan.parivahan.gov.in/vahan4dashboard/vahan/view/reportview.xhtml
2026,5,INDIA TOTAL,All Vahan4 Running Office,FIRST CHOICE ELECTRIC VEHICLES PVT LTD,ALL,THREE WHEELER(NT)|THREE WHEELER(T),ALL,ALL,20,2026-06-14T09:44:14.669Z,https://vahan.parivahan.gov.in/vahan4dashboard/vahan/view/reportview.xhtml
2026,5,INDIA TOTAL,All Vahan4 Running Office,FITWEL MOBILITY PVT LTD,ALL,THREE WHEELER(NT)|THREE WHEELER(T),ALL,ALL,0,2026-06-14T09:44:14.669Z,https://vahan.parivahan.gov.in/vahan4dashboard/vahan/view/reportview.xhtml
2026,5,INDIA TOTAL,All Vahan4 Running Office,FIVE ELEMENTS,ALL,THREE WHEELER(NT)|THREE WHEELER(T),ALL,ALL,1,2026-06-14T09:44:14.669Z,https://vahan.parivahan.gov.in/vahan4dashboard/vahan/view/reportview.xhtml
2026,5,INDIA TOTAL,All Vahan4 Running Office,FLYRIDERS ELECTRIC SCOOTERS PVT LTD,ALL,THREE WHEELER(NT)|THREE WHEELER(T),ALL,ALL,7,2026-06-14T09:44:14.669Z,https://vahan.parivahan.gov.in/vahan4dashboard/vahan/view/reportview.xhtml
2026,5,INDIA TOTAL,All Vahan4 Running Office,FRN MOTORS PVT LTD,ALL,THREE WHEELER(NT)|THREE WHEELER(T),ALL,ALL,32,2026-06-14T09:44:14.669Z,https://vahan.parivahan.gov.in/vahan4dashboard/vahan/view/reportview.xhtml
2026,5,INDIA TOTAL,All Vahan4 Running Office,FUTURE AUTOMOTIVE,ALL,THREE WHEELER(NT)|THREE WHEELER(T),ALL,ALL,0,2026-06-14T09:44:14.669Z,https://vahan.parivahan.gov.in/vahan4dashboard/vahan/view/reportview.xhtml
2026,5,INDIA TOTAL,All Vahan4 Running Office,FUTURE EV TECHNOLOGY,ALL,THREE WHEELER(NT)|THREE WHEELER(T),ALL,ALL,14,2026-06-14T09:44:14.669Z,https://vahan.parivahan.gov.in/vahan4dashboard/vahan/view/reportview.xhtml
2026,5,INDIA TOTAL,All Vahan4 Running Office,G & G AUTOMOTIVE,ALL,THREE WHEELER(NT)|THREE WHEELER(T),ALL,ALL,10,2026-06-14T09:44:14.669Z,https://vahan.parivahan.gov.in/vahan4dashboard/vahan/view/reportview.xhtml
2026,5,INDIA TOTAL,All Vahan4 Running Office,G-LICKON AUTOMOBILE PVT LTD,ALL,THREE WHEELER(NT)|THREE WHEELER(T),ALL,ALL,1,2026-06-14T09:44:14.669Z,https://vahan.parivahan.gov.in/vahan4dashboard/vahan/view/reportview.xhtml
2026,5,INDIA TOTAL,All Vahan4 Running Office,G. M. VEHICLE INDUSTRIES,ALL,THREE WHEELER(NT)|THREE WHEELER(T),ALL,ALL,2,2026-06-14T09:44:14.669Z,https://vahan.parivahan.gov.in/vahan4dashboard/vahan/view/reportview.xhtml
2026,5,INDIA TOTAL,All Vahan4 Running Office,G.K E-VEHICLS INDUSTRIES PVT LTD,ALL,THREE WHEELER(NT)|THREE WHEELER(T),ALL,ALL,146,2026-06-14T09:44:14.669Z,https://vahan.parivahan.gov.in/vahan4dashboard/vahan/view/reportview.xhtml
2026,5,INDIA TOTAL,All Vahan4 Running Office,G.K. RICKSHAW LTD,ALL,THREE WHEELER(NT)|THREE WHEELER(T),ALL,ALL,61,2026-06-14T09:44:14.669Z,https://vahan.parivahan.gov.in/vahan4dashboard/vahan/view/reportview.xhtml
2026,5,INDIA TOTAL,All Vahan4 Running Office,G.T TRADER,ALL,THREE WHEELER(NT)|THREE WHEELER(T),ALL,ALL,9,2026-06-14T09:44:14.669Z,https://vahan.parivahan.gov.in/vahan4dashboard/vahan/view/reportview.xhtml
2026,5,INDIA TOTAL,All Vahan4 Running Office,GAGAN AUTOMOTIVES,ALL,THREE WHEELER(NT)|THREE WHEELER(T),ALL,ALL,70,2026-06-14T09:44:14.669Z,https://vahan.parivahan.gov.in/vahan4dashboard/vahan/view/reportview.xhtml
2026,5,INDIA TOTAL,All Vahan4 Running Office,GALAXY ELECTRIC VEHICLES,ALL,THREE WHEELER(NT)|THREE WHEELER(T),ALL,ALL,2,2026-06-14T09:44:14.669Z,https://vahan.parivahan.gov.in/vahan4dashboard/vahan/view/reportview.xhtml
2026,5,INDIA TOTAL,All Vahan4 Running Office,GALAXY GREEN VEHICLES PVT LTD,ALL,THREE WHEELER(NT)|THREE WHEELER(T),ALL,ALL,37,2026-06-14T09:44:14.669Z,https://vahan.parivahan.gov.in/vahan4dashboard/vahan/view/reportview.xhtml
2026,5,INDIA TOTAL,All Vahan4 Running Office,GARGARIJI AUTOMOBILE PVT LTD,ALL,THREE WHEELER(NT)|THREE WHEELER(T),ALL,ALL,12,2026-06-14T09:44:14.669Z,https://vahan.parivahan.gov.in/vahan4dashboard/vahan/view/reportview.xhtml
2026,5,INDIA TOTAL,All Vahan4 Running Office,GAYATRI ELECTRIC VEHICLES PVT LTD,ALL,THREE WHEELER(NT)|THREE WHEELER(T),ALL,ALL,91,2026-06-14T09:44:14.669Z,https://vahan.parivahan.gov.in/vahan4dashboard/vahan/view/reportview.xhtml
2026,5,INDIA TOTAL,All Vahan4 Running Office,GKON ELECTRIC MOTOR VEHICLES PVT LTD,ALL,THREE WHEELER(NT)|THREE WHEELER(T),ALL,ALL,180,2026-06-14T09:44:14.669Z,https://vahan.parivahan.gov.in/vahan4dashboard/vahan/view/reportview.xhtml
2026,5,INDIA TOTAL,All Vahan4 Running Office,GKS RICKSHAW PVT LTD,ALL,THREE WHEELER(NT)|THREE WHEELER(T),ALL,ALL,135,2026-06-14T09:44:14.669Z,https://vahan.parivahan.gov.in/vahan4dashboard/vahan/view/reportview.xhtml
2026,5,INDIA TOTAL,All Vahan4 Running Office,GLAZE EV LLP,ALL,THREE WHEELER(NT)|THREE WHEELER(T),ALL,ALL,2,2026-06-14T09:44:14.669Z,https://vahan.parivahan.gov.in/vahan4dashboard/vahan/view/reportview.xhtml
2026,5,INDIA TOTAL,All Vahan4 Running Office,GO GREEN EOT (ENERGY OF THINGS) PVT LTD,ALL,THREE WHEELER(NT)|THREE WHEELER(T),ALL,ALL,0,2026-06-14T09:44:14.669Z,https://vahan.parivahan.gov.in/vahan4dashboard/vahan/view/reportview.xhtml
2026,5,INDIA TOTAL,All Vahan4 Running Office,GOBIND INDUSTRIES PVT LTD,ALL,THREE WHEELER(NT)|THREE WHEELER(T),ALL,ALL,0,2026-06-14T09:44:14.669Z,https://vahan.parivahan.gov.in/vahan4dashboard/vahan/view/reportview.xhtml
2026,5,INDIA TOTAL,All Vahan4 Running Office,GODAWARI ELECTRIC MOTORS PVT LTD,ALL,THREE WHEELER(NT)|THREE WHEELER(T),ALL,ALL,2,2026-06-14T09:44:14.669Z,https://vahan.parivahan.gov.in/vahan4dashboard/vahan/view/reportview.xhtml
2026,5,INDIA TOTAL,All Vahan4 Running Office,GODAWARI TECHNO SOLUTIONS PVT LTD,ALL,THREE WHEELER(NT)|THREE WHEELER(T),ALL,ALL,6,2026-06-14T09:44:14.669Z,https://vahan.parivahan.gov.in/vahan4dashboard/vahan/view/reportview.xhtml
2026,5,INDIA TOTAL,All Vahan4 Running Office,GOLDEN ELECTRIC VEHICLES,ALL,THREE WHEELER(NT)|THREE WHEELER(T),ALL,ALL,16,2026-06-14T09:44:14.669Z,https://vahan.parivahan.gov.in/vahan4dashboard/vahan/view/reportview.xhtml
2026,5,INDIA TOTAL,All Vahan4 Running Office,GOPAL AUTO MOTORS PVT LTD,ALL,THREE WHEELER(NT)|THREE WHEELER(T),ALL,ALL,100,2026-06-14T09:44:14.669Z,https://vahan.parivahan.gov.in/vahan4dashboard/vahan/view/reportview.xhtml
2026,5,INDIA TOTAL,All Vahan4 Running Office,GOPE AUTO INDUSTRIES,ALL,THREE WHEELER(NT)|THREE WHEELER(T),ALL,ALL,36,2026-06-14T09:44:14.669Z,https://vahan.parivahan.gov.in/vahan4dashboard/vahan/view/reportview.xhtml
2026,5,INDIA TOTAL,All Vahan4 Running Office,GRAM TARANG EMPLOYABILITY TRAINNING SERVICES P LTD,ALL,THREE WHEELER(NT)|THREE WHEELER(T),ALL,ALL,0,2026-06-14T09:44:14.669Z,https://vahan.parivahan.gov.in/vahan4dashboard/vahan/view/reportview.xhtml
2026,5,INDIA TOTAL,All Vahan4 Running Office,GRD MOTORS,ALL,THREE WHEELER(NT)|THREE WHEELER(T),ALL,ALL,92,2026-06-14T09:44:14.669Z,https://vahan.parivahan.gov.in/vahan4dashboard/vahan/view/reportview.xhtml
2026,5,INDIA TOTAL,All Vahan4 Running Office,GREEN EVOLVE PVT LTD,ALL,THREE WHEELER(NT)|THREE WHEELER(T),ALL,ALL,57,2026-06-14T09:44:14.669Z,https://vahan.parivahan.gov.in/vahan4dashboard/vahan/view/reportview.xhtml
2026,5,INDIA TOTAL,All Vahan4 Running Office,GREEN SHUTTLE TECHNOLOGY PVT LTD,ALL,THREE WHEELER(NT)|THREE WHEELER(T),ALL,ALL,4,2026-06-14T09:44:14.669Z,https://vahan.parivahan.gov.in/vahan4dashboard/vahan/view/reportview.xhtml
2026,5,INDIA TOTAL,All Vahan4 Running Office,GREEN STAR MOTORS,ALL,THREE WHEELER(NT)|THREE WHEELER(T),ALL,ALL,0,2026-06-14T09:44:14.669Z,https://vahan.parivahan.gov.in/vahan4dashboard/vahan/view/reportview.xhtml
2026,5,INDIA TOTAL,All Vahan4 Running Office,GREEN TACK EMPALA ELECTRIC MOTOR COMPANY,ALL,THREE WHEELER(NT)|THREE WHEELER(T),ALL,ALL,0,2026-06-14T09:44:14.669Z,https://vahan.parivahan.gov.in/vahan4dashboard/vahan/view/reportview.xhtml
2026,5,INDIA TOTAL,All Vahan4 Running Office,GREEN TECHNOLOGIES,ALL,THREE WHEELER(NT)|THREE WHEELER(T),ALL,ALL,20,2026-06-14T09:44:14.669Z,https://vahan.parivahan.gov.in/vahan4dashboard/vahan/view/reportview.xhtml
2026,5,INDIA TOTAL,All Vahan4 Running Office,GREEN VALLEY MOTORS,ALL,THREE WHEELER(NT)|THREE WHEELER(T),ALL,ALL,0,2026-06-14T09:44:14.669Z,https://vahan.parivahan.gov.in/vahan4dashboard/vahan/view/reportview.xhtml
2026,5,INDIA TOTAL,All Vahan4 Running Office,GREEN WAY ECO RIDE,ALL,THREE WHEELER(NT)|THREE WHEELER(T),ALL,ALL,0,2026-06-14T09:44:14.669Z,https://vahan.parivahan.gov.in/vahan4dashboard/vahan/view/reportview.xhtml
2026,5,INDIA TOTAL,All Vahan4 Running Office,GREENETICS INDUSTRIES PVT LTD,ALL,THREE WHEELER(NT)|THREE WHEELER(T),ALL,ALL,0,2026-06-14T09:44:14.669Z,https://vahan.parivahan.gov.in/vahan4dashboard/vahan/view/reportview.xhtml
2026,5,INDIA TOTAL,All Vahan4 Running Office,GREENFIT INDUSTRIES LLP,ALL,THREE WHEELER(NT)|THREE WHEELER(T),ALL,ALL,106,2026-06-14T09:44:14.669Z,https://vahan.parivahan.gov.in/vahan4dashboard/vahan/view/reportview.xhtml
2026,5,INDIA TOTAL,All Vahan4 Running Office,GREENWAY MOBILITY PRIVATE LIMITED,ALL,THREE WHEELER(NT)|THREE WHEELER(T),ALL,ALL,4,2026-06-14T09:44:14.669Z,https://vahan.parivahan.gov.in/vahan4dashboard/vahan/view/reportview.xhtml
2026,5,INDIA TOTAL,All Vahan4 Running Office,GREENWHEELS AUTOMOBILE PVT LTD,ALL,THREE WHEELER(NT)|THREE WHEELER(T),ALL,ALL,91,2026-06-14T09:44:14.669Z,https://vahan.parivahan.gov.in/vahan4dashboard/vahan/view/reportview.xhtml
2026,5,INDIA TOTAL,All Vahan4 Running Office,GRINDIA G MOTORS PVT LTD,ALL,THREE WHEELER(NT)|THREE WHEELER(T),ALL,ALL,0,2026-06-14T09:44:14.669Z,https://vahan.parivahan.gov.in/vahan4dashboard/vahan/view/reportview.xhtml
2026,5,INDIA TOTAL,All Vahan4 Running Office,GSP POWER PROJECTS,ALL,THREE WHEELER(NT)|THREE WHEELER(T),ALL,ALL,0,2026-06-14T09:44:14.669Z,https://vahan.parivahan.gov.in/vahan4dashboard/vahan/view/reportview.xhtml
2026,5,INDIA TOTAL,All Vahan4 Running Office,GTH2 ENERGY PVT LTD,ALL,THREE WHEELER(NT)|THREE WHEELER(T),ALL,ALL,0,2026-06-14T09:44:14.669Z,https://vahan.parivahan.gov.in/vahan4dashboard/vahan/view/reportview.xhtml
2026,5,INDIA TOTAL,All Vahan4 Running Office,GTP ELECTRIC VEHICLES PVT LTD,ALL,THREE WHEELER(NT)|THREE WHEELER(T),ALL,ALL,4,2026-06-14T09:44:14.669Z,https://vahan.parivahan.gov.in/vahan4dashboard/vahan/view/reportview.xhtml
2026,5,INDIA TOTAL,All Vahan4 Running Office,GURU JI WHEELS,ALL,THREE WHEELER(NT)|THREE WHEELER(T),ALL,ALL,2,2026-06-14T09:44:14.669Z,https://vahan.parivahan.gov.in/vahan4dashboard/vahan/view/reportview.xhtml
2026,5,INDIA TOTAL,All Vahan4 Running Office,HAITEK AUTOMOTIVE PVT LTD,ALL,THREE WHEELER(NT)|THREE WHEELER(T),ALL,ALL,23,2026-06-14T09:44:14.669Z,https://vahan.parivahan.gov.in/vahan4dashboard/vahan/view/reportview.xhtml
2026,5,INDIA TOTAL,All Vahan4 Running Office,HANUMAN UDYOG,ALL,THREE WHEELER(NT)|THREE WHEELER(T),ALL,ALL,23,2026-06-14T09:44:14.669Z,https://vahan.parivahan.gov.in/vahan4dashboard/vahan/view/reportview.xhtml
2026,5,INDIA TOTAL,All Vahan4 Running Office,HARIKSHA ENTERPRISES PVT LTD,ALL,THREE WHEELER(NT)|THREE WHEELER(T),ALL,ALL,14,2026-06-14T09:44:14.669Z,https://vahan.parivahan.gov.in/vahan4dashboard/vahan/view/reportview.xhtml
2026,5,INDIA TOTAL,All Vahan4 Running Office,HARNISHA AUTO PVT LTD,ALL,THREE WHEELER(NT)|THREE WHEELER(T),ALL,ALL,4,2026-06-14T09:44:14.669Z,https://vahan.parivahan.gov.in/vahan4dashboard/vahan/view/reportview.xhtml
2026,5,INDIA TOTAL,All Vahan4 Running Office,HARSH TRADING CO,ALL,THREE WHEELER(NT)|THREE WHEELER(T),ALL,ALL,81,2026-06-14T09:44:14.669Z,https://vahan.parivahan.gov.in/vahan4dashboard/vahan/view/reportview.xhtml
2026,5,INDIA TOTAL,All Vahan4 Running Office,HARYANA MOTORS PVT LTD,ALL,THREE WHEELER(NT)|THREE WHEELER(T),ALL,ALL,0,2026-06-14T09:44:14.669Z,https://vahan.parivahan.gov.in/vahan4dashboard/vahan/view/reportview.xhtml
2026,5,INDIA TOTAL,All Vahan4 Running Office,HBSS E MOBILITY PVT LTD,ALL,THREE WHEELER(NT)|THREE WHEELER(T),ALL,ALL,0,2026-06-14T09:44:14.669Z,https://vahan.parivahan.gov.in/vahan4dashboard/vahan/view/reportview.xhtml
2026,5,INDIA TOTAL,All Vahan4 Running Office,HEXALL MOTORS PVT LTD,ALL,THREE WHEELER(NT)|THREE WHEELER(T),ALL,ALL,0,2026-06-14T09:44:14.669Z,https://vahan.parivahan.gov.in/vahan4dashboard/vahan/view/reportview.xhtml
2026,5,INDIA TOTAL,All Vahan4 Running Office,HIM TEKNOFORGE LTD,ALL,THREE WHEELER(NT)|THREE WHEELER(T),ALL,ALL,24,2026-06-14T09:44:14.669Z,https://vahan.parivahan.gov.in/vahan4dashboard/vahan/view/reportview.xhtml
2026,5,INDIA TOTAL,All Vahan4 Running Office,HINDUSTAN AUTO,ALL,THREE WHEELER(NT)|THREE WHEELER(T),ALL,ALL,2,2026-06-14T09:44:14.669Z,https://vahan.parivahan.gov.in/vahan4dashboard/vahan/view/reportview.xhtml
2026,5,INDIA TOTAL,All Vahan4 Running Office,HINDUSTAN MOTOR CORPORATION,ALL,THREE WHEELER(NT)|THREE WHEELER(T),ALL,ALL,62,2026-06-14T09:44:14.669Z,https://vahan.parivahan.gov.in/vahan4dashboard/vahan/view/reportview.xhtml
2026,5,INDIA TOTAL,All Vahan4 Running Office,HITECH MECHANICAL WORKS,ALL,THREE WHEELER(NT)|THREE WHEELER(T),ALL,ALL,0,2026-06-14T09:44:14.669Z,https://vahan.parivahan.gov.in/vahan4dashboard/vahan/view/reportview.xhtml
2026,5,INDIA TOTAL,All Vahan4 Running Office,HOOGHLY MOTORS PVT LTD,ALL,THREE WHEELER(NT)|THREE WHEELER(T),ALL,ALL,682,2026-06-14T09:44:14.669Z,https://vahan.parivahan.gov.in/vahan4dashboard/vahan/view/reportview.xhtml
2026,5,INDIA TOTAL,All Vahan4 Running Office,HOP MOTORS PVT LTD,ALL,THREE WHEELER(NT)|THREE WHEELER(T),ALL,ALL,2,2026-06-14T09:44:14.669Z,https://vahan.parivahan.gov.in/vahan4dashboard/vahan/view/reportview.xhtml
2026,5,INDIA TOTAL,All Vahan4 Running Office,HOTAGE INDIA,ALL,THREE WHEELER(NT)|THREE WHEELER(T),ALL,ALL,687,2026-06-14T09:44:14.669Z,https://vahan.parivahan.gov.in/vahan4dashboard/vahan/view/reportview.xhtml
2026,5,INDIA TOTAL,All Vahan4 Running Office,HOTAGE OVERSEAS PVT LTD,ALL,THREE WHEELER(NT)|THREE WHEELER(T),ALL,ALL,0,2026-06-14T09:44:14.669Z,https://vahan.parivahan.gov.in/vahan4dashboard/vahan/view/reportview.xhtml
2026,5,INDIA TOTAL,All Vahan4 Running Office,HOVEL CYLINDER PVT LTD,ALL,THREE WHEELER(NT)|THREE WHEELER(T),ALL,ALL,0,2026-06-14T09:44:14.669Z,https://vahan.parivahan.gov.in/vahan4dashboard/vahan/view/reportview.xhtml
2026,5,INDIA TOTAL,All Vahan4 Running Office,HOVEL ELECTRIC LLP,ALL,THREE WHEELER(NT)|THREE WHEELER(T),ALL,ALL,0,2026-06-14T09:44:14.669Z,https://vahan.parivahan.gov.in/vahan4dashboard/vahan/view/reportview.xhtml
2026,5,INDIA TOTAL,All Vahan4 Running Office,HUNDA EV PVT LTD,ALL,THREE WHEELER(NT)|THREE WHEELER(T),ALL,ALL,14,2026-06-14T09:44:14.669Z,https://vahan.parivahan.gov.in/vahan4dashboard/vahan/view/reportview.xhtml
2026,5,INDIA TOTAL,All Vahan4 Running Office,HUNDAL INDUSTRIES,ALL,THREE WHEELER(NT)|THREE WHEELER(T),ALL,ALL,43,2026-06-14T09:44:14.669Z,https://vahan.parivahan.gov.in/vahan4dashboard/vahan/view/reportview.xhtml
2026,5,INDIA TOTAL,All Vahan4 Running Office,INDIA SAFE ENTERPRISE,ALL,THREE WHEELER(NT)|THREE WHEELER(T),ALL,ALL,4,2026-06-14T09:44:14.669Z,https://vahan.parivahan.gov.in/vahan4dashboard/vahan/view/reportview.xhtml
2026,5,INDIA TOTAL,All Vahan4 Running Office,INDIA SHINE TECHNOLOGIES,ALL,THREE WHEELER(NT)|THREE WHEELER(T),ALL,ALL,39,2026-06-14T09:44:14.669Z,https://vahan.parivahan.gov.in/vahan4dashboard/vahan/view/reportview.xhtml
2026,5,INDIA TOTAL,All Vahan4 Running Office,INDIAN ENTERPRISES,ALL,THREE WHEELER(NT)|THREE WHEELER(T),ALL,ALL,0,2026-06-14T09:44:14.669Z,https://vahan.parivahan.gov.in/vahan4dashboard/vahan/view/reportview.xhtml
2026,5,INDIA TOTAL,All Vahan4 Running Office,INDIAN MOTORS,ALL,THREE WHEELER(NT)|THREE WHEELER(T),ALL,ALL,365,2026-06-14T09:44:14.669Z,https://vahan.parivahan.gov.in/vahan4dashboard/vahan/view/reportview.xhtml
2026,5,INDIA TOTAL,All Vahan4 Running Office,INS AUTOMOBILES PVT LTD,ALL,THREE WHEELER(NT)|THREE WHEELER(T),ALL,ALL,183,2026-06-14T09:44:14.669Z,https://vahan.parivahan.gov.in/vahan4dashboard/vahan/view/reportview.xhtml
2026,5,INDIA TOTAL,All Vahan4 Running Office,INTERGLOBE ENERGY PVT LTD,ALL,THREE WHEELER(NT)|THREE WHEELER(T),ALL,ALL,357,2026-06-14T09:44:14.669Z,https://vahan.parivahan.gov.in/vahan4dashboard/vahan/view/reportview.xhtml
2026,5,INDIA TOTAL,All Vahan4 Running Office,INVVIGORS INDIA,ALL,THREE WHEELER(NT)|THREE WHEELER(T),ALL,ALL,9,2026-06-14T09:44:14.669Z,https://vahan.parivahan.gov.in/vahan4dashboard/vahan/view/reportview.xhtml
2026,5,INDIA TOTAL,All Vahan4 Running Office,ISUKII GREENS PVT LTD,ALL,THREE WHEELER(NT)|THREE WHEELER(T),ALL,ALL,1,2026-06-14T09:44:14.669Z,https://vahan.parivahan.gov.in/vahan4dashboard/vahan/view/reportview.xhtml
2026,5,INDIA TOTAL,All Vahan4 Running Office,IYANS INDUSTRIES PVT LTD,ALL,THREE WHEELER(NT)|THREE WHEELER(T),ALL,ALL,8,2026-06-14T09:44:14.669Z,https://vahan.parivahan.gov.in/vahan4dashboard/vahan/view/reportview.xhtml
2026,5,INDIA TOTAL,All Vahan4 Running Office,J P AUTO TECH,ALL,THREE WHEELER(NT)|THREE WHEELER(T),ALL,ALL,14,2026-06-14T09:44:14.669Z,https://vahan.parivahan.gov.in/vahan4dashboard/vahan/view/reportview.xhtml
2026,5,INDIA TOTAL,All Vahan4 Running Office,J. J. PATEL,ALL,THREE WHEELER(NT)|THREE WHEELER(T),ALL,ALL,0,2026-06-14T09:44:14.669Z,https://vahan.parivahan.gov.in/vahan4dashboard/vahan/view/reportview.xhtml
2026,5,INDIA TOTAL,All Vahan4 Running Office,J. S. AUTO (P) LTD,ALL,THREE WHEELER(NT)|THREE WHEELER(T),ALL,ALL,1179,2026-06-14T09:44:14.669Z,https://vahan.parivahan.gov.in/vahan4dashboard/vahan/view/reportview.xhtml
2026,5,INDIA TOTAL,All Vahan4 Running Office,J.H.A TRADING COMPANY,ALL,THREE WHEELER(NT)|THREE WHEELER(T),ALL,ALL,42,2026-06-14T09:44:14.669Z,https://vahan.parivahan.gov.in/vahan4dashboard/vahan/view/reportview.xhtml
2026,5,INDIA TOTAL,All Vahan4 Running Office,JADE KOREA SPINE LIFE,ALL,THREE WHEELER(NT)|THREE WHEELER(T),ALL,ALL,1,2026-06-14T09:44:14.669Z,https://vahan.parivahan.gov.in/vahan4dashboard/vahan/view/reportview.xhtml
2026,5,INDIA TOTAL,All Vahan4 Running Office,JAI SRI RAM ELECTRIC VEHICLE MANUFACTURING PVT LTD,ALL,THREE WHEELER(NT)|THREE WHEELER(T),ALL,ALL,15,2026-06-14T09:44:14.669Z,https://vahan.parivahan.gov.in/vahan4dashboard/vahan/view/reportview.xhtml
2026,5,INDIA TOTAL,All Vahan4 Running Office,JAIDKA POWER SYSTEMS PVT LTD,ALL,THREE WHEELER(NT)|THREE WHEELER(T),ALL,ALL,27,2026-06-14T09:44:14.669Z,https://vahan.parivahan.gov.in/vahan4dashboard/vahan/view/reportview.xhtml
2026,5,INDIA TOTAL,All Vahan4 Running Office,JAIN POWER CORP,ALL,THREE WHEELER(NT)|THREE WHEELER(T),ALL,ALL,0,2026-06-14T09:44:14.669Z,https://vahan.parivahan.gov.in/vahan4dashboard/vahan/view/reportview.xhtml
2026,5,INDIA TOTAL,All Vahan4 Running Office,JAISIK BUSINESS LINKS PVT LTD,ALL,THREE WHEELER(NT)|THREE WHEELER(T),ALL,ALL,81,2026-06-14T09:44:14.669Z,https://vahan.parivahan.gov.in/vahan4dashboard/vahan/view/reportview.xhtml
2026,5,INDIA TOTAL,All Vahan4 Running Office,JAJODIA COMMODITIES PVT LTD,ALL,THREE WHEELER(NT)|THREE WHEELER(T),ALL,ALL,336,2026-06-14T09:44:14.669Z,https://vahan.parivahan.gov.in/vahan4dashboard/vahan/view/reportview.xhtml
2026,5,INDIA TOTAL,All Vahan4 Running Office,JAL ENTERPRISES,ALL,THREE WHEELER(NT)|THREE WHEELER(T),ALL,ALL,83,2026-06-14T09:44:14.669Z,https://vahan.parivahan.gov.in/vahan4dashboard/vahan/view/reportview.xhtml
2026,5,INDIA TOTAL,All Vahan4 Running Office,JAYATI TOOLS,ALL,THREE WHEELER(NT)|THREE WHEELER(T),ALL,ALL,1,2026-06-14T09:44:14.669Z,https://vahan.parivahan.gov.in/vahan4dashboard/vahan/view/reportview.xhtml
2026,5,INDIA TOTAL,All Vahan4 Running Office,JAYDEV ENTERPRISE,ALL,THREE WHEELER(NT)|THREE WHEELER(T),ALL,ALL,5,2026-06-14T09:44:14.669Z,https://vahan.parivahan.gov.in/vahan4dashboard/vahan/view/reportview.xhtml
2026,5,INDIA TOTAL,All Vahan4 Running Office,JAYNA AUTOMOBILES LLP,ALL,THREE WHEELER(NT)|THREE WHEELER(T),ALL,ALL,2,2026-06-14T09:44:14.669Z,https://vahan.parivahan.gov.in/vahan4dashboard/vahan/view/reportview.xhtml
2026,5,INDIA TOTAL,All Vahan4 Running Office,JESSUN TECHNO PVT LTD,ALL,THREE WHEELER(NT)|THREE WHEELER(T),ALL,ALL,3,2026-06-14T09:44:14.669Z,https://vahan.parivahan.gov.in/vahan4dashboard/vahan/view/reportview.xhtml
2026,5,INDIA TOTAL,All Vahan4 Running Office,JIANGSU JINPENG (IMPORTER: KKL HITECH EV),ALL,THREE WHEELER(NT)|THREE WHEELER(T),ALL,ALL,1,2026-06-14T09:44:14.669Z,https://vahan.parivahan.gov.in/vahan4dashboard/vahan/view/reportview.xhtml
2026,5,INDIA TOTAL,All Vahan4 Running Office,JIANGSU ZHONGXING (IMPORTER: CAL-ON INDUSTRIES),ALL,THREE WHEELER(NT)|THREE WHEELER(T),ALL,ALL,0,2026-06-14T09:44:14.669Z,https://vahan.parivahan.gov.in/vahan4dashboard/vahan/view/reportview.xhtml
2026,5,INDIA TOTAL,All Vahan4 Running Office,JINDAL ELECTRIC VEHICLES,ALL,THREE WHEELER(NT)|THREE WHEELER(T),ALL,ALL,2,2026-06-14T09:44:14.669Z,https://vahan.parivahan.gov.in/vahan4dashboard/vahan/view/reportview.xhtml
2026,5,INDIA TOTAL,All Vahan4 Running Office,JITENDRA TEMPO PARTS,ALL,THREE WHEELER(NT)|THREE WHEELER(T),ALL,ALL,49,2026-06-14T09:44:14.669Z,https://vahan.parivahan.gov.in/vahan4dashboard/vahan/view/reportview.xhtml
2026,5,INDIA TOTAL,All Vahan4 Running Office,JKM ELECTRIC AUTOMOBILES PVT LTD,ALL,THREE WHEELER(NT)|THREE WHEELER(T),ALL,ALL,0,2026-06-14T09:44:14.669Z,https://vahan.parivahan.gov.in/vahan4dashboard/vahan/view/reportview.xhtml
2026,5,INDIA TOTAL,All Vahan4 Running Office,JMT VEHICLES PVT LTD,ALL,THREE WHEELER(NT)|THREE WHEELER(T),ALL,ALL,309,2026-06-14T09:44:14.669Z,https://vahan.parivahan.gov.in/vahan4dashboard/vahan/view/reportview.xhtml
2026,5,INDIA TOTAL,All Vahan4 Running Office,JS MOBILEON PVT LTD,ALL,THREE WHEELER(NT)|THREE WHEELER(T),ALL,ALL,216,2026-06-14T09:44:14.669Z,https://vahan.parivahan.gov.in/vahan4dashboard/vahan/view/reportview.xhtml
2026,5,INDIA TOTAL,All Vahan4 Running Office,JSS ENGINEERING COMPANY,ALL,THREE WHEELER(NT)|THREE WHEELER(T),ALL,ALL,45,2026-06-14T09:44:14.669Z,https://vahan.parivahan.gov.in/vahan4dashboard/vahan/view/reportview.xhtml
2026,5,INDIA TOTAL,All Vahan4 Running Office,K T ENTERPRISES,ALL,THREE WHEELER(NT)|THREE WHEELER(T),ALL,ALL,11,2026-06-14T09:44:14.670Z,https://vahan.parivahan.gov.in/vahan4dashboard/vahan/view/reportview.xhtml
2026,5,INDIA TOTAL,All Vahan4 Running Office,K. S. INDUSTRIES,ALL,THREE WHEELER(NT)|THREE WHEELER(T),ALL,ALL,3,2026-06-14T09:44:14.670Z,https://vahan.parivahan.gov.in/vahan4dashboard/vahan/view/reportview.xhtml
2026,5,INDIA TOTAL,All Vahan4 Running Office,K. V. INDUSTRIES,ALL,THREE WHEELER(NT)|THREE WHEELER(T),ALL,ALL,0,2026-06-14T09:44:14.670Z,https://vahan.parivahan.gov.in/vahan4dashboard/vahan/view/reportview.xhtml
2026,5,INDIA TOTAL,All Vahan4 Running Office,K.S. INDUSTRIES,ALL,THREE WHEELER(NT)|THREE WHEELER(T),ALL,ALL,11,2026-06-14T09:44:14.670Z,https://vahan.parivahan.gov.in/vahan4dashboard/vahan/view/reportview.xhtml
2026,5,INDIA TOTAL,All Vahan4 Running Office,KABMAX ELECTRIC AUTOMOBILES PVT. LTD,ALL,THREE WHEELER(NT)|THREE WHEELER(T),ALL,ALL,18,2026-06-14T09:44:14.669Z,https://vahan.parivahan.gov.in/vahan4dashboard/vahan/view/reportview.xhtml
2026,5,INDIA TOTAL,All Vahan4 Running Office,KADESEETLA AASHIRWAD GP INDUSTRIES PVT LTD,ALL,THREE WHEELER(NT)|THREE WHEELER(T),ALL,ALL,6,2026-06-14T09:44:14.669Z,https://vahan.parivahan.gov.in/vahan4dashboard/vahan/view/reportview.xhtml
2026,5,INDIA TOTAL,All Vahan4 Running Office,KAIRA CONTINENTAL LLP,ALL,THREE WHEELER(NT)|THREE WHEELER(T),ALL,ALL,17,2026-06-14T09:44:14.669Z,https://vahan.parivahan.gov.in/vahan4dashboard/vahan/view/reportview.xhtml
2026,5,INDIA TOTAL,All Vahan4 Running Office,KAIZER ELECTRIC VEHICLES,ALL,THREE WHEELER(NT)|THREE WHEELER(T),ALL,ALL,1,2026-06-14T09:44:14.669Z,https://vahan.parivahan.gov.in/vahan4dashboard/vahan/view/reportview.xhtml
2026,5,INDIA TOTAL,All Vahan4 Running Office,KAKKAR ELECTRIC AUTO PVT LTD,ALL,THREE WHEELER(NT)|THREE WHEELER(T),ALL,ALL,23,2026-06-14T09:44:14.669Z,https://vahan.parivahan.gov.in/vahan4dashboard/vahan/view/reportview.xhtml
2026,5,INDIA TOTAL,All Vahan4 Running Office,KALINGA VENTURES INDIA PVT LTD,ALL,THREE WHEELER(NT)|THREE WHEELER(T),ALL,ALL,0,2026-06-14T09:44:14.669Z,https://vahan.parivahan.gov.in/vahan4dashboard/vahan/view/reportview.xhtml
2026,5,INDIA TOTAL,All Vahan4 Running Office,KALPVRIKSH ELECTOMOBILES CO,ALL,THREE WHEELER(NT)|THREE WHEELER(T),ALL,ALL,13,2026-06-14T09:44:14.669Z,https://vahan.parivahan.gov.in/vahan4dashboard/vahan/view/reportview.xhtml
2026,5,INDIA TOTAL,All Vahan4 Running Office,KAMAZ INDUSTRIES,ALL,THREE WHEELER(NT)|THREE WHEELER(T),ALL,ALL,1,2026-06-14T09:44:14.669Z,https://vahan.parivahan.gov.in/vahan4dashboard/vahan/view/reportview.xhtml
2026,5,INDIA TOTAL,All Vahan4 Running Office,KANHA ELECTRIC VEHICLES,ALL,THREE WHEELER(NT)|THREE WHEELER(T),ALL,ALL,8,2026-06-14T09:44:14.669Z,https://vahan.parivahan.gov.in/vahan4dashboard/vahan/view/reportview.xhtml
2026,5,INDIA TOTAL,All Vahan4 Running Office,KANTH E RICKSHAW,ALL,THREE WHEELER(NT)|THREE WHEELER(T),ALL,ALL,21,2026-06-14T09:44:14.669Z,https://vahan.parivahan.gov.in/vahan4dashboard/vahan/view/reportview.xhtml
2026,5,INDIA TOTAL,All Vahan4 Running Office,KAPTECH INDIA,ALL,THREE WHEELER(NT)|THREE WHEELER(T),ALL,ALL,108,2026-06-14T09:44:14.669Z,https://vahan.parivahan.gov.in/vahan4dashboard/vahan/view/reportview.xhtml
2026,5,INDIA TOTAL,All Vahan4 Running Office,KARK COMPANY,ALL,THREE WHEELER(NT)|THREE WHEELER(T),ALL,ALL,5,2026-06-14T09:44:14.669Z,https://vahan.parivahan.gov.in/vahan4dashboard/vahan/view/reportview.xhtml
2026,5,INDIA TOTAL,All Vahan4 Running Office,KARS BROTHERS PVT LTD,ALL,THREE WHEELER(NT)|THREE WHEELER(T),ALL,ALL,1,2026-06-14T09:44:14.669Z,https://vahan.parivahan.gov.in/vahan4dashboard/vahan/view/reportview.xhtml
2026,5,INDIA TOTAL,All Vahan4 Running Office,KCAS ELECTRIC VEHICLES PVT LTD,ALL,THREE WHEELER(NT)|THREE WHEELER(T),ALL,ALL,23,2026-06-14T09:44:14.669Z,https://vahan.parivahan.gov.in/vahan4dashboard/vahan/view/reportview.xhtml
2026,5,INDIA TOTAL,All Vahan4 Running Office,KERALA AUTOMOBILES LIMITED,ALL,THREE WHEELER(NT)|THREE WHEELER(T),ALL,ALL,12,2026-06-14T09:44:14.669Z,https://vahan.parivahan.gov.in/vahan4dashboard/vahan/view/reportview.xhtml
2026,5,INDIA TOTAL,All Vahan4 Running Office,KETRON ELECTRIC VEHICLES PVT LTD,ALL,THREE WHEELER(NT)|THREE WHEELER(T),ALL,ALL,11,2026-06-14T09:44:14.669Z,https://vahan.parivahan.gov.in/vahan4dashboard/vahan/view/reportview.xhtml
2026,5,INDIA TOTAL,All Vahan4 Running Office,KGN,ALL,THREE WHEELER(NT)|THREE WHEELER(T),ALL,ALL,29,2026-06-14T09:44:14.669Z,https://vahan.parivahan.gov.in/vahan4dashboard/vahan/view/reportview.xhtml
2026,5,INDIA TOTAL,All Vahan4 Running Office,KGN INDUSTRIES,ALL,THREE WHEELER(NT)|THREE WHEELER(T),ALL,ALL,108,2026-06-14T09:44:14.670Z,https://vahan.parivahan.gov.in/vahan4dashboard/vahan/view/reportview.xhtml
2026,5,INDIA TOTAL,All Vahan4 Running Office,KHALSAE-VEHICLES PVT LTD,ALL,THREE WHEELER(NT)|THREE WHEELER(T),ALL,ALL,587,2026-06-14T09:44:14.670Z,https://vahan.parivahan.gov.in/vahan4dashboard/vahan/view/reportview.xhtml
2026,5,INDIA TOTAL,All Vahan4 Running Office,KHANDELWAL ENTERPRISES,ALL,THREE WHEELER(NT)|THREE WHEELER(T),ALL,ALL,31,2026-06-14T09:44:14.670Z,https://vahan.parivahan.gov.in/vahan4dashboard/vahan/view/reportview.xhtml
2026,5,INDIA TOTAL,All Vahan4 Running Office,KINETIC GREEN ENERGY & POWER SOLUTIONS LTD,ALL,THREE WHEELER(NT)|THREE WHEELER(T),ALL,ALL,70,2026-06-14T09:44:14.670Z,https://vahan.parivahan.gov.in/vahan4dashboard/vahan/view/reportview.xhtml
2026,5,INDIA TOTAL,All Vahan4 Running Office,KINETIC MOTOR COMPANY LIMITED,ALL,THREE WHEELER(NT)|THREE WHEELER(T),ALL,ALL,0,2026-06-14T09:44:14.670Z,https://vahan.parivahan.gov.in/vahan4dashboard/vahan/view/reportview.xhtml
2026,5,INDIA TOTAL,All Vahan4 Running Office,KIRAN AUTOMOBILE INDUSTRY,ALL,THREE WHEELER(NT)|THREE WHEELER(T),ALL,ALL,9,2026-06-14T09:44:14.670Z,https://vahan.parivahan.gov.in/vahan4dashboard/vahan/view/reportview.xhtml
2026,5,INDIA TOTAL,All Vahan4 Running Office,KLB KOMAKI PVT LTD,ALL,THREE WHEELER(NT)|THREE WHEELER(T),ALL,ALL,81,2026-06-14T09:44:14.670Z,https://vahan.parivahan.gov.in/vahan4dashboard/vahan/view/reportview.xhtml
2026,5,INDIA TOTAL,All Vahan4 Running Office,KPT INDUSTRIES LTD,ALL,THREE WHEELER(NT)|THREE WHEELER(T),ALL,ALL,150,2026-06-14T09:44:14.670Z,https://vahan.parivahan.gov.in/vahan4dashboard/vahan/view/reportview.xhtml
2026,5,INDIA TOTAL,All Vahan4 Running Office,KPT MOTORS,ALL,THREE WHEELER(NT)|THREE WHEELER(T),ALL,ALL,46,2026-06-14T09:44:14.670Z,https://vahan.parivahan.gov.in/vahan4dashboard/vahan/view/reportview.xhtml
2026,5,INDIA TOTAL,All Vahan4 Running Office,KR E-VEHICLE PVT LTD,ALL,THREE WHEELER(NT)|THREE WHEELER(T),ALL,ALL,3,2026-06-14T09:44:14.670Z,https://vahan.parivahan.gov.in/vahan4dashboard/vahan/view/reportview.xhtml
2026,5,INDIA TOTAL,All Vahan4 Running Office,KRISHNA CHAITANYA ENTERPRISES,ALL,THREE WHEELER(NT)|THREE WHEELER(T),ALL,ALL,43,2026-06-14T09:44:14.670Z,https://vahan.parivahan.gov.in/vahan4dashboard/vahan/view/reportview.xhtml
2026,5,INDIA TOTAL,All Vahan4 Running Office,KRISHNA ENGINEERING WORKS,ALL,THREE WHEELER(NT)|THREE WHEELER(T),ALL,ALL,81,2026-06-14T09:44:14.670Z,https://vahan.parivahan.gov.in/vahan4dashboard/vahan/view/reportview.xhtml
2026,5,INDIA TOTAL,All Vahan4 Running Office,KRISHNA VEHICALS,ALL,THREE WHEELER(NT)|THREE WHEELER(T),ALL,ALL,3,2026-06-14T09:44:14.670Z,https://vahan.parivahan.gov.in/vahan4dashboard/vahan/view/reportview.xhtml
2026,5,INDIA TOTAL,All Vahan4 Running Office,KUKU AUTOMOTIVES,ALL,THREE WHEELER(NT)|THREE WHEELER(T),ALL,ALL,20,2026-06-14T09:44:14.670Z,https://vahan.parivahan.gov.in/vahan4dashboard/vahan/view/reportview.xhtml
2026,5,INDIA TOTAL,All Vahan4 Running Office,LAKHI AUTO TRADERS CON,ALL,THREE WHEELER(NT)|THREE WHEELER(T),ALL,ALL,12,2026-06-14T09:44:14.670Z,https://vahan.parivahan.gov.in/vahan4dashboard/vahan/view/reportview.xhtml
2026,5,INDIA TOTAL,All Vahan4 Running Office,LAKSHYA AUTO SALES CORPORATION,ALL,THREE WHEELER(NT)|THREE WHEELER(T),ALL,ALL,8,2026-06-14T09:44:14.670Z,https://vahan.parivahan.gov.in/vahan4dashboard/vahan/view/reportview.xhtml
2026,5,INDIA TOTAL,All Vahan4 Running Office,LAKSHYA MOTORS,ALL,THREE WHEELER(NT)|THREE WHEELER(T),ALL,ALL,1,2026-06-14T09:44:14.670Z,https://vahan.parivahan.gov.in/vahan4dashboard/vahan/view/reportview.xhtml
2026,5,INDIA TOTAL,All Vahan4 Running Office,LALA G E RICKSHAW AND SPARE PARTS,ALL,THREE WHEELER(NT)|THREE WHEELER(T),ALL,ALL,27,2026-06-14T09:44:14.670Z,https://vahan.parivahan.gov.in/vahan4dashboard/vahan/view/reportview.xhtml
2026,5,INDIA TOTAL,All Vahan4 Running Office,LAWAT MOTORS LLP,ALL,THREE WHEELER(NT)|THREE WHEELER(T),ALL,ALL,4,2026-06-14T09:44:14.670Z,https://vahan.parivahan.gov.in/vahan4dashboard/vahan/view/reportview.xhtml
2026,5,INDIA TOTAL,All Vahan4 Running Office,LECTRIX E VEHICLES PVT LTD,ALL,THREE WHEELER(NT)|THREE WHEELER(T),ALL,ALL,175,2026-06-14T09:44:14.670Z,https://vahan.parivahan.gov.in/vahan4dashboard/vahan/view/reportview.xhtml
2026,5,INDIA TOTAL,All Vahan4 Running Office,LEOPAN MOTORS PRIVATE LIMITED,ALL,THREE WHEELER(NT)|THREE WHEELER(T),ALL,ALL,0,2026-06-14T09:44:14.670Z,https://vahan.parivahan.gov.in/vahan4dashboard/vahan/view/reportview.xhtml
2026,5,INDIA TOTAL,All Vahan4 Running Office,LIMO AUTO CARE PVT LTD,ALL,THREE WHEELER(NT)|THREE WHEELER(T),ALL,ALL,31,2026-06-14T09:44:14.670Z,https://vahan.parivahan.gov.in/vahan4dashboard/vahan/view/reportview.xhtml
2026,5,INDIA TOTAL,All Vahan4 Running Office,LIONIZE AUTOMOBILE PVT LTD,ALL,THREE WHEELER(NT)|THREE WHEELER(T),ALL,ALL,55,2026-06-14T09:44:14.670Z,https://vahan.parivahan.gov.in/vahan4dashboard/vahan/view/reportview.xhtml
2026,5,INDIA TOTAL,All Vahan4 Running Office,LOHAKA INDUSTRIES PVT LTD,ALL,THREE WHEELER(NT)|THREE WHEELER(T),ALL,ALL,31,2026-06-14T09:44:14.670Z,https://vahan.parivahan.gov.in/vahan4dashboard/vahan/view/reportview.xhtml
2026,5,INDIA TOTAL,All Vahan4 Running Office,LOHIA AUTO INDUSTRIES,ALL,THREE WHEELER(NT)|THREE WHEELER(T),ALL,ALL,103,2026-06-14T09:44:14.670Z,https://vahan.parivahan.gov.in/vahan4dashboard/vahan/view/reportview.xhtml
2026,5,INDIA TOTAL,All Vahan4 Running Office,LORDS VEHICLE MFG PVT LTD,ALL,THREE WHEELER(NT)|THREE WHEELER(T),ALL,ALL,0,2026-06-14T09:44:14.670Z,https://vahan.parivahan.gov.in/vahan4dashboard/vahan/view/reportview.xhtml
2026,5,INDIA TOTAL,All Vahan4 Running Office,LUCKY INDUSTRIES,ALL,THREE WHEELER(NT)|THREE WHEELER(T),ALL,ALL,11,2026-06-14T09:44:14.670Z,https://vahan.parivahan.gov.in/vahan4dashboard/vahan/view/reportview.xhtml
2026,5,INDIA TOTAL,All Vahan4 Running Office,LUXUS GREEN MOBILITY PVT LTD,ALL,THREE WHEELER(NT)|THREE WHEELER(T),ALL,ALL,17,2026-06-14T09:44:14.670Z,https://vahan.parivahan.gov.in/vahan4dashboard/vahan/view/reportview.xhtml
2026,5,INDIA TOTAL,All Vahan4 Running Office,M G INDUSTRIES,ALL,THREE WHEELER(NT)|THREE WHEELER(T),ALL,ALL,0,2026-06-14T09:44:14.670Z,https://vahan.parivahan.gov.in/vahan4dashboard/vahan/view/reportview.xhtml
2026,5,INDIA TOTAL,All Vahan4 Running Office,M K BROTHERS,ALL,THREE WHEELER(NT)|THREE WHEELER(T),ALL,ALL,12,2026-06-14T09:44:14.670Z,https://vahan.parivahan.gov.in/vahan4dashboard/vahan/view/reportview.xhtml
2026,5,INDIA TOTAL,All Vahan4 Running Office,M.K. ENTERPRISES,ALL,THREE WHEELER(NT)|THREE WHEELER(T),ALL,ALL,53,2026-06-14T09:44:14.670Z,https://vahan.parivahan.gov.in/vahan4dashboard/vahan/view/reportview.xhtml
2026,5,INDIA TOTAL,All Vahan4 Running Office,M/S SHRIRAM AUTO TECH PVT LTD,ALL,THREE WHEELER(NT)|THREE WHEELER(T),ALL,ALL,113,2026-06-14T09:44:14.670Z,https://vahan.parivahan.gov.in/vahan4dashboard/vahan/view/reportview.xhtml
2026,5,INDIA TOTAL,All Vahan4 Running Office,M/S VISHNU CLEAN ENERGY VEHICLES LLP,ALL,THREE WHEELER(NT)|THREE WHEELER(T),ALL,ALL,0,2026-06-14T09:44:14.670Z,https://vahan.parivahan.gov.in/vahan4dashboard/vahan/view/reportview.xhtml
2026,5,INDIA TOTAL,All Vahan4 Running Office,M2J E VAHAN PVT LTD,ALL,THREE WHEELER(NT)|THREE WHEELER(T),ALL,ALL,18,2026-06-14T09:44:14.670Z,https://vahan.parivahan.gov.in/vahan4dashboard/vahan/view/reportview.xhtml
2026,5,INDIA TOTAL,All Vahan4 Running Office,MAA KALPANA ENTERPRISE,ALL,THREE WHEELER(NT)|THREE WHEELER(T),ALL,ALL,42,2026-06-14T09:44:14.670Z,https://vahan.parivahan.gov.in/vahan4dashboard/vahan/view/reportview.xhtml
2026,5,INDIA TOTAL,All Vahan4 Running Office,MAA SHAKTI EXIM PVT LTD,ALL,THREE WHEELER(NT)|THREE WHEELER(T),ALL,ALL,89,2026-06-14T09:44:14.670Z,https://vahan.parivahan.gov.in/vahan4dashboard/vahan/view/reportview.xhtml
2026,5,INDIA TOTAL,All Vahan4 Running Office,MAC AUTO INDIA,ALL,THREE WHEELER(NT)|THREE WHEELER(T),ALL,ALL,6,2026-06-14T09:44:14.670Z,https://vahan.parivahan.gov.in/vahan4dashboard/vahan/view/reportview.xhtml
2026,5,INDIA TOTAL,All Vahan4 Running Office,MAF ELECTRICAL VEHICLES,ALL,THREE WHEELER(NT)|THREE WHEELER(T),ALL,ALL,4,2026-06-14T09:44:14.670Z,https://vahan.parivahan.gov.in/vahan4dashboard/vahan/view/reportview.xhtml
2026,5,INDIA TOTAL,All Vahan4 Running Office,MAHAK TEEN UDYOG,ALL,THREE WHEELER(NT)|THREE WHEELER(T),ALL,ALL,45,2026-06-14T09:44:14.670Z,https://vahan.parivahan.gov.in/vahan4dashboard/vahan/view/reportview.xhtml
2026,5,INDIA TOTAL,All Vahan4 Running Office,MAHALAXMI ELECTRONIC VEHICLE PVT LTD,ALL,THREE WHEELER(NT)|THREE WHEELER(T),ALL,ALL,6,2026-06-14T09:44:14.670Z,https://vahan.parivahan.gov.in/vahan4dashboard/vahan/view/reportview.xhtml
2026,5,INDIA TOTAL,All Vahan4 Running Office,MAHINDRA & MAHINDRA LIMITED,ALL,THREE WHEELER(NT)|THREE WHEELER(T),ALL,ALL,25,2026-06-14T09:44:14.670Z,https://vahan.parivahan.gov.in/vahan4dashboard/vahan/view/reportview.xhtml
2026,5,INDIA TOTAL,All Vahan4 Running Office,MAHINDRA ELECTRIC MOBILITY LIMITED,ALL,THREE WHEELER(NT)|THREE WHEELER(T),ALL,ALL,2,2026-06-14T09:44:14.670Z,https://vahan.parivahan.gov.in/vahan4dashboard/vahan/view/reportview.xhtml
2026,5,INDIA TOTAL,All Vahan4 Running Office,MAHINDRA LAST MILE MOBILITY LTD,ALL,THREE WHEELER(NT)|THREE WHEELER(T),ALL,ALL,11765,2026-06-14T09:44:14.670Z,https://vahan.parivahan.gov.in/vahan4dashboard/vahan/view/reportview.xhtml
2026,5,INDIA TOTAL,All Vahan4 Running Office,MAHTAB BODY MAKER,ALL,THREE WHEELER(NT)|THREE WHEELER(T),ALL,ALL,65,2026-06-14T09:44:14.670Z,https://vahan.parivahan.gov.in/vahan4dashboard/vahan/view/reportview.xhtml
2026,5,INDIA TOTAL,All Vahan4 Running Office,MALAK TECHNO PVT LTD,ALL,THREE WHEELER(NT)|THREE WHEELER(T),ALL,ALL,1,2026-06-14T09:44:14.670Z,https://vahan.parivahan.gov.in/vahan4dashboard/vahan/view/reportview.xhtml
2026,5,INDIA TOTAL,All Vahan4 Running Office,MALI ENTERPRISES PVT LTD,ALL,THREE WHEELER(NT)|THREE WHEELER(T),ALL,ALL,27,2026-06-14T09:44:14.670Z,https://vahan.parivahan.gov.in/vahan4dashboard/vahan/view/reportview.xhtml
2026,5,INDIA TOTAL,All Vahan4 Running Office,MANIRAM ELECTRIC VEHICLE PVT LTD,ALL,THREE WHEELER(NT)|THREE WHEELER(T),ALL,ALL,29,2026-06-14T09:44:14.670Z,https://vahan.parivahan.gov.in/vahan4dashboard/vahan/view/reportview.xhtml
2026,5,INDIA TOTAL,All Vahan4 Running Office,MANISH EV INTERNATIONAL PRIVATE LIMITED,ALL,THREE WHEELER(NT)|THREE WHEELER(T),ALL,ALL,3,2026-06-14T09:44:14.670Z,https://vahan.parivahan.gov.in/vahan4dashboard/vahan/view/reportview.xhtml
2026,5,INDIA TOTAL,All Vahan4 Running Office,MANITA CITY MOTORS LLP,ALL,THREE WHEELER(NT)|THREE WHEELER(T),ALL,ALL,184,2026-06-14T09:44:14.670Z,https://vahan.parivahan.gov.in/vahan4dashboard/vahan/view/reportview.xhtml
2026,5,INDIA TOTAL,All Vahan4 Running Office,MANMOHAN KAUR,ALL,THREE WHEELER(NT)|THREE WHEELER(T),ALL,ALL,1,2026-06-14T09:44:14.670Z,https://vahan.parivahan.gov.in/vahan4dashboard/vahan/view/reportview.xhtml
2026,5,INDIA TOTAL,All Vahan4 Running Office,MARINO BATTERY E RICKSHAW,ALL,THREE WHEELER(NT)|THREE WHEELER(T),ALL,ALL,45,2026-06-14T09:44:14.670Z,https://vahan.parivahan.gov.in/vahan4dashboard/vahan/view/reportview.xhtml
2026,5,INDIA TOTAL,All Vahan4 Running Office,MARKUS,ALL,THREE WHEELER(NT)|THREE WHEELER(T),ALL,ALL,0,2026-06-14T09:44:14.670Z,https://vahan.parivahan.gov.in/vahan4dashboard/vahan/view/reportview.xhtml
2026,5,INDIA TOTAL,All Vahan4 Running Office,MARUTI BHIWANI E AUTOMOBILES,ALL,THREE WHEELER(NT)|THREE WHEELER(T),ALL,ALL,26,2026-06-14T09:44:14.670Z,https://vahan.parivahan.gov.in/vahan4dashboard/vahan/view/reportview.xhtml
2026,5,INDIA TOTAL,All Vahan4 Running Office,MASTO INDUSTRIES PVT LTD,ALL,THREE WHEELER(NT)|THREE WHEELER(T),ALL,ALL,0,2026-06-14T09:44:14.670Z,https://vahan.parivahan.gov.in/vahan4dashboard/vahan/view/reportview.xhtml
2026,5,INDIA TOTAL,All Vahan4 Running Office,MAZUJA EV MOTORS PVT LTD,ALL,THREE WHEELER(NT)|THREE WHEELER(T),ALL,ALL,5,2026-06-14T09:44:14.670Z,https://vahan.parivahan.gov.in/vahan4dashboard/vahan/view/reportview.xhtml
2026,5,INDIA TOTAL,All Vahan4 Running Office,MD MOTORS,ALL,THREE WHEELER(NT)|THREE WHEELER(T),ALL,ALL,4,2026-06-14T09:44:14.670Z,https://vahan.parivahan.gov.in/vahan4dashboard/vahan/view/reportview.xhtml
2026,5,INDIA TOTAL,All Vahan4 Running Office,MERCURY EV TECH LTD,ALL,THREE WHEELER(NT)|THREE WHEELER(T),ALL,ALL,12,2026-06-14T09:44:14.670Z,https://vahan.parivahan.gov.in/vahan4dashboard/vahan/view/reportview.xhtml
2026,5,INDIA TOTAL,All Vahan4 Running Office,METAL PRESSING & ENGG WORKS,ALL,THREE WHEELER(NT)|THREE WHEELER(T),ALL,ALL,11,2026-06-14T09:44:14.670Z,https://vahan.parivahan.gov.in/vahan4dashboard/vahan/view/reportview.xhtml
2026,5,INDIA TOTAL,All Vahan4 Running Office,METZENERGY PVT LTD,ALL,THREE WHEELER(NT)|THREE WHEELER(T),ALL,ALL,1,2026-06-14T09:44:14.670Z,https://vahan.parivahan.gov.in/vahan4dashboard/vahan/view/reportview.xhtml
2026,5,INDIA TOTAL,All Vahan4 Running Office,MILLENNIAL MOTORS LLP,ALL,THREE WHEELER(NT)|THREE WHEELER(T),ALL,ALL,58,2026-06-14T09:44:14.670Z,https://vahan.parivahan.gov.in/vahan4dashboard/vahan/view/reportview.xhtml
2026,5,INDIA TOTAL,All Vahan4 Running Office,MILYF AUTOMOTIVE PVT LTD,ALL,THREE WHEELER(NT)|THREE WHEELER(T),ALL,ALL,25,2026-06-14T09:44:14.670Z,https://vahan.parivahan.gov.in/vahan4dashboard/vahan/view/reportview.xhtml
2026,5,INDIA TOTAL,All Vahan4 Running Office,MINI METRO EV L.L.P,ALL,THREE WHEELER(NT)|THREE WHEELER(T),ALL,ALL,1046,2026-06-14T09:44:14.670Z,https://vahan.parivahan.gov.in/vahan4dashboard/vahan/view/reportview.xhtml
2026,5,INDIA TOTAL,All Vahan4 Running Office,MLR AUTO LTD,ALL,THREE WHEELER(NT)|THREE WHEELER(T),ALL,ALL,643,2026-06-14T09:44:14.670Z,https://vahan.parivahan.gov.in/vahan4dashboard/vahan/view/reportview.xhtml
2026,5,INDIA TOTAL,All Vahan4 Running Office,MODERN METRO ENTERPRISES,ALL,THREE WHEELER(NT)|THREE WHEELER(T),ALL,ALL,2,2026-06-14T09:44:14.670Z,https://vahan.parivahan.gov.in/vahan4dashboard/vahan/view/reportview.xhtml
2026,5,INDIA TOTAL,All Vahan4 Running Office,MODLINE ASSOCIATES PVT LTD,ALL,THREE WHEELER(NT)|THREE WHEELER(T),ALL,ALL,23,2026-06-14T09:44:14.670Z,https://vahan.parivahan.gov.in/vahan4dashboard/vahan/view/reportview.xhtml
2026,5,INDIA TOTAL,All Vahan4 Running Office,MOHAN GENERAL TRADING COMPANY,ALL,THREE WHEELER(NT)|THREE WHEELER(T),ALL,ALL,0,2026-06-14T09:44:14.670Z,https://vahan.parivahan.gov.in/vahan4dashboard/vahan/view/reportview.xhtml
2026,5,INDIA TOTAL,All Vahan4 Running Office,MOMU AUTOMOTIVE,ALL,THREE WHEELER(NT)|THREE WHEELER(T),ALL,ALL,73,2026-06-14T09:44:14.670Z,https://vahan.parivahan.gov.in/vahan4dashboard/vahan/view/reportview.xhtml
2026,5,INDIA TOTAL,All Vahan4 Running Office,MONA GREEN AUTOMOBILES PVT LTD,ALL,THREE WHEELER(NT)|THREE WHEELER(T),ALL,ALL,6,2026-06-14T09:44:14.670Z,https://vahan.parivahan.gov.in/vahan4dashboard/vahan/view/reportview.xhtml
2026,5,INDIA TOTAL,All Vahan4 Running Office,MONDAL TRADING,ALL,THREE WHEELER(NT)|THREE WHEELER(T),ALL,ALL,142,2026-06-14T09:44:14.670Z,https://vahan.parivahan.gov.in/vahan4dashboard/vahan/view/reportview.xhtml
2026,5,INDIA TOTAL,All Vahan4 Running Office,MOVE STONE SERVICES PVT LTD,ALL,THREE WHEELER(NT)|THREE WHEELER(T),ALL,ALL,518,2026-06-14T09:44:14.670Z,https://vahan.parivahan.gov.in/vahan4dashboard/vahan/view/reportview.xhtml
2026,5,INDIA TOTAL,All Vahan4 Running Office,MVM MOTORS PRIVATE LIMITED,ALL,THREE WHEELER(NT)|THREE WHEELER(T),ALL,ALL,0,2026-06-14T09:44:14.670Z,https://vahan.parivahan.gov.in/vahan4dashboard/vahan/view/reportview.xhtml
2026,5,INDIA TOTAL,All Vahan4 Running Office,N0VA AUTOMOTIVE TECHNOLOGIES PVT. LTD,ALL,THREE WHEELER(NT)|THREE WHEELER(T),ALL,ALL,199,2026-06-14T09:44:14.670Z,https://vahan.parivahan.gov.in/vahan4dashboard/vahan/view/reportview.xhtml
2026,5,INDIA TOTAL,All Vahan4 Running Office,NAMAH INDUSTRIES PVT LTD,ALL,THREE WHEELER(NT)|THREE WHEELER(T),ALL,ALL,50,2026-06-14T09:44:14.670Z,https://vahan.parivahan.gov.in/vahan4dashboard/vahan/view/reportview.xhtml
2026,5,INDIA TOTAL,All Vahan4 Running Office,NAMDHARI ENTERPRISES,ALL,THREE WHEELER(NT)|THREE WHEELER(T),ALL,ALL,6,2026-06-14T09:44:14.670Z,https://vahan.parivahan.gov.in/vahan4dashboard/vahan/view/reportview.xhtml
2026,5,INDIA TOTAL,All Vahan4 Running Office,NAR INTERNATIONAL,ALL,THREE WHEELER(NT)|THREE WHEELER(T),ALL,ALL,2,2026-06-14T09:44:14.670Z,https://vahan.parivahan.gov.in/vahan4dashboard/vahan/view/reportview.xhtml
2026,5,INDIA TOTAL,All Vahan4 Running Office,NASIR ENGINEERING WORKSHOP,ALL,THREE WHEELER(NT)|THREE WHEELER(T),ALL,ALL,16,2026-06-14T09:44:14.670Z,https://vahan.parivahan.gov.in/vahan4dashboard/vahan/view/reportview.xhtml
2026,5,INDIA TOTAL,All Vahan4 Running Office,NAVYA ELECTRIC VEHICLE PVT LTD,ALL,THREE WHEELER(NT)|THREE WHEELER(T),ALL,ALL,261,2026-06-14T09:44:14.670Z,https://vahan.parivahan.gov.in/vahan4dashboard/vahan/view/reportview.xhtml
2026,5,INDIA TOTAL,All Vahan4 Running Office,NAVYABHARAT EVYAN MOTORS PVT LTD,ALL,THREE WHEELER(NT)|THREE WHEELER(T),ALL,ALL,5,2026-06-14T09:44:14.670Z,https://vahan.parivahan.gov.in/vahan4dashboard/vahan/view/reportview.xhtml
2026,5,INDIA TOTAL,All Vahan4 Running Office,NEEDLE EYE PLASTIC INDUSTRIES PVT LTD,ALL,THREE WHEELER(NT)|THREE WHEELER(T),ALL,ALL,163,2026-06-14T09:44:14.670Z,https://vahan.parivahan.gov.in/vahan4dashboard/vahan/view/reportview.xhtml
2026,5,INDIA TOTAL,All Vahan4 Running Office,NEELAM CYCLE,ALL,THREE WHEELER(NT)|THREE WHEELER(T),ALL,ALL,3,2026-06-14T09:44:14.670Z,https://vahan.parivahan.gov.in/vahan4dashboard/vahan/view/reportview.xhtml
2026,5,INDIA TOTAL,All Vahan4 Running Office,NEERAJ MOTORS PVT LTD,ALL,THREE WHEELER(NT)|THREE WHEELER(T),ALL,ALL,0,2026-06-14T09:44:14.670Z,https://vahan.parivahan.gov.in/vahan4dashboard/vahan/view/reportview.xhtml
2026,5,INDIA TOTAL,All Vahan4 Running Office,NEPTUNE GREEN ENERGY PVT LTD,ALL,THREE WHEELER(NT)|THREE WHEELER(T),ALL,ALL,0,2026-06-14T09:44:14.670Z,https://vahan.parivahan.gov.in/vahan4dashboard/vahan/view/reportview.xhtml
2026,5,INDIA TOTAL,All Vahan4 Running Office,NEUON MOTORS LLP,ALL,THREE WHEELER(NT)|THREE WHEELER(T),ALL,ALL,3,2026-06-14T09:44:14.670Z,https://vahan.parivahan.gov.in/vahan4dashboard/vahan/view/reportview.xhtml
2026,5,INDIA TOTAL,All Vahan4 Running Office,NEW ARCANA INDIA,ALL,THREE WHEELER(NT)|THREE WHEELER(T),ALL,ALL,11,2026-06-14T09:44:14.670Z,https://vahan.parivahan.gov.in/vahan4dashboard/vahan/view/reportview.xhtml
2026,5,INDIA TOTAL,All Vahan4 Running Office,NEW CHAWLA INDUSTRIES,ALL,THREE WHEELER(NT)|THREE WHEELER(T),ALL,ALL,164,2026-06-14T09:44:14.670Z,https://vahan.parivahan.gov.in/vahan4dashboard/vahan/view/reportview.xhtml
2026,5,INDIA TOTAL,All Vahan4 Running Office,NGAGE IMPEX PVT LTD,ALL,THREE WHEELER(NT)|THREE WHEELER(T),ALL,ALL,1,2026-06-14T09:44:14.670Z,https://vahan.parivahan.gov.in/vahan4dashboard/vahan/view/reportview.xhtml
2026,5,INDIA TOTAL,All Vahan4 Running Office,NGAGE WHEEL PVT LTD,ALL,THREE WHEELER(NT)|THREE WHEELER(T),ALL,ALL,48,2026-06-14T09:44:14.670Z,https://vahan.parivahan.gov.in/vahan4dashboard/vahan/view/reportview.xhtml
2026,5,INDIA TOTAL,All Vahan4 Running Office,NHD MOTORS,ALL,THREE WHEELER(NT)|THREE WHEELER(T),ALL,ALL,13,2026-06-14T09:44:14.670Z,https://vahan.parivahan.gov.in/vahan4dashboard/vahan/view/reportview.xhtml
2026,5,INDIA TOTAL,All Vahan4 Running Office,NIHARIKA ENTERPRISES,ALL,THREE WHEELER(NT)|THREE WHEELER(T),ALL,ALL,18,2026-06-14T09:44:14.670Z,https://vahan.parivahan.gov.in/vahan4dashboard/vahan/view/reportview.xhtml
2026,5,INDIA TOTAL,All Vahan4 Running Office,NIPUN SANYANTRA PVT LTD,ALL,THREE WHEELER(NT)|THREE WHEELER(T),ALL,ALL,0,2026-06-14T09:44:14.670Z,https://vahan.parivahan.gov.in/vahan4dashboard/vahan/view/reportview.xhtml
2026,5,INDIA TOTAL,All Vahan4 Running Office,NIRMAL UTILITY SERVICES PVT LTD,ALL,THREE WHEELER(NT)|THREE WHEELER(T),ALL,ALL,1,2026-06-14T09:44:14.670Z,https://vahan.parivahan.gov.in/vahan4dashboard/vahan/view/reportview.xhtml
2026,5,INDIA TOTAL,All Vahan4 Running Office,NRJ ELECTRIC MOTOR VEHICLES PVT LTD,ALL,THREE WHEELER(NT)|THREE WHEELER(T),ALL,ALL,256,2026-06-14T09:44:14.670Z,https://vahan.parivahan.gov.in/vahan4dashboard/vahan/view/reportview.xhtml
2026,5,INDIA TOTAL,All Vahan4 Running Office,OGATA MOTORS INDIA PVT LTD,ALL,THREE WHEELER(NT)|THREE WHEELER(T),ALL,ALL,0,2026-06-14T09:44:14.670Z,https://vahan.parivahan.gov.in/vahan4dashboard/vahan/view/reportview.xhtml
2026,5,INDIA TOTAL,All Vahan4 Running Office,OHMS INNOVATION,ALL,THREE WHEELER(NT)|THREE WHEELER(T),ALL,ALL,0,2026-06-14T09:44:14.670Z,https://vahan.parivahan.gov.in/vahan4dashboard/vahan/view/reportview.xhtml
2026,5,INDIA TOTAL,All Vahan4 Running Office,OK PLAY INDIA LTD,ALL,THREE WHEELER(NT)|THREE WHEELER(T),ALL,ALL,1,2026-06-14T09:44:14.670Z,https://vahan.parivahan.gov.in/vahan4dashboard/vahan/view/reportview.xhtml
2026,5,INDIA TOTAL,All Vahan4 Running Office,OKAPIGREEN AUTOMATION PVT LTD,ALL,THREE WHEELER(NT)|THREE WHEELER(T),ALL,ALL,1,2026-06-14T09:44:14.670Z,https://vahan.parivahan.gov.in/vahan4dashboard/vahan/view/reportview.xhtml
2026,5,INDIA TOTAL,All Vahan4 Running Office,OKAYA POWER PVT LTD,ALL,THREE WHEELER(NT)|THREE WHEELER(T),ALL,ALL,10,2026-06-14T09:44:14.670Z,https://vahan.parivahan.gov.in/vahan4dashboard/vahan/view/reportview.xhtml
2026,5,INDIA TOTAL,All Vahan4 Running Office,OM BALAJEE AUTOMOBILE ( INDIA) PVT. LTD,ALL,THREE WHEELER(NT)|THREE WHEELER(T),ALL,ALL,95,2026-06-14T09:44:14.670Z,https://vahan.parivahan.gov.in/vahan4dashboard/vahan/view/reportview.xhtml
2026,5,INDIA TOTAL,All Vahan4 Running Office,OM INDUSTRIES,ALL,THREE WHEELER(NT)|THREE WHEELER(T),ALL,ALL,389,2026-06-14T09:44:14.670Z,https://vahan.parivahan.gov.in/vahan4dashboard/vahan/view/reportview.xhtml
2026,5,INDIA TOTAL,All Vahan4 Running Office,OM RAJ AUTOTECH LLP,ALL,THREE WHEELER(NT)|THREE WHEELER(T),ALL,ALL,26,2026-06-14T09:44:14.670Z,https://vahan.parivahan.gov.in/vahan4dashboard/vahan/view/reportview.xhtml
2026,5,INDIA TOTAL,All Vahan4 Running Office,OMEGA SALES & AGRO INDUSTRIES,ALL,THREE WHEELER(NT)|THREE WHEELER(T),ALL,ALL,20,2026-06-14T09:44:14.670Z,https://vahan.parivahan.gov.in/vahan4dashboard/vahan/view/reportview.xhtml
2026,5,INDIA TOTAL,All Vahan4 Running Office,OMEGA SEIKI PVT LTD,ALL,THREE WHEELER(NT)|THREE WHEELER(T),ALL,ALL,630,2026-06-14T09:44:14.670Z,https://vahan.parivahan.gov.in/vahan4dashboard/vahan/view/reportview.xhtml
2026,5,INDIA TOTAL,All Vahan4 Running Office,OTHERS,ALL,THREE WHEELER(NT)|THREE WHEELER(T),ALL,ALL,0,2026-06-14T09:44:14.670Z,https://vahan.parivahan.gov.in/vahan4dashboard/vahan/view/reportview.xhtml
2026,5,INDIA TOTAL,All Vahan4 Running Office,OURO EV MOBILITY PVT LTD,ALL,THREE WHEELER(NT)|THREE WHEELER(T),ALL,ALL,0,2026-06-14T09:44:14.670Z,https://vahan.parivahan.gov.in/vahan4dashboard/vahan/view/reportview.xhtml
2026,5,INDIA TOTAL,All Vahan4 Running Office,OXEN ELECTRIC VEHICLES,ALL,THREE WHEELER(NT)|THREE WHEELER(T),ALL,ALL,2,2026-06-14T09:44:14.670Z,https://vahan.parivahan.gov.in/vahan4dashboard/vahan/view/reportview.xhtml
2026,5,INDIA TOTAL,All Vahan4 Running Office,OXOVAN EV PVT LTD,ALL,THREE WHEELER(NT)|THREE WHEELER(T),ALL,ALL,0,2026-06-14T09:44:14.670Z,https://vahan.parivahan.gov.in/vahan4dashboard/vahan/view/reportview.xhtml
2026,5,INDIA TOTAL,All Vahan4 Running Office,P.R. AND CO,ALL,THREE WHEELER(NT)|THREE WHEELER(T),ALL,ALL,0,2026-06-14T09:44:14.670Z,https://vahan.parivahan.gov.in/vahan4dashboard/vahan/view/reportview.xhtml
2026,5,INDIA TOTAL,All Vahan4 Running Office,P.S. ENTERPRISES,ALL,THREE WHEELER(NT)|THREE WHEELER(T),ALL,ALL,12,2026-06-14T09:44:14.670Z,https://vahan.parivahan.gov.in/vahan4dashboard/vahan/view/reportview.xhtml
2026,5,INDIA TOTAL,All Vahan4 Running Office,PARAS INDUSTRIES,ALL,THREE WHEELER(NT)|THREE WHEELER(T),ALL,ALL,73,2026-06-14T09:44:14.670Z,https://vahan.parivahan.gov.in/vahan4dashboard/vahan/view/reportview.xhtml
2026,5,INDIA TOTAL,All Vahan4 Running Office,PARI E-VEHICLES,ALL,THREE WHEELER(NT)|THREE WHEELER(T),ALL,ALL,19,2026-06-14T09:44:14.670Z,https://vahan.parivahan.gov.in/vahan4dashboard/vahan/view/reportview.xhtml
2026,5,INDIA TOTAL,All Vahan4 Running Office,PARI METRO E RICKSHAW,ALL,THREE WHEELER(NT)|THREE WHEELER(T),ALL,ALL,105,2026-06-14T09:44:14.670Z,https://vahan.parivahan.gov.in/vahan4dashboard/vahan/view/reportview.xhtml
2026,5,INDIA TOTAL,All Vahan4 Running Office,PIAGGIO VEHICLES PVT LTD,ALL,THREE WHEELER(NT)|THREE WHEELER(T),ALL,ALL,7752,2026-06-14T09:44:14.670Z,https://vahan.parivahan.gov.in/vahan4dashboard/vahan/view/reportview.xhtml
2026,5,INDIA TOTAL,All Vahan4 Running Office,PICK ELECTRIC AUTO PVT LTD,ALL,THREE WHEELER(NT)|THREE WHEELER(T),ALL,ALL,8,2026-06-14T09:44:14.670Z,https://vahan.parivahan.gov.in/vahan4dashboard/vahan/view/reportview.xhtml
2026,5,INDIA TOTAL,All Vahan4 Running Office,PINNACLE MOBILITY SOLUTIONS PVT LTD,ALL,THREE WHEELER(NT)|THREE WHEELER(T),ALL,ALL,53,2026-06-14T09:44:14.670Z,https://vahan.parivahan.gov.in/vahan4dashboard/vahan/view/reportview.xhtml
2026,5,INDIA TOTAL,All Vahan4 Running Office,PLAUDIT TECHNO INDIA PVT LTD,ALL,THREE WHEELER(NT)|THREE WHEELER(T),ALL,ALL,238,2026-06-14T09:44:14.670Z,https://vahan.parivahan.gov.in/vahan4dashboard/vahan/view/reportview.xhtml
2026,5,INDIA TOTAL,All Vahan4 Running Office,POOSHPAK AUTOMOBILES PVT LTD,ALL,THREE WHEELER(NT)|THREE WHEELER(T),ALL,ALL,18,2026-06-14T09:44:14.670Z,https://vahan.parivahan.gov.in/vahan4dashboard/vahan/view/reportview.xhtml
2026,5,INDIA TOTAL,All Vahan4 Running Office,PORWAL ELECTRIC,ALL,THREE WHEELER(NT)|THREE WHEELER(T),ALL,ALL,3,2026-06-14T09:44:14.670Z,https://vahan.parivahan.gov.in/vahan4dashboard/vahan/view/reportview.xhtml
2026,5,INDIA TOTAL,All Vahan4 Running Office,PRAAKARM AUTO & CONSTRUCTION EQUIPMENTS,ALL,THREE WHEELER(NT)|THREE WHEELER(T),ALL,ALL,8,2026-06-14T09:44:14.670Z,https://vahan.parivahan.gov.in/vahan4dashboard/vahan/view/reportview.xhtml
2026,5,INDIA TOTAL,All Vahan4 Running Office,PRABHA AUTOMOTIVE ENGINEERS PVT LTD,ALL,THREE WHEELER(NT)|THREE WHEELER(T),ALL,ALL,0,2026-06-14T09:44:14.670Z,https://vahan.parivahan.gov.in/vahan4dashboard/vahan/view/reportview.xhtml
2026,5,INDIA TOTAL,All Vahan4 Running Office,PRAG MOTORS,ALL,THREE WHEELER(NT)|THREE WHEELER(T),ALL,ALL,14,2026-06-14T09:44:14.670Z,https://vahan.parivahan.gov.in/vahan4dashboard/vahan/view/reportview.xhtml
2026,5,INDIA TOTAL,All Vahan4 Running Office,PRAGYA AUTOMOBILE PVT LTD,ALL,THREE WHEELER(NT)|THREE WHEELER(T),ALL,ALL,14,2026-06-14T09:44:14.670Z,https://vahan.parivahan.gov.in/vahan4dashboard/vahan/view/reportview.xhtml
2026,5,INDIA TOTAL,All Vahan4 Running Office,PRAJJWAL MAHAJAN TRADERS,ALL,THREE WHEELER(NT)|THREE WHEELER(T),ALL,ALL,0,2026-06-14T09:44:14.670Z,https://vahan.parivahan.gov.in/vahan4dashboard/vahan/view/reportview.xhtml
2026,5,INDIA TOTAL,All Vahan4 Running Office,PRAKASH ENTERPRISES,ALL,THREE WHEELER(NT)|THREE WHEELER(T),ALL,ALL,0,2026-06-14T09:44:14.670Z,https://vahan.parivahan.gov.in/vahan4dashboard/vahan/view/reportview.xhtml
2026,5,INDIA TOTAL,All Vahan4 Running Office,PRAKRITI ELECTRIC VEHICLE PVT LTD,ALL,THREE WHEELER(NT)|THREE WHEELER(T),ALL,ALL,6,2026-06-14T09:44:14.670Z,https://vahan.parivahan.gov.in/vahan4dashboard/vahan/view/reportview.xhtml
2026,5,INDIA TOTAL,All Vahan4 Running Office,PRIDE E-MOTORS,ALL,THREE WHEELER(NT)|THREE WHEELER(T),ALL,ALL,26,2026-06-14T09:44:14.670Z,https://vahan.parivahan.gov.in/vahan4dashboard/vahan/view/reportview.xhtml
2026,5,INDIA TOTAL,All Vahan4 Running Office,PRIYAM INDUSTRIES AND ENGINEERING PVT LTD,ALL,THREE WHEELER(NT)|THREE WHEELER(T),ALL,ALL,9,2026-06-14T09:44:14.670Z,https://vahan.parivahan.gov.in/vahan4dashboard/vahan/view/reportview.xhtml
2026,5,INDIA TOTAL,All Vahan4 Running Office,PROMINAL ELECTRIC VEHICLE PVT LTD,ALL,THREE WHEELER(NT)|THREE WHEELER(T),ALL,ALL,11,2026-06-14T09:44:14.670Z,https://vahan.parivahan.gov.in/vahan4dashboard/vahan/view/reportview.xhtml
2026,5,INDIA TOTAL,All Vahan4 Running Office,PROPUS INC,ALL,THREE WHEELER(NT)|THREE WHEELER(T),ALL,ALL,37,2026-06-14T09:44:14.670Z,https://vahan.parivahan.gov.in/vahan4dashboard/vahan/view/reportview.xhtml
2026,5,INDIA TOTAL,All Vahan4 Running Office,PUBANG ETRON ELECTRIC MOTOR PVT LTD,ALL,THREE WHEELER(NT)|THREE WHEELER(T),ALL,ALL,6,2026-06-14T09:44:14.670Z,https://vahan.parivahan.gov.in/vahan4dashboard/vahan/view/reportview.xhtml
2026,5,INDIA TOTAL,All Vahan4 Running Office,PURVANCHAL ELECTRIC VEHICLES,ALL,THREE WHEELER(NT)|THREE WHEELER(T),ALL,ALL,17,2026-06-14T09:44:14.670Z,https://vahan.parivahan.gov.in/vahan4dashboard/vahan/view/reportview.xhtml
2026,5,INDIA TOTAL,All Vahan4 Running Office,PYTHOX MOTORS PVT LTD,ALL,THREE WHEELER(NT)|THREE WHEELER(T),ALL,ALL,48,2026-06-14T09:44:14.670Z,https://vahan.parivahan.gov.in/vahan4dashboard/vahan/view/reportview.xhtml
2026,5,INDIA TOTAL,All Vahan4 Running Office,R3 ENTERPRISES,ALL,THREE WHEELER(NT)|THREE WHEELER(T),ALL,ALL,266,2026-06-14T09:44:14.670Z,https://vahan.parivahan.gov.in/vahan4dashboard/vahan/view/reportview.xhtml
2026,5,INDIA TOTAL,All Vahan4 Running Office,RACCOON MOTORS PVT LTD,ALL,THREE WHEELER(NT)|THREE WHEELER(T),ALL,ALL,4,2026-06-14T09:44:14.670Z,https://vahan.parivahan.gov.in/vahan4dashboard/vahan/view/reportview.xhtml
2026,5,INDIA TOTAL,All Vahan4 Running Office,RACHANACREATIONS AUTO PVT LTD,ALL,THREE WHEELER(NT)|THREE WHEELER(T),ALL,ALL,0,2026-06-14T09:44:14.670Z,https://vahan.parivahan.gov.in/vahan4dashboard/vahan/view/reportview.xhtml
2026,5,INDIA TOTAL,All Vahan4 Running Office,RADHVA MOTORS,ALL,THREE WHEELER(NT)|THREE WHEELER(T),ALL,ALL,2,2026-06-14T09:44:14.670Z,https://vahan.parivahan.gov.in/vahan4dashboard/vahan/view/reportview.xhtml
2026,5,INDIA TOTAL,All Vahan4 Running Office,RAFTAAR ELECTRIC GREEN VEHICLES PVT LTD,ALL,THREE WHEELER(NT)|THREE WHEELER(T),ALL,ALL,1,2026-06-14T09:44:14.670Z,https://vahan.parivahan.gov.in/vahan4dashboard/vahan/view/reportview.xhtml
2026,5,INDIA TOTAL,All Vahan4 Running Office,RAHUL AGRO EXPORTS PVT LTD,ALL,THREE WHEELER(NT)|THREE WHEELER(T),ALL,ALL,6,2026-06-14T09:44:14.670Z,https://vahan.parivahan.gov.in/vahan4dashboard/vahan/view/reportview.xhtml
2026,5,INDIA TOTAL,All Vahan4 Running Office,RAICHURA ENERGY PRIVATE LIMITED,ALL,THREE WHEELER(NT)|THREE WHEELER(T),ALL,ALL,37,2026-06-14T09:44:14.670Z,https://vahan.parivahan.gov.in/vahan4dashboard/vahan/view/reportview.xhtml
2026,5,INDIA TOTAL,All Vahan4 Running Office,RAJ AUTOMOTIVE,ALL,THREE WHEELER(NT)|THREE WHEELER(T),ALL,ALL,8,2026-06-14T09:44:14.670Z,https://vahan.parivahan.gov.in/vahan4dashboard/vahan/view/reportview.xhtml
2026,5,INDIA TOTAL,All Vahan4 Running Office,RAJA ECO WHEEL,ALL,THREE WHEELER(NT)|THREE WHEELER(T),ALL,ALL,0,2026-06-14T09:44:14.670Z,https://vahan.parivahan.gov.in/vahan4dashboard/vahan/view/reportview.xhtml
2026,5,INDIA TOTAL,All Vahan4 Running Office,RAKHEJA INDUSTRIES,ALL,THREE WHEELER(NT)|THREE WHEELER(T),ALL,ALL,0,2026-06-14T09:44:14.670Z,https://vahan.parivahan.gov.in/vahan4dashboard/vahan/view/reportview.xhtml
2026,5,INDIA TOTAL,All Vahan4 Running Office,RAMA INDUSTRIES,ALL,THREE WHEELER(NT)|THREE WHEELER(T),ALL,ALL,4,2026-06-14T09:44:14.670Z,https://vahan.parivahan.gov.in/vahan4dashboard/vahan/view/reportview.xhtml
2026,5,INDIA TOTAL,All Vahan4 Running Office,RAMON INDUSTRIES,ALL,THREE WHEELER(NT)|THREE WHEELER(T),ALL,ALL,0,2026-06-14T09:44:14.670Z,https://vahan.parivahan.gov.in/vahan4dashboard/vahan/view/reportview.xhtml
2026,5,INDIA TOTAL,All Vahan4 Running Office,RANA ENGINEER WORKS,ALL,THREE WHEELER(NT)|THREE WHEELER(T),ALL,ALL,43,2026-06-14T09:44:14.670Z,https://vahan.parivahan.gov.in/vahan4dashboard/vahan/view/reportview.xhtml
2026,5,INDIA TOTAL,All Vahan4 Running Office,RANGE AUTOMOBILES PVT LTD,ALL,THREE WHEELER(NT)|THREE WHEELER(T),ALL,ALL,0,2026-06-14T09:44:14.670Z,https://vahan.parivahan.gov.in/vahan4dashboard/vahan/view/reportview.xhtml
2026,5,INDIA TOTAL,All Vahan4 Running Office,RASANDIK ENGINEERING INDUSTRIES INDIA LTD,ALL,THREE WHEELER(NT)|THREE WHEELER(T),ALL,ALL,3,2026-06-14T09:44:14.670Z,https://vahan.parivahan.gov.in/vahan4dashboard/vahan/view/reportview.xhtml
2026,5,INDIA TOTAL,All Vahan4 Running Office,RATIRIDE EV MOTORS PVT LTD,ALL,THREE WHEELER(NT)|THREE WHEELER(T),ALL,ALL,60,2026-06-14T09:44:14.670Z,https://vahan.parivahan.gov.in/vahan4dashboard/vahan/view/reportview.xhtml
2026,5,INDIA TOTAL,All Vahan4 Running Office,RAVI METAL WORKS,ALL,THREE WHEELER(NT)|THREE WHEELER(T),ALL,ALL,1,2026-06-14T09:44:14.670Z,https://vahan.parivahan.gov.in/vahan4dashboard/vahan/view/reportview.xhtml
2026,5,INDIA TOTAL,All Vahan4 Running Office,RAYON ENGINEERS,ALL,THREE WHEELER(NT)|THREE WHEELER(T),ALL,ALL,30,2026-06-14T09:44:14.670Z,https://vahan.parivahan.gov.in/vahan4dashboard/vahan/view/reportview.xhtml
2026,5,INDIA TOTAL,All Vahan4 Running Office,RCJ AUTO FORGE PVT LTD,ALL,THREE WHEELER(NT)|THREE WHEELER(T),ALL,ALL,36,2026-06-14T09:44:14.670Z,https://vahan.parivahan.gov.in/vahan4dashboard/vahan/view/reportview.xhtml
2026,5,INDIA TOTAL,All Vahan4 Running Office,RDS INDUSTRIES,ALL,THREE WHEELER(NT)|THREE WHEELER(T),ALL,ALL,0,2026-06-14T09:44:14.670Z,https://vahan.parivahan.gov.in/vahan4dashboard/vahan/view/reportview.xhtml
2026,5,INDIA TOTAL,All Vahan4 Running Office,REDDY AUTOMOTIVE PVT LTD,ALL,THREE WHEELER(NT)|THREE WHEELER(T),ALL,ALL,0,2026-06-14T09:44:14.670Z,https://vahan.parivahan.gov.in/vahan4dashboard/vahan/view/reportview.xhtml
2026,5,INDIA TOTAL,All Vahan4 Running Office,REEP INDUSTRIES PVT LTD,ALL,THREE WHEELER(NT)|THREE WHEELER(T),ALL,ALL,0,2026-06-14T09:44:14.670Z,https://vahan.parivahan.gov.in/vahan4dashboard/vahan/view/reportview.xhtml
2026,5,INDIA TOTAL,All Vahan4 Running Office,REPUBLIC MOTORS,ALL,THREE WHEELER(NT)|THREE WHEELER(T),ALL,ALL,46,2026-06-14T09:44:14.670Z,https://vahan.parivahan.gov.in/vahan4dashboard/vahan/view/reportview.xhtml
2026,5,INDIA TOTAL,All Vahan4 Running Office,RETRO ELECTRIC PVT LTD,ALL,THREE WHEELER(NT)|THREE WHEELER(T),ALL,ALL,0,2026-06-14T09:44:14.670Z,https://vahan.parivahan.gov.in/vahan4dashboard/vahan/view/reportview.xhtml
2026,5,INDIA TOTAL,All Vahan4 Running Office,RIBAND ELECTRIC PVT LTD,ALL,THREE WHEELER(NT)|THREE WHEELER(T),ALL,ALL,49,2026-06-14T09:44:14.670Z,https://vahan.parivahan.gov.in/vahan4dashboard/vahan/view/reportview.xhtml
2026,5,INDIA TOTAL,All Vahan4 Running Office,RICHFORD ALLIANZ PVT LTD,ALL,THREE WHEELER(NT)|THREE WHEELER(T),ALL,ALL,416,2026-06-14T09:44:14.670Z,https://vahan.parivahan.gov.in/vahan4dashboard/vahan/view/reportview.xhtml
2026,5,INDIA TOTAL,All Vahan4 Running Office,RICKSHOW REPAIRING,ALL,THREE WHEELER(NT)|THREE WHEELER(T),ALL,ALL,2,2026-06-14T09:44:14.670Z,https://vahan.parivahan.gov.in/vahan4dashboard/vahan/view/reportview.xhtml
2026,5,INDIA TOTAL,All Vahan4 Running Office,RIJIYA TRADING PVT LTD,ALL,THREE WHEELER(NT)|THREE WHEELER(T),ALL,ALL,5,2026-06-14T09:44:14.670Z,https://vahan.parivahan.gov.in/vahan4dashboard/vahan/view/reportview.xhtml
2026,5,INDIA TOTAL,All Vahan4 Running Office,RILOX EV PVT LTD,ALL,THREE WHEELER(NT)|THREE WHEELER(T),ALL,ALL,9,2026-06-14T09:44:14.670Z,https://vahan.parivahan.gov.in/vahan4dashboard/vahan/view/reportview.xhtml
2026,5,INDIA TOTAL,All Vahan4 Running Office,RIVALDO ELECTRIC PVT LTD,ALL,THREE WHEELER(NT)|THREE WHEELER(T),ALL,ALL,1,2026-06-14T09:44:14.670Z,https://vahan.parivahan.gov.in/vahan4dashboard/vahan/view/reportview.xhtml
2026,5,INDIA TOTAL,All Vahan4 Running Office,RIVET EV INDUSTRIES PVT LTD,ALL,THREE WHEELER(NT)|THREE WHEELER(T),ALL,ALL,0,2026-06-14T09:44:14.670Z,https://vahan.parivahan.gov.in/vahan4dashboard/vahan/view/reportview.xhtml
2026,5,INDIA TOTAL,All Vahan4 Running Office,RIYA ENTERPRISE,ALL,THREE WHEELER(NT)|THREE WHEELER(T),ALL,ALL,0,2026-06-14T09:44:14.670Z,https://vahan.parivahan.gov.in/vahan4dashboard/vahan/view/reportview.xhtml
2026,5,INDIA TOTAL,All Vahan4 Running Office,ROANSOME MOTORS,ALL,THREE WHEELER(NT)|THREE WHEELER(T),ALL,ALL,9,2026-06-14T09:44:14.670Z,https://vahan.parivahan.gov.in/vahan4dashboard/vahan/view/reportview.xhtml
2026,5,INDIA TOTAL,All Vahan4 Running Office,ROARLEO MOTOR PVT LTD,ALL,THREE WHEELER(NT)|THREE WHEELER(T),ALL,ALL,5,2026-06-14T09:44:14.670Z,https://vahan.parivahan.gov.in/vahan4dashboard/vahan/view/reportview.xhtml
2026,5,INDIA TOTAL,All Vahan4 Running Office,RODA FLEETS PVT LTD,ALL,THREE WHEELER(NT)|THREE WHEELER(T),ALL,ALL,13,2026-06-14T09:44:14.670Z,https://vahan.parivahan.gov.in/vahan4dashboard/vahan/view/reportview.xhtml
2026,5,INDIA TOTAL,All Vahan4 Running Office,ROYAL AUTOMOBILES,ALL,THREE WHEELER(NT)|THREE WHEELER(T),ALL,ALL,0,2026-06-14T09:44:14.670Z,https://vahan.parivahan.gov.in/vahan4dashboard/vahan/view/reportview.xhtml
2026,5,INDIA TOTAL,All Vahan4 Running Office,ROYCE EV PVT LTD,ALL,THREE WHEELER(NT)|THREE WHEELER(T),ALL,ALL,95,2026-06-14T09:44:14.670Z,https://vahan.parivahan.gov.in/vahan4dashboard/vahan/view/reportview.xhtml
2026,5,INDIA TOTAL,All Vahan4 Running Office,RP AUTOMOBILE,ALL,THREE WHEELER(NT)|THREE WHEELER(T),ALL,ALL,4,2026-06-14T09:44:14.670Z,https://vahan.parivahan.gov.in/vahan4dashboard/vahan/view/reportview.xhtml
2026,5,INDIA TOTAL,All Vahan4 Running Office,RP MOTORS,ALL,THREE WHEELER(NT)|THREE WHEELER(T),ALL,ALL,0,2026-06-14T09:44:14.670Z,https://vahan.parivahan.gov.in/vahan4dashboard/vahan/view/reportview.xhtml
2026,5,INDIA TOTAL,All Vahan4 Running Office,RPSS EV INDIA PVT LTD,ALL,THREE WHEELER(NT)|THREE WHEELER(T),ALL,ALL,8,2026-06-14T09:44:14.670Z,https://vahan.parivahan.gov.in/vahan4dashboard/vahan/view/reportview.xhtml
2026,5,INDIA TOTAL,All Vahan4 Running Office,RSD SECURITY SOLUTIONS PVT LTD,ALL,THREE WHEELER(NT)|THREE WHEELER(T),ALL,ALL,37,2026-06-14T09:44:14.670Z,https://vahan.parivahan.gov.in/vahan4dashboard/vahan/view/reportview.xhtml
2026,5,INDIA TOTAL,All Vahan4 Running Office,RUN STAR ENGINEERING,ALL,THREE WHEELER(NT)|THREE WHEELER(T),ALL,ALL,0,2026-06-14T09:44:14.670Z,https://vahan.parivahan.gov.in/vahan4dashboard/vahan/view/reportview.xhtml
2026,5,INDIA TOTAL,All Vahan4 Running Office,RUTBA PRODUCT PVT LTD,ALL,THREE WHEELER(NT)|THREE WHEELER(T),ALL,ALL,37,2026-06-14T09:44:14.670Z,https://vahan.parivahan.gov.in/vahan4dashboard/vahan/view/reportview.xhtml
2026,5,INDIA TOTAL,All Vahan4 Running Office,S AND J INDUSTRIES,ALL,THREE WHEELER(NT)|THREE WHEELER(T),ALL,ALL,4,2026-06-14T09:44:14.670Z,https://vahan.parivahan.gov.in/vahan4dashboard/vahan/view/reportview.xhtml
2026,5,INDIA TOTAL,All Vahan4 Running Office,S B TRADERS,ALL,THREE WHEELER(NT)|THREE WHEELER(T),ALL,ALL,58,2026-06-14T09:44:14.670Z,https://vahan.parivahan.gov.in/vahan4dashboard/vahan/view/reportview.xhtml
2026,5,INDIA TOTAL,All Vahan4 Running Office,S E ASIA CO,ALL,THREE WHEELER(NT)|THREE WHEELER(T),ALL,ALL,14,2026-06-14T09:44:14.670Z,https://vahan.parivahan.gov.in/vahan4dashboard/vahan/view/reportview.xhtml
2026,5,INDIA TOTAL,All Vahan4 Running Office,S S GLOBAL,ALL,THREE WHEELER(NT)|THREE WHEELER(T),ALL,ALL,15,2026-06-14T09:44:14.671Z,https://vahan.parivahan.gov.in/vahan4dashboard/vahan/view/reportview.xhtml
2026,5,INDIA TOTAL,All Vahan4 Running Office,S S INDUSTRY,ALL,THREE WHEELER(NT)|THREE WHEELER(T),ALL,ALL,76,2026-06-14T09:44:14.671Z,https://vahan.parivahan.gov.in/vahan4dashboard/vahan/view/reportview.xhtml
2026,5,INDIA TOTAL,All Vahan4 Running Office,S.M ELECTRIC VEHICLE,ALL,THREE WHEELER(NT)|THREE WHEELER(T),ALL,ALL,6,2026-06-14T09:44:14.671Z,https://vahan.parivahan.gov.in/vahan4dashboard/vahan/view/reportview.xhtml
2026,5,INDIA TOTAL,All Vahan4 Running Office,SAERA ELECTRIC AUTO PVT LTD,ALL,THREE WHEELER(NT)|THREE WHEELER(T),ALL,ALL,1458,2026-06-14T09:44:14.670Z,https://vahan.parivahan.gov.in/vahan4dashboard/vahan/view/reportview.xhtml
2026,5,INDIA TOTAL,All Vahan4 Running Office,SAHNIANAND E VEHICLES PVT LTD,ALL,THREE WHEELER(NT)|THREE WHEELER(T),ALL,ALL,584,2026-06-14T09:44:14.670Z,https://vahan.parivahan.gov.in/vahan4dashboard/vahan/view/reportview.xhtml
2026,5,INDIA TOTAL,All Vahan4 Running Office,SAI KISHAN MACHINERY (OPC) PVT LTD,ALL,THREE WHEELER(NT)|THREE WHEELER(T),ALL,ALL,0,2026-06-14T09:44:14.670Z,https://vahan.parivahan.gov.in/vahan4dashboard/vahan/view/reportview.xhtml
2026,5,INDIA TOTAL,All Vahan4 Running Office,SAIF AUTO LTD,ALL,THREE WHEELER(NT)|THREE WHEELER(T),ALL,ALL,0,2026-06-14T09:44:14.670Z,https://vahan.parivahan.gov.in/vahan4dashboard/vahan/view/reportview.xhtml
2026,5,INDIA TOTAL,All Vahan4 Running Office,SAIFIAN SOLAR PVT LTD,ALL,THREE WHEELER(NT)|THREE WHEELER(T),ALL,ALL,4,2026-06-14T09:44:14.670Z,https://vahan.parivahan.gov.in/vahan4dashboard/vahan/view/reportview.xhtml
2026,5,INDIA TOTAL,All Vahan4 Running Office,SAINIK CYCLE MART,ALL,THREE WHEELER(NT)|THREE WHEELER(T),ALL,ALL,11,2026-06-14T09:44:14.670Z,https://vahan.parivahan.gov.in/vahan4dashboard/vahan/view/reportview.xhtml
2026,5,INDIA TOTAL,All Vahan4 Running Office,SAKSHAM TECH AUTOMOBILES,ALL,THREE WHEELER(NT)|THREE WHEELER(T),ALL,ALL,1,2026-06-14T09:44:14.670Z,https://vahan.parivahan.gov.in/vahan4dashboard/vahan/view/reportview.xhtml
2026,5,INDIA TOTAL,All Vahan4 Running Office,SAKSHAM TRADING COMPANY,ALL,THREE WHEELER(NT)|THREE WHEELER(T),ALL,ALL,34,2026-06-14T09:44:14.670Z,https://vahan.parivahan.gov.in/vahan4dashboard/vahan/view/reportview.xhtml
2026,5,INDIA TOTAL,All Vahan4 Running Office,SALAAR ENTERPRISES,ALL,THREE WHEELER(NT)|THREE WHEELER(T),ALL,ALL,2,2026-06-14T09:44:14.670Z,https://vahan.parivahan.gov.in/vahan4dashboard/vahan/view/reportview.xhtml
2026,5,INDIA TOTAL,All Vahan4 Running Office,SAMRAT ELECTRIC VEHICLE,ALL,THREE WHEELER(NT)|THREE WHEELER(T),ALL,ALL,12,2026-06-14T09:44:14.670Z,https://vahan.parivahan.gov.in/vahan4dashboard/vahan/view/reportview.xhtml
2026,5,INDIA TOTAL,All Vahan4 Running Office,SANALDEEP INDUSTRIES,ALL,THREE WHEELER(NT)|THREE WHEELER(T),ALL,ALL,6,2026-06-14T09:44:14.670Z,https://vahan.parivahan.gov.in/vahan4dashboard/vahan/view/reportview.xhtml
2026,5,INDIA TOTAL,All Vahan4 Running Office,SARAVANA ENGINEERING WORKS,ALL,THREE WHEELER(NT)|THREE WHEELER(T),ALL,ALL,0,2026-06-14T09:44:14.670Z,https://vahan.parivahan.gov.in/vahan4dashboard/vahan/view/reportview.xhtml
2026,5,INDIA TOTAL,All Vahan4 Running Office,SATHI BATTERY PVT LTD,ALL,THREE WHEELER(NT)|THREE WHEELER(T),ALL,ALL,14,2026-06-14T09:44:14.670Z,https://vahan.parivahan.gov.in/vahan4dashboard/vahan/view/reportview.xhtml
2026,5,INDIA TOTAL,All Vahan4 Running Office,SATHI MOTORS ELECTRIC VEHICLE PVT LTD,ALL,THREE WHEELER(NT)|THREE WHEELER(T),ALL,ALL,348,2026-06-14T09:44:14.670Z,https://vahan.parivahan.gov.in/vahan4dashboard/vahan/view/reportview.xhtml
2026,5,INDIA TOTAL,All Vahan4 Running Office,SEALION AUTOMOBILE PVT LTD,ALL,THREE WHEELER(NT)|THREE WHEELER(T),ALL,ALL,2,2026-06-14T09:44:14.670Z,https://vahan.parivahan.gov.in/vahan4dashboard/vahan/view/reportview.xhtml
2026,5,INDIA TOTAL,All Vahan4 Running Office,SEN AND PANDIT VOLTAGE CONTROL PVT LTD,ALL,THREE WHEELER(NT)|THREE WHEELER(T),ALL,ALL,2,2026-06-14T09:44:14.670Z,https://vahan.parivahan.gov.in/vahan4dashboard/vahan/view/reportview.xhtml
2026,5,INDIA TOTAL,All Vahan4 Running Office,SETH INDUSTRIAL CORPORATION,ALL,THREE WHEELER(NT)|THREE WHEELER(T),ALL,ALL,28,2026-06-14T09:44:14.670Z,https://vahan.parivahan.gov.in/vahan4dashboard/vahan/view/reportview.xhtml
2026,5,INDIA TOTAL,All Vahan4 Running Office,SF2 E VEHICLE PVT LTD,ALL,THREE WHEELER(NT)|THREE WHEELER(T),ALL,ALL,20,2026-06-14T09:44:14.670Z,https://vahan.parivahan.gov.in/vahan4dashboard/vahan/view/reportview.xhtml
2026,5,INDIA TOTAL,All Vahan4 Running Office,SGL INDUSTRIES,ALL,THREE WHEELER(NT)|THREE WHEELER(T),ALL,ALL,0,2026-06-14T09:44:14.670Z,https://vahan.parivahan.gov.in/vahan4dashboard/vahan/view/reportview.xhtml
2026,5,INDIA TOTAL,All Vahan4 Running Office,SHAH ELECTRIC MOTERS,ALL,THREE WHEELER(NT)|THREE WHEELER(T),ALL,ALL,3,2026-06-14T09:44:14.670Z,https://vahan.parivahan.gov.in/vahan4dashboard/vahan/view/reportview.xhtml
2026,5,INDIA TOTAL,All Vahan4 Running Office,SHAILENDRA AUTOS PVT LTD,ALL,THREE WHEELER(NT)|THREE WHEELER(T),ALL,ALL,6,2026-06-14T09:44:14.670Z,https://vahan.parivahan.gov.in/vahan4dashboard/vahan/view/reportview.xhtml
2026,5,INDIA TOTAL,All Vahan4 Running Office,SHAKTI AUTO GREEN,ALL,THREE WHEELER(NT)|THREE WHEELER(T),ALL,ALL,40,2026-06-14T09:44:14.670Z,https://vahan.parivahan.gov.in/vahan4dashboard/vahan/view/reportview.xhtml
2026,5,INDIA TOTAL,All Vahan4 Running Office,SHALYA AUTO SALES PVT LTD,ALL,THREE WHEELER(NT)|THREE WHEELER(T),ALL,ALL,26,2026-06-14T09:44:14.670Z,https://vahan.parivahan.gov.in/vahan4dashboard/vahan/view/reportview.xhtml
2026,5,INDIA TOTAL,All Vahan4 Running Office,SHAMMI ELECTRONICS,ALL,THREE WHEELER(NT)|THREE WHEELER(T),ALL,ALL,5,2026-06-14T09:44:14.670Z,https://vahan.parivahan.gov.in/vahan4dashboard/vahan/view/reportview.xhtml
2026,5,INDIA TOTAL,All Vahan4 Running Office,SHIGAN EVOLTZ LTD,ALL,THREE WHEELER(NT)|THREE WHEELER(T),ALL,ALL,4,2026-06-14T09:44:14.670Z,https://vahan.parivahan.gov.in/vahan4dashboard/vahan/view/reportview.xhtml
2026,5,INDIA TOTAL,All Vahan4 Running Office,SHINE METAL UDYOG PVT LTD (UNIT- II),ALL,THREE WHEELER(NT)|THREE WHEELER(T),ALL,ALL,4,2026-06-14T09:44:14.670Z,https://vahan.parivahan.gov.in/vahan4dashboard/vahan/view/reportview.xhtml
2026,5,INDIA TOTAL,All Vahan4 Running Office,SHINME ELECTRICAL VEHICLE PVT LTD,ALL,THREE WHEELER(NT)|THREE WHEELER(T),ALL,ALL,10,2026-06-14T09:44:14.670Z,https://vahan.parivahan.gov.in/vahan4dashboard/vahan/view/reportview.xhtml
2026,5,INDIA TOTAL,All Vahan4 Running Office,SHIV ENTERPRISES,ALL,THREE WHEELER(NT)|THREE WHEELER(T),ALL,ALL,0,2026-06-14T09:44:14.670Z,https://vahan.parivahan.gov.in/vahan4dashboard/vahan/view/reportview.xhtml
2026,5,INDIA TOTAL,All Vahan4 Running Office,SHIV OM INDIA,ALL,THREE WHEELER(NT)|THREE WHEELER(T),ALL,ALL,0,2026-06-14T09:44:14.670Z,https://vahan.parivahan.gov.in/vahan4dashboard/vahan/view/reportview.xhtml
2026,5,INDIA TOTAL,All Vahan4 Running Office,SHIV SHAKTI TRADERS,ALL,THREE WHEELER(NT)|THREE WHEELER(T),ALL,ALL,6,2026-06-14T09:44:14.670Z,https://vahan.parivahan.gov.in/vahan4dashboard/vahan/view/reportview.xhtml
2026,5,INDIA TOTAL,All Vahan4 Running Office,SHIVA ENTERPRISES,ALL,THREE WHEELER(NT)|THREE WHEELER(T),ALL,ALL,14,2026-06-14T09:44:14.670Z,https://vahan.parivahan.gov.in/vahan4dashboard/vahan/view/reportview.xhtml
2026,5,INDIA TOTAL,All Vahan4 Running Office,SHIVGANGA ECOGREEN LLP,ALL,THREE WHEELER(NT)|THREE WHEELER(T),ALL,ALL,23,2026-06-14T09:44:14.670Z,https://vahan.parivahan.gov.in/vahan4dashboard/vahan/view/reportview.xhtml
2026,5,INDIA TOTAL,All Vahan4 Running Office,SHREE MARUTI NANDAN BUSINESSS (P) LTD,ALL,THREE WHEELER(NT)|THREE WHEELER(T),ALL,ALL,4,2026-06-14T09:44:14.670Z,https://vahan.parivahan.gov.in/vahan4dashboard/vahan/view/reportview.xhtml
2026,5,INDIA TOTAL,All Vahan4 Running Office,SHREE MOTORS,ALL,THREE WHEELER(NT)|THREE WHEELER(T),ALL,ALL,3,2026-06-14T09:44:14.670Z,https://vahan.parivahan.gov.in/vahan4dashboard/vahan/view/reportview.xhtml
2026,5,INDIA TOTAL,All Vahan4 Running Office,SHREE SIDHIVINAYAK AUTO,ALL,THREE WHEELER(NT)|THREE WHEELER(T),ALL,ALL,3,2026-06-14T09:44:14.670Z,https://vahan.parivahan.gov.in/vahan4dashboard/vahan/view/reportview.xhtml
2026,5,INDIA TOTAL,All Vahan4 Running Office,SHREYA ENGINEERS,ALL,THREE WHEELER(NT)|THREE WHEELER(T),ALL,ALL,0,2026-06-14T09:44:14.670Z,https://vahan.parivahan.gov.in/vahan4dashboard/vahan/view/reportview.xhtml
2026,5,INDIA TOTAL,All Vahan4 Running Office,SHRI BARSANA E-VEHICLES PVT LTD,ALL,THREE WHEELER(NT)|THREE WHEELER(T),ALL,ALL,282,2026-06-14T09:44:14.670Z,https://vahan.parivahan.gov.in/vahan4dashboard/vahan/view/reportview.xhtml
2026,5,INDIA TOTAL,All Vahan4 Running Office,SHRI GAJANAND SURESHWARI ENTERPRISES​,ALL,THREE WHEELER(NT)|THREE WHEELER(T),ALL,ALL,17,2026-06-14T09:44:14.670Z,https://vahan.parivahan.gov.in/vahan4dashboard/vahan/view/reportview.xhtml
2026,5,INDIA TOTAL,All Vahan4 Running Office,SHRI NAMO ELECTRIC AUTOMOTIVE,ALL,THREE WHEELER(NT)|THREE WHEELER(T),ALL,ALL,21,2026-06-14T09:44:14.670Z,https://vahan.parivahan.gov.in/vahan4dashboard/vahan/view/reportview.xhtml
2026,5,INDIA TOTAL,All Vahan4 Running Office,SHRI SIDDH BABA AUTOMOBILES,ALL,THREE WHEELER(NT)|THREE WHEELER(T),ALL,ALL,1,2026-06-14T09:44:14.670Z,https://vahan.parivahan.gov.in/vahan4dashboard/vahan/view/reportview.xhtml
2026,5,INDIA TOTAL,All Vahan4 Running Office,SHRIRAJ ELECTRIC VEHICLES,ALL,THREE WHEELER(NT)|THREE WHEELER(T),ALL,ALL,86,2026-06-14T09:44:14.670Z,https://vahan.parivahan.gov.in/vahan4dashboard/vahan/view/reportview.xhtml
2026,5,INDIA TOTAL,All Vahan4 Running Office,SHUBHAM MANUFACTURER,ALL,THREE WHEELER(NT)|THREE WHEELER(T),ALL,ALL,23,2026-06-14T09:44:14.670Z,https://vahan.parivahan.gov.in/vahan4dashboard/vahan/view/reportview.xhtml
2026,5,INDIA TOTAL,All Vahan4 Running Office,SHUBHMARUTI AGRITECH PVT LTD,ALL,THREE WHEELER(NT)|THREE WHEELER(T),ALL,ALL,0,2026-06-14T09:44:14.670Z,https://vahan.parivahan.gov.in/vahan4dashboard/vahan/view/reportview.xhtml
2026,5,INDIA TOTAL,All Vahan4 Running Office,SHUZIA EVEHICLE PVT LTD,ALL,THREE WHEELER(NT)|THREE WHEELER(T),ALL,ALL,1,2026-06-14T09:44:14.670Z,https://vahan.parivahan.gov.in/vahan4dashboard/vahan/view/reportview.xhtml
2026,5,INDIA TOTAL,All Vahan4 Running Office,SIDANA INDUSTRIES,ALL,THREE WHEELER(NT)|THREE WHEELER(T),ALL,ALL,70,2026-06-14T09:44:14.670Z,https://vahan.parivahan.gov.in/vahan4dashboard/vahan/view/reportview.xhtml
2026,5,INDIA TOTAL,All Vahan4 Running Office,SIDDHARTH INDUSTRIES,ALL,THREE WHEELER(NT)|THREE WHEELER(T),ALL,ALL,17,2026-06-14T09:44:14.670Z,https://vahan.parivahan.gov.in/vahan4dashboard/vahan/view/reportview.xhtml
2026,5,INDIA TOTAL,All Vahan4 Running Office,SILVER HAWKS VEHICLES PVT LTD,ALL,THREE WHEELER(NT)|THREE WHEELER(T),ALL,ALL,0,2026-06-14T09:44:14.670Z,https://vahan.parivahan.gov.in/vahan4dashboard/vahan/view/reportview.xhtml
2026,5,INDIA TOTAL,All Vahan4 Running Office,SINGH AUTOMOBILES,ALL,THREE WHEELER(NT)|THREE WHEELER(T),ALL,ALL,108,2026-06-14T09:44:14.670Z,https://vahan.parivahan.gov.in/vahan4dashboard/vahan/view/reportview.xhtml
2026,5,INDIA TOTAL,All Vahan4 Running Office,SINGHAL ENTERPRISES,ALL,THREE WHEELER(NT)|THREE WHEELER(T),ALL,ALL,26,2026-06-14T09:44:14.670Z,https://vahan.parivahan.gov.in/vahan4dashboard/vahan/view/reportview.xhtml
2026,5,INDIA TOTAL,All Vahan4 Running Office,SIRF INDIA VEHICLES PVT LTD,ALL,THREE WHEELER(NT)|THREE WHEELER(T),ALL,ALL,13,2026-06-14T09:44:14.670Z,https://vahan.parivahan.gov.in/vahan4dashboard/vahan/view/reportview.xhtml
2026,5,INDIA TOTAL,All Vahan4 Running Office,SITA ENTERPRISES,ALL,THREE WHEELER(NT)|THREE WHEELER(T),ALL,ALL,20,2026-06-14T09:44:14.670Z,https://vahan.parivahan.gov.in/vahan4dashboard/vahan/view/reportview.xhtml
2026,5,INDIA TOTAL,All Vahan4 Running Office,SIX SENSES AUTOMOTIVE PVT LTD,ALL,THREE WHEELER(NT)|THREE WHEELER(T),ALL,ALL,0,2026-06-14T09:44:14.670Z,https://vahan.parivahan.gov.in/vahan4dashboard/vahan/view/reportview.xhtml
2026,5,INDIA TOTAL,All Vahan4 Running Office,SKS TRADE INDIA PVT LTD,ALL,THREE WHEELER(NT)|THREE WHEELER(T),ALL,ALL,749,2026-06-14T09:44:14.670Z,https://vahan.parivahan.gov.in/vahan4dashboard/vahan/view/reportview.xhtml
2026,5,INDIA TOTAL,All Vahan4 Running Office,SKYBOLT INDUSTRIES PVT LTD,ALL,THREE WHEELER(NT)|THREE WHEELER(T),ALL,ALL,20,2026-06-14T09:44:14.670Z,https://vahan.parivahan.gov.in/vahan4dashboard/vahan/view/reportview.xhtml
2026,5,INDIA TOTAL,All Vahan4 Running Office,SKYY RIDER ELECTRIC PRIVATE LIMITED,ALL,THREE WHEELER(NT)|THREE WHEELER(T),ALL,ALL,9,2026-06-14T09:44:14.670Z,https://vahan.parivahan.gov.in/vahan4dashboard/vahan/view/reportview.xhtml
2026,5,INDIA TOTAL,All Vahan4 Running Office,SM INTERNATIONAL,ALL,THREE WHEELER(NT)|THREE WHEELER(T),ALL,ALL,29,2026-06-14T09:44:14.671Z,https://vahan.parivahan.gov.in/vahan4dashboard/vahan/view/reportview.xhtml
2026,5,INDIA TOTAL,All Vahan4 Running Office,SMART ELECTRO MOTORS,ALL,THREE WHEELER(NT)|THREE WHEELER(T),ALL,ALL,4,2026-06-14T09:44:14.671Z,https://vahan.parivahan.gov.in/vahan4dashboard/vahan/view/reportview.xhtml
2026,5,INDIA TOTAL,All Vahan4 Running Office,SMV GREEN SOLUTIONS PVT LTD,ALL,THREE WHEELER(NT)|THREE WHEELER(T),ALL,ALL,39,2026-06-14T09:44:14.671Z,https://vahan.parivahan.gov.in/vahan4dashboard/vahan/view/reportview.xhtml
2026,5,INDIA TOTAL,All Vahan4 Running Office,SN SOLAR ENERGY,ALL,THREE WHEELER(NT)|THREE WHEELER(T),ALL,ALL,26,2026-06-14T09:44:14.671Z,https://vahan.parivahan.gov.in/vahan4dashboard/vahan/view/reportview.xhtml
2026,5,INDIA TOTAL,All Vahan4 Running Office,SOKUDO ELECTRIC INDIA PVT LTD,ALL,THREE WHEELER(NT)|THREE WHEELER(T),ALL,ALL,0,2026-06-14T09:44:14.671Z,https://vahan.parivahan.gov.in/vahan4dashboard/vahan/view/reportview.xhtml
2026,5,INDIA TOTAL,All Vahan4 Running Office,SPEED AUTO TECH,ALL,THREE WHEELER(NT)|THREE WHEELER(T),ALL,ALL,2,2026-06-14T09:44:14.671Z,https://vahan.parivahan.gov.in/vahan4dashboard/vahan/view/reportview.xhtml
2026,5,INDIA TOTAL,All Vahan4 Running Office,SPEEDY JOY AUTOMOBILE,ALL,THREE WHEELER(NT)|THREE WHEELER(T),ALL,ALL,1,2026-06-14T09:44:14.671Z,https://vahan.parivahan.gov.in/vahan4dashboard/vahan/view/reportview.xhtml
2026,5,INDIA TOTAL,All Vahan4 Running Office,SPEEGO VEHICLES CO PVT LTD,ALL,THREE WHEELER(NT)|THREE WHEELER(T),ALL,ALL,124,2026-06-14T09:44:14.671Z,https://vahan.parivahan.gov.in/vahan4dashboard/vahan/view/reportview.xhtml
2026,5,INDIA TOTAL,All Vahan4 Running Office,SRD RENEWABLES,ALL,THREE WHEELER(NT)|THREE WHEELER(T),ALL,ALL,123,2026-06-14T09:44:14.671Z,https://vahan.parivahan.gov.in/vahan4dashboard/vahan/view/reportview.xhtml
2026,5,INDIA TOTAL,All Vahan4 Running Office,SRINIVAS E VEHICLE,ALL,THREE WHEELER(NT)|THREE WHEELER(T),ALL,ALL,3,2026-06-14T09:44:14.671Z,https://vahan.parivahan.gov.in/vahan4dashboard/vahan/view/reportview.xhtml
2026,5,INDIA TOTAL,All Vahan4 Running Office,SRP ENTERPRISES,ALL,THREE WHEELER(NT)|THREE WHEELER(T),ALL,ALL,3,2026-06-14T09:44:14.671Z,https://vahan.parivahan.gov.in/vahan4dashboard/vahan/view/reportview.xhtml
2026,5,INDIA TOTAL,All Vahan4 Running Office,SSB INDISTRIES,ALL,THREE WHEELER(NT)|THREE WHEELER(T),ALL,ALL,116,2026-06-14T09:44:14.671Z,https://vahan.parivahan.gov.in/vahan4dashboard/vahan/view/reportview.xhtml
2026,5,INDIA TOTAL,All Vahan4 Running Office,SSEV ENTERPRISES PRIVATE LIMITED,ALL,THREE WHEELER(NT)|THREE WHEELER(T),ALL,ALL,90,2026-06-14T09:44:14.671Z,https://vahan.parivahan.gov.in/vahan4dashboard/vahan/view/reportview.xhtml
2026,5,INDIA TOTAL,All Vahan4 Running Office,STAR BULL E MOTORS,ALL,THREE WHEELER(NT)|THREE WHEELER(T),ALL,ALL,31,2026-06-14T09:44:14.671Z,https://vahan.parivahan.gov.in/vahan4dashboard/vahan/view/reportview.xhtml
2026,5,INDIA TOTAL,All Vahan4 Running Office,STAR IGLOBAL AUTOMOTIVE PVT LTD,ALL,THREE WHEELER(NT)|THREE WHEELER(T),ALL,ALL,4,2026-06-14T09:44:14.671Z,https://vahan.parivahan.gov.in/vahan4dashboard/vahan/view/reportview.xhtml
2026,5,INDIA TOTAL,All Vahan4 Running Office,STAR INDUSTRIES,ALL,THREE WHEELER(NT)|THREE WHEELER(T),ALL,ALL,6,2026-06-14T09:44:14.671Z,https://vahan.parivahan.gov.in/vahan4dashboard/vahan/view/reportview.xhtml
2026,5,INDIA TOTAL,All Vahan4 Running Office,STAR SMART BIKES PVT LTD,ALL,THREE WHEELER(NT)|THREE WHEELER(T),ALL,ALL,0,2026-06-14T09:44:14.671Z,https://vahan.parivahan.gov.in/vahan4dashboard/vahan/view/reportview.xhtml
2026,5,INDIA TOTAL,All Vahan4 Running Office,STRENGTH AUTOELECTRIC PVT LTD,ALL,THREE WHEELER(NT)|THREE WHEELER(T),ALL,ALL,127,2026-06-14T09:44:14.671Z,https://vahan.parivahan.gov.in/vahan4dashboard/vahan/view/reportview.xhtml
2026,5,INDIA TOTAL,All Vahan4 Running Office,SUDHRAJ ELECTRIC MOBILITY PVT. LTD.,ALL,THREE WHEELER(NT)|THREE WHEELER(T),ALL,ALL,117,2026-06-14T09:44:14.671Z,https://vahan.parivahan.gov.in/vahan4dashboard/vahan/view/reportview.xhtml
2026,5,INDIA TOTAL,All Vahan4 Running Office,SUMFONL AUTO TRADERS PVT LTD,ALL,THREE WHEELER(NT)|THREE WHEELER(T),ALL,ALL,5,2026-06-14T09:44:14.671Z,https://vahan.parivahan.gov.in/vahan4dashboard/vahan/view/reportview.xhtml
2026,5,INDIA TOTAL,All Vahan4 Running Office,SUN INDUSTRIES,ALL,THREE WHEELER(NT)|THREE WHEELER(T),ALL,ALL,86,2026-06-14T09:44:14.671Z,https://vahan.parivahan.gov.in/vahan4dashboard/vahan/view/reportview.xhtml
2026,5,INDIA TOTAL,All Vahan4 Running Office,SUNANDA GREENTECH PVT LTD,ALL,THREE WHEELER(NT)|THREE WHEELER(T),ALL,ALL,8,2026-06-14T09:44:14.671Z,https://vahan.parivahan.gov.in/vahan4dashboard/vahan/view/reportview.xhtml
2026,5,INDIA TOTAL,All Vahan4 Running Office,SUNHOK WHEELS PVT LTD,ALL,THREE WHEELER(NT)|THREE WHEELER(T),ALL,ALL,16,2026-06-14T09:44:14.671Z,https://vahan.parivahan.gov.in/vahan4dashboard/vahan/view/reportview.xhtml
2026,5,INDIA TOTAL,All Vahan4 Running Office,SUNJET ENERGY PVT LTD,ALL,THREE WHEELER(NT)|THREE WHEELER(T),ALL,ALL,37,2026-06-14T09:44:14.671Z,https://vahan.parivahan.gov.in/vahan4dashboard/vahan/view/reportview.xhtml
2026,5,INDIA TOTAL,All Vahan4 Running Office,SUNSET TRADE PVT LTD,ALL,THREE WHEELER(NT)|THREE WHEELER(T),ALL,ALL,7,2026-06-14T09:44:14.671Z,https://vahan.parivahan.gov.in/vahan4dashboard/vahan/view/reportview.xhtml
2026,5,INDIA TOTAL,All Vahan4 Running Office,SUNSHINE TECHNOLOGIES,ALL,THREE WHEELER(NT)|THREE WHEELER(T),ALL,ALL,2,2026-06-14T09:44:14.671Z,https://vahan.parivahan.gov.in/vahan4dashboard/vahan/view/reportview.xhtml
2026,5,INDIA TOTAL,All Vahan4 Running Office,SUNULTRA POWER SOLUTIONS PVT LTD,ALL,THREE WHEELER(NT)|THREE WHEELER(T),ALL,ALL,0,2026-06-14T09:44:14.671Z,https://vahan.parivahan.gov.in/vahan4dashboard/vahan/view/reportview.xhtml
2026,5,INDIA TOTAL,All Vahan4 Running Office,SUPER METRO INDUSTRIES,ALL,THREE WHEELER(NT)|THREE WHEELER(T),ALL,ALL,117,2026-06-14T09:44:14.671Z,https://vahan.parivahan.gov.in/vahan4dashboard/vahan/view/reportview.xhtml
2026,5,INDIA TOTAL,All Vahan4 Running Office,SUPER POWER MOTORS,ALL,THREE WHEELER(NT)|THREE WHEELER(T),ALL,ALL,12,2026-06-14T09:44:14.671Z,https://vahan.parivahan.gov.in/vahan4dashboard/vahan/view/reportview.xhtml
2026,5,INDIA TOTAL,All Vahan4 Running Office,SUPER TECHNO AUTOMOTIVE LLP,ALL,THREE WHEELER(NT)|THREE WHEELER(T),ALL,ALL,35,2026-06-14T09:44:14.671Z,https://vahan.parivahan.gov.in/vahan4dashboard/vahan/view/reportview.xhtml
2026,5,INDIA TOTAL,All Vahan4 Running Office,SUPERECO AUTOMOTIVE CO,ALL,THREE WHEELER(NT)|THREE WHEELER(T),ALL,ALL,2,2026-06-14T09:44:14.671Z,https://vahan.parivahan.gov.in/vahan4dashboard/vahan/view/reportview.xhtml
2026,5,INDIA TOTAL,All Vahan4 Running Office,SUPERTECH EV LIMITED,ALL,THREE WHEELER(NT)|THREE WHEELER(T),ALL,ALL,135,2026-06-14T09:44:14.671Z,https://vahan.parivahan.gov.in/vahan4dashboard/vahan/view/reportview.xhtml
2026,5,INDIA TOTAL,All Vahan4 Running Office,SUPREME SALES AGENCY,ALL,THREE WHEELER(NT)|THREE WHEELER(T),ALL,ALL,91,2026-06-14T09:44:14.671Z,https://vahan.parivahan.gov.in/vahan4dashboard/vahan/view/reportview.xhtml
2026,5,INDIA TOTAL,All Vahan4 Running Office,SUPREME SMART POWER PVT LTD,ALL,THREE WHEELER(NT)|THREE WHEELER(T),ALL,ALL,2,2026-06-14T09:44:14.671Z,https://vahan.parivahan.gov.in/vahan4dashboard/vahan/view/reportview.xhtml
2026,5,INDIA TOTAL,All Vahan4 Running Office,SUPROVA ENTERPRISE,ALL,THREE WHEELER(NT)|THREE WHEELER(T),ALL,ALL,0,2026-06-14T09:44:14.671Z,https://vahan.parivahan.gov.in/vahan4dashboard/vahan/view/reportview.xhtml
2026,5,INDIA TOTAL,All Vahan4 Running Office,SURJA AUTOMOTIVE PVT LTD,ALL,THREE WHEELER(NT)|THREE WHEELER(T),ALL,ALL,2,2026-06-14T09:44:14.671Z,https://vahan.parivahan.gov.in/vahan4dashboard/vahan/view/reportview.xhtml
2026,5,INDIA TOTAL,All Vahan4 Running Office,SUSHAMA MOTORS PVT LTD,ALL,THREE WHEELER(NT)|THREE WHEELER(T),ALL,ALL,0,2026-06-14T09:44:14.671Z,https://vahan.parivahan.gov.in/vahan4dashboard/vahan/view/reportview.xhtml
2026,5,INDIA TOTAL,All Vahan4 Running Office,SVS ENTERPRISES,ALL,THREE WHEELER(NT)|THREE WHEELER(T),ALL,ALL,0,2026-06-14T09:44:14.671Z,https://vahan.parivahan.gov.in/vahan4dashboard/vahan/view/reportview.xhtml
2026,5,INDIA TOTAL,All Vahan4 Running Office,SWASTIK,ALL,THREE WHEELER(NT)|THREE WHEELER(T),ALL,ALL,1,2026-06-14T09:44:14.671Z,https://vahan.parivahan.gov.in/vahan4dashboard/vahan/view/reportview.xhtml
2026,5,INDIA TOTAL,All Vahan4 Running Office,SYNDICATE AUTO COMPONENTS,ALL,THREE WHEELER(NT)|THREE WHEELER(T),ALL,ALL,16,2026-06-14T09:44:14.671Z,https://vahan.parivahan.gov.in/vahan4dashboard/vahan/view/reportview.xhtml
2026,5,INDIA TOTAL,All Vahan4 Running Office,T U K INDUSTRIES,ALL,THREE WHEELER(NT)|THREE WHEELER(T),ALL,ALL,494,2026-06-14T09:44:14.671Z,https://vahan.parivahan.gov.in/vahan4dashboard/vahan/view/reportview.xhtml
2026,5,INDIA TOTAL,All Vahan4 Running Office,T VIRAAJ EV PVT LTD,ALL,THREE WHEELER(NT)|THREE WHEELER(T),ALL,ALL,5,2026-06-14T09:44:14.671Z,https://vahan.parivahan.gov.in/vahan4dashboard/vahan/view/reportview.xhtml
2026,5,INDIA TOTAL,All Vahan4 Running Office,TAKAHARA TECHNO SYSTEMS,ALL,THREE WHEELER(NT)|THREE WHEELER(T),ALL,ALL,2,2026-06-14T09:44:14.671Z,https://vahan.parivahan.gov.in/vahan4dashboard/vahan/view/reportview.xhtml
2026,5,INDIA TOTAL,All Vahan4 Running Office,TAMARIA VENTURES,ALL,THREE WHEELER(NT)|THREE WHEELER(T),ALL,ALL,6,2026-06-14T09:44:14.671Z,https://vahan.parivahan.gov.in/vahan4dashboard/vahan/view/reportview.xhtml
2026,5,INDIA TOTAL,All Vahan4 Running Office,TARA MAA MACHINERY,ALL,THREE WHEELER(NT)|THREE WHEELER(T),ALL,ALL,80,2026-06-14T09:44:14.671Z,https://vahan.parivahan.gov.in/vahan4dashboard/vahan/view/reportview.xhtml
2026,5,INDIA TOTAL,All Vahan4 Running Office,TATA MOTORS LTD,ALL,THREE WHEELER(NT)|THREE WHEELER(T),ALL,ALL,0,2026-06-14T09:44:14.671Z,https://vahan.parivahan.gov.in/vahan4dashboard/vahan/view/reportview.xhtml
2026,5,INDIA TOTAL,All Vahan4 Running Office,TAURUS ELECTRIC VEHICLES,ALL,THREE WHEELER(NT)|THREE WHEELER(T),ALL,ALL,6,2026-06-14T09:44:14.671Z,https://vahan.parivahan.gov.in/vahan4dashboard/vahan/view/reportview.xhtml
2026,5,INDIA TOTAL,All Vahan4 Running Office,TEJAS ENERGY,ALL,THREE WHEELER(NT)|THREE WHEELER(T),ALL,ALL,12,2026-06-14T09:44:14.671Z,https://vahan.parivahan.gov.in/vahan4dashboard/vahan/view/reportview.xhtml
2026,5,INDIA TOTAL,All Vahan4 Running Office,TERRA MOTORS INDIA PVT LTD,ALL,THREE WHEELER(NT)|THREE WHEELER(T),ALL,ALL,612,2026-06-14T09:44:14.671Z,https://vahan.parivahan.gov.in/vahan4dashboard/vahan/view/reportview.xhtml
2026,5,INDIA TOTAL,All Vahan4 Running Office,THAVE ENTERPRISES,ALL,THREE WHEELER(NT)|THREE WHEELER(T),ALL,ALL,36,2026-06-14T09:44:14.671Z,https://vahan.parivahan.gov.in/vahan4dashboard/vahan/view/reportview.xhtml
2026,5,INDIA TOTAL,All Vahan4 Running Office,THE FAIR DEALERS CORPORATION,ALL,THREE WHEELER(NT)|THREE WHEELER(T),ALL,ALL,0,2026-06-14T09:44:14.671Z,https://vahan.parivahan.gov.in/vahan4dashboard/vahan/view/reportview.xhtml
2026,5,INDIA TOTAL,All Vahan4 Running Office,THUKRAL ELECTRIC BIKES PVT LTD,ALL,THREE WHEELER(NT)|THREE WHEELER(T),ALL,ALL,273,2026-06-14T09:44:14.671Z,https://vahan.parivahan.gov.in/vahan4dashboard/vahan/view/reportview.xhtml
2026,5,INDIA TOTAL,All Vahan4 Running Office,TI CLEAN MOBILITY PVT LTD,ALL,THREE WHEELER(NT)|THREE WHEELER(T),ALL,ALL,427,2026-06-14T09:44:14.671Z,https://vahan.parivahan.gov.in/vahan4dashboard/vahan/view/reportview.xhtml
2026,5,INDIA TOTAL,All Vahan4 Running Office,TIGER AUTOMOBILES COMPANY,ALL,THREE WHEELER(NT)|THREE WHEELER(T),ALL,ALL,0,2026-06-14T09:44:14.671Z,https://vahan.parivahan.gov.in/vahan4dashboard/vahan/view/reportview.xhtml
2026,5,INDIA TOTAL,All Vahan4 Running Office,TIRANGA AUTOTECH INDIA PVT LTD,ALL,THREE WHEELER(NT)|THREE WHEELER(T),ALL,ALL,11,2026-06-14T09:44:14.671Z,https://vahan.parivahan.gov.in/vahan4dashboard/vahan/view/reportview.xhtml
2026,5,INDIA TOTAL,All Vahan4 Running Office,TOP TEAM MACHINES PVT LTD,ALL,THREE WHEELER(NT)|THREE WHEELER(T),ALL,ALL,44,2026-06-14T09:44:14.671Z,https://vahan.parivahan.gov.in/vahan4dashboard/vahan/view/reportview.xhtml
2026,5,INDIA TOTAL,All Vahan4 Running Office,TOXMO ELECTRIC MOTORS PVT LTD,ALL,THREE WHEELER(NT)|THREE WHEELER(T),ALL,ALL,0,2026-06-14T09:44:14.671Z,https://vahan.parivahan.gov.in/vahan4dashboard/vahan/view/reportview.xhtml
2026,5,INDIA TOTAL,All Vahan4 Running Office,TRINITY ELECTRIC VEHICLES PVT LTD,ALL,THREE WHEELER(NT)|THREE WHEELER(T),ALL,ALL,0,2026-06-14T09:44:14.671Z,https://vahan.parivahan.gov.in/vahan4dashboard/vahan/view/reportview.xhtml
2026,5,INDIA TOTAL,All Vahan4 Running Office,TRISHIKA INDUSTRIES,ALL,THREE WHEELER(NT)|THREE WHEELER(T),ALL,ALL,1,2026-06-14T09:44:14.671Z,https://vahan.parivahan.gov.in/vahan4dashboard/vahan/view/reportview.xhtml
2026,5,INDIA TOTAL,All Vahan4 Running Office,TRUPART AUTOMOTIVE INDIA PVT LTD,ALL,THREE WHEELER(NT)|THREE WHEELER(T),ALL,ALL,0,2026-06-14T09:44:14.671Z,https://vahan.parivahan.gov.in/vahan4dashboard/vahan/view/reportview.xhtml
2026,5,INDIA TOTAL,All Vahan4 Running Office,TRUZ INDUSTRIES,ALL,THREE WHEELER(NT)|THREE WHEELER(T),ALL,ALL,6,2026-06-14T09:44:14.671Z,https://vahan.parivahan.gov.in/vahan4dashboard/vahan/view/reportview.xhtml
2026,5,INDIA TOTAL,All Vahan4 Running Office,TSM ENGINEERING PVT LTD,ALL,THREE WHEELER(NT)|THREE WHEELER(T),ALL,ALL,21,2026-06-14T09:44:14.671Z,https://vahan.parivahan.gov.in/vahan4dashboard/vahan/view/reportview.xhtml
2026,5,INDIA TOTAL,All Vahan4 Running Office,TSR TRADE COM,ALL,THREE WHEELER(NT)|THREE WHEELER(T),ALL,ALL,12,2026-06-14T09:44:14.671Z,https://vahan.parivahan.gov.in/vahan4dashboard/vahan/view/reportview.xhtml
2026,5,INDIA TOTAL,All Vahan4 Running Office,TUFAN MOTORS PVT LTD,ALL,THREE WHEELER(NT)|THREE WHEELER(T),ALL,ALL,36,2026-06-14T09:44:14.671Z,https://vahan.parivahan.gov.in/vahan4dashboard/vahan/view/reportview.xhtml
2026,5,INDIA TOTAL,All Vahan4 Running Office,TUNWAL E VEHICLE(I) PVT LTD,ALL,THREE WHEELER(NT)|THREE WHEELER(T),ALL,ALL,0,2026-06-14T09:44:14.671Z,https://vahan.parivahan.gov.in/vahan4dashboard/vahan/view/reportview.xhtml
2026,5,INDIA TOTAL,All Vahan4 Running Office,TVS MOTOR COMPANY LTD,ALL,THREE WHEELER(NT)|THREE WHEELER(T),ALL,ALL,5934,2026-06-14T09:44:14.671Z,https://vahan.parivahan.gov.in/vahan4dashboard/vahan/view/reportview.xhtml
2026,5,INDIA TOTAL,All Vahan4 Running Office,TWASHTRE AUTOMOTIVE PVT LTD,ALL,THREE WHEELER(NT)|THREE WHEELER(T),ALL,ALL,0,2026-06-14T09:44:14.671Z,https://vahan.parivahan.gov.in/vahan4dashboard/vahan/view/reportview.xhtml
2026,5,INDIA TOTAL,All Vahan4 Running Office,TWINKLE TRADCOM PVT LTD,ALL,THREE WHEELER(NT)|THREE WHEELER(T),ALL,ALL,49,2026-06-14T09:44:14.671Z,https://vahan.parivahan.gov.in/vahan4dashboard/vahan/view/reportview.xhtml
2026,5,INDIA TOTAL,All Vahan4 Running Office,TWO FRIENDS AUTO ELECTRIC PVT LTD,ALL,THREE WHEELER(NT)|THREE WHEELER(T),ALL,ALL,240,2026-06-14T09:44:14.671Z,https://vahan.parivahan.gov.in/vahan4dashboard/vahan/view/reportview.xhtml
2026,5,INDIA TOTAL,All Vahan4 Running Office,U.P. TELELINKS LIMITED,ALL,THREE WHEELER(NT)|THREE WHEELER(T),ALL,ALL,88,2026-06-14T09:44:14.671Z,https://vahan.parivahan.gov.in/vahan4dashboard/vahan/view/reportview.xhtml
2026,5,INDIA TOTAL,All Vahan4 Running Office,UMA AUTO INDUSTRIES PVT. LTD,ALL,THREE WHEELER(NT)|THREE WHEELER(T),ALL,ALL,2,2026-06-14T09:44:14.671Z,https://vahan.parivahan.gov.in/vahan4dashboard/vahan/view/reportview.xhtml
2026,5,INDIA TOTAL,All Vahan4 Running Office,UMA CHEMTECH PVT LTD,ALL,THREE WHEELER(NT)|THREE WHEELER(T),ALL,ALL,0,2026-06-14T09:44:14.671Z,https://vahan.parivahan.gov.in/vahan4dashboard/vahan/view/reportview.xhtml
2026,5,INDIA TOTAL,All Vahan4 Running Office,UMA MOTORS,ALL,THREE WHEELER(NT)|THREE WHEELER(T),ALL,ALL,18,2026-06-14T09:44:14.671Z,https://vahan.parivahan.gov.in/vahan4dashboard/vahan/view/reportview.xhtml
2026,5,INDIA TOTAL,All Vahan4 Running Office,UNIQUE AUTO ELECTRIC,ALL,THREE WHEELER(NT)|THREE WHEELER(T),ALL,ALL,245,2026-06-14T09:44:14.671Z,https://vahan.parivahan.gov.in/vahan4dashboard/vahan/view/reportview.xhtml
2026,5,INDIA TOTAL,All Vahan4 Running Office,UNIQUE ENTERPRISES,ALL,THREE WHEELER(NT)|THREE WHEELER(T),ALL,ALL,500,2026-06-14T09:44:14.671Z,https://vahan.parivahan.gov.in/vahan4dashboard/vahan/view/reportview.xhtml
2026,5,INDIA TOTAL,All Vahan4 Running Office,UNIQUE INTERNATIONAL EV PVT LTD,ALL,THREE WHEELER(NT)|THREE WHEELER(T),ALL,ALL,696,2026-06-14T09:44:14.671Z,https://vahan.parivahan.gov.in/vahan4dashboard/vahan/view/reportview.xhtml
2026,5,INDIA TOTAL,All Vahan4 Running Office,UNITED TRANSMOVERS PVT LTD,ALL,THREE WHEELER(NT)|THREE WHEELER(T),ALL,ALL,17,2026-06-14T09:44:14.671Z,https://vahan.parivahan.gov.in/vahan4dashboard/vahan/view/reportview.xhtml
2026,5,INDIA TOTAL,All Vahan4 Running Office,UNIVERSAL AUTO ENTERPRISES,ALL,THREE WHEELER(NT)|THREE WHEELER(T),ALL,ALL,4,2026-06-14T09:44:14.671Z,https://vahan.parivahan.gov.in/vahan4dashboard/vahan/view/reportview.xhtml
2026,5,INDIA TOTAL,All Vahan4 Running Office,UP FURNITURE,ALL,THREE WHEELER(NT)|THREE WHEELER(T),ALL,ALL,11,2026-06-14T09:44:14.671Z,https://vahan.parivahan.gov.in/vahan4dashboard/vahan/view/reportview.xhtml
2026,5,INDIA TOTAL,All Vahan4 Running Office,URWASHI ENTERPRISES,ALL,THREE WHEELER(NT)|THREE WHEELER(T),ALL,ALL,19,2026-06-14T09:44:14.671Z,https://vahan.parivahan.gov.in/vahan4dashboard/vahan/view/reportview.xhtml
2026,5,INDIA TOTAL,All Vahan4 Running Office,USHASONS AUTO COMPONENTS,ALL,THREE WHEELER(NT)|THREE WHEELER(T),ALL,ALL,3,2026-06-14T09:44:14.671Z,https://vahan.parivahan.gov.in/vahan4dashboard/vahan/view/reportview.xhtml
2026,5,INDIA TOTAL,All Vahan4 Running Office,V.T. ENGINEERING,ALL,THREE WHEELER(NT)|THREE WHEELER(T),ALL,ALL,0,2026-06-14T09:44:14.671Z,https://vahan.parivahan.gov.in/vahan4dashboard/vahan/view/reportview.xhtml
2026,5,INDIA TOTAL,All Vahan4 Running Office,V.V.A.AUTO INDUSTRIES PVT.LTD,ALL,THREE WHEELER(NT)|THREE WHEELER(T),ALL,ALL,1,2026-06-14T09:44:14.671Z,https://vahan.parivahan.gov.in/vahan4dashboard/vahan/view/reportview.xhtml
2026,5,INDIA TOTAL,All Vahan4 Running Office,VAAGN AUTO PVT LTD,ALL,THREE WHEELER(NT)|THREE WHEELER(T),ALL,ALL,4,2026-06-14T09:44:14.671Z,https://vahan.parivahan.gov.in/vahan4dashboard/vahan/view/reportview.xhtml
2026,5,INDIA TOTAL,All Vahan4 Running Office,VAHAK FUTURE SOLUTIONS LLP,ALL,THREE WHEELER(NT)|THREE WHEELER(T),ALL,ALL,5,2026-06-14T09:44:14.671Z,https://vahan.parivahan.gov.in/vahan4dashboard/vahan/view/reportview.xhtml
2026,5,INDIA TOTAL,All Vahan4 Running Office,VAISHNAVI INDUSTRIES,ALL,THREE WHEELER(NT)|THREE WHEELER(T),ALL,ALL,5,2026-06-14T09:44:14.671Z,https://vahan.parivahan.gov.in/vahan4dashboard/vahan/view/reportview.xhtml
2026,5,INDIA TOTAL,All Vahan4 Running Office,VALAMPURI & COMPANY,ALL,THREE WHEELER(NT)|THREE WHEELER(T),ALL,ALL,2,2026-06-14T09:44:14.671Z,https://vahan.parivahan.gov.in/vahan4dashboard/vahan/view/reportview.xhtml
2026,5,INDIA TOTAL,All Vahan4 Running Office,VANI ELECTRIC VEHICLES PVT LTD,ALL,THREE WHEELER(NT)|THREE WHEELER(T),ALL,ALL,418,2026-06-14T09:44:14.671Z,https://vahan.parivahan.gov.in/vahan4dashboard/vahan/view/reportview.xhtml
2026,5,INDIA TOTAL,All Vahan4 Running Office,VEECTERO E VEHICLES LLP,ALL,THREE WHEELER(NT)|THREE WHEELER(T),ALL,ALL,4,2026-06-14T09:44:14.671Z,https://vahan.parivahan.gov.in/vahan4dashboard/vahan/view/reportview.xhtml
2026,5,INDIA TOTAL,All Vahan4 Running Office,VEEM MOTOR PVT LTD,ALL,THREE WHEELER(NT)|THREE WHEELER(T),ALL,ALL,110,2026-06-14T09:44:14.671Z,https://vahan.parivahan.gov.in/vahan4dashboard/vahan/view/reportview.xhtml
2026,5,INDIA TOTAL,All Vahan4 Running Office,VENUS AUTO WHEELS PVT LTD,ALL,THREE WHEELER(NT)|THREE WHEELER(T),ALL,ALL,19,2026-06-14T09:44:14.671Z,https://vahan.parivahan.gov.in/vahan4dashboard/vahan/view/reportview.xhtml
2026,5,INDIA TOTAL,All Vahan4 Running Office,VICTORY ELECTRIC VEHICLES INTERNATIONAL LTD,ALL,THREE WHEELER(NT)|THREE WHEELER(T),ALL,ALL,112,2026-06-14T09:44:14.671Z,https://vahan.parivahan.gov.in/vahan4dashboard/vahan/view/reportview.xhtml
2026,5,INDIA TOTAL,All Vahan4 Running Office,VIJAYA ELECTRIC AUTO PVT LTD,ALL,THREE WHEELER(NT)|THREE WHEELER(T),ALL,ALL,5,2026-06-14T09:44:14.671Z,https://vahan.parivahan.gov.in/vahan4dashboard/vahan/view/reportview.xhtml
2026,5,INDIA TOTAL,All Vahan4 Running Office,VIJAYS ENERGY INDUSTRIES (INDIA) PVT LTD,ALL,THREE WHEELER(NT)|THREE WHEELER(T),ALL,ALL,508,2026-06-14T09:44:14.671Z,https://vahan.parivahan.gov.in/vahan4dashboard/vahan/view/reportview.xhtml
2026,5,INDIA TOTAL,All Vahan4 Running Office,VIJAYSHREE AUTOCOM LIMITED,ALL,THREE WHEELER(NT)|THREE WHEELER(T),ALL,ALL,1,2026-06-14T09:44:14.671Z,https://vahan.parivahan.gov.in/vahan4dashboard/vahan/view/reportview.xhtml
2026,5,INDIA TOTAL,All Vahan4 Running Office,VIJEX STEEL FABRICATION,ALL,THREE WHEELER(NT)|THREE WHEELER(T),ALL,ALL,1,2026-06-14T09:44:14.671Z,https://vahan.parivahan.gov.in/vahan4dashboard/vahan/view/reportview.xhtml
2026,5,INDIA TOTAL,All Vahan4 Running Office,VIMAL UNIVERSAL TRADE PVT LTD,ALL,THREE WHEELER(NT)|THREE WHEELER(T),ALL,ALL,179,2026-06-14T09:44:14.671Z,https://vahan.parivahan.gov.in/vahan4dashboard/vahan/view/reportview.xhtml
2026,5,INDIA TOTAL,All Vahan4 Running Office,VINCI INDUSTRIAL CORPORATION,ALL,THREE WHEELER(NT)|THREE WHEELER(T),ALL,ALL,6,2026-06-14T09:44:14.671Z,https://vahan.parivahan.gov.in/vahan4dashboard/vahan/view/reportview.xhtml
2026,5,INDIA TOTAL,All Vahan4 Running Office,VISHAL ENTERPRISES,ALL,THREE WHEELER(NT)|THREE WHEELER(T),ALL,ALL,8,2026-06-14T09:44:14.671Z,https://vahan.parivahan.gov.in/vahan4dashboard/vahan/view/reportview.xhtml
2026,5,INDIA TOTAL,All Vahan4 Running Office,VISHWAKARMA GNG INDUSTRY,ALL,THREE WHEELER(NT)|THREE WHEELER(T),ALL,ALL,18,2026-06-14T09:44:14.671Z,https://vahan.parivahan.gov.in/vahan4dashboard/vahan/view/reportview.xhtml
2026,5,INDIA TOTAL,All Vahan4 Running Office,VISHWAS AUTOMOBILES LLP,ALL,THREE WHEELER(NT)|THREE WHEELER(T),ALL,ALL,0,2026-06-14T09:44:14.671Z,https://vahan.parivahan.gov.in/vahan4dashboard/vahan/view/reportview.xhtml
2026,5,INDIA TOTAL,All Vahan4 Running Office,VIVEK MOTORS,ALL,THREE WHEELER(NT)|THREE WHEELER(T),ALL,ALL,3,2026-06-14T09:44:14.671Z,https://vahan.parivahan.gov.in/vahan4dashboard/vahan/view/reportview.xhtml
2026,5,INDIA TOTAL,All Vahan4 Running Office,VNR GREEN AUTOMOBILES PVT LTD,ALL,THREE WHEELER(NT)|THREE WHEELER(T),ALL,ALL,7,2026-06-14T09:44:14.671Z,https://vahan.parivahan.gov.in/vahan4dashboard/vahan/view/reportview.xhtml
2026,5,INDIA TOTAL,All Vahan4 Running Office,VOLTEXPRESS INDUSTRIES,ALL,THREE WHEELER(NT)|THREE WHEELER(T),ALL,ALL,23,2026-06-14T09:44:14.671Z,https://vahan.parivahan.gov.in/vahan4dashboard/vahan/view/reportview.xhtml
2026,5,INDIA TOTAL,All Vahan4 Running Office,VOLTIC AUTOMOTIVE PVT LTD,ALL,THREE WHEELER(NT)|THREE WHEELER(T),ALL,ALL,6,2026-06-14T09:44:14.671Z,https://vahan.parivahan.gov.in/vahan4dashboard/vahan/view/reportview.xhtml
2026,5,INDIA TOTAL,All Vahan4 Running Office,VORC MOTORS PVT LTD,ALL,THREE WHEELER(NT)|THREE WHEELER(T),ALL,ALL,27,2026-06-14T09:44:14.671Z,https://vahan.parivahan.gov.in/vahan4dashboard/vahan/view/reportview.xhtml
2026,5,INDIA TOTAL,All Vahan4 Running Office,VRINDA ENTERPRISES,ALL,THREE WHEELER(NT)|THREE WHEELER(T),ALL,ALL,51,2026-06-14T09:44:14.671Z,https://vahan.parivahan.gov.in/vahan4dashboard/vahan/view/reportview.xhtml
2026,5,INDIA TOTAL,All Vahan4 Running Office,VTC INDUSTRIES,ALL,THREE WHEELER(NT)|THREE WHEELER(T),ALL,ALL,5,2026-06-14T09:44:14.671Z,https://vahan.parivahan.gov.in/vahan4dashboard/vahan/view/reportview.xhtml
2026,5,INDIA TOTAL,All Vahan4 Running Office,VTECH MOTORS,ALL,THREE WHEELER(NT)|THREE WHEELER(T),ALL,ALL,1,2026-06-14T09:44:14.671Z,https://vahan.parivahan.gov.in/vahan4dashboard/vahan/view/reportview.xhtml
2026,5,INDIA TOTAL,All Vahan4 Running Office,WARDWIZARD INNOVATIONS & MOBILITY LIMITED,ALL,THREE WHEELER(NT)|THREE WHEELER(T),ALL,ALL,1,2026-06-14T09:44:14.671Z,https://vahan.parivahan.gov.in/vahan4dashboard/vahan/view/reportview.xhtml
2026,5,INDIA TOTAL,All Vahan4 Running Office,WELKIN HEALTHCARE PVT LTD,ALL,THREE WHEELER(NT)|THREE WHEELER(T),ALL,ALL,1,2026-06-14T09:44:14.671Z,https://vahan.parivahan.gov.in/vahan4dashboard/vahan/view/reportview.xhtml
2026,5,INDIA TOTAL,All Vahan4 Running Office,YAARI AUTOMOBILES PVT LTD,ALL,THREE WHEELER(NT)|THREE WHEELER(T),ALL,ALL,6,2026-06-14T09:44:14.671Z,https://vahan.parivahan.gov.in/vahan4dashboard/vahan/view/reportview.xhtml
2026,5,INDIA TOTAL,All Vahan4 Running Office,YALAMANCHILI MANUFACTURING PVT LTD,ALL,THREE WHEELER(NT)|THREE WHEELER(T),ALL,ALL,1,2026-06-14T09:44:14.671Z,https://vahan.parivahan.gov.in/vahan4dashboard/vahan/view/reportview.xhtml
2026,5,INDIA TOTAL,All Vahan4 Running Office,YC ELECTRIC VEHICLE,ALL,THREE WHEELER(NT)|THREE WHEELER(T),ALL,ALL,2269,2026-06-14T09:44:14.671Z,https://vahan.parivahan.gov.in/vahan4dashboard/vahan/view/reportview.xhtml
2026,5,INDIA TOTAL,All Vahan4 Running Office,YUVRAJ INTERNATIONAL,ALL,THREE WHEELER(NT)|THREE WHEELER(T),ALL,ALL,16,2026-06-14T09:44:14.671Z,https://vahan.parivahan.gov.in/vahan4dashboard/vahan/view/reportview.xhtml
2026,5,INDIA TOTAL,All Vahan4 Running Office,ZAKWILL ELECTRIC VEHICLES PVT LTD,ALL,THREE WHEELER(NT)|THREE WHEELER(T),ALL,ALL,1,2026-06-14T09:44:14.671Z,https://vahan.parivahan.gov.in/vahan4dashboard/vahan/view/reportview.xhtml
2026,5,INDIA TOTAL,All Vahan4 Running Office,ZELIO E-MOBILITY LTD,ALL,THREE WHEELER(NT)|THREE WHEELER(T),ALL,ALL,77,2026-06-14T09:44:14.671Z,https://vahan.parivahan.gov.in/vahan4dashboard/vahan/view/reportview.xhtml
2026,5,INDIA TOTAL,All Vahan4 Running Office,ZENIAK INNOVATION INDIA LTD,ALL,THREE WHEELER(NT)|THREE WHEELER(T),ALL,ALL,955,2026-06-14T09:44:14.671Z,https://vahan.parivahan.gov.in/vahan4dashboard/vahan/view/reportview.xhtml
2026,5,INDIA TOTAL,All Vahan4 Running Office,ZENMO PRIVATE LIMITED,ALL,THREE WHEELER(NT)|THREE WHEELER(T),ALL,ALL,108,2026-06-14T09:44:14.671Z,https://vahan.parivahan.gov.in/vahan4dashboard/vahan/view/reportview.xhtml
2026,5,INDIA TOTAL,All Vahan4 Running Office,ZENTHIUM EV PVT LTD,ALL,THREE WHEELER(NT)|THREE WHEELER(T),ALL,ALL,32,2026-06-14T09:44:14.671Z,https://vahan.parivahan.gov.in/vahan4dashboard/vahan/view/reportview.xhtml
2026,5,INDIA TOTAL,All Vahan4 Running Office,ZEOPLUS AXIS INDIA PVT. LTD.,ALL,THREE WHEELER(NT)|THREE WHEELER(T),ALL,ALL,501,2026-06-14T09:44:14.671Z,https://vahan.parivahan.gov.in/vahan4dashboard/vahan/view/reportview.xhtml
2026,5,INDIA TOTAL,All Vahan4 Running Office,ZERO 21 RENEWABLE ENERGY SOLUTIONS PVT LTD,ALL,THREE WHEELER(NT)|THREE WHEELER(T),ALL,ALL,2,2026-06-14T09:44:14.671Z,https://vahan.parivahan.gov.in/vahan4dashboard/vahan/view/reportview.xhtml
2026,5,INDIA TOTAL,All Vahan4 Running Office,ZESAR MOTORS PVT LTD,ALL,THREE WHEELER(NT)|THREE WHEELER(T),ALL,ALL,0,2026-06-14T09:44:14.671Z,https://vahan.parivahan.gov.in/vahan4dashboard/vahan/view/reportview.xhtml
2026,5,INDIA TOTAL,All Vahan4 Running Office,ZOHAN TRADERS AND BIG METRO,ALL,THREE WHEELER(NT)|THREE WHEELER(T),ALL,ALL,17,2026-06-14T09:44:14.671Z,https://vahan.parivahan.gov.in/vahan4dashboard/vahan/view/reportview.xhtml
2026,5,INDIA TOTAL,All Vahan4 Running Office,ZUPERIA AUTO PVT LTD,ALL,THREE WHEELER(NT)|THREE WHEELER(T),ALL,ALL,86,2026-06-14T09:44:14.671Z,https://vahan.parivahan.gov.in/vahan4dashboard/vahan/view/reportview.xhtml
2026,5,INDIA TOTAL,All Vahan4 Running Office,A-1 SUREJA INDUSTRIES,ALL,TWO WHEELER(NT)|TWO WHEELER(T),ALL,ALL,0,2026-06-14T09:43:21.720Z,https://vahan.parivahan.gov.in/vahan4dashboard/vahan/view/reportview.xhtml
2026,5,INDIA TOTAL,All Vahan4 Running Office,ABZO MOTORS PVT LTD,ALL,TWO WHEELER(NT)|TWO WHEELER(T),ALL,ALL,2,2026-06-14T09:43:21.721Z,https://vahan.parivahan.gov.in/vahan4dashboard/vahan/view/reportview.xhtml
2026,5,INDIA TOTAL,All Vahan4 Running Office,ADISHWAR AUTO RIDE INDIA PVT LTD,ALL,TWO WHEELER(NT)|TWO WHEELER(T),ALL,ALL,6,2026-06-14T09:43:21.722Z,https://vahan.parivahan.gov.in/vahan4dashboard/vahan/view/reportview.xhtml
2026,5,INDIA TOTAL,All Vahan4 Running Office,ADM TECHNOLOGIES PVT. LTD.,ALL,TWO WHEELER(NT)|TWO WHEELER(T),ALL,ALL,0,2026-06-14T09:43:21.722Z,https://vahan.parivahan.gov.in/vahan4dashboard/vahan/view/reportview.xhtml
2026,5,INDIA TOTAL,All Vahan4 Running Office,ADRIS ELECTRIC PVT LTD,ALL,TWO WHEELER(NT)|TWO WHEELER(T),ALL,ALL,0,2026-06-14T09:43:21.722Z,https://vahan.parivahan.gov.in/vahan4dashboard/vahan/view/reportview.xhtml
2026,5,INDIA TOTAL,All Vahan4 Running Office,AFTEK MOTORS INDIA PVT LTD,ALL,TWO WHEELER(NT)|TWO WHEELER(T),ALL,ALL,0,2026-06-14T09:43:21.722Z,https://vahan.parivahan.gov.in/vahan4dashboard/vahan/view/reportview.xhtml
2026,5,INDIA TOTAL,All Vahan4 Running Office,ALTIUS EV TECH PVT LTD,ALL,TWO WHEELER(NT)|TWO WHEELER(T),ALL,ALL,0,2026-06-14T09:43:21.722Z,https://vahan.parivahan.gov.in/vahan4dashboard/vahan/view/reportview.xhtml
2026,5,INDIA TOTAL,All Vahan4 Running Office,AMO MOBILITY SOLUTIONS PVT LTD,ALL,TWO WHEELER(NT)|TWO WHEELER(T),ALL,ALL,1,2026-06-14T09:43:21.722Z,https://vahan.parivahan.gov.in/vahan4dashboard/vahan/view/reportview.xhtml
2026,5,INDIA TOTAL,All Vahan4 Running Office,AMPERE VEHICLES PRIVATE LIMITED,ALL,TWO WHEELER(NT)|TWO WHEELER(T),ALL,ALL,3,2026-06-14T09:43:21.722Z,https://vahan.parivahan.gov.in/vahan4dashboard/vahan/view/reportview.xhtml
2026,5,INDIA TOTAL,All Vahan4 Running Office,ANCHI MOTORCYCLE (IMPORTER: ECOTRINITY AUTOMOBILE,ALL,TWO WHEELER(NT)|TWO WHEELER(T),ALL,ALL,0,2026-06-14T09:43:21.722Z,https://vahan.parivahan.gov.in/vahan4dashboard/vahan/view/reportview.xhtml
2026,5,INDIA TOTAL,All Vahan4 Running Office,ANCHI MOTORCYCLE (IMPORTER: EVNEXUS PVT. LTD.),ALL,TWO WHEELER(NT)|TWO WHEELER(T),ALL,ALL,0,2026-06-14T09:43:21.722Z,https://vahan.parivahan.gov.in/vahan4dashboard/vahan/view/reportview.xhtml
2026,5,INDIA TOTAL,All Vahan4 Running Office,ANCHI MOTORCYCLE(IMPORTER:GREEN FUEL ALTERNATIVES),ALL,TWO WHEELER(NT)|TWO WHEELER(T),ALL,ALL,1,2026-06-14T09:43:21.722Z,https://vahan.parivahan.gov.in/vahan4dashboard/vahan/view/reportview.xhtml
2026,5,INDIA TOTAL,All Vahan4 Running Office,ANVITA AUTO TECH WORKS PVT LTD,ALL,TWO WHEELER(NT)|TWO WHEELER(T),ALL,ALL,0,2026-06-14T09:43:21.722Z,https://vahan.parivahan.gov.in/vahan4dashboard/vahan/view/reportview.xhtml
2026,5,INDIA TOTAL,All Vahan4 Running Office,APEIRON MOBILITY PVT LTD,ALL,TWO WHEELER(NT)|TWO WHEELER(T),ALL,ALL,1,2026-06-14T09:43:21.722Z,https://vahan.parivahan.gov.in/vahan4dashboard/vahan/view/reportview.xhtml
2026,5,INDIA TOTAL,All Vahan4 Running Office,ATHER ENERGY LTD,ALL,TWO WHEELER(NT)|TWO WHEELER(T),ALL,ALL,28383,2026-06-14T09:43:21.722Z,https://vahan.parivahan.gov.in/vahan4dashboard/vahan/view/reportview.xhtml
2026,5,INDIA TOTAL,All Vahan4 Running Office,AYAAN ELECTRONIC PVT LTD,ALL,TWO WHEELER(NT)|TWO WHEELER(T),ALL,ALL,0,2026-06-14T09:43:21.722Z,https://vahan.parivahan.gov.in/vahan4dashboard/vahan/view/reportview.xhtml
2026,5,INDIA TOTAL,All Vahan4 Running Office,BAJAJ AUTO LTD,ALL,TWO WHEELER(NT)|TWO WHEELER(T),ALL,ALL,198124,2026-06-14T09:43:21.722Z,https://vahan.parivahan.gov.in/vahan4dashboard/vahan/view/reportview.xhtml
2026,5,INDIA TOTAL,All Vahan4 Running Office,BATTRE ELECTRIC MOBLITY PVT LTD,ALL,TWO WHEELER(NT)|TWO WHEELER(T),ALL,ALL,63,2026-06-14T09:43:21.722Z,https://vahan.parivahan.gov.in/vahan4dashboard/vahan/view/reportview.xhtml
2026,5,INDIA TOTAL,All Vahan4 Running Office,BENLING INDIA ENERGY AND TECHNOLOGY PVT LTD,ALL,TWO WHEELER(NT)|TWO WHEELER(T),ALL,ALL,4,2026-06-14T09:43:21.722Z,https://vahan.parivahan.gov.in/vahan4dashboard/vahan/view/reportview.xhtml
2026,5,INDIA TOTAL,All Vahan4 Running Office,BGAUSS AUTO PRIVATE LIMITED,ALL,TWO WHEELER(NT)|TWO WHEELER(T),ALL,ALL,3297,2026-06-14T09:43:21.722Z,https://vahan.parivahan.gov.in/vahan4dashboard/vahan/view/reportview.xhtml
2026,5,INDIA TOTAL,All Vahan4 Running Office,BMR EV INDUSTRIES PVT LTD,ALL,TWO WHEELER(NT)|TWO WHEELER(T),ALL,ALL,3,2026-06-14T09:43:21.722Z,https://vahan.parivahan.gov.in/vahan4dashboard/vahan/view/reportview.xhtml
2026,5,INDIA TOTAL,All Vahan4 Running Office,BMW INDIA PVT LTD,ALL,TWO WHEELER(NT)|TWO WHEELER(T),ALL,ALL,348,2026-06-14T09:43:21.722Z,https://vahan.parivahan.gov.in/vahan4dashboard/vahan/view/reportview.xhtml
2026,5,INDIA TOTAL,All Vahan4 Running Office,BOOMA INNOVATIVE TRANSPORT SULUTIONS PVT LTD,ALL,TWO WHEELER(NT)|TWO WHEELER(T),ALL,ALL,230,2026-06-14T09:43:21.722Z,https://vahan.parivahan.gov.in/vahan4dashboard/vahan/view/reportview.xhtml
2026,5,INDIA TOTAL,All Vahan4 Running Office,BOUNCE ELECTRIC 1 PVT LTD,ALL,TWO WHEELER(NT)|TWO WHEELER(T),ALL,ALL,1346,2026-06-14T09:43:21.722Z,https://vahan.parivahan.gov.in/vahan4dashboard/vahan/view/reportview.xhtml
2026,5,INDIA TOTAL,All Vahan4 Running Office,BU4 AUTO PVT LTD,ALL,TWO WHEELER(NT)|TWO WHEELER(T),ALL,ALL,0,2026-06-14T09:43:21.722Z,https://vahan.parivahan.gov.in/vahan4dashboard/vahan/view/reportview.xhtml
2026,5,INDIA TOTAL,All Vahan4 Running Office,CHANDANA CORPORATION,ALL,TWO WHEELER(NT)|TWO WHEELER(T),ALL,ALL,1,2026-06-14T09:43:21.722Z,https://vahan.parivahan.gov.in/vahan4dashboard/vahan/view/reportview.xhtml
2026,5,INDIA TOTAL,All Vahan4 Running Office,CHINA HAOCHEN (IMPORTER: ADMS MARKETING),ALL,TWO WHEELER(NT)|TWO WHEELER(T),ALL,ALL,0,2026-06-14T09:43:21.722Z,https://vahan.parivahan.gov.in/vahan4dashboard/vahan/view/reportview.xhtml
2026,5,INDIA TOTAL,All Vahan4 Running Office,CHINA HAOCHEN (IMPORTER:SLSR ELECTRO),ALL,TWO WHEELER(NT)|TWO WHEELER(T),ALL,ALL,0,2026-06-14T09:43:21.722Z,https://vahan.parivahan.gov.in/vahan4dashboard/vahan/view/reportview.xhtml
2026,5,INDIA TOTAL,All Vahan4 Running Office,CLASSIC LEGENDS PVT LTD,ALL,TWO WHEELER(NT)|TWO WHEELER(T),ALL,ALL,4498,2026-06-14T09:43:21.722Z,https://vahan.parivahan.gov.in/vahan4dashboard/vahan/view/reportview.xhtml
2026,5,INDIA TOTAL,All Vahan4 Running Office,DAO EVTECH PRIVATE LIMITED,ALL,TWO WHEELER(NT)|TWO WHEELER(T),ALL,ALL,0,2026-06-14T09:43:21.722Z,https://vahan.parivahan.gov.in/vahan4dashboard/vahan/view/reportview.xhtml
2026,5,INDIA TOTAL,All Vahan4 Running Office,DUCATI INDIA PVT LTD,ALL,TWO WHEELER(NT)|TWO WHEELER(T),ALL,ALL,32,2026-06-14T09:43:21.722Z,https://vahan.parivahan.gov.in/vahan4dashboard/vahan/view/reportview.xhtml
2026,5,INDIA TOTAL,All Vahan4 Running Office,DUCATI MOTOR HOLDING S.P.A,ALL,TWO WHEELER(NT)|TWO WHEELER(T),ALL,ALL,0,2026-06-14T09:43:21.722Z,https://vahan.parivahan.gov.in/vahan4dashboard/vahan/view/reportview.xhtml
2026,5,INDIA TOTAL,All Vahan4 Running Office,E ROYCE MOTORS INDIA PVT LTD,ALL,TWO WHEELER(NT)|TWO WHEELER(T),ALL,ALL,1,2026-06-14T09:43:21.722Z,https://vahan.parivahan.gov.in/vahan4dashboard/vahan/view/reportview.xhtml
2026,5,INDIA TOTAL,All Vahan4 Running Office,E-SPRINTO GREEN ENERGY PVT LTD,ALL,TWO WHEELER(NT)|TWO WHEELER(T),ALL,ALL,955,2026-06-14T09:43:21.722Z,https://vahan.parivahan.gov.in/vahan4dashboard/vahan/view/reportview.xhtml
2026,5,INDIA TOTAL,All Vahan4 Running Office,ECOBIT INTERNATIONAL(IMPORTER: JHEV MOTORS),ALL,TWO WHEELER(NT)|TWO WHEELER(T),ALL,ALL,6,2026-06-14T09:43:21.722Z,https://vahan.parivahan.gov.in/vahan4dashboard/vahan/view/reportview.xhtml
2026,5,INDIA TOTAL,All Vahan4 Running Office,ECOPLANET MOTORS PVT LTD,ALL,TWO WHEELER(NT)|TWO WHEELER(T),ALL,ALL,0,2026-06-14T09:43:21.722Z,https://vahan.parivahan.gov.in/vahan4dashboard/vahan/view/reportview.xhtml
2026,5,INDIA TOTAL,All Vahan4 Running Office,ELECTRIC ALLIANCE(IMPORTER: ELLYSIUM AUTOMOTIVES),ALL,TWO WHEELER(NT)|TWO WHEELER(T),ALL,ALL,1,2026-06-14T09:43:21.722Z,https://vahan.parivahan.gov.in/vahan4dashboard/vahan/view/reportview.xhtml
2026,5,INDIA TOTAL,All Vahan4 Running Office,ELECTROTHERM (INDIA) LIMITED,ALL,TWO WHEELER(NT)|TWO WHEELER(T),ALL,ALL,0,2026-06-14T09:43:21.722Z,https://vahan.parivahan.gov.in/vahan4dashboard/vahan/view/reportview.xhtml
2026,5,INDIA TOTAL,All Vahan4 Running Office,ELEGO MOTORS PVT LTD,ALL,TWO WHEELER(NT)|TWO WHEELER(T),ALL,ALL,0,2026-06-14T09:43:21.722Z,https://vahan.parivahan.gov.in/vahan4dashboard/vahan/view/reportview.xhtml
2026,5,INDIA TOTAL,All Vahan4 Running Office,ELTHOR ENERGY PRIVATE LIMITED,ALL,TWO WHEELER(NT)|TWO WHEELER(T),ALL,ALL,0,2026-06-14T09:43:21.722Z,https://vahan.parivahan.gov.in/vahan4dashboard/vahan/view/reportview.xhtml
2026,5,INDIA TOTAL,All Vahan4 Running Office,EMOBI MANUFACTURY PRIVATE LIMITED,ALL,TWO WHEELER(NT)|TWO WHEELER(T),ALL,ALL,2,2026-06-14T09:43:21.722Z,https://vahan.parivahan.gov.in/vahan4dashboard/vahan/view/reportview.xhtml
2026,5,INDIA TOTAL,All Vahan4 Running Office,ENIGMA AUTOMOBILES PVT LTD,ALL,TWO WHEELER(NT)|TWO WHEELER(T),ALL,ALL,38,2026-06-14T09:43:21.722Z,https://vahan.parivahan.gov.in/vahan4dashboard/vahan/view/reportview.xhtml
2026,5,INDIA TOTAL,All Vahan4 Running Office,ESCORTS LTD,ALL,TWO WHEELER(NT)|TWO WHEELER(T),ALL,ALL,0,2026-06-14T09:43:21.722Z,https://vahan.parivahan.gov.in/vahan4dashboard/vahan/view/reportview.xhtml
2026,5,INDIA TOTAL,All Vahan4 Running Office,ESSEL ENERGY INFRA PVT LTD,ALL,TWO WHEELER(NT)|TWO WHEELER(T),ALL,ALL,0,2026-06-14T09:43:21.722Z,https://vahan.parivahan.gov.in/vahan4dashboard/vahan/view/reportview.xhtml
2026,5,INDIA TOTAL,All Vahan4 Running Office,EVTRIC MOTORS PVT LTD,ALL,TWO WHEELER(NT)|TWO WHEELER(T),ALL,ALL,0,2026-06-14T09:43:21.722Z,https://vahan.parivahan.gov.in/vahan4dashboard/vahan/view/reportview.xhtml
2026,5,INDIA TOTAL,All Vahan4 Running Office,EYAMAUTO MOBILITY PVT LTD,ALL,TWO WHEELER(NT)|TWO WHEELER(T),ALL,ALL,0,2026-06-14T09:43:21.722Z,https://vahan.parivahan.gov.in/vahan4dashboard/vahan/view/reportview.xhtml
2026,5,INDIA TOTAL,All Vahan4 Running Office,GAURA ELECTRIC VEHICLES PVT LTD,ALL,TWO WHEELER(NT)|TWO WHEELER(T),ALL,ALL,96,2026-06-14T09:43:21.722Z,https://vahan.parivahan.gov.in/vahan4dashboard/vahan/view/reportview.xhtml
2026,5,INDIA TOTAL,All Vahan4 Running Office,GODAWARI ELECTRIC MOTORS PVT LTD,ALL,TWO WHEELER(NT)|TWO WHEELER(T),ALL,ALL,5,2026-06-14T09:43:21.722Z,https://vahan.parivahan.gov.in/vahan4dashboard/vahan/view/reportview.xhtml
2026,5,INDIA TOTAL,All Vahan4 Running Office,GOREEN E-MOBILITY PVT LTD,ALL,TWO WHEELER(NT)|TWO WHEELER(T),ALL,ALL,26,2026-06-14T09:43:21.722Z,https://vahan.parivahan.gov.in/vahan4dashboard/vahan/view/reportview.xhtml
2026,5,INDIA TOTAL,All Vahan4 Running Office,GOWITH GREEN E-VEHICLES PVT LTD,ALL,TWO WHEELER(NT)|TWO WHEELER(T),ALL,ALL,0,2026-06-14T09:43:21.722Z,https://vahan.parivahan.gov.in/vahan4dashboard/vahan/view/reportview.xhtml
2026,5,INDIA TOTAL,All Vahan4 Running Office,GRAVTON MOTORS PVT LTD,ALL,TWO WHEELER(NT)|TWO WHEELER(T),ALL,ALL,8,2026-06-14T09:43:21.722Z,https://vahan.parivahan.gov.in/vahan4dashboard/vahan/view/reportview.xhtml
2026,5,INDIA TOTAL,All Vahan4 Running Office,GREAVES ELECTRIC MOBILITY LTD,ALL,TWO WHEELER(NT)|TWO WHEELER(T),ALL,ALL,7696,2026-06-14T09:43:21.722Z,https://vahan.parivahan.gov.in/vahan4dashboard/vahan/view/reportview.xhtml
2026,5,INDIA TOTAL,All Vahan4 Running Office,GUANGDONG TAYO (IMPORTER: ADISHWAR AUTO),ALL,TWO WHEELER(NT)|TWO WHEELER(T),ALL,ALL,5,2026-06-14T09:43:21.722Z,https://vahan.parivahan.gov.in/vahan4dashboard/vahan/view/reportview.xhtml
2026,5,INDIA TOTAL,All Vahan4 Running Office,HARLEY DAVIDSON (IMPORTER: HERO MOTOCORP),ALL,TWO WHEELER(NT)|TWO WHEELER(T),ALL,ALL,26,2026-06-14T09:43:21.722Z,https://vahan.parivahan.gov.in/vahan4dashboard/vahan/view/reportview.xhtml
2026,5,INDIA TOTAL,All Vahan4 Running Office,HAYASA E-MOBILITY (INDIA) PVT LTD,ALL,TWO WHEELER(NT)|TWO WHEELER(T),ALL,ALL,0,2026-06-14T09:43:21.722Z,https://vahan.parivahan.gov.in/vahan4dashboard/vahan/view/reportview.xhtml
2026,5,INDIA TOTAL,All Vahan4 Running Office,HERO ELECTRIC VEHICLES PVT. LTD,ALL,TWO WHEELER(NT)|TWO WHEELER(T),ALL,ALL,5,2026-06-14T09:43:21.722Z,https://vahan.parivahan.gov.in/vahan4dashboard/vahan/view/reportview.xhtml
2026,5,INDIA TOTAL,All Vahan4 Running Office,HERO HONDA MOTORS LTD,ALL,TWO WHEELER(NT)|TWO WHEELER(T),ALL,ALL,0,2026-06-14T09:43:21.722Z,https://vahan.parivahan.gov.in/vahan4dashboard/vahan/view/reportview.xhtml
2026,5,INDIA TOTAL,All Vahan4 Running Office,HERO MOTOCORP LTD,ALL,TWO WHEELER(NT)|TWO WHEELER(T),ALL,ALL,518549,2026-06-14T09:43:21.722Z,https://vahan.parivahan.gov.in/vahan4dashboard/vahan/view/reportview.xhtml
2026,5,INDIA TOTAL,All Vahan4 Running Office,HOMFEEL VEGH AUTOMOBILES PVT LTD,ALL,TWO WHEELER(NT)|TWO WHEELER(T),ALL,ALL,0,2026-06-14T09:43:21.722Z,https://vahan.parivahan.gov.in/vahan4dashboard/vahan/view/reportview.xhtml
2026,5,INDIA TOTAL,All Vahan4 Running Office,HONDA CARS INDIA LTD,ALL,TWO WHEELER(NT)|TWO WHEELER(T),ALL,ALL,0,2026-06-14T09:43:21.722Z,https://vahan.parivahan.gov.in/vahan4dashboard/vahan/view/reportview.xhtml
2026,5,INDIA TOTAL,All Vahan4 Running Office,HONDA MOTORCYCLE AND SCOOTER INDIA (P) LTD,ALL,TWO WHEELER(NT)|TWO WHEELER(T),ALL,ALL,453171,2026-06-14T09:43:21.722Z,https://vahan.parivahan.gov.in/vahan4dashboard/vahan/view/reportview.xhtml
2026,5,INDIA TOTAL,All Vahan4 Running Office,HONGKONG RUIQUE (IMPORTER: DAO EVTECH),ALL,TWO WHEELER(NT)|TWO WHEELER(T),ALL,ALL,1,2026-06-14T09:43:21.722Z,https://vahan.parivahan.gov.in/vahan4dashboard/vahan/view/reportview.xhtml
2026,5,INDIA TOTAL,All Vahan4 Running Office,HONGKONG WANGYUAN (IMPORTER: GBB E MOBILITY),ALL,TWO WHEELER(NT)|TWO WHEELER(T),ALL,ALL,3,2026-06-14T09:43:21.722Z,https://vahan.parivahan.gov.in/vahan4dashboard/vahan/view/reportview.xhtml
2026,5,INDIA TOTAL,All Vahan4 Running Office,HONGKONG WANGYUAN (IMPORTER:INDI ELECTRIC EELS),ALL,TWO WHEELER(NT)|TWO WHEELER(T),ALL,ALL,6,2026-06-14T09:43:21.722Z,https://vahan.parivahan.gov.in/vahan4dashboard/vahan/view/reportview.xhtml
2026,5,INDIA TOTAL,All Vahan4 Running Office,HONGKONG YIXING (IMPORTER: ADMS MARKETING),ALL,TWO WHEELER(NT)|TWO WHEELER(T),ALL,ALL,5,2026-06-14T09:43:21.722Z,https://vahan.parivahan.gov.in/vahan4dashboard/vahan/view/reportview.xhtml
2026,5,INDIA TOTAL,All Vahan4 Running Office,HOP ELECTRIC MOBILITY PVT LTD,ALL,TWO WHEELER(NT)|TWO WHEELER(T),ALL,ALL,2,2026-06-14T09:43:21.722Z,https://vahan.parivahan.gov.in/vahan4dashboard/vahan/view/reportview.xhtml
2026,5,INDIA TOTAL,All Vahan4 Running Office,HSU DRAGON (IMPORTER: BMR ELECTRIC),ALL,TWO WHEELER(NT)|TWO WHEELER(T),ALL,ALL,19,2026-06-14T09:43:21.722Z,https://vahan.parivahan.gov.in/vahan4dashboard/vahan/view/reportview.xhtml
2026,5,INDIA TOTAL,All Vahan4 Running Office,HSU DRAGON (IMPORTER: BMR EV INDUSTRIES),ALL,TWO WHEELER(NT)|TWO WHEELER(T),ALL,ALL,3,2026-06-14T09:43:21.722Z,https://vahan.parivahan.gov.in/vahan4dashboard/vahan/view/reportview.xhtml
2026,5,INDIA TOTAL,All Vahan4 Running Office,HSU DRAGON (IMPORTER: HUMAN CENTERED),ALL,TWO WHEELER(NT)|TWO WHEELER(T),ALL,ALL,0,2026-06-14T09:43:21.722Z,https://vahan.parivahan.gov.in/vahan4dashboard/vahan/view/reportview.xhtml
2026,5,INDIA TOTAL,All Vahan4 Running Office,HSU DRAGON (IMPORTER:SKANDAA AUTOMOTIVE),ALL,TWO WHEELER(NT)|TWO WHEELER(T),ALL,ALL,3,2026-06-14T09:43:21.722Z,https://vahan.parivahan.gov.in/vahan4dashboard/vahan/view/reportview.xhtml
2026,5,INDIA TOTAL,All Vahan4 Running Office,INDIA KAWASAKI MOTORS PVT LTD,ALL,TWO WHEELER(NT)|TWO WHEELER(T),ALL,ALL,321,2026-06-14T09:43:21.722Z,https://vahan.parivahan.gov.in/vahan4dashboard/vahan/view/reportview.xhtml
2026,5,INDIA TOTAL,All Vahan4 Running Office,INDIA YAMAHA MOTOR PVT LTD,ALL,TWO WHEELER(NT)|TWO WHEELER(T),ALL,ALL,60763,2026-06-14T09:43:21.722Z,https://vahan.parivahan.gov.in/vahan4dashboard/vahan/view/reportview.xhtml
2026,5,INDIA TOTAL,All Vahan4 Running Office,IRA EDUTECH PVT LTD,ALL,TWO WHEELER(NT)|TWO WHEELER(T),ALL,ALL,0,2026-06-14T09:43:21.722Z,https://vahan.parivahan.gov.in/vahan4dashboard/vahan/view/reportview.xhtml
2026,5,INDIA TOTAL,All Vahan4 Running Office,ISUZU MOTORS INDIA PVT LTD,ALL,TWO WHEELER(NT)|TWO WHEELER(T),ALL,ALL,0,2026-06-14T09:43:21.722Z,https://vahan.parivahan.gov.in/vahan4dashboard/vahan/view/reportview.xhtml
2026,5,INDIA TOTAL,All Vahan4 Running Office,IVOOMI INNOVATION PVT LTD,ALL,TWO WHEELER(NT)|TWO WHEELER(T),ALL,ALL,11,2026-06-14T09:43:21.722Z,https://vahan.parivahan.gov.in/vahan4dashboard/vahan/view/reportview.xhtml
2026,5,INDIA TOTAL,All Vahan4 Running Office,IZANAU ELECTRIC LLP,ALL,TWO WHEELER(NT)|TWO WHEELER(T),ALL,ALL,0,2026-06-14T09:43:21.722Z,https://vahan.parivahan.gov.in/vahan4dashboard/vahan/view/reportview.xhtml
2026,5,INDIA TOTAL,All Vahan4 Running Office,JIANGSU AIMA (IMPORTER: QUANTUM ENERGY),ALL,TWO WHEELER(NT)|TWO WHEELER(T),ALL,ALL,0,2026-06-14T09:43:21.722Z,https://vahan.parivahan.gov.in/vahan4dashboard/vahan/view/reportview.xhtml
2026,5,INDIA TOTAL,All Vahan4 Running Office,JIANGSU DALONG (IMPORTER: ENGTIAN ELECTRIC),ALL,TWO WHEELER(NT)|TWO WHEELER(T),ALL,ALL,1,2026-06-14T09:43:21.722Z,https://vahan.parivahan.gov.in/vahan4dashboard/vahan/view/reportview.xhtml
2026,5,INDIA TOTAL,All Vahan4 Running Office,JIANGSU DALONG (IMPORTER: RILOX EV PVT LTD),ALL,TWO WHEELER(NT)|TWO WHEELER(T),ALL,ALL,0,2026-06-14T09:43:21.722Z,https://vahan.parivahan.gov.in/vahan4dashboard/vahan/view/reportview.xhtml
2026,5,INDIA TOTAL,All Vahan4 Running Office,JIANGSU DALONG (IMPORTER: SABOO TOR),ALL,TWO WHEELER(NT)|TWO WHEELER(T),ALL,ALL,0,2026-06-14T09:43:21.723Z,https://vahan.parivahan.gov.in/vahan4dashboard/vahan/view/reportview.xhtml
2026,5,INDIA TOTAL,All Vahan4 Running Office,JIANGSU DALONG JIANHAO (IMPORTER: MK FLYING),ALL,TWO WHEELER(NT)|TWO WHEELER(T),ALL,ALL,4,2026-06-14T09:43:21.723Z,https://vahan.parivahan.gov.in/vahan4dashboard/vahan/view/reportview.xhtml
2026,5,INDIA TOTAL,All Vahan4 Running Office,JIANGSU SUNHOU (IMPORTER: KAGDI TECH SOLUTIONS),ALL,TWO WHEELER(NT)|TWO WHEELER(T),ALL,ALL,8,2026-06-14T09:43:21.723Z,https://vahan.parivahan.gov.in/vahan4dashboard/vahan/view/reportview.xhtml
2026,5,INDIA TOTAL,All Vahan4 Running Office,JIANGSU SUNHOU (IMPORTER: SABOO TOR),ALL,TWO WHEELER(NT)|TWO WHEELER(T),ALL,ALL,0,2026-06-14T09:43:21.723Z,https://vahan.parivahan.gov.in/vahan4dashboard/vahan/view/reportview.xhtml
2026,5,INDIA TOTAL,All Vahan4 Running Office,JIANGSU XINRI (IMPORTER: ECO FUEL SYSTEMS LTD),ALL,TWO WHEELER(NT)|TWO WHEELER(T),ALL,ALL,21,2026-06-14T09:43:21.723Z,https://vahan.parivahan.gov.in/vahan4dashboard/vahan/view/reportview.xhtml
2026,5,INDIA TOTAL,All Vahan4 Running Office,JIANGSU ZHEENAIDA (IMPORTER: KLB GLOBAL),ALL,TWO WHEELER(NT)|TWO WHEELER(T),ALL,ALL,0,2026-06-14T09:43:21.723Z,https://vahan.parivahan.gov.in/vahan4dashboard/vahan/view/reportview.xhtml
2026,5,INDIA TOTAL,All Vahan4 Running Office,JITENDRA NEW EV-TECH PVT. LTD,ALL,TWO WHEELER(NT)|TWO WHEELER(T),ALL,ALL,79,2026-06-14T09:43:21.723Z,https://vahan.parivahan.gov.in/vahan4dashboard/vahan/view/reportview.xhtml
2026,5,INDIA TOTAL,All Vahan4 Running Office,JUNENG MOTORCYCLE (IMPORTER: ADMS MARKETING),ALL,TWO WHEELER(NT)|TWO WHEELER(T),ALL,ALL,0,2026-06-14T09:43:21.723Z,https://vahan.parivahan.gov.in/vahan4dashboard/vahan/view/reportview.xhtml
2026,5,INDIA TOTAL,All Vahan4 Running Office,JUNENG MOTORCYCLE (IMPORTER: ISCOOT MOTERS),ALL,TWO WHEELER(NT)|TWO WHEELER(T),ALL,ALL,2,2026-06-14T09:43:21.723Z,https://vahan.parivahan.gov.in/vahan4dashboard/vahan/view/reportview.xhtml
2026,5,INDIA TOTAL,All Vahan4 Running Office,JUNENG MOTORCYCLE (IMPORTER: JHEV MOTORS PVT LTD),ALL,TWO WHEELER(NT)|TWO WHEELER(T),ALL,ALL,11,2026-06-14T09:43:21.723Z,https://vahan.parivahan.gov.in/vahan4dashboard/vahan/view/reportview.xhtml
2026,5,INDIA TOTAL,All Vahan4 Running Office,JUNENG MOTORCYCLE TECH. (IMPORTER: DELTA AUTOCORP),ALL,TWO WHEELER(NT)|TWO WHEELER(T),ALL,ALL,1,2026-06-14T09:43:21.723Z,https://vahan.parivahan.gov.in/vahan4dashboard/vahan/view/reportview.xhtml
2026,5,INDIA TOTAL,All Vahan4 Running Office,JVK MOTORS PVT LTD,ALL,TWO WHEELER(NT)|TWO WHEELER(T),ALL,ALL,0,2026-06-14T09:43:21.723Z,https://vahan.parivahan.gov.in/vahan4dashboard/vahan/view/reportview.xhtml
2026,5,INDIA TOTAL,All Vahan4 Running Office,KABIRA MOBILITY LLP,ALL,TWO WHEELER(NT)|TWO WHEELER(T),ALL,ALL,1,2026-06-14T09:43:21.723Z,https://vahan.parivahan.gov.in/vahan4dashboard/vahan/view/reportview.xhtml
2026,5,INDIA TOTAL,All Vahan4 Running Office,KAINING (HONGKONG) (IMPORTER: BEST EV MOBILITY),ALL,TWO WHEELER(NT)|TWO WHEELER(T),ALL,ALL,0,2026-06-14T09:43:21.723Z,https://vahan.parivahan.gov.in/vahan4dashboard/vahan/view/reportview.xhtml
2026,5,INDIA TOTAL,All Vahan4 Running Office,KAINING (HONGKONG) (IMPORTER: BMR EV INDUSTRIES),ALL,TWO WHEELER(NT)|TWO WHEELER(T),ALL,ALL,6,2026-06-14T09:43:21.723Z,https://vahan.parivahan.gov.in/vahan4dashboard/vahan/view/reportview.xhtml
2026,5,INDIA TOTAL,All Vahan4 Running Office,KAINING (HONGKONG) (IMPORTER: COMPTECH MOTOCORP),ALL,TWO WHEELER(NT)|TWO WHEELER(T),ALL,ALL,382,2026-06-14T09:43:21.723Z,https://vahan.parivahan.gov.in/vahan4dashboard/vahan/view/reportview.xhtml
2026,5,INDIA TOTAL,All Vahan4 Running Office,KAINING (HONGKONG) (IMPORTER: ENIGMA AUTOMOBILES),ALL,TWO WHEELER(NT)|TWO WHEELER(T),ALL,ALL,80,2026-06-14T09:43:21.723Z,https://vahan.parivahan.gov.in/vahan4dashboard/vahan/view/reportview.xhtml
2026,5,INDIA TOTAL,All Vahan4 Running Office,KAINING (HONGKONG) (IMPORTER: SEEKA E MOTORS),ALL,TWO WHEELER(NT)|TWO WHEELER(T),ALL,ALL,3,2026-06-14T09:43:21.723Z,https://vahan.parivahan.gov.in/vahan4dashboard/vahan/view/reportview.xhtml
2026,5,INDIA TOTAL,All Vahan4 Running Office,KAINING (HONGKONG) (IMPORTER: VOLTA EV PVT LTD),ALL,TWO WHEELER(NT)|TWO WHEELER(T),ALL,ALL,0,2026-06-14T09:43:21.723Z,https://vahan.parivahan.gov.in/vahan4dashboard/vahan/view/reportview.xhtml
2026,5,INDIA TOTAL,All Vahan4 Running Office,KAINING (HONGKONG) (IMPORTER:M/S IZANAU ELECTRIC),ALL,TWO WHEELER(NT)|TWO WHEELER(T),ALL,ALL,0,2026-06-14T09:43:21.723Z,https://vahan.parivahan.gov.in/vahan4dashboard/vahan/view/reportview.xhtml
2026,5,INDIA TOTAL,All Vahan4 Running Office,KAINING (HONGKONG) (IMPORTER:RAILIES MOTO),ALL,TWO WHEELER(NT)|TWO WHEELER(T),ALL,ALL,0,2026-06-14T09:43:21.723Z,https://vahan.parivahan.gov.in/vahan4dashboard/vahan/view/reportview.xhtml
2026,5,INDIA TOTAL,All Vahan4 Running Office,KAINING (HONGKONG)(IMPORTER: TRIVOLT AUTOMOBILES),ALL,TWO WHEELER(NT)|TWO WHEELER(T),ALL,ALL,0,2026-06-14T09:43:21.723Z,https://vahan.parivahan.gov.in/vahan4dashboard/vahan/view/reportview.xhtml
2026,5,INDIA TOTAL,All Vahan4 Running Office,KAWASAKI HEAVY INDUSTRIES LTD,ALL,TWO WHEELER(NT)|TWO WHEELER(T),ALL,ALL,0,2026-06-14T09:43:21.723Z,https://vahan.parivahan.gov.in/vahan4dashboard/vahan/view/reportview.xhtml
2026,5,INDIA TOTAL,All Vahan4 Running Office,KINETIC GREEN ENERGY & POWER SOLUTIONS LTD,ALL,TWO WHEELER(NT)|TWO WHEELER(T),ALL,ALL,381,2026-06-14T09:43:21.723Z,https://vahan.parivahan.gov.in/vahan4dashboard/vahan/view/reportview.xhtml
2026,5,INDIA TOTAL,All Vahan4 Running Office,KINETIC GREEN ENERGY P SOL LTD,ALL,TWO WHEELER(NT)|TWO WHEELER(T),ALL,ALL,0,2026-06-14T09:43:21.723Z,https://vahan.parivahan.gov.in/vahan4dashboard/vahan/view/reportview.xhtml
2026,5,INDIA TOTAL,All Vahan4 Running Office,KINETIC MOTOR COMPANY LIMITED,ALL,TWO WHEELER(NT)|TWO WHEELER(T),ALL,ALL,0,2026-06-14T09:43:21.723Z,https://vahan.parivahan.gov.in/vahan4dashboard/vahan/view/reportview.xhtml
2026,5,INDIA TOTAL,All Vahan4 Running Office,KINETIC WATTS AND VOLTS LTD,ALL,TWO WHEELER(NT)|TWO WHEELER(T),ALL,ALL,173,2026-06-14T09:43:21.723Z,https://vahan.parivahan.gov.in/vahan4dashboard/vahan/view/reportview.xhtml
2026,5,INDIA TOTAL,All Vahan4 Running Office,KLB KOMAKI PVT LTD,ALL,TWO WHEELER(NT)|TWO WHEELER(T),ALL,ALL,379,2026-06-14T09:43:21.723Z,https://vahan.parivahan.gov.in/vahan4dashboard/vahan/view/reportview.xhtml
2026,5,INDIA TOTAL,All Vahan4 Running Office,KSR SOLUTION (IMPORTER: KAWVELOCE MOTORS PVT LTD),ALL,TWO WHEELER(NT)|TWO WHEELER(T),ALL,ALL,0,2026-06-14T09:43:21.723Z,https://vahan.parivahan.gov.in/vahan4dashboard/vahan/view/reportview.xhtml
2026,5,INDIA TOTAL,All Vahan4 Running Office,KTM MOTORRAD AG,ALL,TWO WHEELER(NT)|TWO WHEELER(T),ALL,ALL,2,2026-06-14T09:43:21.723Z,https://vahan.parivahan.gov.in/vahan4dashboard/vahan/view/reportview.xhtml
2026,5,INDIA TOTAL,All Vahan4 Running Office,KYTE ENERGY PVT. LTD.,ALL,TWO WHEELER(NT)|TWO WHEELER(T),ALL,ALL,1,2026-06-14T09:43:21.723Z,https://vahan.parivahan.gov.in/vahan4dashboard/vahan/view/reportview.xhtml
2026,5,INDIA TOTAL,All Vahan4 Running Office,LECTRIX E VEHICLES PVT LTD,ALL,TWO WHEELER(NT)|TWO WHEELER(T),ALL,ALL,806,2026-06-14T09:43:21.723Z,https://vahan.parivahan.gov.in/vahan4dashboard/vahan/view/reportview.xhtml
2026,5,INDIA TOTAL,All Vahan4 Running Office,LIMA VEHICLE (IMPORTER: SARAOGI E-VENTURES),ALL,TWO WHEELER(NT)|TWO WHEELER(T),ALL,ALL,1,2026-06-14T09:43:21.723Z,https://vahan.parivahan.gov.in/vahan4dashboard/vahan/view/reportview.xhtml
2026,5,INDIA TOTAL,All Vahan4 Running Office,MAC INTERNATIONAL (IMPORTER: JHEV MOTORS PVT LTD),ALL,TWO WHEELER(NT)|TWO WHEELER(T),ALL,ALL,2,2026-06-14T09:43:21.723Z,https://vahan.parivahan.gov.in/vahan4dashboard/vahan/view/reportview.xhtml
2026,5,INDIA TOTAL,All Vahan4 Running Office,MAGNIOUS E MOBILITY PVT LTD,ALL,TWO WHEELER(NT)|TWO WHEELER(T),ALL,ALL,26,2026-06-14T09:43:21.723Z,https://vahan.parivahan.gov.in/vahan4dashboard/vahan/view/reportview.xhtml
2026,5,INDIA TOTAL,All Vahan4 Running Office,MARUTHISAN PVT LTD,ALL,TWO WHEELER(NT)|TWO WHEELER(T),ALL,ALL,1,2026-06-14T09:43:21.723Z,https://vahan.parivahan.gov.in/vahan4dashboard/vahan/view/reportview.xhtml
2026,5,INDIA TOTAL,All Vahan4 Running Office,MATTER MOTOR WORKS PVT LTD,ALL,TWO WHEELER(NT)|TWO WHEELER(T),ALL,ALL,157,2026-06-14T09:43:21.723Z,https://vahan.parivahan.gov.in/vahan4dashboard/vahan/view/reportview.xhtml
2026,5,INDIA TOTAL,All Vahan4 Running Office,MECPOWER MOBILITY PVT. LTD.,ALL,TWO WHEELER(NT)|TWO WHEELER(T),ALL,ALL,1,2026-06-14T09:43:21.723Z,https://vahan.parivahan.gov.in/vahan4dashboard/vahan/view/reportview.xhtml
2026,5,INDIA TOTAL,All Vahan4 Running Office,MERCURY EV TECH LTD,ALL,TWO WHEELER(NT)|TWO WHEELER(T),ALL,ALL,23,2026-06-14T09:43:21.723Z,https://vahan.parivahan.gov.in/vahan4dashboard/vahan/view/reportview.xhtml
2026,5,INDIA TOTAL,All Vahan4 Running Office,MOTOVOLT MOBILITY PVT LTD,ALL,TWO WHEELER(NT)|TWO WHEELER(T),ALL,ALL,849,2026-06-14T09:43:21.723Z,https://vahan.parivahan.gov.in/vahan4dashboard/vahan/view/reportview.xhtml
2026,5,INDIA TOTAL,All Vahan4 Running Office,NANJING VMOTO (IMPORTER: FORTUNEV),ALL,TWO WHEELER(NT)|TWO WHEELER(T),ALL,ALL,1,2026-06-14T09:43:21.723Z,https://vahan.parivahan.gov.in/vahan4dashboard/vahan/view/reportview.xhtml
2026,5,INDIA TOTAL,All Vahan4 Running Office,NANJING VMOTO (IMPORTER: VAJRAM ELECTRIC MOBILITY),ALL,TWO WHEELER(NT)|TWO WHEELER(T),ALL,ALL,10,2026-06-14T09:43:21.723Z,https://vahan.parivahan.gov.in/vahan4dashboard/vahan/view/reportview.xhtml
2026,5,INDIA TOTAL,All Vahan4 Running Office,NDS ECO MOTORS PVT LTD,ALL,TWO WHEELER(NT)|TWO WHEELER(T),ALL,ALL,0,2026-06-14T09:43:21.723Z,https://vahan.parivahan.gov.in/vahan4dashboard/vahan/view/reportview.xhtml
2026,5,INDIA TOTAL,All Vahan4 Running Office,NIA EV MOTORS PVT LTD,ALL,TWO WHEELER(NT)|TWO WHEELER(T),ALL,ALL,11,2026-06-14T09:43:21.723Z,https://vahan.parivahan.gov.in/vahan4dashboard/vahan/view/reportview.xhtml
2026,5,INDIA TOTAL,All Vahan4 Running Office,NINGBO LONGJIA (IMPORTER: ADISHWAR AUTO),ALL,TWO WHEELER(NT)|TWO WHEELER(T),ALL,ALL,2,2026-06-14T09:43:21.723Z,https://vahan.parivahan.gov.in/vahan4dashboard/vahan/view/reportview.xhtml
2026,5,INDIA TOTAL,All Vahan4 Running Office,NINGBO SANJIANG (IMPORTER: VABRO EVTECH),ALL,TWO WHEELER(NT)|TWO WHEELER(T),ALL,ALL,0,2026-06-14T09:43:21.723Z,https://vahan.parivahan.gov.in/vahan4dashboard/vahan/view/reportview.xhtml
2026,5,INDIA TOTAL,All Vahan4 Running Office,NUMEROS MOTORS PVT LTD,ALL,TWO WHEELER(NT)|TWO WHEELER(T),ALL,ALL,28,2026-06-14T09:43:21.723Z,https://vahan.parivahan.gov.in/vahan4dashboard/vahan/view/reportview.xhtml
2026,5,INDIA TOTAL,All Vahan4 Running Office,OBEN ELECTRIC VEHICLES PVT LTD,ALL,TWO WHEELER(NT)|TWO WHEELER(T),ALL,ALL,408,2026-06-14T09:43:21.723Z,https://vahan.parivahan.gov.in/vahan4dashboard/vahan/view/reportview.xhtml
2026,5,INDIA TOTAL,All Vahan4 Running Office,ODYSSE ELECTRIC VEHICLES PVT LTD,ALL,TWO WHEELER(NT)|TWO WHEELER(T),ALL,ALL,518,2026-06-14T09:43:21.723Z,https://vahan.parivahan.gov.in/vahan4dashboard/vahan/view/reportview.xhtml
2026,5,INDIA TOTAL,All Vahan4 Running Office,OKAYA POWER PVT LTD,ALL,TWO WHEELER(NT)|TWO WHEELER(T),ALL,ALL,0,2026-06-14T09:43:21.723Z,https://vahan.parivahan.gov.in/vahan4dashboard/vahan/view/reportview.xhtml
2026,5,INDIA TOTAL,All Vahan4 Running Office,OKINAWA AUTOTECH PVT LTD,ALL,TWO WHEELER(NT)|TWO WHEELER(T),ALL,ALL,111,2026-06-14T09:43:21.723Z,https://vahan.parivahan.gov.in/vahan4dashboard/vahan/view/reportview.xhtml
2026,5,INDIA TOTAL,All Vahan4 Running Office,OLA ELECTRIC TECHNOLOGIES PVT LTD,ALL,TWO WHEELER(NT)|TWO WHEELER(T),ALL,ALL,15155,2026-06-14T09:43:21.723Z,https://vahan.parivahan.gov.in/vahan4dashboard/vahan/view/reportview.xhtml
2026,5,INDIA TOTAL,All Vahan4 Running Office,OPG MOBILITY AND POWER PVT LTD,ALL,TWO WHEELER(NT)|TWO WHEELER(T),ALL,ALL,112,2026-06-14T09:43:21.723Z,https://vahan.parivahan.gov.in/vahan4dashboard/vahan/view/reportview.xhtml
2026,5,INDIA TOTAL,All Vahan4 Running Office,ORA GROUP (IMPORTER: VAKRA TUNDAYA NAMAHA PVT LTD),ALL,TWO WHEELER(NT)|TWO WHEELER(T),ALL,ALL,1,2026-06-14T09:43:21.723Z,https://vahan.parivahan.gov.in/vahan4dashboard/vahan/view/reportview.xhtml
2026,5,INDIA TOTAL,All Vahan4 Running Office,OTHERS,ALL,TWO WHEELER(NT)|TWO WHEELER(T),ALL,ALL,0,2026-06-14T09:43:21.723Z,https://vahan.parivahan.gov.in/vahan4dashboard/vahan/view/reportview.xhtml
2026,5,INDIA TOTAL,All Vahan4 Running Office,OZOTEC AUTOMOBILE PRIVATE LIMITED,ALL,TWO WHEELER(NT)|TWO WHEELER(T),ALL,ALL,2,2026-06-14T09:43:21.723Z,https://vahan.parivahan.gov.in/vahan4dashboard/vahan/view/reportview.xhtml
2026,5,INDIA TOTAL,All Vahan4 Running Office,PIAGGIO VEHICLES PVT LTD,ALL,TWO WHEELER(NT)|TWO WHEELER(T),ALL,ALL,3082,2026-06-14T09:43:21.723Z,https://vahan.parivahan.gov.in/vahan4dashboard/vahan/view/reportview.xhtml
2026,5,INDIA TOTAL,All Vahan4 Running Office,POLARIS INDIA PVT LTD,ALL,TWO WHEELER(NT)|TWO WHEELER(T),ALL,ALL,2,2026-06-14T09:43:21.723Z,https://vahan.parivahan.gov.in/vahan4dashboard/vahan/view/reportview.xhtml
2026,5,INDIA TOTAL,All Vahan4 Running Office,PORFITEL TECHNOLOGY (IMPORTER: AERORIDE),ALL,TWO WHEELER(NT)|TWO WHEELER(T),ALL,ALL,0,2026-06-14T09:43:21.723Z,https://vahan.parivahan.gov.in/vahan4dashboard/vahan/view/reportview.xhtml
2026,5,INDIA TOTAL,All Vahan4 Running Office,PORWAL ELECTRIC,ALL,TWO WHEELER(NT)|TWO WHEELER(T),ALL,ALL,0,2026-06-14T09:43:21.723Z,https://vahan.parivahan.gov.in/vahan4dashboard/vahan/view/reportview.xhtml
2026,5,INDIA TOTAL,All Vahan4 Running Office,PUR ENERGY PVT LTD,ALL,TWO WHEELER(NT)|TWO WHEELER(T),ALL,ALL,121,2026-06-14T09:43:21.723Z,https://vahan.parivahan.gov.in/vahan4dashboard/vahan/view/reportview.xhtml
2026,5,INDIA TOTAL,All Vahan4 Running Office,QIANJIANG-KEEWAY (IMPORTER: ADISHWAR AUTO),ALL,TWO WHEELER(NT)|TWO WHEELER(T),ALL,ALL,59,2026-06-14T09:43:21.723Z,https://vahan.parivahan.gov.in/vahan4dashboard/vahan/view/reportview.xhtml
2026,5,INDIA TOTAL,All Vahan4 Running Office,QUANTUM ENERGY LTD.,ALL,TWO WHEELER(NT)|TWO WHEELER(T),ALL,ALL,553,2026-06-14T09:43:21.723Z,https://vahan.parivahan.gov.in/vahan4dashboard/vahan/view/reportview.xhtml
2026,5,INDIA TOTAL,All Vahan4 Running Office,RAPTEE ENERGY PVT LTD,ALL,TWO WHEELER(NT)|TWO WHEELER(T),ALL,ALL,13,2026-06-14T09:43:21.723Z,https://vahan.parivahan.gov.in/vahan4dashboard/vahan/view/reportview.xhtml
2026,5,INDIA TOTAL,All Vahan4 Running Office,REVOLT INTELLICORP PVT LTD,ALL,TWO WHEELER(NT)|TWO WHEELER(T),ALL,ALL,740,2026-06-14T09:43:21.723Z,https://vahan.parivahan.gov.in/vahan4dashboard/vahan/view/reportview.xhtml
2026,5,INDIA TOTAL,All Vahan4 Running Office,RGM BUSINESS PLUS PVT LTD,ALL,TWO WHEELER(NT)|TWO WHEELER(T),ALL,ALL,2,2026-06-14T09:43:21.723Z,https://vahan.parivahan.gov.in/vahan4dashboard/vahan/view/reportview.xhtml
2026,5,INDIA TOTAL,All Vahan4 Running Office,RIVER MOBILITY PVT LTD,ALL,TWO WHEELER(NT)|TWO WHEELER(T),ALL,ALL,3747,2026-06-14T09:43:21.723Z,https://vahan.parivahan.gov.in/vahan4dashboard/vahan/view/reportview.xhtml
2026,5,INDIA TOTAL,All Vahan4 Running Office,RIVOT MOTORS INDIA PVT LTD,ALL,TWO WHEELER(NT)|TWO WHEELER(T),ALL,ALL,0,2026-06-14T09:43:21.723Z,https://vahan.parivahan.gov.in/vahan4dashboard/vahan/view/reportview.xhtml
2026,5,INDIA TOTAL,All Vahan4 Running Office,ROYAL-ENFIELD (UNIT OF EICHER LTD),ALL,TWO WHEELER(NT)|TWO WHEELER(T),ALL,ALL,85453,2026-06-14T09:43:21.723Z,https://vahan.parivahan.gov.in/vahan4dashboard/vahan/view/reportview.xhtml
2026,5,INDIA TOTAL,All Vahan4 Running Office,SBTEK E MOTO PVT LTD,ALL,TWO WHEELER(NT)|TWO WHEELER(T),ALL,ALL,0,2026-06-14T09:43:21.723Z,https://vahan.parivahan.gov.in/vahan4dashboard/vahan/view/reportview.xhtml
2026,5,INDIA TOTAL,All Vahan4 Running Office,SEEKA E MOTORS PVT LTD,ALL,TWO WHEELER(NT)|TWO WHEELER(T),ALL,ALL,1,2026-06-14T09:43:21.723Z,https://vahan.parivahan.gov.in/vahan4dashboard/vahan/view/reportview.xhtml
2026,5,INDIA TOTAL,All Vahan4 Running Office,SIMPLEENERGY PVT LTD,ALL,TWO WHEELER(NT)|TWO WHEELER(T),ALL,ALL,1314,2026-06-14T09:43:21.723Z,https://vahan.parivahan.gov.in/vahan4dashboard/vahan/view/reportview.xhtml
2026,5,INDIA TOTAL,All Vahan4 Running Office,SMAP VEHICLES (IMPORTER: ELEGO MOTORS),ALL,TWO WHEELER(NT)|TWO WHEELER(T),ALL,ALL,0,2026-06-14T09:43:21.723Z,https://vahan.parivahan.gov.in/vahan4dashboard/vahan/view/reportview.xhtml
2026,5,INDIA TOTAL,All Vahan4 Running Office,SOKUDO ELECTRIC INDIA PVT LTD,ALL,TWO WHEELER(NT)|TWO WHEELER(T),ALL,ALL,60,2026-06-14T09:43:21.723Z,https://vahan.parivahan.gov.in/vahan4dashboard/vahan/view/reportview.xhtml
2026,5,INDIA TOTAL,All Vahan4 Running Office,SRIVARU MOTORS PVT LTD,ALL,TWO WHEELER(NT)|TWO WHEELER(T),ALL,ALL,2,2026-06-14T09:43:21.723Z,https://vahan.parivahan.gov.in/vahan4dashboard/vahan/view/reportview.xhtml
2026,5,INDIA TOTAL,All Vahan4 Running Office,SRIVIJAY E-VEHICLES PVT LTD,ALL,TWO WHEELER(NT)|TWO WHEELER(T),ALL,ALL,0,2026-06-14T09:43:21.723Z,https://vahan.parivahan.gov.in/vahan4dashboard/vahan/view/reportview.xhtml
2026,5,INDIA TOTAL,All Vahan4 Running Office,SUPERECO AUTOMOTIVE CO,ALL,TWO WHEELER(NT)|TWO WHEELER(T),ALL,ALL,0,2026-06-14T09:43:21.723Z,https://vahan.parivahan.gov.in/vahan4dashboard/vahan/view/reportview.xhtml
2026,5,INDIA TOTAL,All Vahan4 Running Office,SUZUKI MOTORCYCLE INDIA PVT LTD,ALL,TWO WHEELER(NT)|TWO WHEELER(T),ALL,ALL,98208,2026-06-14T09:43:21.723Z,https://vahan.parivahan.gov.in/vahan4dashboard/vahan/view/reportview.xhtml
2026,5,INDIA TOTAL,All Vahan4 Running Office,TATA MOTORS LTD,ALL,TWO WHEELER(NT)|TWO WHEELER(T),ALL,ALL,0,2026-06-14T09:43:21.723Z,https://vahan.parivahan.gov.in/vahan4dashboard/vahan/view/reportview.xhtml
2026,5,INDIA TOTAL,All Vahan4 Running Office,TORK MOTORS PVT LTD,ALL,TWO WHEELER(NT)|TWO WHEELER(T),ALL,ALL,0,2026-06-14T09:43:21.723Z,https://vahan.parivahan.gov.in/vahan4dashboard/vahan/view/reportview.xhtml
2026,5,INDIA TOTAL,All Vahan4 Running Office,TRIUMPH MOTORCYCLES (INDIA) PVT LTD,ALL,TWO WHEELER(NT)|TWO WHEELER(T),ALL,ALL,110,2026-06-14T09:43:21.723Z,https://vahan.parivahan.gov.in/vahan4dashboard/vahan/view/reportview.xhtml
2026,5,INDIA TOTAL,All Vahan4 Running Office,TVS MOTOR COMPANY LTD,ALL,TWO WHEELER(NT)|TWO WHEELER(T),ALL,ALL,357085,2026-06-14T09:43:21.723Z,https://vahan.parivahan.gov.in/vahan4dashboard/vahan/view/reportview.xhtml
2026,5,INDIA TOTAL,All Vahan4 Running Office,ULTRAVIOLETTE AUTOMOTIVE PVT LTD,ALL,TWO WHEELER(NT)|TWO WHEELER(T),ALL,ALL,388,2026-06-14T09:43:21.723Z,https://vahan.parivahan.gov.in/vahan4dashboard/vahan/view/reportview.xhtml
2026,5,INDIA TOTAL,All Vahan4 Running Office,VELOCIFERO (IMPORTER: KAWVELOCE MOTORS PVT LTD),ALL,TWO WHEELER(NT)|TWO WHEELER(T),ALL,ALL,82,2026-06-14T09:43:21.723Z,https://vahan.parivahan.gov.in/vahan4dashboard/vahan/view/reportview.xhtml
2026,5,INDIA TOTAL,All Vahan4 Running Office,WARDWIZARD INNOVATIONS & MOBILITY LIMITED,ALL,TWO WHEELER(NT)|TWO WHEELER(T),ALL,ALL,89,2026-06-14T09:43:21.723Z,https://vahan.parivahan.gov.in/vahan4dashboard/vahan/view/reportview.xhtml
2026,5,INDIA TOTAL,All Vahan4 Running Office,WARIVO MOTOR INDIA PVT LTD,ALL,TWO WHEELER(NT)|TWO WHEELER(T),ALL,ALL,22,2026-06-14T09:43:21.723Z,https://vahan.parivahan.gov.in/vahan4dashboard/vahan/view/reportview.xhtml
2026,5,INDIA TOTAL,All Vahan4 Running Office,WUXI DAYANG ELECTRIC (IMPORTER: ABZO MOTORS),ALL,TWO WHEELER(NT)|TWO WHEELER(T),ALL,ALL,6,2026-06-14T09:43:21.723Z,https://vahan.parivahan.gov.in/vahan4dashboard/vahan/view/reportview.xhtml
2026,5,INDIA TOTAL,All Vahan4 Running Office,WUXI JIYAYI (IMPORTER: IZANAU ELECTRIC LLP),ALL,TWO WHEELER(NT)|TWO WHEELER(T),ALL,ALL,7,2026-06-14T09:43:21.723Z,https://vahan.parivahan.gov.in/vahan4dashboard/vahan/view/reportview.xhtml
2026,5,INDIA TOTAL,All Vahan4 Running Office,WUXI MAYA (IMPORTER: DYNAMO ELECTRIC P. LTD.),ALL,TWO WHEELER(NT)|TWO WHEELER(T),ALL,ALL,0,2026-06-14T09:43:21.723Z,https://vahan.parivahan.gov.in/vahan4dashboard/vahan/view/reportview.xhtml
2026,5,INDIA TOTAL,All Vahan4 Running Office,WUXI MDKA NEW ENERGY (IMPORTER: HESTUR ENERGY),ALL,TWO WHEELER(NT)|TWO WHEELER(T),ALL,ALL,76,2026-06-14T09:43:21.723Z,https://vahan.parivahan.gov.in/vahan4dashboard/vahan/view/reportview.xhtml
2026,5,INDIA TOTAL,All Vahan4 Running Office,WUXI SAIGE (IMPORTER: CITIZEN CARE),ALL,TWO WHEELER(NT)|TWO WHEELER(T),ALL,ALL,0,2026-06-14T09:43:21.723Z,https://vahan.parivahan.gov.in/vahan4dashboard/vahan/view/reportview.xhtml
2026,5,INDIA TOTAL,All Vahan4 Running Office,WUXI SAIGE (IMPORTER: DM GREEN ENERGY),ALL,TWO WHEELER(NT)|TWO WHEELER(T),ALL,ALL,0,2026-06-14T09:43:21.723Z,https://vahan.parivahan.gov.in/vahan4dashboard/vahan/view/reportview.xhtml
2026,5,INDIA TOTAL,All Vahan4 Running Office,WUXI SAIGE (IMPORTER: WARIVO MOTOR),ALL,TWO WHEELER(NT)|TWO WHEELER(T),ALL,ALL,0,2026-06-14T09:43:21.723Z,https://vahan.parivahan.gov.in/vahan4dashboard/vahan/view/reportview.xhtml
2026,5,INDIA TOTAL,All Vahan4 Running Office,WUXI SAIGE (IMPORTER: ZELIO AUTO PVT.LTD.),ALL,TWO WHEELER(NT)|TWO WHEELER(T),ALL,ALL,1,2026-06-14T09:43:21.723Z,https://vahan.parivahan.gov.in/vahan4dashboard/vahan/view/reportview.xhtml
2026,5,INDIA TOTAL,All Vahan4 Running Office,WUXI SAIGE ELECTRIC (IMPORTER: DELTA AUTOCORP LLP),ALL,TWO WHEELER(NT)|TWO WHEELER(T),ALL,ALL,2,2026-06-14T09:43:21.723Z,https://vahan.parivahan.gov.in/vahan4dashboard/vahan/view/reportview.xhtml
2026,5,INDIA TOTAL,All Vahan4 Running Office,WUXI SHENGBAO (IMPORTER:ELECTRIC ONE ENERGY),ALL,TWO WHEELER(NT)|TWO WHEELER(T),ALL,ALL,1,2026-06-14T09:43:21.723Z,https://vahan.parivahan.gov.in/vahan4dashboard/vahan/view/reportview.xhtml
2026,5,INDIA TOTAL,All Vahan4 Running Office,WUXI TENGHUI (IMPORTER: FEZORA INDIA),ALL,TWO WHEELER(NT)|TWO WHEELER(T),ALL,ALL,0,2026-06-14T09:43:21.723Z,https://vahan.parivahan.gov.in/vahan4dashboard/vahan/view/reportview.xhtml
2026,5,INDIA TOTAL,All Vahan4 Running Office,WUXI TENGHUI (IMPORTER: FLYCON MOTORS),ALL,TWO WHEELER(NT)|TWO WHEELER(T),ALL,ALL,0,2026-06-14T09:43:21.723Z,https://vahan.parivahan.gov.in/vahan4dashboard/vahan/view/reportview.xhtml
2026,5,INDIA TOTAL,All Vahan4 Running Office,WUXI TENGHUI (IMPORTER: JOZHI SERVICES),ALL,TWO WHEELER(NT)|TWO WHEELER(T),ALL,ALL,2,2026-06-14T09:43:21.723Z,https://vahan.parivahan.gov.in/vahan4dashboard/vahan/view/reportview.xhtml
2026,5,INDIA TOTAL,All Vahan4 Running Office,WUXI TENGHUI (IMPORTER: NXTMOBILITY ENERGY),ALL,TWO WHEELER(NT)|TWO WHEELER(T),ALL,ALL,15,2026-06-14T09:43:21.723Z,https://vahan.parivahan.gov.in/vahan4dashboard/vahan/view/reportview.xhtml
2026,5,INDIA TOTAL,All Vahan4 Running Office,WUXI TENGHUI (IMPORTER: RADHA MOBILITIES LLP),ALL,TWO WHEELER(NT)|TWO WHEELER(T),ALL,ALL,1,2026-06-14T09:43:21.723Z,https://vahan.parivahan.gov.in/vahan4dashboard/vahan/view/reportview.xhtml
2026,5,INDIA TOTAL,All Vahan4 Running Office,WUXI TENGHUI (IMPORTER: SEEKA E MOTORS),ALL,TWO WHEELER(NT)|TWO WHEELER(T),ALL,ALL,1,2026-06-14T09:43:21.723Z,https://vahan.parivahan.gov.in/vahan4dashboard/vahan/view/reportview.xhtml
2026,5,INDIA TOTAL,All Vahan4 Running Office,WUXI TENGHUI (IMPORTER: SUSHAMA MOTORS),ALL,TWO WHEELER(NT)|TWO WHEELER(T),ALL,ALL,0,2026-06-14T09:43:21.723Z,https://vahan.parivahan.gov.in/vahan4dashboard/vahan/view/reportview.xhtml
2026,5,INDIA TOTAL,All Vahan4 Running Office,WUXI TENGHUI INTERNATIONAL (IMPORTER: FEZORA),ALL,TWO WHEELER(NT)|TWO WHEELER(T),ALL,ALL,0,2026-06-14T09:43:21.723Z,https://vahan.parivahan.gov.in/vahan4dashboard/vahan/view/reportview.xhtml
2026,5,INDIA TOTAL,All Vahan4 Running Office,WUXI YIZHILING (IMPORTER: BMR EV INDUSTRIES),ALL,TWO WHEELER(NT)|TWO WHEELER(T),ALL,ALL,3,2026-06-14T09:43:21.723Z,https://vahan.parivahan.gov.in/vahan4dashboard/vahan/view/reportview.xhtml
2026,5,INDIA TOTAL,All Vahan4 Running Office,WUXI YIZHILING (IMPORTER: HOMFEEL VEGH),ALL,TWO WHEELER(NT)|TWO WHEELER(T),ALL,ALL,0,2026-06-14T09:43:21.723Z,https://vahan.parivahan.gov.in/vahan4dashboard/vahan/view/reportview.xhtml
2026,5,INDIA TOTAL,All Vahan4 Running Office,YANGGUANG LINGMU (IMPORTER: FLYCON MOTORS),ALL,TWO WHEELER(NT)|TWO WHEELER(T),ALL,ALL,1,2026-06-14T09:43:21.723Z,https://vahan.parivahan.gov.in/vahan4dashboard/vahan/view/reportview.xhtml
2026,5,INDIA TOTAL,All Vahan4 Running Office,YOUYAKU ELECTRIC (IMPORTER: HAYASA E-MOBILITY),ALL,TWO WHEELER(NT)|TWO WHEELER(T),ALL,ALL,0,2026-06-14T09:43:21.723Z,https://vahan.parivahan.gov.in/vahan4dashboard/vahan/view/reportview.xhtml
2026,5,INDIA TOTAL,All Vahan4 Running Office,YOUYAKU ELECTRIC (IMPORTER: HOUSTAN INNOVATION),ALL,TWO WHEELER(NT)|TWO WHEELER(T),ALL,ALL,0,2026-06-14T09:43:21.723Z,https://vahan.parivahan.gov.in/vahan4dashboard/vahan/view/reportview.xhtml
2026,5,INDIA TOTAL,All Vahan4 Running Office,YOUYAKU ELECTRIC (IMPORTER: POWORO PVT LTD),ALL,TWO WHEELER(NT)|TWO WHEELER(T),ALL,ALL,10,2026-06-14T09:43:21.723Z,https://vahan.parivahan.gov.in/vahan4dashboard/vahan/view/reportview.xhtml
2026,5,INDIA TOTAL,All Vahan4 Running Office,YOUYAKU ELECTRIC (IMPORTER:KRISHIKA EV INDIA),ALL,TWO WHEELER(NT)|TWO WHEELER(T),ALL,ALL,1,2026-06-14T09:43:21.723Z,https://vahan.parivahan.gov.in/vahan4dashboard/vahan/view/reportview.xhtml
2026,5,INDIA TOTAL,All Vahan4 Running Office,YOUYAKU ELECTRIC (IMPORTER:ONZO EV),ALL,TWO WHEELER(NT)|TWO WHEELER(T),ALL,ALL,0,2026-06-14T09:43:21.723Z,https://vahan.parivahan.gov.in/vahan4dashboard/vahan/view/reportview.xhtml
2026,5,INDIA TOTAL,All Vahan4 Running Office,ZAP (HK) (IMPORTER: IZANAU ELECTRIC),ALL,TWO WHEELER(NT)|TWO WHEELER(T),ALL,ALL,2,2026-06-14T09:43:21.723Z,https://vahan.parivahan.gov.in/vahan4dashboard/vahan/view/reportview.xhtml
2026,5,INDIA TOTAL,All Vahan4 Running Office,ZAP (IMPORTER:ELLYSIUM AUTOMOTIVES PVT LTD),ALL,TWO WHEELER(NT)|TWO WHEELER(T),ALL,ALL,2,2026-06-14T09:43:21.723Z,https://vahan.parivahan.gov.in/vahan4dashboard/vahan/view/reportview.xhtml
2026,5,INDIA TOTAL,All Vahan4 Running Office,ZELIO E-MOBILITY LTD,ALL,TWO WHEELER(NT)|TWO WHEELER(T),ALL,ALL,3,2026-06-14T09:43:21.723Z,https://vahan.parivahan.gov.in/vahan4dashboard/vahan/view/reportview.xhtml
2026,5,INDIA TOTAL,All Vahan4 Running Office,ZENIAK INNOVATION INDIA LTD,ALL,TWO WHEELER(NT)|TWO WHEELER(T),ALL,ALL,1,2026-06-14T09:43:21.723Z,https://vahan.parivahan.gov.in/vahan4dashboard/vahan/view/reportview.xhtml
2026,5,INDIA TOTAL,All Vahan4 Running Office,ZHEJIANG CFMOTO (IMPORTER: ADISHWAR AUTO),ALL,TWO WHEELER(NT)|TWO WHEELER(T),ALL,ALL,1,2026-06-14T09:43:21.723Z,https://vahan.parivahan.gov.in/vahan4dashboard/vahan/view/reportview.xhtml
2026,5,INDIA TOTAL,All Vahan4 Running Office,ZHEJIANG CHANGLING (IMPORTER: ADISHWAR AUTO),ALL,TWO WHEELER(NT)|TWO WHEELER(T),ALL,ALL,37,2026-06-14T09:43:21.723Z,https://vahan.parivahan.gov.in/vahan4dashboard/vahan/view/reportview.xhtml
2026,5,INDIA TOTAL,All Vahan4 Running Office,ZHEJIANG LUYUAN (IMPORTER: DYNAM EV TECH),ALL,TWO WHEELER(NT)|TWO WHEELER(T),ALL,ALL,0,2026-06-14T09:43:21.723Z,https://vahan.parivahan.gov.in/vahan4dashboard/vahan/view/reportview.xhtml
2026,5,INDIA TOTAL,All Vahan4 Running Office,ZHEJIANG MORNI (IMPORTER: ADISHWAR AUTO),ALL,TWO WHEELER(NT)|TWO WHEELER(T),ALL,ALL,8,2026-06-14T09:43:21.723Z,https://vahan.parivahan.gov.in/vahan4dashboard/vahan/view/reportview.xhtml
2026,5,INDIA TOTAL,All Vahan4 Running Office,ZHEJIANG QIANJIANG (IMPORTER: ADISHWAR AUTO),ALL,TWO WHEELER(NT)|TWO WHEELER(T),ALL,ALL,7,2026-06-14T09:43:21.723Z,https://vahan.parivahan.gov.in/vahan4dashboard/vahan/view/reportview.xhtml
2026,5,INDIA TOTAL,All Vahan4 Running Office,ZHEJIANG TIANBEN (IMPORTER: SLSR ELECTRO),ALL,TWO WHEELER(NT)|TWO WHEELER(T),ALL,ALL,0,2026-06-14T09:43:21.723Z,https://vahan.parivahan.gov.in/vahan4dashboard/vahan/view/reportview.xhtml
2026,5,INDIA TOTAL,All Vahan4 Running Office,ZHEJIANG ZUBOO (IMPORTER: KLCS MOTORS PVT LTD),ALL,TWO WHEELER(NT)|TWO WHEELER(T),ALL,ALL,2,2026-06-14T09:43:21.723Z,https://vahan.parivahan.gov.in/vahan4dashboard/vahan/view/reportview.xhtml
2026,5,INDIA TOTAL,All Vahan4 Running Office,ZHONGHUALONG (IMPORTER: POWORO PVT LTD),ALL,TWO WHEELER(NT)|TWO WHEELER(T),ALL,ALL,11,2026-06-14T09:43:21.723Z,https://vahan.parivahan.gov.in/vahan4dashboard/vahan/view/reportview.xhtml
2026,6,INDIA TOTAL,All Vahan4 Running Office,AJAY ENGINEERING AND AGRICULTURAL EQUIPMENT CO.,ALL,ALL,ALL,ADAPTED VEHICLE|MOTOR CAR|MOTOR CARAVAN|OMNI BUS (PRIVATE USE)|VINTAGE MOTOR VEHICLE,0,2026-06-14T07:43:53.910Z,https://vahan.parivahan.gov.in/vahan4dashboard/vahan/view/reportview.xhtml
2026,6,INDIA TOTAL,All Vahan4 Running Office,ASTON MARTIN LAGONDA LTD,ALL,ALL,ALL,ADAPTED VEHICLE|MOTOR CAR|MOTOR CARAVAN|OMNI BUS (PRIVATE USE)|VINTAGE MOTOR VEHICLE,0,2026-06-14T07:43:53.912Z,https://vahan.parivahan.gov.in/vahan4dashboard/vahan/view/reportview.xhtml
2026,6,INDIA TOTAL,All Vahan4 Running Office,ATHER ENERGY LTD,ALL,ALL,ALL,ADAPTED VEHICLE|MOTOR CAR|MOTOR CARAVAN|OMNI BUS (PRIVATE USE)|VINTAGE MOTOR VEHICLE,1,2026-06-14T07:43:53.912Z,https://vahan.parivahan.gov.in/vahan4dashboard/vahan/view/reportview.xhtml
2026,6,INDIA TOTAL,All Vahan4 Running Office,AUDI AG,ALL,ALL,ALL,ADAPTED VEHICLE|MOTOR CAR|MOTOR CARAVAN|OMNI BUS (PRIVATE USE)|VINTAGE MOTOR VEHICLE,5,2026-06-14T07:43:53.912Z,https://vahan.parivahan.gov.in/vahan4dashboard/vahan/view/reportview.xhtml
2026,6,INDIA TOTAL,All Vahan4 Running Office,AUTOMOBILI LAMBORGHINI S.P.A,ALL,ALL,ALL,ADAPTED VEHICLE|MOTOR CAR|MOTOR CARAVAN|OMNI BUS (PRIVATE USE)|VINTAGE MOTOR VEHICLE,4,2026-06-14T07:43:53.912Z,https://vahan.parivahan.gov.in/vahan4dashboard/vahan/view/reportview.xhtml
2026,6,INDIA TOTAL,All Vahan4 Running Office,BAJAJ AUTO LTD,ALL,ALL,ALL,ADAPTED VEHICLE|MOTOR CAR|MOTOR CARAVAN|OMNI BUS (PRIVATE USE)|VINTAGE MOTOR VEHICLE,4,2026-06-14T07:43:53.912Z,https://vahan.parivahan.gov.in/vahan4dashboard/vahan/view/reportview.xhtml
2026,6,INDIA TOTAL,All Vahan4 Running Office,BENTLEY MOTORS LIMITED,ALL,ALL,ALL,ADAPTED VEHICLE|MOTOR CAR|MOTOR CARAVAN|OMNI BUS (PRIVATE USE)|VINTAGE MOTOR VEHICLE,1,2026-06-14T07:43:53.912Z,https://vahan.parivahan.gov.in/vahan4dashboard/vahan/view/reportview.xhtml
2026,6,INDIA TOTAL,All Vahan4 Running Office,BENTLEY MOTORS LTD (SAVWIPL),ALL,ALL,ALL,ADAPTED VEHICLE|MOTOR CAR|MOTOR CARAVAN|OMNI BUS (PRIVATE USE)|VINTAGE MOTOR VEHICLE,2,2026-06-14T07:43:53.912Z,https://vahan.parivahan.gov.in/vahan4dashboard/vahan/view/reportview.xhtml
2026,6,INDIA TOTAL,All Vahan4 Running Office,BMW INDIA PVT LTD,ALL,ALL,ALL,ADAPTED VEHICLE|MOTOR CAR|MOTOR CARAVAN|OMNI BUS (PRIVATE USE)|VINTAGE MOTOR VEHICLE,606,2026-06-14T07:43:53.912Z,https://vahan.parivahan.gov.in/vahan4dashboard/vahan/view/reportview.xhtml
2026,6,INDIA TOTAL,All Vahan4 Running Office,BYD AUTO,ALL,ALL,ALL,ADAPTED VEHICLE|MOTOR CAR|MOTOR CARAVAN|OMNI BUS (PRIVATE USE)|VINTAGE MOTOR VEHICLE,0,2026-06-14T07:43:53.912Z,https://vahan.parivahan.gov.in/vahan4dashboard/vahan/view/reportview.xhtml
2026,6,INDIA TOTAL,All Vahan4 Running Office,BYD INDIA PRIVATE LIMITED,ALL,ALL,ALL,ADAPTED VEHICLE|MOTOR CAR|MOTOR CARAVAN|OMNI BUS (PRIVATE USE)|VINTAGE MOTOR VEHICLE,333,2026-06-14T07:43:53.912Z,https://vahan.parivahan.gov.in/vahan4dashboard/vahan/view/reportview.xhtml
2026,6,INDIA TOTAL,All Vahan4 Running Office,FERRARI SPA,ALL,ALL,ALL,ADAPTED VEHICLE|MOTOR CAR|MOTOR CARAVAN|OMNI BUS (PRIVATE USE)|VINTAGE MOTOR VEHICLE,0,2026-06-14T07:43:53.912Z,https://vahan.parivahan.gov.in/vahan4dashboard/vahan/view/reportview.xhtml
2026,6,INDIA TOTAL,All Vahan4 Running Office,FERRARI SPA (IMPORTER:NAVNIT MOTORS PVT LTD),ALL,ALL,ALL,ADAPTED VEHICLE|MOTOR CAR|MOTOR CARAVAN|OMNI BUS (PRIVATE USE)|VINTAGE MOTOR VEHICLE,0,2026-06-14T07:43:53.912Z,https://vahan.parivahan.gov.in/vahan4dashboard/vahan/view/reportview.xhtml
2026,6,INDIA TOTAL,All Vahan4 Running Office,FERRARI SPA (IMPORTER:SELECT CARS P LTD),ALL,ALL,ALL,ADAPTED VEHICLE|MOTOR CAR|MOTOR CARAVAN|OMNI BUS (PRIVATE USE)|VINTAGE MOTOR VEHICLE,2,2026-06-14T07:43:53.913Z,https://vahan.parivahan.gov.in/vahan4dashboard/vahan/view/reportview.xhtml
2026,6,INDIA TOTAL,All Vahan4 Running Office,FORCE MOTORS LIMITED,ALL,ALL,ALL,ADAPTED VEHICLE|MOTOR CAR|MOTOR CARAVAN|OMNI BUS (PRIVATE USE)|VINTAGE MOTOR VEHICLE,75,2026-06-14T07:43:53.913Z,https://vahan.parivahan.gov.in/vahan4dashboard/vahan/view/reportview.xhtml
2026,6,INDIA TOTAL,All Vahan4 Running Office,FORD INDIA PVT LTD,ALL,ALL,ALL,ADAPTED VEHICLE|MOTOR CAR|MOTOR CARAVAN|OMNI BUS (PRIVATE USE)|VINTAGE MOTOR VEHICLE,0,2026-06-14T07:43:53.913Z,https://vahan.parivahan.gov.in/vahan4dashboard/vahan/view/reportview.xhtml
2026,6,INDIA TOTAL,All Vahan4 Running Office,FORD USA MILITARY BANTAM,ALL,ALL,ALL,ADAPTED VEHICLE|MOTOR CAR|MOTOR CARAVAN|OMNI BUS (PRIVATE USE)|VINTAGE MOTOR VEHICLE,1,2026-06-14T07:43:53.913Z,https://vahan.parivahan.gov.in/vahan4dashboard/vahan/view/reportview.xhtml
2026,6,INDIA TOTAL,All Vahan4 Running Office,GENERAL MOTORS INDIA PVT LTD,ALL,ALL,ALL,ADAPTED VEHICLE|MOTOR CAR|MOTOR CARAVAN|OMNI BUS (PRIVATE USE)|VINTAGE MOTOR VEHICLE,0,2026-06-14T07:43:53.913Z,https://vahan.parivahan.gov.in/vahan4dashboard/vahan/view/reportview.xhtml
2026,6,INDIA TOTAL,All Vahan4 Running Office,GREAVES ELECTRIC MOBILITY LTD,ALL,ALL,ALL,ADAPTED VEHICLE|MOTOR CAR|MOTOR CARAVAN|OMNI BUS (PRIVATE USE)|VINTAGE MOTOR VEHICLE,0,2026-06-14T07:43:53.913Z,https://vahan.parivahan.gov.in/vahan4dashboard/vahan/view/reportview.xhtml
2026,6,INDIA TOTAL,All Vahan4 Running Office,HERO MOTOCORP LTD,ALL,ALL,ALL,ADAPTED VEHICLE|MOTOR CAR|MOTOR CARAVAN|OMNI BUS (PRIVATE USE)|VINTAGE MOTOR VEHICLE,204,2026-06-14T07:43:53.913Z,https://vahan.parivahan.gov.in/vahan4dashboard/vahan/view/reportview.xhtml
2026,6,INDIA TOTAL,All Vahan4 Running Office,HINDUSTAN MOTORS LTD,ALL,ALL,ALL,ADAPTED VEHICLE|MOTOR CAR|MOTOR CARAVAN|OMNI BUS (PRIVATE USE)|VINTAGE MOTOR VEHICLE,0,2026-06-14T07:43:53.913Z,https://vahan.parivahan.gov.in/vahan4dashboard/vahan/view/reportview.xhtml
2026,6,INDIA TOTAL,All Vahan4 Running Office,HONDA CARS INDIA LTD,ALL,ALL,ALL,ADAPTED VEHICLE|MOTOR CAR|MOTOR CARAVAN|OMNI BUS (PRIVATE USE)|VINTAGE MOTOR VEHICLE,1837,2026-06-14T07:43:53.913Z,https://vahan.parivahan.gov.in/vahan4dashboard/vahan/view/reportview.xhtml
2026,6,INDIA TOTAL,All Vahan4 Running Office,HONDA MOTORCYCLE AND SCOOTER INDIA (P) LTD,ALL,ALL,ALL,ADAPTED VEHICLE|MOTOR CAR|MOTOR CARAVAN|OMNI BUS (PRIVATE USE)|VINTAGE MOTOR VEHICLE,40,2026-06-14T07:43:53.913Z,https://vahan.parivahan.gov.in/vahan4dashboard/vahan/view/reportview.xhtml
2026,6,INDIA TOTAL,All Vahan4 Running Office,HYUNDAI MOTOR INDIA LTD,ALL,ALL,ALL,ADAPTED VEHICLE|MOTOR CAR|MOTOR CARAVAN|OMNI BUS (PRIVATE USE)|VINTAGE MOTOR VEHICLE,16495,2026-06-14T07:43:53.913Z,https://vahan.parivahan.gov.in/vahan4dashboard/vahan/view/reportview.xhtml
2026,6,INDIA TOTAL,All Vahan4 Running Office,INDIA YAMAHA MOTOR PVT LTD,ALL,ALL,ALL,ADAPTED VEHICLE|MOTOR CAR|MOTOR CARAVAN|OMNI BUS (PRIVATE USE)|VINTAGE MOTOR VEHICLE,1,2026-06-14T07:43:53.913Z,https://vahan.parivahan.gov.in/vahan4dashboard/vahan/view/reportview.xhtml
2026,6,INDIA TOTAL,All Vahan4 Running Office,ISUZU MOTORS INDIA PVT LTD,ALL,ALL,ALL,ADAPTED VEHICLE|MOTOR CAR|MOTOR CARAVAN|OMNI BUS (PRIVATE USE)|VINTAGE MOTOR VEHICLE,12,2026-06-14T07:43:53.913Z,https://vahan.parivahan.gov.in/vahan4dashboard/vahan/view/reportview.xhtml
2026,6,INDIA TOTAL,All Vahan4 Running Office,JAGUAR LAND ROVER INDIA LIMITED,ALL,ALL,ALL,ADAPTED VEHICLE|MOTOR CAR|MOTOR CARAVAN|OMNI BUS (PRIVATE USE)|VINTAGE MOTOR VEHICLE,239,2026-06-14T07:43:53.913Z,https://vahan.parivahan.gov.in/vahan4dashboard/vahan/view/reportview.xhtml
2026,6,INDIA TOTAL,All Vahan4 Running Office,JAGUAR LAND ROVER LIMITED UK,ALL,ALL,ALL,ADAPTED VEHICLE|MOTOR CAR|MOTOR CARAVAN|OMNI BUS (PRIVATE USE)|VINTAGE MOTOR VEHICLE,0,2026-06-14T07:43:53.913Z,https://vahan.parivahan.gov.in/vahan4dashboard/vahan/view/reportview.xhtml
2026,6,INDIA TOTAL,All Vahan4 Running Office,JSW MG MOTOR INDIA PVT LTD,ALL,ALL,ALL,ADAPTED VEHICLE|MOTOR CAR|MOTOR CARAVAN|OMNI BUS (PRIVATE USE)|VINTAGE MOTOR VEHICLE,2727,2026-06-14T07:43:53.913Z,https://vahan.parivahan.gov.in/vahan4dashboard/vahan/view/reportview.xhtml
2026,6,INDIA TOTAL,All Vahan4 Running Office,KIA INDIA PRIVATE LIMITED,ALL,ALL,ALL,ADAPTED VEHICLE|MOTOR CAR|MOTOR CARAVAN|OMNI BUS (PRIVATE USE)|VINTAGE MOTOR VEHICLE,9046,2026-06-14T07:43:53.913Z,https://vahan.parivahan.gov.in/vahan4dashboard/vahan/view/reportview.xhtml
2026,6,INDIA TOTAL,All Vahan4 Running Office,KIA MOTORS CORPN,ALL,ALL,ALL,ADAPTED VEHICLE|MOTOR CAR|MOTOR CARAVAN|OMNI BUS (PRIVATE USE)|VINTAGE MOTOR VEHICLE,0,2026-06-14T07:43:53.913Z,https://vahan.parivahan.gov.in/vahan4dashboard/vahan/view/reportview.xhtml
2026,6,INDIA TOTAL,All Vahan4 Running Office,KINETIC MOTOR COMPANY LIMITED,ALL,ALL,ALL,ADAPTED VEHICLE|MOTOR CAR|MOTOR CARAVAN|OMNI BUS (PRIVATE USE)|VINTAGE MOTOR VEHICLE,0,2026-06-14T07:43:53.913Z,https://vahan.parivahan.gov.in/vahan4dashboard/vahan/view/reportview.xhtml
2026,6,INDIA TOTAL,All Vahan4 Running Office,LEXUS MOTORS LTD,ALL,ALL,ALL,ADAPTED VEHICLE|MOTOR CAR|MOTOR CARAVAN|OMNI BUS (PRIVATE USE)|VINTAGE MOTOR VEHICLE,0,2026-06-14T07:43:53.913Z,https://vahan.parivahan.gov.in/vahan4dashboard/vahan/view/reportview.xhtml
2026,6,INDIA TOTAL,All Vahan4 Running Office,M/S GENERAL MOTORS LLC,ALL,ALL,ALL,ADAPTED VEHICLE|MOTOR CAR|MOTOR CARAVAN|OMNI BUS (PRIVATE USE)|VINTAGE MOTOR VEHICLE,0,2026-06-14T07:43:53.913Z,https://vahan.parivahan.gov.in/vahan4dashboard/vahan/view/reportview.xhtml
2026,6,INDIA TOTAL,All Vahan4 Running Office,MAHINDRA & MAHINDRA LIMITED,ALL,ALL,ALL,ADAPTED VEHICLE|MOTOR CAR|MOTOR CARAVAN|OMNI BUS (PRIVATE USE)|VINTAGE MOTOR VEHICLE,17694,2026-06-14T07:43:53.913Z,https://vahan.parivahan.gov.in/vahan4dashboard/vahan/view/reportview.xhtml
2026,6,INDIA TOTAL,All Vahan4 Running Office,MAHINDRA DEFENCE SYSTEMS LTD,ALL,ALL,ALL,ADAPTED VEHICLE|MOTOR CAR|MOTOR CARAVAN|OMNI BUS (PRIVATE USE)|VINTAGE MOTOR VEHICLE,0,2026-06-14T07:43:53.913Z,https://vahan.parivahan.gov.in/vahan4dashboard/vahan/view/reportview.xhtml
2026,6,INDIA TOTAL,All Vahan4 Running Office,MAHINDRA ELECTRIC AUTOMOBILE LTD,ALL,ALL,ALL,ADAPTED VEHICLE|MOTOR CAR|MOTOR CARAVAN|OMNI BUS (PRIVATE USE)|VINTAGE MOTOR VEHICLE,2838,2026-06-14T07:43:53.913Z,https://vahan.parivahan.gov.in/vahan4dashboard/vahan/view/reportview.xhtml
2026,6,INDIA TOTAL,All Vahan4 Running Office,MAHINDRA ELECTRIC MOBILITY LIMITED,ALL,ALL,ALL,ADAPTED VEHICLE|MOTOR CAR|MOTOR CARAVAN|OMNI BUS (PRIVATE USE)|VINTAGE MOTOR VEHICLE,0,2026-06-14T07:43:53.913Z,https://vahan.parivahan.gov.in/vahan4dashboard/vahan/view/reportview.xhtml
2026,6,INDIA TOTAL,All Vahan4 Running Office,MAHINDRA LAST MILE MOBILITY LTD,ALL,ALL,ALL,ADAPTED VEHICLE|MOTOR CAR|MOTOR CARAVAN|OMNI BUS (PRIVATE USE)|VINTAGE MOTOR VEHICLE,0,2026-06-14T07:43:53.913Z,https://vahan.parivahan.gov.in/vahan4dashboard/vahan/view/reportview.xhtml
2026,6,INDIA TOTAL,All Vahan4 Running Office,MARUTI INDUSTRIES,ALL,ALL,ALL,ADAPTED VEHICLE|MOTOR CAR|MOTOR CARAVAN|OMNI BUS (PRIVATE USE)|VINTAGE MOTOR VEHICLE,3,2026-06-14T07:43:53.913Z,https://vahan.parivahan.gov.in/vahan4dashboard/vahan/view/reportview.xhtml
2026,6,INDIA TOTAL,All Vahan4 Running Office,MARUTI SUZUKI INDIA LTD,ALL,ALL,ALL,ADAPTED VEHICLE|MOTOR CAR|MOTOR CARAVAN|OMNI BUS (PRIVATE USE)|VINTAGE MOTOR VEHICLE,59406,2026-06-14T07:43:53.913Z,https://vahan.parivahan.gov.in/vahan4dashboard/vahan/view/reportview.xhtml
2026,6,INDIA TOTAL,All Vahan4 Running Office,MARUTI UDYOG LTD,ALL,ALL,ALL,ADAPTED VEHICLE|MOTOR CAR|MOTOR CARAVAN|OMNI BUS (PRIVATE USE)|VINTAGE MOTOR VEHICLE,5,2026-06-14T07:43:53.913Z,https://vahan.parivahan.gov.in/vahan4dashboard/vahan/view/reportview.xhtml
2026,6,INDIA TOTAL,All Vahan4 Running Office,MASERATI S.P.A,ALL,ALL,ALL,ADAPTED VEHICLE|MOTOR CAR|MOTOR CARAVAN|OMNI BUS (PRIVATE USE)|VINTAGE MOTOR VEHICLE,0,2026-06-14T07:43:53.913Z,https://vahan.parivahan.gov.in/vahan4dashboard/vahan/view/reportview.xhtml
2026,6,INDIA TOTAL,All Vahan4 Running Office,MCLAREN AUTOMOTIVE (IMPORTER: INFINITY CARS),ALL,ALL,ALL,ADAPTED VEHICLE|MOTOR CAR|MOTOR CARAVAN|OMNI BUS (PRIVATE USE)|VINTAGE MOTOR VEHICLE,0,2026-06-14T07:43:53.913Z,https://vahan.parivahan.gov.in/vahan4dashboard/vahan/view/reportview.xhtml
2026,6,INDIA TOTAL,All Vahan4 Running Office,MERCEDES -BENZ AG,ALL,ALL,ALL,ADAPTED VEHICLE|MOTOR CAR|MOTOR CARAVAN|OMNI BUS (PRIVATE USE)|VINTAGE MOTOR VEHICLE,128,2026-06-14T07:43:53.913Z,https://vahan.parivahan.gov.in/vahan4dashboard/vahan/view/reportview.xhtml
2026,6,INDIA TOTAL,All Vahan4 Running Office,MERCEDES BENZ,ALL,ALL,ALL,ADAPTED VEHICLE|MOTOR CAR|MOTOR CARAVAN|OMNI BUS (PRIVATE USE)|VINTAGE MOTOR VEHICLE,4,2026-06-14T07:43:53.913Z,https://vahan.parivahan.gov.in/vahan4dashboard/vahan/view/reportview.xhtml
2026,6,INDIA TOTAL,All Vahan4 Running Office,MERCEDES-BENZ INDIA PVT LTD,ALL,ALL,ALL,ADAPTED VEHICLE|MOTOR CAR|MOTOR CARAVAN|OMNI BUS (PRIVATE USE)|VINTAGE MOTOR VEHICLE,572,2026-06-14T07:43:53.913Z,https://vahan.parivahan.gov.in/vahan4dashboard/vahan/view/reportview.xhtml
2026,6,INDIA TOTAL,All Vahan4 Running Office,MITSUBISHI MOTORS CORPORATION,ALL,ALL,ALL,ADAPTED VEHICLE|MOTOR CAR|MOTOR CARAVAN|OMNI BUS (PRIVATE USE)|VINTAGE MOTOR VEHICLE,1,2026-06-14T07:43:53.913Z,https://vahan.parivahan.gov.in/vahan4dashboard/vahan/view/reportview.xhtml
2026,6,INDIA TOTAL,All Vahan4 Running Office,NANJING GOLDEN (IMPORTER: KALY EMOTORS),ALL,ALL,ALL,ADAPTED VEHICLE|MOTOR CAR|MOTOR CARAVAN|OMNI BUS (PRIVATE USE)|VINTAGE MOTOR VEHICLE,0,2026-06-14T07:43:53.913Z,https://vahan.parivahan.gov.in/vahan4dashboard/vahan/view/reportview.xhtml
2026,6,INDIA TOTAL,All Vahan4 Running Office,NISSAN MOTOR INDIA PVT LTD,ALL,ALL,ALL,ADAPTED VEHICLE|MOTOR CAR|MOTOR CARAVAN|OMNI BUS (PRIVATE USE)|VINTAGE MOTOR VEHICLE,1219,2026-06-14T07:43:53.913Z,https://vahan.parivahan.gov.in/vahan4dashboard/vahan/view/reportview.xhtml
2026,6,INDIA TOTAL,All Vahan4 Running Office,OKINAWA AUTOTECH PVT LTD,ALL,ALL,ALL,ADAPTED VEHICLE|MOTOR CAR|MOTOR CARAVAN|OMNI BUS (PRIVATE USE)|VINTAGE MOTOR VEHICLE,0,2026-06-14T07:43:53.913Z,https://vahan.parivahan.gov.in/vahan4dashboard/vahan/view/reportview.xhtml
2026,6,INDIA TOTAL,All Vahan4 Running Office,OTHERS,ALL,ALL,ALL,ADAPTED VEHICLE|MOTOR CAR|MOTOR CARAVAN|OMNI BUS (PRIVATE USE)|VINTAGE MOTOR VEHICLE,0,2026-06-14T07:43:53.913Z,https://vahan.parivahan.gov.in/vahan4dashboard/vahan/view/reportview.xhtml
2026,6,INDIA TOTAL,All Vahan4 Running Office,PINNACLE MOBILITY SOLUTIONS PVT LTD,ALL,ALL,ALL,ADAPTED VEHICLE|MOTOR CAR|MOTOR CARAVAN|OMNI BUS (PRIVATE USE)|VINTAGE MOTOR VEHICLE,0,2026-06-14T07:43:53.913Z,https://vahan.parivahan.gov.in/vahan4dashboard/vahan/view/reportview.xhtml
2026,6,INDIA TOTAL,All Vahan4 Running Office,PORSCHE AG GERMANY,ALL,ALL,ALL,ADAPTED VEHICLE|MOTOR CAR|MOTOR CARAVAN|OMNI BUS (PRIVATE USE)|VINTAGE MOTOR VEHICLE,20,2026-06-14T07:43:53.914Z,https://vahan.parivahan.gov.in/vahan4dashboard/vahan/view/reportview.xhtml
2026,6,INDIA TOTAL,All Vahan4 Running Office,POWERLAND AGRO TRACTOR VEHICLES PVT LTD,ALL,ALL,ALL,ADAPTED VEHICLE|MOTOR CAR|MOTOR CARAVAN|OMNI BUS (PRIVATE USE)|VINTAGE MOTOR VEHICLE,0,2026-06-14T07:43:53.914Z,https://vahan.parivahan.gov.in/vahan4dashboard/vahan/view/reportview.xhtml
2026,6,INDIA TOTAL,All Vahan4 Running Office,RANGE AUTOMOBILES PVT LTD,ALL,ALL,ALL,ADAPTED VEHICLE|MOTOR CAR|MOTOR CARAVAN|OMNI BUS (PRIVATE USE)|VINTAGE MOTOR VEHICLE,0,2026-06-14T07:43:53.914Z,https://vahan.parivahan.gov.in/vahan4dashboard/vahan/view/reportview.xhtml
2026,6,INDIA TOTAL,All Vahan4 Running Office,RENAULT INDIA PVT LTD,ALL,ALL,ALL,ADAPTED VEHICLE|MOTOR CAR|MOTOR CARAVAN|OMNI BUS (PRIVATE USE)|VINTAGE MOTOR VEHICLE,1582,2026-06-14T07:43:53.914Z,https://vahan.parivahan.gov.in/vahan4dashboard/vahan/view/reportview.xhtml
2026,6,INDIA TOTAL,All Vahan4 Running Office,RENAULT NISSAN AUTOMOTIVE INDIA PRIVATE LIMITED,ALL,ALL,ALL,ADAPTED VEHICLE|MOTOR CAR|MOTOR CARAVAN|OMNI BUS (PRIVATE USE)|VINTAGE MOTOR VEHICLE,0,2026-06-14T07:43:53.914Z,https://vahan.parivahan.gov.in/vahan4dashboard/vahan/view/reportview.xhtml
2026,6,INDIA TOTAL,All Vahan4 Running Office,ROLLS ROYCE,ALL,ALL,ALL,ADAPTED VEHICLE|MOTOR CAR|MOTOR CARAVAN|OMNI BUS (PRIVATE USE)|VINTAGE MOTOR VEHICLE,1,2026-06-14T07:43:53.914Z,https://vahan.parivahan.gov.in/vahan4dashboard/vahan/view/reportview.xhtml
2026,6,INDIA TOTAL,All Vahan4 Running Office,ROLLS ROYCE MOTOR (IMPORTER: KUN MOTOR),ALL,ALL,ALL,ADAPTED VEHICLE|MOTOR CAR|MOTOR CARAVAN|OMNI BUS (PRIVATE USE)|VINTAGE MOTOR VEHICLE,0,2026-06-14T07:43:53.914Z,https://vahan.parivahan.gov.in/vahan4dashboard/vahan/view/reportview.xhtml
2026,6,INDIA TOTAL,All Vahan4 Running Office,ROLLS-ROYCE MOTOR CARS(IMPORTER:SELECT CARS P LTD),ALL,ALL,ALL,ADAPTED VEHICLE|MOTOR CAR|MOTOR CARAVAN|OMNI BUS (PRIVATE USE)|VINTAGE MOTOR VEHICLE,0,2026-06-14T07:43:53.914Z,https://vahan.parivahan.gov.in/vahan4dashboard/vahan/view/reportview.xhtml
2026,6,INDIA TOTAL,All Vahan4 Running Office,ROYAL-ENFIELD (UNIT OF EICHER LTD),ALL,ALL,ALL,ADAPTED VEHICLE|MOTOR CAR|MOTOR CARAVAN|OMNI BUS (PRIVATE USE)|VINTAGE MOTOR VEHICLE,0,2026-06-14T07:43:53.914Z,https://vahan.parivahan.gov.in/vahan4dashboard/vahan/view/reportview.xhtml
2026,6,INDIA TOTAL,All Vahan4 Running Office,SHREE SHYAM AGROTECH,ALL,ALL,ALL,ADAPTED VEHICLE|MOTOR CAR|MOTOR CARAVAN|OMNI BUS (PRIVATE USE)|VINTAGE MOTOR VEHICLE,0,2026-06-14T07:43:53.914Z,https://vahan.parivahan.gov.in/vahan4dashboard/vahan/view/reportview.xhtml
2026,6,INDIA TOTAL,All Vahan4 Running Office,SKODA AUTO AS,ALL,ALL,ALL,ADAPTED VEHICLE|MOTOR CAR|MOTOR CARAVAN|OMNI BUS (PRIVATE USE)|VINTAGE MOTOR VEHICLE,1,2026-06-14T07:43:53.914Z,https://vahan.parivahan.gov.in/vahan4dashboard/vahan/view/reportview.xhtml
2026,6,INDIA TOTAL,All Vahan4 Running Office,SKODA AUTO INDIA PVT LTD,ALL,ALL,ALL,ADAPTED VEHICLE|MOTOR CAR|MOTOR CARAVAN|OMNI BUS (PRIVATE USE)|VINTAGE MOTOR VEHICLE,1,2026-06-14T07:43:53.914Z,https://vahan.parivahan.gov.in/vahan4dashboard/vahan/view/reportview.xhtml
2026,6,INDIA TOTAL,All Vahan4 Running Office,SKODA AUTO VOLKSWAGEN INDIA PVT LTD,ALL,ALL,ALL,ADAPTED VEHICLE|MOTOR CAR|MOTOR CARAVAN|OMNI BUS (PRIVATE USE)|VINTAGE MOTOR VEHICLE,3430,2026-06-14T07:43:53.914Z,https://vahan.parivahan.gov.in/vahan4dashboard/vahan/view/reportview.xhtml
2026,6,INDIA TOTAL,All Vahan4 Running Office,SML MAHINDRA LTD,ALL,ALL,ALL,ADAPTED VEHICLE|MOTOR CAR|MOTOR CARAVAN|OMNI BUS (PRIVATE USE)|VINTAGE MOTOR VEHICLE,1,2026-06-14T07:43:53.914Z,https://vahan.parivahan.gov.in/vahan4dashboard/vahan/view/reportview.xhtml
2026,6,INDIA TOTAL,All Vahan4 Running Office,STELLANTIS AUTOMOBILES INDIA PVT LTD,ALL,ALL,ALL,ADAPTED VEHICLE|MOTOR CAR|MOTOR CARAVAN|OMNI BUS (PRIVATE USE)|VINTAGE MOTOR VEHICLE,275,2026-06-14T07:43:53.914Z,https://vahan.parivahan.gov.in/vahan4dashboard/vahan/view/reportview.xhtml
2026,6,INDIA TOTAL,All Vahan4 Running Office,STELLANTIS INDIA PVT LTD,ALL,ALL,ALL,ADAPTED VEHICLE|MOTOR CAR|MOTOR CARAVAN|OMNI BUS (PRIVATE USE)|VINTAGE MOTOR VEHICLE,132,2026-06-14T07:43:53.914Z,https://vahan.parivahan.gov.in/vahan4dashboard/vahan/view/reportview.xhtml
2026,6,INDIA TOTAL,All Vahan4 Running Office,SUZUKI MOTORCYCLE INDIA PVT LTD,ALL,ALL,ALL,ADAPTED VEHICLE|MOTOR CAR|MOTOR CARAVAN|OMNI BUS (PRIVATE USE)|VINTAGE MOTOR VEHICLE,7,2026-06-14T07:43:53.914Z,https://vahan.parivahan.gov.in/vahan4dashboard/vahan/view/reportview.xhtml
2026,6,INDIA TOTAL,All Vahan4 Running Office,TATA ADVANCED SYSTEMS LTD,ALL,ALL,ALL,ADAPTED VEHICLE|MOTOR CAR|MOTOR CARAVAN|OMNI BUS (PRIVATE USE)|VINTAGE MOTOR VEHICLE,0,2026-06-14T07:43:53.914Z,https://vahan.parivahan.gov.in/vahan4dashboard/vahan/view/reportview.xhtml
2026,6,INDIA TOTAL,All Vahan4 Running Office,TATA MOTORS LTD,ALL,ALL,ALL,ADAPTED VEHICLE|MOTOR CAR|MOTOR CARAVAN|OMNI BUS (PRIVATE USE)|VINTAGE MOTOR VEHICLE,72,2026-06-14T07:43:53.914Z,https://vahan.parivahan.gov.in/vahan4dashboard/vahan/view/reportview.xhtml
2026,6,INDIA TOTAL,All Vahan4 Running Office,TATA MOTORS PASSENGER VEHICLES LTD,ALL,ALL,ALL,ADAPTED VEHICLE|MOTOR CAR|MOTOR CARAVAN|OMNI BUS (PRIVATE USE)|VINTAGE MOTOR VEHICLE,14074,2026-06-14T07:43:53.914Z,https://vahan.parivahan.gov.in/vahan4dashboard/vahan/view/reportview.xhtml
2026,6,INDIA TOTAL,All Vahan4 Running Office,TATA PASSENGER ELECTRIC MOBILITY LTD,ALL,ALL,ALL,ADAPTED VEHICLE|MOTOR CAR|MOTOR CARAVAN|OMNI BUS (PRIVATE USE)|VINTAGE MOTOR VEHICLE,4030,2026-06-14T07:43:53.914Z,https://vahan.parivahan.gov.in/vahan4dashboard/vahan/view/reportview.xhtml
2026,6,INDIA TOTAL,All Vahan4 Running Office,TESLA INDIA MOTORS AND ENERGY PVT LTD,ALL,ALL,ALL,ADAPTED VEHICLE|MOTOR CAR|MOTOR CARAVAN|OMNI BUS (PRIVATE USE)|VINTAGE MOTOR VEHICLE,14,2026-06-14T07:43:53.914Z,https://vahan.parivahan.gov.in/vahan4dashboard/vahan/view/reportview.xhtml
2026,6,INDIA TOTAL,All Vahan4 Running Office,TOYOTA HIACE GL COMMUTER,ALL,ALL,ALL,ADAPTED VEHICLE|MOTOR CAR|MOTOR CARAVAN|OMNI BUS (PRIVATE USE)|VINTAGE MOTOR VEHICLE,1,2026-06-14T07:43:53.914Z,https://vahan.parivahan.gov.in/vahan4dashboard/vahan/view/reportview.xhtml
2026,6,INDIA TOTAL,All Vahan4 Running Office,TOYOTA KIRLOSKAR MOTOR PVT LTD,ALL,ALL,ALL,ADAPTED VEHICLE|MOTOR CAR|MOTOR CARAVAN|OMNI BUS (PRIVATE USE)|VINTAGE MOTOR VEHICLE,10871,2026-06-14T07:43:53.914Z,https://vahan.parivahan.gov.in/vahan4dashboard/vahan/view/reportview.xhtml
2026,6,INDIA TOTAL,All Vahan4 Running Office,TVS MOTOR COMPANY LTD,ALL,ALL,ALL,ADAPTED VEHICLE|MOTOR CAR|MOTOR CARAVAN|OMNI BUS (PRIVATE USE)|VINTAGE MOTOR VEHICLE,112,2026-06-14T07:43:53.914Z,https://vahan.parivahan.gov.in/vahan4dashboard/vahan/view/reportview.xhtml
2026,6,INDIA TOTAL,All Vahan4 Running Office,VE COMMERCIAL VEHICLES LTD,ALL,ALL,ALL,ADAPTED VEHICLE|MOTOR CAR|MOTOR CARAVAN|OMNI BUS (PRIVATE USE)|VINTAGE MOTOR VEHICLE,0,2026-06-14T07:43:53.914Z,https://vahan.parivahan.gov.in/vahan4dashboard/vahan/view/reportview.xhtml
2026,6,INDIA TOTAL,All Vahan4 Running Office,VINFAST AUTO INDIA PVT LTD,ALL,ALL,ALL,ADAPTED VEHICLE|MOTOR CAR|MOTOR CARAVAN|OMNI BUS (PRIVATE USE)|VINTAGE MOTOR VEHICLE,513,2026-06-14T07:43:53.914Z,https://vahan.parivahan.gov.in/vahan4dashboard/vahan/view/reportview.xhtml
2026,6,INDIA TOTAL,All Vahan4 Running Office,VINTAGE VEHICLES,ALL,ALL,ALL,ADAPTED VEHICLE|MOTOR CAR|MOTOR CARAVAN|OMNI BUS (PRIVATE USE)|VINTAGE MOTOR VEHICLE,0,2026-06-14T07:43:53.914Z,https://vahan.parivahan.gov.in/vahan4dashboard/vahan/view/reportview.xhtml
2026,6,INDIA TOTAL,All Vahan4 Running Office,VOLKSWAGEN AG,ALL,ALL,ALL,ADAPTED VEHICLE|MOTOR CAR|MOTOR CARAVAN|OMNI BUS (PRIVATE USE)|VINTAGE MOTOR VEHICLE,14,2026-06-14T07:43:53.914Z,https://vahan.parivahan.gov.in/vahan4dashboard/vahan/view/reportview.xhtml
2026,6,INDIA TOTAL,All Vahan4 Running Office,VOLVO,ALL,ALL,ALL,ADAPTED VEHICLE|MOTOR CAR|MOTOR CARAVAN|OMNI BUS (PRIVATE USE)|VINTAGE MOTOR VEHICLE,0,2026-06-14T07:43:53.914Z,https://vahan.parivahan.gov.in/vahan4dashboard/vahan/view/reportview.xhtml
2026,6,INDIA TOTAL,All Vahan4 Running Office,VOLVO AUTO INDIA PVT LTD,ALL,ALL,ALL,ADAPTED VEHICLE|MOTOR CAR|MOTOR CARAVAN|OMNI BUS (PRIVATE USE)|VINTAGE MOTOR VEHICLE,64,2026-06-14T07:43:53.914Z,https://vahan.parivahan.gov.in/vahan4dashboard/vahan/view/reportview.xhtml
2026,6,INDIA TOTAL,All Vahan4 Running Office,WILLYS INDIA LTD,ALL,ALL,ALL,ADAPTED VEHICLE|MOTOR CAR|MOTOR CARAVAN|OMNI BUS (PRIVATE USE)|VINTAGE MOTOR VEHICLE,0,2026-06-14T07:43:53.914Z,https://vahan.parivahan.gov.in/vahan4dashboard/vahan/view/reportview.xhtml
2026,6,INDIA TOTAL,All Vahan4 Running Office,WUHAN LOTUS (IMPORTER: EXCLUSIVE MOTORS PVT LTD),ALL,ALL,ALL,ADAPTED VEHICLE|MOTOR CAR|MOTOR CARAVAN|OMNI BUS (PRIVATE USE)|VINTAGE MOTOR VEHICLE,1,2026-06-14T07:43:53.914Z,https://vahan.parivahan.gov.in/vahan4dashboard/vahan/view/reportview.xhtml
2026,6,INDIA TOTAL,All Vahan4 Running Office,XYZ1,ALL,ALL,ALL,ADAPTED VEHICLE|MOTOR CAR|MOTOR CARAVAN|OMNI BUS (PRIVATE USE)|VINTAGE MOTOR VEHICLE,0,2026-06-14T07:43:53.914Z,https://vahan.parivahan.gov.in/vahan4dashboard/vahan/view/reportview.xhtml
2026,6,INDIA TOTAL,All Vahan4 Running Office,3EV INDUSTRIES PVT LTD,ALL,THREE WHEELER(NT)|THREE WHEELER(T),ALL,ALL,0,2026-06-14T07:43:27.637Z,https://vahan.parivahan.gov.in/vahan4dashboard/vahan/view/reportview.xhtml
2026,6,INDIA TOTAL,All Vahan4 Running Office,3S INDUSTRIES PRIVATE LIMITED,ALL,THREE WHEELER(NT)|THREE WHEELER(T),ALL,ALL,34,2026-06-14T07:43:27.639Z,https://vahan.parivahan.gov.in/vahan4dashboard/vahan/view/reportview.xhtml
2026,6,INDIA TOTAL,All Vahan4 Running Office,A K GUPTA & CO.,ALL,THREE WHEELER(NT)|THREE WHEELER(T),ALL,ALL,15,2026-06-14T07:43:27.639Z,https://vahan.parivahan.gov.in/vahan4dashboard/vahan/view/reportview.xhtml
2026,6,INDIA TOTAL,All Vahan4 Running Office,A N ENTERPRISES,ALL,THREE WHEELER(NT)|THREE WHEELER(T),ALL,ALL,5,2026-06-14T07:43:27.639Z,https://vahan.parivahan.gov.in/vahan4dashboard/vahan/view/reportview.xhtml
2026,6,INDIA TOTAL,All Vahan4 Running Office,A P I MOTORS PVT LTD,ALL,THREE WHEELER(NT)|THREE WHEELER(T),ALL,ALL,26,2026-06-14T07:43:27.639Z,https://vahan.parivahan.gov.in/vahan4dashboard/vahan/view/reportview.xhtml
2026,6,INDIA TOTAL,All Vahan4 Running Office,A.J ENTERPRISES,ALL,THREE WHEELER(NT)|THREE WHEELER(T),ALL,ALL,8,2026-06-14T07:43:27.639Z,https://vahan.parivahan.gov.in/vahan4dashboard/vahan/view/reportview.xhtml
2026,6,INDIA TOTAL,All Vahan4 Running Office,A.R. MOTOR,ALL,THREE WHEELER(NT)|THREE WHEELER(T),ALL,ALL,31,2026-06-14T07:43:27.640Z,https://vahan.parivahan.gov.in/vahan4dashboard/vahan/view/reportview.xhtml
2026,6,INDIA TOTAL,All Vahan4 Running Office,A.V.AUTOMOTIVES PVT LTD,ALL,THREE WHEELER(NT)|THREE WHEELER(T),ALL,ALL,12,2026-06-14T07:43:27.640Z,https://vahan.parivahan.gov.in/vahan4dashboard/vahan/view/reportview.xhtml
2026,6,INDIA TOTAL,All Vahan4 Running Office,AADHYA ENTERPRISES,ALL,THREE WHEELER(NT)|THREE WHEELER(T),ALL,ALL,3,2026-06-14T07:43:27.639Z,https://vahan.parivahan.gov.in/vahan4dashboard/vahan/view/reportview.xhtml
2026,6,INDIA TOTAL,All Vahan4 Running Office,AADITYA GARBAGE PRODUCTS PVT LTD,ALL,THREE WHEELER(NT)|THREE WHEELER(T),ALL,ALL,0,2026-06-14T07:43:27.639Z,https://vahan.parivahan.gov.in/vahan4dashboard/vahan/view/reportview.xhtml
2026,6,INDIA TOTAL,All Vahan4 Running Office,AAHANA COMMERCE PVT LTD,ALL,THREE WHEELER(NT)|THREE WHEELER(T),ALL,ALL,365,2026-06-14T07:43:27.639Z,https://vahan.parivahan.gov.in/vahan4dashboard/vahan/view/reportview.xhtml
2026,6,INDIA TOTAL,All Vahan4 Running Office,AAKK AUTO PVT LTD,ALL,THREE WHEELER(NT)|THREE WHEELER(T),ALL,ALL,20,2026-06-14T07:43:27.639Z,https://vahan.parivahan.gov.in/vahan4dashboard/vahan/view/reportview.xhtml
2026,6,INDIA TOTAL,All Vahan4 Running Office,AARON INDUSTRIES,ALL,THREE WHEELER(NT)|THREE WHEELER(T),ALL,ALL,0,2026-06-14T07:43:27.639Z,https://vahan.parivahan.gov.in/vahan4dashboard/vahan/view/reportview.xhtml
2026,6,INDIA TOTAL,All Vahan4 Running Office,ABV CARGO PVT LTD,ALL,THREE WHEELER(NT)|THREE WHEELER(T),ALL,ALL,13,2026-06-14T07:43:27.639Z,https://vahan.parivahan.gov.in/vahan4dashboard/vahan/view/reportview.xhtml
2026,6,INDIA TOTAL,All Vahan4 Running Office,ACCRETION POWER AUTOS,ALL,THREE WHEELER(NT)|THREE WHEELER(T),ALL,ALL,16,2026-06-14T07:43:27.639Z,https://vahan.parivahan.gov.in/vahan4dashboard/vahan/view/reportview.xhtml
2026,6,INDIA TOTAL,All Vahan4 Running Office,ADIDEV TECHNOA PVT LTD,ALL,THREE WHEELER(NT)|THREE WHEELER(T),ALL,ALL,124,2026-06-14T07:43:27.639Z,https://vahan.parivahan.gov.in/vahan4dashboard/vahan/view/reportview.xhtml
2026,6,INDIA TOTAL,All Vahan4 Running Office,ADIGURU MANUFACTURING PVT LTD,ALL,THREE WHEELER(NT)|THREE WHEELER(T),ALL,ALL,0,2026-06-14T07:43:27.639Z,https://vahan.parivahan.gov.in/vahan4dashboard/vahan/view/reportview.xhtml
2026,6,INDIA TOTAL,All Vahan4 Running Office,ADITYA SAI INDUSTRIES,ALL,THREE WHEELER(NT)|THREE WHEELER(T),ALL,ALL,0,2026-06-14T07:43:27.639Z,https://vahan.parivahan.gov.in/vahan4dashboard/vahan/view/reportview.xhtml
2026,6,INDIA TOTAL,All Vahan4 Running Office,ADM TECHNOLOGIES PVT. LTD.,ALL,THREE WHEELER(NT)|THREE WHEELER(T),ALL,ALL,1,2026-06-14T07:43:27.639Z,https://vahan.parivahan.gov.in/vahan4dashboard/vahan/view/reportview.xhtml
2026,6,INDIA TOTAL,All Vahan4 Running Office,AERODRIVE PVT LTD,ALL,THREE WHEELER(NT)|THREE WHEELER(T),ALL,ALL,22,2026-06-14T07:43:27.639Z,https://vahan.parivahan.gov.in/vahan4dashboard/vahan/view/reportview.xhtml
2026,6,INDIA TOTAL,All Vahan4 Running Office,AEROEAGLE AUTOMOBILES PVT LTD,ALL,THREE WHEELER(NT)|THREE WHEELER(T),ALL,ALL,0,2026-06-14T07:43:27.639Z,https://vahan.parivahan.gov.in/vahan4dashboard/vahan/view/reportview.xhtml
2026,6,INDIA TOTAL,All Vahan4 Running Office,AFKON AUTOMOTIVES PVT LTD,ALL,THREE WHEELER(NT)|THREE WHEELER(T),ALL,ALL,28,2026-06-14T07:43:27.639Z,https://vahan.parivahan.gov.in/vahan4dashboard/vahan/view/reportview.xhtml
2026,6,INDIA TOTAL,All Vahan4 Running Office,AGI AUTO INDUSTRIES,ALL,THREE WHEELER(NT)|THREE WHEELER(T),ALL,ALL,5,2026-06-14T07:43:27.639Z,https://vahan.parivahan.gov.in/vahan4dashboard/vahan/view/reportview.xhtml
2026,6,INDIA TOTAL,All Vahan4 Running Office,AJAY MOTORS PRIVATE LIMITED,ALL,THREE WHEELER(NT)|THREE WHEELER(T),ALL,ALL,4,2026-06-14T07:43:27.639Z,https://vahan.parivahan.gov.in/vahan4dashboard/vahan/view/reportview.xhtml
2026,6,INDIA TOTAL,All Vahan4 Running Office,AKG INTERNATIONAL,ALL,THREE WHEELER(NT)|THREE WHEELER(T),ALL,ALL,92,2026-06-14T07:43:27.639Z,https://vahan.parivahan.gov.in/vahan4dashboard/vahan/view/reportview.xhtml
2026,6,INDIA TOTAL,All Vahan4 Running Office,ALBEDO VISION PVT LTD,ALL,THREE WHEELER(NT)|THREE WHEELER(T),ALL,ALL,0,2026-06-14T07:43:27.639Z,https://vahan.parivahan.gov.in/vahan4dashboard/vahan/view/reportview.xhtml
2026,6,INDIA TOTAL,All Vahan4 Running Office,ALIED E MOBILITY PVT LTD,ALL,THREE WHEELER(NT)|THREE WHEELER(T),ALL,ALL,18,2026-06-14T07:43:27.639Z,https://vahan.parivahan.gov.in/vahan4dashboard/vahan/view/reportview.xhtml
2026,6,INDIA TOTAL,All Vahan4 Running Office,ALLENTTI MOTORS PVT LTD,ALL,THREE WHEELER(NT)|THREE WHEELER(T),ALL,ALL,0,2026-06-14T07:43:27.639Z,https://vahan.parivahan.gov.in/vahan4dashboard/vahan/view/reportview.xhtml
2026,6,INDIA TOTAL,All Vahan4 Running Office,ALLFINE INDUSTRIES PVT LTD,ALL,THREE WHEELER(NT)|THREE WHEELER(T),ALL,ALL,129,2026-06-14T07:43:27.639Z,https://vahan.parivahan.gov.in/vahan4dashboard/vahan/view/reportview.xhtml
2026,6,INDIA TOTAL,All Vahan4 Running Office,ALTIER ELECTRIC VEHICLES PVT LTD,ALL,THREE WHEELER(NT)|THREE WHEELER(T),ALL,ALL,98,2026-06-14T07:43:27.639Z,https://vahan.parivahan.gov.in/vahan4dashboard/vahan/view/reportview.xhtml
2026,6,INDIA TOTAL,All Vahan4 Running Office,ALTIGREEN PROPULSION LABS PVT LTD,ALL,THREE WHEELER(NT)|THREE WHEELER(T),ALL,ALL,0,2026-06-14T07:43:27.639Z,https://vahan.parivahan.gov.in/vahan4dashboard/vahan/view/reportview.xhtml
2026,6,INDIA TOTAL,All Vahan4 Running Office,ALTIUS TECHNOLOGIES,ALL,THREE WHEELER(NT)|THREE WHEELER(T),ALL,ALL,0,2026-06-14T07:43:27.639Z,https://vahan.parivahan.gov.in/vahan4dashboard/vahan/view/reportview.xhtml
2026,6,INDIA TOTAL,All Vahan4 Running Office,ALVI AUTO,ALL,THREE WHEELER(NT)|THREE WHEELER(T),ALL,ALL,9,2026-06-14T07:43:27.639Z,https://vahan.parivahan.gov.in/vahan4dashboard/vahan/view/reportview.xhtml
2026,6,INDIA TOTAL,All Vahan4 Running Office,AMAN AUTOMOBILES,ALL,THREE WHEELER(NT)|THREE WHEELER(T),ALL,ALL,26,2026-06-14T07:43:27.639Z,https://vahan.parivahan.gov.in/vahan4dashboard/vahan/view/reportview.xhtml
2026,6,INDIA TOTAL,All Vahan4 Running Office,AMAN ELECTRIC VEHICLES,ALL,THREE WHEELER(NT)|THREE WHEELER(T),ALL,ALL,45,2026-06-14T07:43:27.639Z,https://vahan.parivahan.gov.in/vahan4dashboard/vahan/view/reportview.xhtml
2026,6,INDIA TOTAL,All Vahan4 Running Office,AMBIKA ENTERPRISES,ALL,THREE WHEELER(NT)|THREE WHEELER(T),ALL,ALL,11,2026-06-14T07:43:27.639Z,https://vahan.parivahan.gov.in/vahan4dashboard/vahan/view/reportview.xhtml
2026,6,INDIA TOTAL,All Vahan4 Running Office,AMBIKA INDUSTRIES,ALL,THREE WHEELER(NT)|THREE WHEELER(T),ALL,ALL,61,2026-06-14T07:43:27.639Z,https://vahan.parivahan.gov.in/vahan4dashboard/vahan/view/reportview.xhtml
2026,6,INDIA TOTAL,All Vahan4 Running Office,AMIR KHAN SAIFI STEEL WORKS,ALL,THREE WHEELER(NT)|THREE WHEELER(T),ALL,ALL,6,2026-06-14T07:43:27.639Z,https://vahan.parivahan.gov.in/vahan4dashboard/vahan/view/reportview.xhtml
2026,6,INDIA TOTAL,All Vahan4 Running Office,ANJ TECH,ALL,THREE WHEELER(NT)|THREE WHEELER(T),ALL,ALL,2,2026-06-14T07:43:27.639Z,https://vahan.parivahan.gov.in/vahan4dashboard/vahan/view/reportview.xhtml
2026,6,INDIA TOTAL,All Vahan4 Running Office,ANJALI AUTO COMPONENTS,ALL,THREE WHEELER(NT)|THREE WHEELER(T),ALL,ALL,3,2026-06-14T07:43:27.639Z,https://vahan.parivahan.gov.in/vahan4dashboard/vahan/view/reportview.xhtml
2026,6,INDIA TOTAL,All Vahan4 Running Office,ANJALI TRADERS,ALL,THREE WHEELER(NT)|THREE WHEELER(T),ALL,ALL,10,2026-06-14T07:43:27.639Z,https://vahan.parivahan.gov.in/vahan4dashboard/vahan/view/reportview.xhtml
2026,6,INDIA TOTAL,All Vahan4 Running Office,ANTARK ENERGY,ALL,THREE WHEELER(NT)|THREE WHEELER(T),ALL,ALL,0,2026-06-14T07:43:27.639Z,https://vahan.parivahan.gov.in/vahan4dashboard/vahan/view/reportview.xhtml
2026,6,INDIA TOTAL,All Vahan4 Running Office,AOMBRAY ELECTRIC VEHICLE PVT LTD,ALL,THREE WHEELER(NT)|THREE WHEELER(T),ALL,ALL,0,2026-06-14T07:43:27.639Z,https://vahan.parivahan.gov.in/vahan4dashboard/vahan/view/reportview.xhtml
2026,6,INDIA TOTAL,All Vahan4 Running Office,APM AUTO SALES,ALL,THREE WHEELER(NT)|THREE WHEELER(T),ALL,ALL,79,2026-06-14T07:43:27.639Z,https://vahan.parivahan.gov.in/vahan4dashboard/vahan/view/reportview.xhtml
2026,6,INDIA TOTAL,All Vahan4 Running Office,APSARA ENTERPRISE,ALL,THREE WHEELER(NT)|THREE WHEELER(T),ALL,ALL,221,2026-06-14T07:43:27.639Z,https://vahan.parivahan.gov.in/vahan4dashboard/vahan/view/reportview.xhtml
2026,6,INDIA TOTAL,All Vahan4 Running Office,ARCHIT ENTERPRISES,ALL,THREE WHEELER(NT)|THREE WHEELER(T),ALL,ALL,65,2026-06-14T07:43:27.639Z,https://vahan.parivahan.gov.in/vahan4dashboard/vahan/view/reportview.xhtml
2026,6,INDIA TOTAL,All Vahan4 Running Office,ARIHANT ENTERPRISES,ALL,THREE WHEELER(NT)|THREE WHEELER(T),ALL,ALL,1,2026-06-14T07:43:27.640Z,https://vahan.parivahan.gov.in/vahan4dashboard/vahan/view/reportview.xhtml
2026,6,INDIA TOTAL,All Vahan4 Running Office,ARNA ELECTRIC AUTO PVT LTD,ALL,THREE WHEELER(NT)|THREE WHEELER(T),ALL,ALL,0,2026-06-14T07:43:27.640Z,https://vahan.parivahan.gov.in/vahan4dashboard/vahan/view/reportview.xhtml
2026,6,INDIA TOTAL,All Vahan4 Running Office,ARPITA E VEHICLES,ALL,THREE WHEELER(NT)|THREE WHEELER(T),ALL,ALL,20,2026-06-14T07:43:27.640Z,https://vahan.parivahan.gov.in/vahan4dashboard/vahan/view/reportview.xhtml
2026,6,INDIA TOTAL,All Vahan4 Running Office,ARROW AUTOMOTIVE,ALL,THREE WHEELER(NT)|THREE WHEELER(T),ALL,ALL,216,2026-06-14T07:43:27.640Z,https://vahan.parivahan.gov.in/vahan4dashboard/vahan/view/reportview.xhtml
2026,6,INDIA TOTAL,All Vahan4 Running Office,ARYAN INDUSTRIES,ALL,THREE WHEELER(NT)|THREE WHEELER(T),ALL,ALL,18,2026-06-14T07:43:27.640Z,https://vahan.parivahan.gov.in/vahan4dashboard/vahan/view/reportview.xhtml
2026,6,INDIA TOTAL,All Vahan4 Running Office,ASAV AUTOMOTIVE PVT LTD,ALL,THREE WHEELER(NT)|THREE WHEELER(T),ALL,ALL,0,2026-06-14T07:43:27.640Z,https://vahan.parivahan.gov.in/vahan4dashboard/vahan/view/reportview.xhtml
2026,6,INDIA TOTAL,All Vahan4 Running Office,ASHA IMPEX,ALL,THREE WHEELER(NT)|THREE WHEELER(T),ALL,ALL,1,2026-06-14T07:43:27.640Z,https://vahan.parivahan.gov.in/vahan4dashboard/vahan/view/reportview.xhtml
2026,6,INDIA TOTAL,All Vahan4 Running Office,ASHMA-MOTORS PVT LTD,ALL,THREE WHEELER(NT)|THREE WHEELER(T),ALL,ALL,61,2026-06-14T07:43:27.640Z,https://vahan.parivahan.gov.in/vahan4dashboard/vahan/view/reportview.xhtml
2026,6,INDIA TOTAL,All Vahan4 Running Office,ASTRO MOTORS PVT LTD,ALL,THREE WHEELER(NT)|THREE WHEELER(T),ALL,ALL,1,2026-06-14T07:43:27.640Z,https://vahan.parivahan.gov.in/vahan4dashboard/vahan/view/reportview.xhtml
2026,6,INDIA TOTAL,All Vahan4 Running Office,ATTOLENT AUTO GROUP PVT LTD,ALL,THREE WHEELER(NT)|THREE WHEELER(T),ALL,ALL,25,2026-06-14T07:43:27.640Z,https://vahan.parivahan.gov.in/vahan4dashboard/vahan/view/reportview.xhtml
2026,6,INDIA TOTAL,All Vahan4 Running Office,ATUL AUTO LTD,ALL,THREE WHEELER(NT)|THREE WHEELER(T),ALL,ALL,1272,2026-06-14T07:43:27.640Z,https://vahan.parivahan.gov.in/vahan4dashboard/vahan/view/reportview.xhtml
2026,6,INDIA TOTAL,All Vahan4 Running Office,ATUL GREENTECH PRIVATE LIMITED,ALL,THREE WHEELER(NT)|THREE WHEELER(T),ALL,ALL,13,2026-06-14T07:43:27.640Z,https://vahan.parivahan.gov.in/vahan4dashboard/vahan/view/reportview.xhtml
2026,6,INDIA TOTAL,All Vahan4 Running Office,ATUT SANGAM,ALL,THREE WHEELER(NT)|THREE WHEELER(T),ALL,ALL,50,2026-06-14T07:43:27.640Z,https://vahan.parivahan.gov.in/vahan4dashboard/vahan/view/reportview.xhtml
2026,6,INDIA TOTAL,All Vahan4 Running Office,AUTO SUPREME INDUSTRIES,ALL,THREE WHEELER(NT)|THREE WHEELER(T),ALL,ALL,1,2026-06-14T07:43:27.640Z,https://vahan.parivahan.gov.in/vahan4dashboard/vahan/view/reportview.xhtml
2026,6,INDIA TOTAL,All Vahan4 Running Office,AUTOECO GREEN ENERGY PVT LTD,ALL,THREE WHEELER(NT)|THREE WHEELER(T),ALL,ALL,21,2026-06-14T07:43:27.640Z,https://vahan.parivahan.gov.in/vahan4dashboard/vahan/view/reportview.xhtml
2026,6,INDIA TOTAL,All Vahan4 Running Office,AUTOHAUS PRIVATE LIMITED,ALL,THREE WHEELER(NT)|THREE WHEELER(T),ALL,ALL,0,2026-06-14T07:43:27.640Z,https://vahan.parivahan.gov.in/vahan4dashboard/vahan/view/reportview.xhtml
2026,6,INDIA TOTAL,All Vahan4 Running Office,AUTOZONE IMPEX LLP,ALL,THREE WHEELER(NT)|THREE WHEELER(T),ALL,ALL,5,2026-06-14T07:43:27.640Z,https://vahan.parivahan.gov.in/vahan4dashboard/vahan/view/reportview.xhtml
2026,6,INDIA TOTAL,All Vahan4 Running Office,AVL ELECTRIC VEHICLES PVT LTD,ALL,THREE WHEELER(NT)|THREE WHEELER(T),ALL,ALL,63,2026-06-14T07:43:27.640Z,https://vahan.parivahan.gov.in/vahan4dashboard/vahan/view/reportview.xhtml
2026,6,INDIA TOTAL,All Vahan4 Running Office,AVON CYCLES LTD,ALL,THREE WHEELER(NT)|THREE WHEELER(T),ALL,ALL,5,2026-06-14T07:43:27.640Z,https://vahan.parivahan.gov.in/vahan4dashboard/vahan/view/reportview.xhtml
2026,6,INDIA TOTAL,All Vahan4 Running Office,AYUSH MOTORS,ALL,THREE WHEELER(NT)|THREE WHEELER(T),ALL,ALL,2,2026-06-14T07:43:27.640Z,https://vahan.parivahan.gov.in/vahan4dashboard/vahan/view/reportview.xhtml
2026,6,INDIA TOTAL,All Vahan4 Running Office,AZZURRO MOBILITY LLP,ALL,THREE WHEELER(NT)|THREE WHEELER(T),ALL,ALL,0,2026-06-14T07:43:27.640Z,https://vahan.parivahan.gov.in/vahan4dashboard/vahan/view/reportview.xhtml
2026,6,INDIA TOTAL,All Vahan4 Running Office,B24 ROKET EV,ALL,THREE WHEELER(NT)|THREE WHEELER(T),ALL,ALL,30,2026-06-14T07:43:27.640Z,https://vahan.parivahan.gov.in/vahan4dashboard/vahan/view/reportview.xhtml
2026,6,INDIA TOTAL,All Vahan4 Running Office,BABA E-VEHICLES,ALL,THREE WHEELER(NT)|THREE WHEELER(T),ALL,ALL,2,2026-06-14T07:43:27.640Z,https://vahan.parivahan.gov.in/vahan4dashboard/vahan/view/reportview.xhtml
2026,6,INDIA TOTAL,All Vahan4 Running Office,BADSHAH ENTERPRISES,ALL,THREE WHEELER(NT)|THREE WHEELER(T),ALL,ALL,19,2026-06-14T07:43:27.640Z,https://vahan.parivahan.gov.in/vahan4dashboard/vahan/view/reportview.xhtml
2026,6,INDIA TOTAL,All Vahan4 Running Office,BAGHWAN RIKSHAW UDYOG,ALL,THREE WHEELER(NT)|THREE WHEELER(T),ALL,ALL,0,2026-06-14T07:43:27.640Z,https://vahan.parivahan.gov.in/vahan4dashboard/vahan/view/reportview.xhtml
2026,6,INDIA TOTAL,All Vahan4 Running Office,BAJAJ AUTO LTD,ALL,THREE WHEELER(NT)|THREE WHEELER(T),ALL,ALL,17124,2026-06-14T07:43:27.640Z,https://vahan.parivahan.gov.in/vahan4dashboard/vahan/view/reportview.xhtml
2026,6,INDIA TOTAL,All Vahan4 Running Office,BAJAJ IMPLEMENTS PVT. LTD,ALL,THREE WHEELER(NT)|THREE WHEELER(T),ALL,ALL,8,2026-06-14T07:43:27.640Z,https://vahan.parivahan.gov.in/vahan4dashboard/vahan/view/reportview.xhtml
2026,6,INDIA TOTAL,All Vahan4 Running Office,BAL GOPAL WHEELS PVT LTD,ALL,THREE WHEELER(NT)|THREE WHEELER(T),ALL,ALL,0,2026-06-14T07:43:27.640Z,https://vahan.parivahan.gov.in/vahan4dashboard/vahan/view/reportview.xhtml
2026,6,INDIA TOTAL,All Vahan4 Running Office,BALAJI TRADING COMPANY,ALL,THREE WHEELER(NT)|THREE WHEELER(T),ALL,ALL,0,2026-06-14T07:43:27.640Z,https://vahan.parivahan.gov.in/vahan4dashboard/vahan/view/reportview.xhtml
2026,6,INDIA TOTAL,All Vahan4 Running Office,BALAN ENGINEERING PVT LTD,ALL,THREE WHEELER(NT)|THREE WHEELER(T),ALL,ALL,0,2026-06-14T07:43:27.640Z,https://vahan.parivahan.gov.in/vahan4dashboard/vahan/view/reportview.xhtml
2026,6,INDIA TOTAL,All Vahan4 Running Office,BALI AUTO INDUSTRIES,ALL,THREE WHEELER(NT)|THREE WHEELER(T),ALL,ALL,4,2026-06-14T07:43:27.640Z,https://vahan.parivahan.gov.in/vahan4dashboard/vahan/view/reportview.xhtml
2026,6,INDIA TOTAL,All Vahan4 Running Office,BAMUR INDUSTRIES & ENGINEERING PVT LTD,ALL,THREE WHEELER(NT)|THREE WHEELER(T),ALL,ALL,2,2026-06-14T07:43:27.640Z,https://vahan.parivahan.gov.in/vahan4dashboard/vahan/view/reportview.xhtml
2026,6,INDIA TOTAL,All Vahan4 Running Office,BAXY LTD,ALL,THREE WHEELER(NT)|THREE WHEELER(T),ALL,ALL,194,2026-06-14T07:43:27.640Z,https://vahan.parivahan.gov.in/vahan4dashboard/vahan/view/reportview.xhtml
2026,6,INDIA TOTAL,All Vahan4 Running Office,BENTINCK INDUSTRIES PVT. LTD.,ALL,THREE WHEELER(NT)|THREE WHEELER(T),ALL,ALL,5,2026-06-14T07:43:27.640Z,https://vahan.parivahan.gov.in/vahan4dashboard/vahan/view/reportview.xhtml
2026,6,INDIA TOTAL,All Vahan4 Running Office,BEST WAY AGENCIES PVT LTD,ALL,THREE WHEELER(NT)|THREE WHEELER(T),ALL,ALL,105,2026-06-14T07:43:27.640Z,https://vahan.parivahan.gov.in/vahan4dashboard/vahan/view/reportview.xhtml
2026,6,INDIA TOTAL,All Vahan4 Running Office,BHADAURIA ENTERPRISES,ALL,THREE WHEELER(NT)|THREE WHEELER(T),ALL,ALL,0,2026-06-14T07:43:27.640Z,https://vahan.parivahan.gov.in/vahan4dashboard/vahan/view/reportview.xhtml
2026,6,INDIA TOTAL,All Vahan4 Running Office,BHARATH MOTOCORP,ALL,THREE WHEELER(NT)|THREE WHEELER(T),ALL,ALL,5,2026-06-14T07:43:27.640Z,https://vahan.parivahan.gov.in/vahan4dashboard/vahan/view/reportview.xhtml
2026,6,INDIA TOTAL,All Vahan4 Running Office,BHAVE ELECTRIC VEHICLES PVT LTD,ALL,THREE WHEELER(NT)|THREE WHEELER(T),ALL,ALL,54,2026-06-14T07:43:27.640Z,https://vahan.parivahan.gov.in/vahan4dashboard/vahan/view/reportview.xhtml
2026,6,INDIA TOTAL,All Vahan4 Running Office,BHM AUTOMOTIVES PVT LTD,ALL,THREE WHEELER(NT)|THREE WHEELER(T),ALL,ALL,147,2026-06-14T07:43:27.640Z,https://vahan.parivahan.gov.in/vahan4dashboard/vahan/view/reportview.xhtml
2026,6,INDIA TOTAL,All Vahan4 Running Office,BHOLE SHANKAR MOTOR BODY,ALL,THREE WHEELER(NT)|THREE WHEELER(T),ALL,ALL,0,2026-06-14T07:43:27.640Z,https://vahan.parivahan.gov.in/vahan4dashboard/vahan/view/reportview.xhtml
2026,6,INDIA TOTAL,All Vahan4 Running Office,BIG BULL TRADER PVT LTD,ALL,THREE WHEELER(NT)|THREE WHEELER(T),ALL,ALL,132,2026-06-14T07:43:27.640Z,https://vahan.parivahan.gov.in/vahan4dashboard/vahan/view/reportview.xhtml
2026,6,INDIA TOTAL,All Vahan4 Running Office,BILLU ELECTRIC MOTOR VEHICLES,ALL,THREE WHEELER(NT)|THREE WHEELER(T),ALL,ALL,1,2026-06-14T07:43:27.640Z,https://vahan.parivahan.gov.in/vahan4dashboard/vahan/view/reportview.xhtml
2026,6,INDIA TOTAL,All Vahan4 Running Office,BISWAS MOTORS,ALL,THREE WHEELER(NT)|THREE WHEELER(T),ALL,ALL,1,2026-06-14T07:43:27.640Z,https://vahan.parivahan.gov.in/vahan4dashboard/vahan/view/reportview.xhtml
2026,6,INDIA TOTAL,All Vahan4 Running Office,BLUE EDGE TRADE VENTURE PVT. LTD,ALL,THREE WHEELER(NT)|THREE WHEELER(T),ALL,ALL,9,2026-06-14T07:43:27.640Z,https://vahan.parivahan.gov.in/vahan4dashboard/vahan/view/reportview.xhtml
2026,6,INDIA TOTAL,All Vahan4 Running Office,BOSS ENTERPRISES,ALL,THREE WHEELER(NT)|THREE WHEELER(T),ALL,ALL,8,2026-06-14T07:43:27.640Z,https://vahan.parivahan.gov.in/vahan4dashboard/vahan/view/reportview.xhtml
2026,6,INDIA TOTAL,All Vahan4 Running Office,BPH MOBILITY PVT LTD,ALL,THREE WHEELER(NT)|THREE WHEELER(T),ALL,ALL,0,2026-06-14T07:43:27.640Z,https://vahan.parivahan.gov.in/vahan4dashboard/vahan/view/reportview.xhtml
2026,6,INDIA TOTAL,All Vahan4 Running Office,BRIGHT AUTOZONE PVT LTD,ALL,THREE WHEELER(NT)|THREE WHEELER(T),ALL,ALL,113,2026-06-14T07:43:27.640Z,https://vahan.parivahan.gov.in/vahan4dashboard/vahan/view/reportview.xhtml
2026,6,INDIA TOTAL,All Vahan4 Running Office,BRIGHT SAFAR,ALL,THREE WHEELER(NT)|THREE WHEELER(T),ALL,ALL,9,2026-06-14T07:43:27.640Z,https://vahan.parivahan.gov.in/vahan4dashboard/vahan/view/reportview.xhtml
2026,6,INDIA TOTAL,All Vahan4 Running Office,BSERAIL ENGINEERING PVT LTD,ALL,THREE WHEELER(NT)|THREE WHEELER(T),ALL,ALL,5,2026-06-14T07:43:27.640Z,https://vahan.parivahan.gov.in/vahan4dashboard/vahan/view/reportview.xhtml
2026,6,INDIA TOTAL,All Vahan4 Running Office,BUZZCHARGE ELECTRIC VEHICLES PVT LTD,ALL,THREE WHEELER(NT)|THREE WHEELER(T),ALL,ALL,0,2026-06-14T07:43:27.640Z,https://vahan.parivahan.gov.in/vahan4dashboard/vahan/view/reportview.xhtml
2026,6,INDIA TOTAL,All Vahan4 Running Office,C M OVERSEAS,ALL,THREE WHEELER(NT)|THREE WHEELER(T),ALL,ALL,2,2026-06-14T07:43:27.640Z,https://vahan.parivahan.gov.in/vahan4dashboard/vahan/view/reportview.xhtml
2026,6,INDIA TOTAL,All Vahan4 Running Office,CAP ELECTRIC WORKS LLP,ALL,THREE WHEELER(NT)|THREE WHEELER(T),ALL,ALL,0,2026-06-14T07:43:27.640Z,https://vahan.parivahan.gov.in/vahan4dashboard/vahan/view/reportview.xhtml
2026,6,INDIA TOTAL,All Vahan4 Running Office,CAPCO INDUSTRIES PVT LTD,ALL,THREE WHEELER(NT)|THREE WHEELER(T),ALL,ALL,0,2026-06-14T07:43:27.640Z,https://vahan.parivahan.gov.in/vahan4dashboard/vahan/view/reportview.xhtml
2026,6,INDIA TOTAL,All Vahan4 Running Office,CARREE YUNUS VEHICLE PVT LTD,ALL,THREE WHEELER(NT)|THREE WHEELER(T),ALL,ALL,6,2026-06-14T07:43:27.640Z,https://vahan.parivahan.gov.in/vahan4dashboard/vahan/view/reportview.xhtml
2026,6,INDIA TOTAL,All Vahan4 Running Office,CART INDIA,ALL,THREE WHEELER(NT)|THREE WHEELER(T),ALL,ALL,68,2026-06-14T07:43:27.640Z,https://vahan.parivahan.gov.in/vahan4dashboard/vahan/view/reportview.xhtml
2026,6,INDIA TOTAL,All Vahan4 Running Office,CEEON INDIA,ALL,THREE WHEELER(NT)|THREE WHEELER(T),ALL,ALL,2,2026-06-14T07:43:27.640Z,https://vahan.parivahan.gov.in/vahan4dashboard/vahan/view/reportview.xhtml
2026,6,INDIA TOTAL,All Vahan4 Running Office,CELLETRON MOTOR WORKS,ALL,THREE WHEELER(NT)|THREE WHEELER(T),ALL,ALL,3,2026-06-14T07:43:27.640Z,https://vahan.parivahan.gov.in/vahan4dashboard/vahan/view/reportview.xhtml
2026,6,INDIA TOTAL,All Vahan4 Running Office,CG & BROTHER CO,ALL,THREE WHEELER(NT)|THREE WHEELER(T),ALL,ALL,4,2026-06-14T07:43:27.640Z,https://vahan.parivahan.gov.in/vahan4dashboard/vahan/view/reportview.xhtml
2026,6,INDIA TOTAL,All Vahan4 Running Office,CHAMPION POLY PLAST,ALL,THREE WHEELER(NT)|THREE WHEELER(T),ALL,ALL,197,2026-06-14T07:43:27.640Z,https://vahan.parivahan.gov.in/vahan4dashboard/vahan/view/reportview.xhtml
2026,6,INDIA TOTAL,All Vahan4 Running Office,CHANDAKE-AUTOMOBILES LLP,ALL,THREE WHEELER(NT)|THREE WHEELER(T),ALL,ALL,0,2026-06-14T07:43:27.640Z,https://vahan.parivahan.gov.in/vahan4dashboard/vahan/view/reportview.xhtml
2026,6,INDIA TOTAL,All Vahan4 Running Office,CHAUHAN AUTO INDUSTRIES,ALL,THREE WHEELER(NT)|THREE WHEELER(T),ALL,ALL,10,2026-06-14T07:43:27.640Z,https://vahan.parivahan.gov.in/vahan4dashboard/vahan/view/reportview.xhtml
2026,6,INDIA TOTAL,All Vahan4 Running Office,CHEHAK BATTERIES,ALL,THREE WHEELER(NT)|THREE WHEELER(T),ALL,ALL,8,2026-06-14T07:43:27.640Z,https://vahan.parivahan.gov.in/vahan4dashboard/vahan/view/reportview.xhtml
2026,6,INDIA TOTAL,All Vahan4 Running Office,CITYGREEN AUTO & PETRO CHEMICALS (P) LTD,ALL,THREE WHEELER(NT)|THREE WHEELER(T),ALL,ALL,2,2026-06-14T07:43:27.640Z,https://vahan.parivahan.gov.in/vahan4dashboard/vahan/view/reportview.xhtml
2026,6,INDIA TOTAL,All Vahan4 Running Office,CONTINENTAL ENGINES PVT LTD,ALL,THREE WHEELER(NT)|THREE WHEELER(T),ALL,ALL,1,2026-06-14T07:43:27.640Z,https://vahan.parivahan.gov.in/vahan4dashboard/vahan/view/reportview.xhtml
2026,6,INDIA TOTAL,All Vahan4 Running Office,COVAI GREEN RIDE,ALL,THREE WHEELER(NT)|THREE WHEELER(T),ALL,ALL,0,2026-06-14T07:43:27.640Z,https://vahan.parivahan.gov.in/vahan4dashboard/vahan/view/reportview.xhtml
2026,6,INDIA TOTAL,All Vahan4 Running Office,CREATIVE AUTOMOTIVE,ALL,THREE WHEELER(NT)|THREE WHEELER(T),ALL,ALL,32,2026-06-14T07:43:27.640Z,https://vahan.parivahan.gov.in/vahan4dashboard/vahan/view/reportview.xhtml
2026,6,INDIA TOTAL,All Vahan4 Running Office,CREATIVE ENGINEERINGS,ALL,THREE WHEELER(NT)|THREE WHEELER(T),ALL,ALL,0,2026-06-14T07:43:27.640Z,https://vahan.parivahan.gov.in/vahan4dashboard/vahan/view/reportview.xhtml
2026,6,INDIA TOTAL,All Vahan4 Running Office,CYNOSURE INDUSTRIES,ALL,THREE WHEELER(NT)|THREE WHEELER(T),ALL,ALL,7,2026-06-14T07:43:27.640Z,https://vahan.parivahan.gov.in/vahan4dashboard/vahan/view/reportview.xhtml
2026,6,INDIA TOTAL,All Vahan4 Running Office,CYRUS AUTO INDUSTRIES PVT LTD,ALL,THREE WHEELER(NT)|THREE WHEELER(T),ALL,ALL,0,2026-06-14T07:43:27.640Z,https://vahan.parivahan.gov.in/vahan4dashboard/vahan/view/reportview.xhtml
2026,6,INDIA TOTAL,All Vahan4 Running Office,D S INDUSTRIES,ALL,THREE WHEELER(NT)|THREE WHEELER(T),ALL,ALL,1,2026-06-14T07:43:27.640Z,https://vahan.parivahan.gov.in/vahan4dashboard/vahan/view/reportview.xhtml
2026,6,INDIA TOTAL,All Vahan4 Running Office,D&V AUTO INDUSTRIES PVT LTD,ALL,THREE WHEELER(NT)|THREE WHEELER(T),ALL,ALL,4,2026-06-14T07:43:27.640Z,https://vahan.parivahan.gov.in/vahan4dashboard/vahan/view/reportview.xhtml
2026,6,INDIA TOTAL,All Vahan4 Running Office,DAKSH INDUSTRY PVT LTD,ALL,THREE WHEELER(NT)|THREE WHEELER(T),ALL,ALL,284,2026-06-14T07:43:27.640Z,https://vahan.parivahan.gov.in/vahan4dashboard/vahan/view/reportview.xhtml
2026,6,INDIA TOTAL,All Vahan4 Running Office,DASHMESH TRADERS,ALL,THREE WHEELER(NT)|THREE WHEELER(T),ALL,ALL,9,2026-06-14T07:43:27.640Z,https://vahan.parivahan.gov.in/vahan4dashboard/vahan/view/reportview.xhtml
2026,6,INDIA TOTAL,All Vahan4 Running Office,DAVE EXIM PVT LTD,ALL,THREE WHEELER(NT)|THREE WHEELER(T),ALL,ALL,0,2026-06-14T07:43:27.640Z,https://vahan.parivahan.gov.in/vahan4dashboard/vahan/view/reportview.xhtml
2026,6,INDIA TOTAL,All Vahan4 Running Office,DE EUSI MOTORS PVT LTD.,ALL,THREE WHEELER(NT)|THREE WHEELER(T),ALL,ALL,169,2026-06-14T07:43:27.640Z,https://vahan.parivahan.gov.in/vahan4dashboard/vahan/view/reportview.xhtml
2026,6,INDIA TOTAL,All Vahan4 Running Office,DEBU AUTOMOBILES,ALL,THREE WHEELER(NT)|THREE WHEELER(T),ALL,ALL,0,2026-06-14T07:43:27.640Z,https://vahan.parivahan.gov.in/vahan4dashboard/vahan/view/reportview.xhtml
2026,6,INDIA TOTAL,All Vahan4 Running Office,DEEP DRAWN TECHNOLOGIES,ALL,THREE WHEELER(NT)|THREE WHEELER(T),ALL,ALL,1,2026-06-14T07:43:27.640Z,https://vahan.parivahan.gov.in/vahan4dashboard/vahan/view/reportview.xhtml
2026,6,INDIA TOTAL,All Vahan4 Running Office,DEEP ELECTRIC VEHICLES,ALL,THREE WHEELER(NT)|THREE WHEELER(T),ALL,ALL,6,2026-06-14T07:43:27.640Z,https://vahan.parivahan.gov.in/vahan4dashboard/vahan/view/reportview.xhtml
2026,6,INDIA TOTAL,All Vahan4 Running Office,DELTA AUTOCORP LTD,ALL,THREE WHEELER(NT)|THREE WHEELER(T),ALL,ALL,16,2026-06-14T07:43:27.640Z,https://vahan.parivahan.gov.in/vahan4dashboard/vahan/view/reportview.xhtml
2026,6,INDIA TOTAL,All Vahan4 Running Office,DELTEK ENTERPRISES PVT LTD,ALL,THREE WHEELER(NT)|THREE WHEELER(T),ALL,ALL,6,2026-06-14T07:43:27.640Z,https://vahan.parivahan.gov.in/vahan4dashboard/vahan/view/reportview.xhtml
2026,6,INDIA TOTAL,All Vahan4 Running Office,DEV MOTORS,ALL,THREE WHEELER(NT)|THREE WHEELER(T),ALL,ALL,122,2026-06-14T07:43:27.640Z,https://vahan.parivahan.gov.in/vahan4dashboard/vahan/view/reportview.xhtml
2026,6,INDIA TOTAL,All Vahan4 Running Office,DEVAM ELECTRIC VEHICLES PVT LTD,ALL,THREE WHEELER(NT)|THREE WHEELER(T),ALL,ALL,9,2026-06-14T07:43:27.640Z,https://vahan.parivahan.gov.in/vahan4dashboard/vahan/view/reportview.xhtml
2026,6,INDIA TOTAL,All Vahan4 Running Office,DEVCHHAYA MOTORS,ALL,THREE WHEELER(NT)|THREE WHEELER(T),ALL,ALL,0,2026-06-14T07:43:27.640Z,https://vahan.parivahan.gov.in/vahan4dashboard/vahan/view/reportview.xhtml
2026,6,INDIA TOTAL,All Vahan4 Running Office,DHAR IN PVT LTD,ALL,THREE WHEELER(NT)|THREE WHEELER(T),ALL,ALL,80,2026-06-14T07:43:27.640Z,https://vahan.parivahan.gov.in/vahan4dashboard/vahan/view/reportview.xhtml
2026,6,INDIA TOTAL,All Vahan4 Running Office,DHARMPAL ENTERPRISES,ALL,THREE WHEELER(NT)|THREE WHEELER(T),ALL,ALL,15,2026-06-14T07:43:27.640Z,https://vahan.parivahan.gov.in/vahan4dashboard/vahan/view/reportview.xhtml
2026,6,INDIA TOTAL,All Vahan4 Running Office,DHRITI ENTERPRISES,ALL,THREE WHEELER(NT)|THREE WHEELER(T),ALL,ALL,3,2026-06-14T07:43:27.640Z,https://vahan.parivahan.gov.in/vahan4dashboard/vahan/view/reportview.xhtml
2026,6,INDIA TOTAL,All Vahan4 Running Office,DIAMOND E VEHICLES,ALL,THREE WHEELER(NT)|THREE WHEELER(T),ALL,ALL,23,2026-06-14T07:43:27.640Z,https://vahan.parivahan.gov.in/vahan4dashboard/vahan/view/reportview.xhtml
2026,6,INDIA TOTAL,All Vahan4 Running Office,DILLI ELECTRIC AUTO PVT LTD,ALL,THREE WHEELER(NT)|THREE WHEELER(T),ALL,ALL,793,2026-06-14T07:43:27.640Z,https://vahan.parivahan.gov.in/vahan4dashboard/vahan/view/reportview.xhtml
2026,6,INDIA TOTAL,All Vahan4 Running Office,DIVANSU AUTOMOBILES LTD,ALL,THREE WHEELER(NT)|THREE WHEELER(T),ALL,ALL,4,2026-06-14T07:43:27.640Z,https://vahan.parivahan.gov.in/vahan4dashboard/vahan/view/reportview.xhtml
2026,6,INDIA TOTAL,All Vahan4 Running Office,DIVYA ENTERPRISES,ALL,THREE WHEELER(NT)|THREE WHEELER(T),ALL,ALL,36,2026-06-14T07:43:27.640Z,https://vahan.parivahan.gov.in/vahan4dashboard/vahan/view/reportview.xhtml
2026,6,INDIA TOTAL,All Vahan4 Running Office,DOOARS HINDUSTAN PVT LTD,ALL,THREE WHEELER(NT)|THREE WHEELER(T),ALL,ALL,28,2026-06-14T07:43:27.640Z,https://vahan.parivahan.gov.in/vahan4dashboard/vahan/view/reportview.xhtml
2026,6,INDIA TOTAL,All Vahan4 Running Office,DSR EV MOBILITY PVT LTD,ALL,THREE WHEELER(NT)|THREE WHEELER(T),ALL,ALL,4,2026-06-14T07:43:27.640Z,https://vahan.parivahan.gov.in/vahan4dashboard/vahan/view/reportview.xhtml
2026,6,INDIA TOTAL,All Vahan4 Running Office,DUKE AUTO INDIA,ALL,THREE WHEELER(NT)|THREE WHEELER(T),ALL,ALL,13,2026-06-14T07:43:27.640Z,https://vahan.parivahan.gov.in/vahan4dashboard/vahan/view/reportview.xhtml
2026,6,INDIA TOTAL,All Vahan4 Running Office,DYS IMPEX PRIVATE LIMITED,ALL,THREE WHEELER(NT)|THREE WHEELER(T),ALL,ALL,123,2026-06-14T07:43:27.640Z,https://vahan.parivahan.gov.in/vahan4dashboard/vahan/view/reportview.xhtml
2026,6,INDIA TOTAL,All Vahan4 Running Office,E ROYCE MOTORS INDIA PVT LTD,ALL,THREE WHEELER(NT)|THREE WHEELER(T),ALL,ALL,153,2026-06-14T07:43:27.640Z,https://vahan.parivahan.gov.in/vahan4dashboard/vahan/view/reportview.xhtml
2026,6,INDIA TOTAL,All Vahan4 Running Office,E-ASHWA AUTOMOTIVE PVT LTD,ALL,THREE WHEELER(NT)|THREE WHEELER(T),ALL,ALL,1,2026-06-14T07:43:27.640Z,https://vahan.parivahan.gov.in/vahan4dashboard/vahan/view/reportview.xhtml
2026,6,INDIA TOTAL,All Vahan4 Running Office,E-GURU AUTO ENERGY,ALL,THREE WHEELER(NT)|THREE WHEELER(T),ALL,ALL,0,2026-06-14T07:43:27.640Z,https://vahan.parivahan.gov.in/vahan4dashboard/vahan/view/reportview.xhtml
2026,6,INDIA TOTAL,All Vahan4 Running Office,E-MOTION AUTOMOTIVE INDUSTRY LLP,ALL,THREE WHEELER(NT)|THREE WHEELER(T),ALL,ALL,1,2026-06-14T07:43:27.640Z,https://vahan.parivahan.gov.in/vahan4dashboard/vahan/view/reportview.xhtml
2026,6,INDIA TOTAL,All Vahan4 Running Office,E-POWER CORP,ALL,THREE WHEELER(NT)|THREE WHEELER(T),ALL,ALL,0,2026-06-14T07:43:27.640Z,https://vahan.parivahan.gov.in/vahan4dashboard/vahan/view/reportview.xhtml
2026,6,INDIA TOTAL,All Vahan4 Running Office,EBUZZ MOBILITY LLP,ALL,THREE WHEELER(NT)|THREE WHEELER(T),ALL,ALL,2,2026-06-14T07:43:27.640Z,https://vahan.parivahan.gov.in/vahan4dashboard/vahan/view/reportview.xhtml
2026,6,INDIA TOTAL,All Vahan4 Running Office,ECO DYNAAMIC EQUIPMENTS,ALL,THREE WHEELER(NT)|THREE WHEELER(T),ALL,ALL,1,2026-06-14T07:43:27.640Z,https://vahan.parivahan.gov.in/vahan4dashboard/vahan/view/reportview.xhtml
2026,6,INDIA TOTAL,All Vahan4 Running Office,ECO SMART VEHICLES PVT LTD,ALL,THREE WHEELER(NT)|THREE WHEELER(T),ALL,ALL,44,2026-06-14T07:43:27.640Z,https://vahan.parivahan.gov.in/vahan4dashboard/vahan/view/reportview.xhtml
2026,6,INDIA TOTAL,All Vahan4 Running Office,ECO-FRIENDLY ELECTRIC VEHICLE PVT LTD,ALL,THREE WHEELER(NT)|THREE WHEELER(T),ALL,ALL,18,2026-06-14T07:43:27.640Z,https://vahan.parivahan.gov.in/vahan4dashboard/vahan/view/reportview.xhtml
2026,6,INDIA TOTAL,All Vahan4 Running Office,ECOPULSE MOTORS LLP,ALL,THREE WHEELER(NT)|THREE WHEELER(T),ALL,ALL,2,2026-06-14T07:43:27.640Z,https://vahan.parivahan.gov.in/vahan4dashboard/vahan/view/reportview.xhtml
2026,6,INDIA TOTAL,All Vahan4 Running Office,EDMRC MANNSCHAFT LLP,ALL,THREE WHEELER(NT)|THREE WHEELER(T),ALL,ALL,0,2026-06-14T07:43:27.640Z,https://vahan.parivahan.gov.in/vahan4dashboard/vahan/view/reportview.xhtml
2026,6,INDIA TOTAL,All Vahan4 Running Office,EEVEE ENGINEERING PVT LTD,ALL,THREE WHEELER(NT)|THREE WHEELER(T),ALL,ALL,1,2026-06-14T07:43:27.640Z,https://vahan.parivahan.gov.in/vahan4dashboard/vahan/view/reportview.xhtml
2026,6,INDIA TOTAL,All Vahan4 Running Office,EFEV CHARGING SOLUTION PVT LTD,ALL,THREE WHEELER(NT)|THREE WHEELER(T),ALL,ALL,66,2026-06-14T07:43:27.640Z,https://vahan.parivahan.gov.in/vahan4dashboard/vahan/view/reportview.xhtml
2026,6,INDIA TOTAL,All Vahan4 Running Office,ELECTRA INTERNATIONAL,ALL,THREE WHEELER(NT)|THREE WHEELER(T),ALL,ALL,4,2026-06-14T07:43:27.640Z,https://vahan.parivahan.gov.in/vahan4dashboard/vahan/view/reportview.xhtml
2026,6,INDIA TOTAL,All Vahan4 Running Office,ELECTRIC FUTURE INDIA,ALL,THREE WHEELER(NT)|THREE WHEELER(T),ALL,ALL,1,2026-06-14T07:43:27.640Z,https://vahan.parivahan.gov.in/vahan4dashboard/vahan/view/reportview.xhtml
2026,6,INDIA TOTAL,All Vahan4 Running Office,ELECTRO ARO AUTOMOTIVE PVT LTD,ALL,THREE WHEELER(NT)|THREE WHEELER(T),ALL,ALL,21,2026-06-14T07:43:27.640Z,https://vahan.parivahan.gov.in/vahan4dashboard/vahan/view/reportview.xhtml
2026,6,INDIA TOTAL,All Vahan4 Running Office,ELECTRODRIVE VEHICLES PVT LTD,ALL,THREE WHEELER(NT)|THREE WHEELER(T),ALL,ALL,4,2026-06-14T07:43:27.640Z,https://vahan.parivahan.gov.in/vahan4dashboard/vahan/view/reportview.xhtml
2026,6,INDIA TOTAL,All Vahan4 Running Office,ELEPHANTA INDUSTRIES PVT LTD,ALL,THREE WHEELER(NT)|THREE WHEELER(T),ALL,ALL,0,2026-06-14T07:43:27.640Z,https://vahan.parivahan.gov.in/vahan4dashboard/vahan/view/reportview.xhtml
2026,6,INDIA TOTAL,All Vahan4 Running Office,ELITE AUTO ENGINEERS PVT LTD,ALL,THREE WHEELER(NT)|THREE WHEELER(T),ALL,ALL,20,2026-06-14T07:43:27.640Z,https://vahan.parivahan.gov.in/vahan4dashboard/vahan/view/reportview.xhtml
2026,6,INDIA TOTAL,All Vahan4 Running Office,EMOBILITI SYSTEMS,ALL,THREE WHEELER(NT)|THREE WHEELER(T),ALL,ALL,0,2026-06-14T07:43:27.640Z,https://vahan.parivahan.gov.in/vahan4dashboard/vahan/view/reportview.xhtml
2026,6,INDIA TOTAL,All Vahan4 Running Office,ENABLING E-VEHICLE PVT LTD,ALL,THREE WHEELER(NT)|THREE WHEELER(T),ALL,ALL,37,2026-06-14T07:43:27.640Z,https://vahan.parivahan.gov.in/vahan4dashboard/vahan/view/reportview.xhtml
2026,6,INDIA TOTAL,All Vahan4 Running Office,ENERGY ELECTRIC VEHICLES,ALL,THREE WHEELER(NT)|THREE WHEELER(T),ALL,ALL,375,2026-06-14T07:43:27.640Z,https://vahan.parivahan.gov.in/vahan4dashboard/vahan/view/reportview.xhtml
2026,6,INDIA TOTAL,All Vahan4 Running Office,ENGINIA VEHICLES PVT LTD,ALL,THREE WHEELER(NT)|THREE WHEELER(T),ALL,ALL,70,2026-06-14T07:43:27.640Z,https://vahan.parivahan.gov.in/vahan4dashboard/vahan/view/reportview.xhtml
2026,6,INDIA TOTAL,All Vahan4 Running Office,ENTICE IMPEX PVT LTD,ALL,THREE WHEELER(NT)|THREE WHEELER(T),ALL,ALL,37,2026-06-14T07:43:27.640Z,https://vahan.parivahan.gov.in/vahan4dashboard/vahan/view/reportview.xhtml
2026,6,INDIA TOTAL,All Vahan4 Running Office,ENVISION ELECTRIC VEHICLES PVT LTD,ALL,THREE WHEELER(NT)|THREE WHEELER(T),ALL,ALL,2,2026-06-14T07:43:27.640Z,https://vahan.parivahan.gov.in/vahan4dashboard/vahan/view/reportview.xhtml
2026,6,INDIA TOTAL,All Vahan4 Running Office,EPOWER VEHICLES PVT LTD,ALL,THREE WHEELER(NT)|THREE WHEELER(T),ALL,ALL,3,2026-06-14T07:43:27.640Z,https://vahan.parivahan.gov.in/vahan4dashboard/vahan/view/reportview.xhtml
2026,6,INDIA TOTAL,All Vahan4 Running Office,ERISHA E MOBILITY PVT LTD,ALL,THREE WHEELER(NT)|THREE WHEELER(T),ALL,ALL,1,2026-06-14T07:43:27.640Z,https://vahan.parivahan.gov.in/vahan4dashboard/vahan/view/reportview.xhtml
2026,6,INDIA TOTAL,All Vahan4 Running Office,EULER MOTORS PVT LTD,ALL,THREE WHEELER(NT)|THREE WHEELER(T),ALL,ALL,181,2026-06-14T07:43:27.640Z,https://vahan.parivahan.gov.in/vahan4dashboard/vahan/view/reportview.xhtml
2026,6,INDIA TOTAL,All Vahan4 Running Office,EVBHARAT RANGE PRIVATE LIMITED,ALL,THREE WHEELER(NT)|THREE WHEELER(T),ALL,ALL,5,2026-06-14T07:43:27.640Z,https://vahan.parivahan.gov.in/vahan4dashboard/vahan/view/reportview.xhtml
2026,6,INDIA TOTAL,All Vahan4 Running Office,EVCO AUTOMOBILES PVT LTD,ALL,THREE WHEELER(NT)|THREE WHEELER(T),ALL,ALL,88,2026-06-14T07:43:27.640Z,https://vahan.parivahan.gov.in/vahan4dashboard/vahan/view/reportview.xhtml
2026,6,INDIA TOTAL,All Vahan4 Running Office,EVEX AUTO INDIA PVT LTD,ALL,THREE WHEELER(NT)|THREE WHEELER(T),ALL,ALL,0,2026-06-14T07:43:27.640Z,https://vahan.parivahan.gov.in/vahan4dashboard/vahan/view/reportview.xhtml
2026,6,INDIA TOTAL,All Vahan4 Running Office,EVGREEN PVT LTD,ALL,THREE WHEELER(NT)|THREE WHEELER(T),ALL,ALL,0,2026-06-14T07:43:27.640Z,https://vahan.parivahan.gov.in/vahan4dashboard/vahan/view/reportview.xhtml
2026,6,INDIA TOTAL,All Vahan4 Running Office,EVOLUTION AUTOTECH,ALL,THREE WHEELER(NT)|THREE WHEELER(T),ALL,ALL,0,2026-06-14T07:43:27.641Z,https://vahan.parivahan.gov.in/vahan4dashboard/vahan/view/reportview.xhtml
2026,6,INDIA TOTAL,All Vahan4 Running Office,EXDINDUS EV ENERGY PVT LTD,ALL,THREE WHEELER(NT)|THREE WHEELER(T),ALL,ALL,8,2026-06-14T07:43:27.641Z,https://vahan.parivahan.gov.in/vahan4dashboard/vahan/view/reportview.xhtml
2026,6,INDIA TOTAL,All Vahan4 Running Office,EXIDE INDUSTRIES LTD,ALL,THREE WHEELER(NT)|THREE WHEELER(T),ALL,ALL,81,2026-06-14T07:43:27.641Z,https://vahan.parivahan.gov.in/vahan4dashboard/vahan/view/reportview.xhtml
2026,6,INDIA TOTAL,All Vahan4 Running Office,EXTRA FAST SOLUTIONS,ALL,THREE WHEELER(NT)|THREE WHEELER(T),ALL,ALL,12,2026-06-14T07:43:27.641Z,https://vahan.parivahan.gov.in/vahan4dashboard/vahan/view/reportview.xhtml
2026,6,INDIA TOTAL,All Vahan4 Running Office,EXTREME MOTORS,ALL,THREE WHEELER(NT)|THREE WHEELER(T),ALL,ALL,2,2026-06-14T07:43:27.641Z,https://vahan.parivahan.gov.in/vahan4dashboard/vahan/view/reportview.xhtml
2026,6,INDIA TOTAL,All Vahan4 Running Office,FEDE INDUSTRIES PVT LTD,ALL,THREE WHEELER(NT)|THREE WHEELER(T),ALL,ALL,258,2026-06-14T07:43:27.641Z,https://vahan.parivahan.gov.in/vahan4dashboard/vahan/view/reportview.xhtml
2026,6,INDIA TOTAL,All Vahan4 Running Office,FIRST CHOICE ELECTRIC VEHICLES PVT LTD,ALL,THREE WHEELER(NT)|THREE WHEELER(T),ALL,ALL,5,2026-06-14T07:43:27.641Z,https://vahan.parivahan.gov.in/vahan4dashboard/vahan/view/reportview.xhtml
2026,6,INDIA TOTAL,All Vahan4 Running Office,FITWEL MOBILITY PVT LTD,ALL,THREE WHEELER(NT)|THREE WHEELER(T),ALL,ALL,1,2026-06-14T07:43:27.641Z,https://vahan.parivahan.gov.in/vahan4dashboard/vahan/view/reportview.xhtml
2026,6,INDIA TOTAL,All Vahan4 Running Office,FIVE ELEMENTS,ALL,THREE WHEELER(NT)|THREE WHEELER(T),ALL,ALL,2,2026-06-14T07:43:27.641Z,https://vahan.parivahan.gov.in/vahan4dashboard/vahan/view/reportview.xhtml
2026,6,INDIA TOTAL,All Vahan4 Running Office,FLYRIDERS ELECTRIC SCOOTERS PVT LTD,ALL,THREE WHEELER(NT)|THREE WHEELER(T),ALL,ALL,5,2026-06-14T07:43:27.641Z,https://vahan.parivahan.gov.in/vahan4dashboard/vahan/view/reportview.xhtml
2026,6,INDIA TOTAL,All Vahan4 Running Office,FRN MOTORS PVT LTD,ALL,THREE WHEELER(NT)|THREE WHEELER(T),ALL,ALL,10,2026-06-14T07:43:27.641Z,https://vahan.parivahan.gov.in/vahan4dashboard/vahan/view/reportview.xhtml
2026,6,INDIA TOTAL,All Vahan4 Running Office,FUTURE AUTOMOTIVE,ALL,THREE WHEELER(NT)|THREE WHEELER(T),ALL,ALL,3,2026-06-14T07:43:27.641Z,https://vahan.parivahan.gov.in/vahan4dashboard/vahan/view/reportview.xhtml
2026,6,INDIA TOTAL,All Vahan4 Running Office,FUTURE EV TECHNOLOGY,ALL,THREE WHEELER(NT)|THREE WHEELER(T),ALL,ALL,0,2026-06-14T07:43:27.641Z,https://vahan.parivahan.gov.in/vahan4dashboard/vahan/view/reportview.xhtml
2026,6,INDIA TOTAL,All Vahan4 Running Office,G & G AUTOMOTIVE,ALL,THREE WHEELER(NT)|THREE WHEELER(T),ALL,ALL,9,2026-06-14T07:43:27.641Z,https://vahan.parivahan.gov.in/vahan4dashboard/vahan/view/reportview.xhtml
2026,6,INDIA TOTAL,All Vahan4 Running Office,G-LICKON AUTOMOBILE PVT LTD,ALL,THREE WHEELER(NT)|THREE WHEELER(T),ALL,ALL,1,2026-06-14T07:43:27.641Z,https://vahan.parivahan.gov.in/vahan4dashboard/vahan/view/reportview.xhtml
2026,6,INDIA TOTAL,All Vahan4 Running Office,G. M. VEHICLE INDUSTRIES,ALL,THREE WHEELER(NT)|THREE WHEELER(T),ALL,ALL,0,2026-06-14T07:43:27.641Z,https://vahan.parivahan.gov.in/vahan4dashboard/vahan/view/reportview.xhtml
2026,6,INDIA TOTAL,All Vahan4 Running Office,G.K E-VEHICLS INDUSTRIES PVT LTD,ALL,THREE WHEELER(NT)|THREE WHEELER(T),ALL,ALL,76,2026-06-14T07:43:27.641Z,https://vahan.parivahan.gov.in/vahan4dashboard/vahan/view/reportview.xhtml
2026,6,INDIA TOTAL,All Vahan4 Running Office,G.K. RICKSHAW LTD,ALL,THREE WHEELER(NT)|THREE WHEELER(T),ALL,ALL,22,2026-06-14T07:43:27.641Z,https://vahan.parivahan.gov.in/vahan4dashboard/vahan/view/reportview.xhtml
2026,6,INDIA TOTAL,All Vahan4 Running Office,G.T TRADER,ALL,THREE WHEELER(NT)|THREE WHEELER(T),ALL,ALL,9,2026-06-14T07:43:27.641Z,https://vahan.parivahan.gov.in/vahan4dashboard/vahan/view/reportview.xhtml
2026,6,INDIA TOTAL,All Vahan4 Running Office,GAGAN AUTOMOTIVES,ALL,THREE WHEELER(NT)|THREE WHEELER(T),ALL,ALL,29,2026-06-14T07:43:27.641Z,https://vahan.parivahan.gov.in/vahan4dashboard/vahan/view/reportview.xhtml
2026,6,INDIA TOTAL,All Vahan4 Running Office,GALAXY ELECTRIC VEHICLES,ALL,THREE WHEELER(NT)|THREE WHEELER(T),ALL,ALL,0,2026-06-14T07:43:27.641Z,https://vahan.parivahan.gov.in/vahan4dashboard/vahan/view/reportview.xhtml
2026,6,INDIA TOTAL,All Vahan4 Running Office,GALAXY GREEN VEHICLES PVT LTD,ALL,THREE WHEELER(NT)|THREE WHEELER(T),ALL,ALL,8,2026-06-14T07:43:27.641Z,https://vahan.parivahan.gov.in/vahan4dashboard/vahan/view/reportview.xhtml
2026,6,INDIA TOTAL,All Vahan4 Running Office,GARGARIJI AUTOMOBILE PVT LTD,ALL,THREE WHEELER(NT)|THREE WHEELER(T),ALL,ALL,13,2026-06-14T07:43:27.641Z,https://vahan.parivahan.gov.in/vahan4dashboard/vahan/view/reportview.xhtml
2026,6,INDIA TOTAL,All Vahan4 Running Office,GAYATRI ELECTRIC VEHICLES PVT LTD,ALL,THREE WHEELER(NT)|THREE WHEELER(T),ALL,ALL,32,2026-06-14T07:43:27.641Z,https://vahan.parivahan.gov.in/vahan4dashboard/vahan/view/reportview.xhtml
2026,6,INDIA TOTAL,All Vahan4 Running Office,GKON ELECTRIC MOTOR VEHICLES PVT LTD,ALL,THREE WHEELER(NT)|THREE WHEELER(T),ALL,ALL,112,2026-06-14T07:43:27.641Z,https://vahan.parivahan.gov.in/vahan4dashboard/vahan/view/reportview.xhtml
2026,6,INDIA TOTAL,All Vahan4 Running Office,GKS RICKSHAW PVT LTD,ALL,THREE WHEELER(NT)|THREE WHEELER(T),ALL,ALL,62,2026-06-14T07:43:27.641Z,https://vahan.parivahan.gov.in/vahan4dashboard/vahan/view/reportview.xhtml
2026,6,INDIA TOTAL,All Vahan4 Running Office,GLAZE EV LLP,ALL,THREE WHEELER(NT)|THREE WHEELER(T),ALL,ALL,2,2026-06-14T07:43:27.641Z,https://vahan.parivahan.gov.in/vahan4dashboard/vahan/view/reportview.xhtml
2026,6,INDIA TOTAL,All Vahan4 Running Office,GO GREEN EOT (ENERGY OF THINGS) PVT LTD,ALL,THREE WHEELER(NT)|THREE WHEELER(T),ALL,ALL,0,2026-06-14T07:43:27.641Z,https://vahan.parivahan.gov.in/vahan4dashboard/vahan/view/reportview.xhtml
2026,6,INDIA TOTAL,All Vahan4 Running Office,GOBIND INDUSTRIES PVT LTD,ALL,THREE WHEELER(NT)|THREE WHEELER(T),ALL,ALL,0,2026-06-14T07:43:27.641Z,https://vahan.parivahan.gov.in/vahan4dashboard/vahan/view/reportview.xhtml
2026,6,INDIA TOTAL,All Vahan4 Running Office,GODAWARI ELECTRIC MOTORS PVT LTD,ALL,THREE WHEELER(NT)|THREE WHEELER(T),ALL,ALL,0,2026-06-14T07:43:27.641Z,https://vahan.parivahan.gov.in/vahan4dashboard/vahan/view/reportview.xhtml
2026,6,INDIA TOTAL,All Vahan4 Running Office,GODAWARI TECHNO SOLUTIONS PVT LTD,ALL,THREE WHEELER(NT)|THREE WHEELER(T),ALL,ALL,1,2026-06-14T07:43:27.641Z,https://vahan.parivahan.gov.in/vahan4dashboard/vahan/view/reportview.xhtml
2026,6,INDIA TOTAL,All Vahan4 Running Office,GOLDEN ELECTRIC VEHICLES,ALL,THREE WHEELER(NT)|THREE WHEELER(T),ALL,ALL,2,2026-06-14T07:43:27.641Z,https://vahan.parivahan.gov.in/vahan4dashboard/vahan/view/reportview.xhtml
2026,6,INDIA TOTAL,All Vahan4 Running Office,GOPAL AUTO MOTORS PVT LTD,ALL,THREE WHEELER(NT)|THREE WHEELER(T),ALL,ALL,38,2026-06-14T07:43:27.641Z,https://vahan.parivahan.gov.in/vahan4dashboard/vahan/view/reportview.xhtml
2026,6,INDIA TOTAL,All Vahan4 Running Office,GOPE AUTO INDUSTRIES,ALL,THREE WHEELER(NT)|THREE WHEELER(T),ALL,ALL,13,2026-06-14T07:43:27.641Z,https://vahan.parivahan.gov.in/vahan4dashboard/vahan/view/reportview.xhtml
2026,6,INDIA TOTAL,All Vahan4 Running Office,GRAM TARANG EMPLOYABILITY TRAINNING SERVICES P LTD,ALL,THREE WHEELER(NT)|THREE WHEELER(T),ALL,ALL,5,2026-06-14T07:43:27.641Z,https://vahan.parivahan.gov.in/vahan4dashboard/vahan/view/reportview.xhtml
2026,6,INDIA TOTAL,All Vahan4 Running Office,GRD MOTORS,ALL,THREE WHEELER(NT)|THREE WHEELER(T),ALL,ALL,47,2026-06-14T07:43:27.641Z,https://vahan.parivahan.gov.in/vahan4dashboard/vahan/view/reportview.xhtml
2026,6,INDIA TOTAL,All Vahan4 Running Office,GREEN EVOLVE PVT LTD,ALL,THREE WHEELER(NT)|THREE WHEELER(T),ALL,ALL,4,2026-06-14T07:43:27.641Z,https://vahan.parivahan.gov.in/vahan4dashboard/vahan/view/reportview.xhtml
2026,6,INDIA TOTAL,All Vahan4 Running Office,GREEN SHUTTLE TECHNOLOGY PVT LTD,ALL,THREE WHEELER(NT)|THREE WHEELER(T),ALL,ALL,1,2026-06-14T07:43:27.641Z,https://vahan.parivahan.gov.in/vahan4dashboard/vahan/view/reportview.xhtml
2026,6,INDIA TOTAL,All Vahan4 Running Office,GREEN STAR MOTORS,ALL,THREE WHEELER(NT)|THREE WHEELER(T),ALL,ALL,0,2026-06-14T07:43:27.641Z,https://vahan.parivahan.gov.in/vahan4dashboard/vahan/view/reportview.xhtml
2026,6,INDIA TOTAL,All Vahan4 Running Office,GREEN TACK EMPALA ELECTRIC MOTOR COMPANY,ALL,THREE WHEELER(NT)|THREE WHEELER(T),ALL,ALL,0,2026-06-14T07:43:27.641Z,https://vahan.parivahan.gov.in/vahan4dashboard/vahan/view/reportview.xhtml
2026,6,INDIA TOTAL,All Vahan4 Running Office,GREEN TECHNOLOGIES,ALL,THREE WHEELER(NT)|THREE WHEELER(T),ALL,ALL,19,2026-06-14T07:43:27.641Z,https://vahan.parivahan.gov.in/vahan4dashboard/vahan/view/reportview.xhtml
2026,6,INDIA TOTAL,All Vahan4 Running Office,GREEN VALLEY MOTORS,ALL,THREE WHEELER(NT)|THREE WHEELER(T),ALL,ALL,0,2026-06-14T07:43:27.641Z,https://vahan.parivahan.gov.in/vahan4dashboard/vahan/view/reportview.xhtml
2026,6,INDIA TOTAL,All Vahan4 Running Office,GREEN WAY ECO RIDE,ALL,THREE WHEELER(NT)|THREE WHEELER(T),ALL,ALL,0,2026-06-14T07:43:27.641Z,https://vahan.parivahan.gov.in/vahan4dashboard/vahan/view/reportview.xhtml
2026,6,INDIA TOTAL,All Vahan4 Running Office,GREENETICS INDUSTRIES PVT LTD,ALL,THREE WHEELER(NT)|THREE WHEELER(T),ALL,ALL,0,2026-06-14T07:43:27.641Z,https://vahan.parivahan.gov.in/vahan4dashboard/vahan/view/reportview.xhtml
2026,6,INDIA TOTAL,All Vahan4 Running Office,GREENFIT INDUSTRIES LLP,ALL,THREE WHEELER(NT)|THREE WHEELER(T),ALL,ALL,57,2026-06-14T07:43:27.641Z,https://vahan.parivahan.gov.in/vahan4dashboard/vahan/view/reportview.xhtml
2026,6,INDIA TOTAL,All Vahan4 Running Office,GREENWAY MOBILITY PRIVATE LIMITED,ALL,THREE WHEELER(NT)|THREE WHEELER(T),ALL,ALL,2,2026-06-14T07:43:27.641Z,https://vahan.parivahan.gov.in/vahan4dashboard/vahan/view/reportview.xhtml
2026,6,INDIA TOTAL,All Vahan4 Running Office,GREENWHEELS AUTOMOBILE PVT LTD,ALL,THREE WHEELER(NT)|THREE WHEELER(T),ALL,ALL,43,2026-06-14T07:43:27.641Z,https://vahan.parivahan.gov.in/vahan4dashboard/vahan/view/reportview.xhtml
2026,6,INDIA TOTAL,All Vahan4 Running Office,GRINDIA G MOTORS PVT LTD,ALL,THREE WHEELER(NT)|THREE WHEELER(T),ALL,ALL,0,2026-06-14T07:43:27.641Z,https://vahan.parivahan.gov.in/vahan4dashboard/vahan/view/reportview.xhtml
2026,6,INDIA TOTAL,All Vahan4 Running Office,GSP POWER PROJECTS,ALL,THREE WHEELER(NT)|THREE WHEELER(T),ALL,ALL,0,2026-06-14T07:43:27.641Z,https://vahan.parivahan.gov.in/vahan4dashboard/vahan/view/reportview.xhtml
2026,6,INDIA TOTAL,All Vahan4 Running Office,GTH2 ENERGY PVT LTD,ALL,THREE WHEELER(NT)|THREE WHEELER(T),ALL,ALL,0,2026-06-14T07:43:27.641Z,https://vahan.parivahan.gov.in/vahan4dashboard/vahan/view/reportview.xhtml
2026,6,INDIA TOTAL,All Vahan4 Running Office,GTP ELECTRIC VEHICLES PVT LTD,ALL,THREE WHEELER(NT)|THREE WHEELER(T),ALL,ALL,7,2026-06-14T07:43:27.641Z,https://vahan.parivahan.gov.in/vahan4dashboard/vahan/view/reportview.xhtml
2026,6,INDIA TOTAL,All Vahan4 Running Office,GURU JI WHEELS,ALL,THREE WHEELER(NT)|THREE WHEELER(T),ALL,ALL,0,2026-06-14T07:43:27.641Z,https://vahan.parivahan.gov.in/vahan4dashboard/vahan/view/reportview.xhtml
2026,6,INDIA TOTAL,All Vahan4 Running Office,HAITEK AUTOMOTIVE PVT LTD,ALL,THREE WHEELER(NT)|THREE WHEELER(T),ALL,ALL,22,2026-06-14T07:43:27.641Z,https://vahan.parivahan.gov.in/vahan4dashboard/vahan/view/reportview.xhtml
2026,6,INDIA TOTAL,All Vahan4 Running Office,HANUMAN UDYOG,ALL,THREE WHEELER(NT)|THREE WHEELER(T),ALL,ALL,17,2026-06-14T07:43:27.641Z,https://vahan.parivahan.gov.in/vahan4dashboard/vahan/view/reportview.xhtml
2026,6,INDIA TOTAL,All Vahan4 Running Office,HARIKSHA ENTERPRISES PVT LTD,ALL,THREE WHEELER(NT)|THREE WHEELER(T),ALL,ALL,6,2026-06-14T07:43:27.641Z,https://vahan.parivahan.gov.in/vahan4dashboard/vahan/view/reportview.xhtml
2026,6,INDIA TOTAL,All Vahan4 Running Office,HARNISHA AUTO PVT LTD,ALL,THREE WHEELER(NT)|THREE WHEELER(T),ALL,ALL,0,2026-06-14T07:43:27.641Z,https://vahan.parivahan.gov.in/vahan4dashboard/vahan/view/reportview.xhtml
2026,6,INDIA TOTAL,All Vahan4 Running Office,HARSH TRADING CO,ALL,THREE WHEELER(NT)|THREE WHEELER(T),ALL,ALL,44,2026-06-14T07:43:27.641Z,https://vahan.parivahan.gov.in/vahan4dashboard/vahan/view/reportview.xhtml
2026,6,INDIA TOTAL,All Vahan4 Running Office,HARYANA MOTORS PVT LTD,ALL,THREE WHEELER(NT)|THREE WHEELER(T),ALL,ALL,2,2026-06-14T07:43:27.641Z,https://vahan.parivahan.gov.in/vahan4dashboard/vahan/view/reportview.xhtml
2026,6,INDIA TOTAL,All Vahan4 Running Office,HBSS E MOBILITY PVT LTD,ALL,THREE WHEELER(NT)|THREE WHEELER(T),ALL,ALL,0,2026-06-14T07:43:27.641Z,https://vahan.parivahan.gov.in/vahan4dashboard/vahan/view/reportview.xhtml
2026,6,INDIA TOTAL,All Vahan4 Running Office,HEXALL MOTORS PVT LTD,ALL,THREE WHEELER(NT)|THREE WHEELER(T),ALL,ALL,0,2026-06-14T07:43:27.641Z,https://vahan.parivahan.gov.in/vahan4dashboard/vahan/view/reportview.xhtml
2026,6,INDIA TOTAL,All Vahan4 Running Office,HIM TEKNOFORGE LTD,ALL,THREE WHEELER(NT)|THREE WHEELER(T),ALL,ALL,1,2026-06-14T07:43:27.641Z,https://vahan.parivahan.gov.in/vahan4dashboard/vahan/view/reportview.xhtml
2026,6,INDIA TOTAL,All Vahan4 Running Office,HINDUSTAN AUTO,ALL,THREE WHEELER(NT)|THREE WHEELER(T),ALL,ALL,0,2026-06-14T07:43:27.641Z,https://vahan.parivahan.gov.in/vahan4dashboard/vahan/view/reportview.xhtml
2026,6,INDIA TOTAL,All Vahan4 Running Office,HINDUSTAN MOTOR CORPORATION,ALL,THREE WHEELER(NT)|THREE WHEELER(T),ALL,ALL,35,2026-06-14T07:43:27.641Z,https://vahan.parivahan.gov.in/vahan4dashboard/vahan/view/reportview.xhtml
2026,6,INDIA TOTAL,All Vahan4 Running Office,HITECH MECHANICAL WORKS,ALL,THREE WHEELER(NT)|THREE WHEELER(T),ALL,ALL,0,2026-06-14T07:43:27.641Z,https://vahan.parivahan.gov.in/vahan4dashboard/vahan/view/reportview.xhtml
2026,6,INDIA TOTAL,All Vahan4 Running Office,HOOGHLY MOTORS PVT LTD,ALL,THREE WHEELER(NT)|THREE WHEELER(T),ALL,ALL,480,2026-06-14T07:43:27.641Z,https://vahan.parivahan.gov.in/vahan4dashboard/vahan/view/reportview.xhtml
2026,6,INDIA TOTAL,All Vahan4 Running Office,HOP MOTORS PVT LTD,ALL,THREE WHEELER(NT)|THREE WHEELER(T),ALL,ALL,1,2026-06-14T07:43:27.641Z,https://vahan.parivahan.gov.in/vahan4dashboard/vahan/view/reportview.xhtml
2026,6,INDIA TOTAL,All Vahan4 Running Office,HOTAGE INDIA,ALL,THREE WHEELER(NT)|THREE WHEELER(T),ALL,ALL,320,2026-06-14T07:43:27.641Z,https://vahan.parivahan.gov.in/vahan4dashboard/vahan/view/reportview.xhtml
2026,6,INDIA TOTAL,All Vahan4 Running Office,HOTAGE OVERSEAS PVT LTD,ALL,THREE WHEELER(NT)|THREE WHEELER(T),ALL,ALL,2,2026-06-14T07:43:27.641Z,https://vahan.parivahan.gov.in/vahan4dashboard/vahan/view/reportview.xhtml
2026,6,INDIA TOTAL,All Vahan4 Running Office,HOVEL CYLINDER PVT LTD,ALL,THREE WHEELER(NT)|THREE WHEELER(T),ALL,ALL,0,2026-06-14T07:43:27.641Z,https://vahan.parivahan.gov.in/vahan4dashboard/vahan/view/reportview.xhtml
2026,6,INDIA TOTAL,All Vahan4 Running Office,HOVEL ELECTRIC LLP,ALL,THREE WHEELER(NT)|THREE WHEELER(T),ALL,ALL,1,2026-06-14T07:43:27.641Z,https://vahan.parivahan.gov.in/vahan4dashboard/vahan/view/reportview.xhtml
2026,6,INDIA TOTAL,All Vahan4 Running Office,HUNDA EV PVT LTD,ALL,THREE WHEELER(NT)|THREE WHEELER(T),ALL,ALL,7,2026-06-14T07:43:27.641Z,https://vahan.parivahan.gov.in/vahan4dashboard/vahan/view/reportview.xhtml
2026,6,INDIA TOTAL,All Vahan4 Running Office,HUNDAL INDUSTRIES,ALL,THREE WHEELER(NT)|THREE WHEELER(T),ALL,ALL,15,2026-06-14T07:43:27.641Z,https://vahan.parivahan.gov.in/vahan4dashboard/vahan/view/reportview.xhtml
2026,6,INDIA TOTAL,All Vahan4 Running Office,INDIA SAFE ENTERPRISE,ALL,THREE WHEELER(NT)|THREE WHEELER(T),ALL,ALL,2,2026-06-14T07:43:27.641Z,https://vahan.parivahan.gov.in/vahan4dashboard/vahan/view/reportview.xhtml
2026,6,INDIA TOTAL,All Vahan4 Running Office,INDIA SHINE TECHNOLOGIES,ALL,THREE WHEELER(NT)|THREE WHEELER(T),ALL,ALL,10,2026-06-14T07:43:27.641Z,https://vahan.parivahan.gov.in/vahan4dashboard/vahan/view/reportview.xhtml
2026,6,INDIA TOTAL,All Vahan4 Running Office,INDIAN ENTERPRISES,ALL,THREE WHEELER(NT)|THREE WHEELER(T),ALL,ALL,6,2026-06-14T07:43:27.641Z,https://vahan.parivahan.gov.in/vahan4dashboard/vahan/view/reportview.xhtml
2026,6,INDIA TOTAL,All Vahan4 Running Office,INDIAN MOTORS,ALL,THREE WHEELER(NT)|THREE WHEELER(T),ALL,ALL,162,2026-06-14T07:43:27.641Z,https://vahan.parivahan.gov.in/vahan4dashboard/vahan/view/reportview.xhtml
2026,6,INDIA TOTAL,All Vahan4 Running Office,INS AUTOMOBILES PVT LTD,ALL,THREE WHEELER(NT)|THREE WHEELER(T),ALL,ALL,62,2026-06-14T07:43:27.641Z,https://vahan.parivahan.gov.in/vahan4dashboard/vahan/view/reportview.xhtml
2026,6,INDIA TOTAL,All Vahan4 Running Office,INTERGLOBE ENERGY PVT LTD,ALL,THREE WHEELER(NT)|THREE WHEELER(T),ALL,ALL,161,2026-06-14T07:43:27.641Z,https://vahan.parivahan.gov.in/vahan4dashboard/vahan/view/reportview.xhtml
2026,6,INDIA TOTAL,All Vahan4 Running Office,INVVIGORS INDIA,ALL,THREE WHEELER(NT)|THREE WHEELER(T),ALL,ALL,5,2026-06-14T07:43:27.641Z,https://vahan.parivahan.gov.in/vahan4dashboard/vahan/view/reportview.xhtml
2026,6,INDIA TOTAL,All Vahan4 Running Office,ISUKII GREENS PVT LTD,ALL,THREE WHEELER(NT)|THREE WHEELER(T),ALL,ALL,0,2026-06-14T07:43:27.641Z,https://vahan.parivahan.gov.in/vahan4dashboard/vahan/view/reportview.xhtml
2026,6,INDIA TOTAL,All Vahan4 Running Office,IYANS INDUSTRIES PVT LTD,ALL,THREE WHEELER(NT)|THREE WHEELER(T),ALL,ALL,2,2026-06-14T07:43:27.641Z,https://vahan.parivahan.gov.in/vahan4dashboard/vahan/view/reportview.xhtml
2026,6,INDIA TOTAL,All Vahan4 Running Office,J P AUTO TECH,ALL,THREE WHEELER(NT)|THREE WHEELER(T),ALL,ALL,8,2026-06-14T07:43:27.641Z,https://vahan.parivahan.gov.in/vahan4dashboard/vahan/view/reportview.xhtml
2026,6,INDIA TOTAL,All Vahan4 Running Office,J. J. PATEL,ALL,THREE WHEELER(NT)|THREE WHEELER(T),ALL,ALL,0,2026-06-14T07:43:27.641Z,https://vahan.parivahan.gov.in/vahan4dashboard/vahan/view/reportview.xhtml
2026,6,INDIA TOTAL,All Vahan4 Running Office,J. S. AUTO (P) LTD,ALL,THREE WHEELER(NT)|THREE WHEELER(T),ALL,ALL,516,2026-06-14T07:43:27.641Z,https://vahan.parivahan.gov.in/vahan4dashboard/vahan/view/reportview.xhtml
2026,6,INDIA TOTAL,All Vahan4 Running Office,J.H.A TRADING COMPANY,ALL,THREE WHEELER(NT)|THREE WHEELER(T),ALL,ALL,15,2026-06-14T07:43:27.641Z,https://vahan.parivahan.gov.in/vahan4dashboard/vahan/view/reportview.xhtml
2026,6,INDIA TOTAL,All Vahan4 Running Office,JADE KOREA SPINE LIFE,ALL,THREE WHEELER(NT)|THREE WHEELER(T),ALL,ALL,0,2026-06-14T07:43:27.641Z,https://vahan.parivahan.gov.in/vahan4dashboard/vahan/view/reportview.xhtml
2026,6,INDIA TOTAL,All Vahan4 Running Office,JAI SRI RAM ELECTRIC VEHICLE MANUFACTURING PVT LTD,ALL,THREE WHEELER(NT)|THREE WHEELER(T),ALL,ALL,5,2026-06-14T07:43:27.641Z,https://vahan.parivahan.gov.in/vahan4dashboard/vahan/view/reportview.xhtml
2026,6,INDIA TOTAL,All Vahan4 Running Office,JAIDKA POWER SYSTEMS PVT LTD,ALL,THREE WHEELER(NT)|THREE WHEELER(T),ALL,ALL,4,2026-06-14T07:43:27.641Z,https://vahan.parivahan.gov.in/vahan4dashboard/vahan/view/reportview.xhtml
2026,6,INDIA TOTAL,All Vahan4 Running Office,JAIN POWER CORP,ALL,THREE WHEELER(NT)|THREE WHEELER(T),ALL,ALL,0,2026-06-14T07:43:27.641Z,https://vahan.parivahan.gov.in/vahan4dashboard/vahan/view/reportview.xhtml
2026,6,INDIA TOTAL,All Vahan4 Running Office,JAISIK BUSINESS LINKS PVT LTD,ALL,THREE WHEELER(NT)|THREE WHEELER(T),ALL,ALL,22,2026-06-14T07:43:27.641Z,https://vahan.parivahan.gov.in/vahan4dashboard/vahan/view/reportview.xhtml
2026,6,INDIA TOTAL,All Vahan4 Running Office,JAJODIA COMMODITIES PVT LTD,ALL,THREE WHEELER(NT)|THREE WHEELER(T),ALL,ALL,157,2026-06-14T07:43:27.641Z,https://vahan.parivahan.gov.in/vahan4dashboard/vahan/view/reportview.xhtml
2026,6,INDIA TOTAL,All Vahan4 Running Office,JAL ENTERPRISES,ALL,THREE WHEELER(NT)|THREE WHEELER(T),ALL,ALL,27,2026-06-14T07:43:27.641Z,https://vahan.parivahan.gov.in/vahan4dashboard/vahan/view/reportview.xhtml
2026,6,INDIA TOTAL,All Vahan4 Running Office,JAYATI TOOLS,ALL,THREE WHEELER(NT)|THREE WHEELER(T),ALL,ALL,0,2026-06-14T07:43:27.641Z,https://vahan.parivahan.gov.in/vahan4dashboard/vahan/view/reportview.xhtml
2026,6,INDIA TOTAL,All Vahan4 Running Office,JAYDEV ENTERPRISE,ALL,THREE WHEELER(NT)|THREE WHEELER(T),ALL,ALL,3,2026-06-14T07:43:27.641Z,https://vahan.parivahan.gov.in/vahan4dashboard/vahan/view/reportview.xhtml
2026,6,INDIA TOTAL,All Vahan4 Running Office,JAYNA AUTOMOBILES LLP,ALL,THREE WHEELER(NT)|THREE WHEELER(T),ALL,ALL,0,2026-06-14T07:43:27.641Z,https://vahan.parivahan.gov.in/vahan4dashboard/vahan/view/reportview.xhtml
2026,6,INDIA TOTAL,All Vahan4 Running Office,JESSUN TECHNO PVT LTD,ALL,THREE WHEELER(NT)|THREE WHEELER(T),ALL,ALL,0,2026-06-14T07:43:27.641Z,https://vahan.parivahan.gov.in/vahan4dashboard/vahan/view/reportview.xhtml
2026,6,INDIA TOTAL,All Vahan4 Running Office,JIANGSU JINPENG (IMPORTER: KKL HITECH EV),ALL,THREE WHEELER(NT)|THREE WHEELER(T),ALL,ALL,0,2026-06-14T07:43:27.641Z,https://vahan.parivahan.gov.in/vahan4dashboard/vahan/view/reportview.xhtml
2026,6,INDIA TOTAL,All Vahan4 Running Office,JIANGSU ZHONGXING (IMPORTER: CAL-ON INDUSTRIES),ALL,THREE WHEELER(NT)|THREE WHEELER(T),ALL,ALL,0,2026-06-14T07:43:27.641Z,https://vahan.parivahan.gov.in/vahan4dashboard/vahan/view/reportview.xhtml
2026,6,INDIA TOTAL,All Vahan4 Running Office,JINDAL ELECTRIC VEHICLES,ALL,THREE WHEELER(NT)|THREE WHEELER(T),ALL,ALL,6,2026-06-14T07:43:27.641Z,https://vahan.parivahan.gov.in/vahan4dashboard/vahan/view/reportview.xhtml
2026,6,INDIA TOTAL,All Vahan4 Running Office,JITENDRA TEMPO PARTS,ALL,THREE WHEELER(NT)|THREE WHEELER(T),ALL,ALL,37,2026-06-14T07:43:27.641Z,https://vahan.parivahan.gov.in/vahan4dashboard/vahan/view/reportview.xhtml
2026,6,INDIA TOTAL,All Vahan4 Running Office,JKM ELECTRIC AUTOMOBILES PVT LTD,ALL,THREE WHEELER(NT)|THREE WHEELER(T),ALL,ALL,0,2026-06-14T07:43:27.641Z,https://vahan.parivahan.gov.in/vahan4dashboard/vahan/view/reportview.xhtml
2026,6,INDIA TOTAL,All Vahan4 Running Office,JMT VEHICLES PVT LTD,ALL,THREE WHEELER(NT)|THREE WHEELER(T),ALL,ALL,112,2026-06-14T07:43:27.641Z,https://vahan.parivahan.gov.in/vahan4dashboard/vahan/view/reportview.xhtml
2026,6,INDIA TOTAL,All Vahan4 Running Office,JS MOBILEON PVT LTD,ALL,THREE WHEELER(NT)|THREE WHEELER(T),ALL,ALL,81,2026-06-14T07:43:27.641Z,https://vahan.parivahan.gov.in/vahan4dashboard/vahan/view/reportview.xhtml
2026,6,INDIA TOTAL,All Vahan4 Running Office,JSS ENGINEERING COMPANY,ALL,THREE WHEELER(NT)|THREE WHEELER(T),ALL,ALL,29,2026-06-14T07:43:27.641Z,https://vahan.parivahan.gov.in/vahan4dashboard/vahan/view/reportview.xhtml
2026,6,INDIA TOTAL,All Vahan4 Running Office,K T ENTERPRISES,ALL,THREE WHEELER(NT)|THREE WHEELER(T),ALL,ALL,3,2026-06-14T07:43:27.641Z,https://vahan.parivahan.gov.in/vahan4dashboard/vahan/view/reportview.xhtml
2026,6,INDIA TOTAL,All Vahan4 Running Office,K. S. INDUSTRIES,ALL,THREE WHEELER(NT)|THREE WHEELER(T),ALL,ALL,1,2026-06-14T07:43:27.641Z,https://vahan.parivahan.gov.in/vahan4dashboard/vahan/view/reportview.xhtml
2026,6,INDIA TOTAL,All Vahan4 Running Office,K. V. INDUSTRIES,ALL,THREE WHEELER(NT)|THREE WHEELER(T),ALL,ALL,0,2026-06-14T07:43:27.641Z,https://vahan.parivahan.gov.in/vahan4dashboard/vahan/view/reportview.xhtml
2026,6,INDIA TOTAL,All Vahan4 Running Office,K.S. INDUSTRIES,ALL,THREE WHEELER(NT)|THREE WHEELER(T),ALL,ALL,3,2026-06-14T07:43:27.641Z,https://vahan.parivahan.gov.in/vahan4dashboard/vahan/view/reportview.xhtml
2026,6,INDIA TOTAL,All Vahan4 Running Office,KABMAX ELECTRIC AUTOMOBILES PVT. LTD,ALL,THREE WHEELER(NT)|THREE WHEELER(T),ALL,ALL,5,2026-06-14T07:43:27.641Z,https://vahan.parivahan.gov.in/vahan4dashboard/vahan/view/reportview.xhtml
2026,6,INDIA TOTAL,All Vahan4 Running Office,KADESEETLA AASHIRWAD GP INDUSTRIES PVT LTD,ALL,THREE WHEELER(NT)|THREE WHEELER(T),ALL,ALL,3,2026-06-14T07:43:27.641Z,https://vahan.parivahan.gov.in/vahan4dashboard/vahan/view/reportview.xhtml
2026,6,INDIA TOTAL,All Vahan4 Running Office,KAIRA CONTINENTAL LLP,ALL,THREE WHEELER(NT)|THREE WHEELER(T),ALL,ALL,21,2026-06-14T07:43:27.641Z,https://vahan.parivahan.gov.in/vahan4dashboard/vahan/view/reportview.xhtml
2026,6,INDIA TOTAL,All Vahan4 Running Office,KAIZER ELECTRIC VEHICLES,ALL,THREE WHEELER(NT)|THREE WHEELER(T),ALL,ALL,0,2026-06-14T07:43:27.641Z,https://vahan.parivahan.gov.in/vahan4dashboard/vahan/view/reportview.xhtml
2026,6,INDIA TOTAL,All Vahan4 Running Office,KAKKAR ELECTRIC AUTO PVT LTD,ALL,THREE WHEELER(NT)|THREE WHEELER(T),ALL,ALL,9,2026-06-14T07:43:27.641Z,https://vahan.parivahan.gov.in/vahan4dashboard/vahan/view/reportview.xhtml
2026,6,INDIA TOTAL,All Vahan4 Running Office,KALINGA VENTURES INDIA PVT LTD,ALL,THREE WHEELER(NT)|THREE WHEELER(T),ALL,ALL,0,2026-06-14T07:43:27.641Z,https://vahan.parivahan.gov.in/vahan4dashboard/vahan/view/reportview.xhtml
2026,6,INDIA TOTAL,All Vahan4 Running Office,KALPVRIKSH ELECTOMOBILES CO,ALL,THREE WHEELER(NT)|THREE WHEELER(T),ALL,ALL,2,2026-06-14T07:43:27.641Z,https://vahan.parivahan.gov.in/vahan4dashboard/vahan/view/reportview.xhtml
2026,6,INDIA TOTAL,All Vahan4 Running Office,KAMAZ INDUSTRIES,ALL,THREE WHEELER(NT)|THREE WHEELER(T),ALL,ALL,0,2026-06-14T07:43:27.641Z,https://vahan.parivahan.gov.in/vahan4dashboard/vahan/view/reportview.xhtml
2026,6,INDIA TOTAL,All Vahan4 Running Office,KANHA ELECTRIC VEHICLES,ALL,THREE WHEELER(NT)|THREE WHEELER(T),ALL,ALL,4,2026-06-14T07:43:27.641Z,https://vahan.parivahan.gov.in/vahan4dashboard/vahan/view/reportview.xhtml
2026,6,INDIA TOTAL,All Vahan4 Running Office,KANTH E RICKSHAW,ALL,THREE WHEELER(NT)|THREE WHEELER(T),ALL,ALL,18,2026-06-14T07:43:27.641Z,https://vahan.parivahan.gov.in/vahan4dashboard/vahan/view/reportview.xhtml
2026,6,INDIA TOTAL,All Vahan4 Running Office,KAPTECH INDIA,ALL,THREE WHEELER(NT)|THREE WHEELER(T),ALL,ALL,39,2026-06-14T07:43:27.641Z,https://vahan.parivahan.gov.in/vahan4dashboard/vahan/view/reportview.xhtml
2026,6,INDIA TOTAL,All Vahan4 Running Office,KARK COMPANY,ALL,THREE WHEELER(NT)|THREE WHEELER(T),ALL,ALL,6,2026-06-14T07:43:27.641Z,https://vahan.parivahan.gov.in/vahan4dashboard/vahan/view/reportview.xhtml
2026,6,INDIA TOTAL,All Vahan4 Running Office,KARS BROTHERS PVT LTD,ALL,THREE WHEELER(NT)|THREE WHEELER(T),ALL,ALL,3,2026-06-14T07:43:27.641Z,https://vahan.parivahan.gov.in/vahan4dashboard/vahan/view/reportview.xhtml
2026,6,INDIA TOTAL,All Vahan4 Running Office,KCAS ELECTRIC VEHICLES PVT LTD,ALL,THREE WHEELER(NT)|THREE WHEELER(T),ALL,ALL,4,2026-06-14T07:43:27.641Z,https://vahan.parivahan.gov.in/vahan4dashboard/vahan/view/reportview.xhtml
2026,6,INDIA TOTAL,All Vahan4 Running Office,KERALA AUTOMOBILES LIMITED,ALL,THREE WHEELER(NT)|THREE WHEELER(T),ALL,ALL,5,2026-06-14T07:43:27.641Z,https://vahan.parivahan.gov.in/vahan4dashboard/vahan/view/reportview.xhtml
2026,6,INDIA TOTAL,All Vahan4 Running Office,KETRON ELECTRIC VEHICLES PVT LTD,ALL,THREE WHEELER(NT)|THREE WHEELER(T),ALL,ALL,4,2026-06-14T07:43:27.641Z,https://vahan.parivahan.gov.in/vahan4dashboard/vahan/view/reportview.xhtml
2026,6,INDIA TOTAL,All Vahan4 Running Office,KGN,ALL,THREE WHEELER(NT)|THREE WHEELER(T),ALL,ALL,15,2026-06-14T07:43:27.641Z,https://vahan.parivahan.gov.in/vahan4dashboard/vahan/view/reportview.xhtml
2026,6,INDIA TOTAL,All Vahan4 Running Office,KGN INDUSTRIES,ALL,THREE WHEELER(NT)|THREE WHEELER(T),ALL,ALL,41,2026-06-14T07:43:27.641Z,https://vahan.parivahan.gov.in/vahan4dashboard/vahan/view/reportview.xhtml
2026,6,INDIA TOTAL,All Vahan4 Running Office,KHALSAE-VEHICLES PVT LTD,ALL,THREE WHEELER(NT)|THREE WHEELER(T),ALL,ALL,251,2026-06-14T07:43:27.641Z,https://vahan.parivahan.gov.in/vahan4dashboard/vahan/view/reportview.xhtml
2026,6,INDIA TOTAL,All Vahan4 Running Office,KHANDELWAL ENTERPRISES,ALL,THREE WHEELER(NT)|THREE WHEELER(T),ALL,ALL,26,2026-06-14T07:43:27.641Z,https://vahan.parivahan.gov.in/vahan4dashboard/vahan/view/reportview.xhtml
2026,6,INDIA TOTAL,All Vahan4 Running Office,KINETIC GREEN ENERGY & POWER SOLUTIONS LTD,ALL,THREE WHEELER(NT)|THREE WHEELER(T),ALL,ALL,37,2026-06-14T07:43:27.641Z,https://vahan.parivahan.gov.in/vahan4dashboard/vahan/view/reportview.xhtml
2026,6,INDIA TOTAL,All Vahan4 Running Office,KINETIC MOTOR COMPANY LIMITED,ALL,THREE WHEELER(NT)|THREE WHEELER(T),ALL,ALL,0,2026-06-14T07:43:27.641Z,https://vahan.parivahan.gov.in/vahan4dashboard/vahan/view/reportview.xhtml
2026,6,INDIA TOTAL,All Vahan4 Running Office,KIRAN AUTOMOBILE INDUSTRY,ALL,THREE WHEELER(NT)|THREE WHEELER(T),ALL,ALL,3,2026-06-14T07:43:27.641Z,https://vahan.parivahan.gov.in/vahan4dashboard/vahan/view/reportview.xhtml
2026,6,INDIA TOTAL,All Vahan4 Running Office,KLB KOMAKI PVT LTD,ALL,THREE WHEELER(NT)|THREE WHEELER(T),ALL,ALL,40,2026-06-14T07:43:27.641Z,https://vahan.parivahan.gov.in/vahan4dashboard/vahan/view/reportview.xhtml
2026,6,INDIA TOTAL,All Vahan4 Running Office,KPT INDUSTRIES LTD,ALL,THREE WHEELER(NT)|THREE WHEELER(T),ALL,ALL,0,2026-06-14T07:43:27.641Z,https://vahan.parivahan.gov.in/vahan4dashboard/vahan/view/reportview.xhtml
2026,6,INDIA TOTAL,All Vahan4 Running Office,KPT MOTORS,ALL,THREE WHEELER(NT)|THREE WHEELER(T),ALL,ALL,72,2026-06-14T07:43:27.641Z,https://vahan.parivahan.gov.in/vahan4dashboard/vahan/view/reportview.xhtml
2026,6,INDIA TOTAL,All Vahan4 Running Office,KR E-VEHICLE PVT LTD,ALL,THREE WHEELER(NT)|THREE WHEELER(T),ALL,ALL,4,2026-06-14T07:43:27.641Z,https://vahan.parivahan.gov.in/vahan4dashboard/vahan/view/reportview.xhtml
2026,6,INDIA TOTAL,All Vahan4 Running Office,KRISHNA CHAITANYA ENTERPRISES,ALL,THREE WHEELER(NT)|THREE WHEELER(T),ALL,ALL,19,2026-06-14T07:43:27.641Z,https://vahan.parivahan.gov.in/vahan4dashboard/vahan/view/reportview.xhtml
2026,6,INDIA TOTAL,All Vahan4 Running Office,KRISHNA ENGINEERING WORKS,ALL,THREE WHEELER(NT)|THREE WHEELER(T),ALL,ALL,43,2026-06-14T07:43:27.641Z,https://vahan.parivahan.gov.in/vahan4dashboard/vahan/view/reportview.xhtml
2026,6,INDIA TOTAL,All Vahan4 Running Office,KRISHNA VEHICALS,ALL,THREE WHEELER(NT)|THREE WHEELER(T),ALL,ALL,1,2026-06-14T07:43:27.641Z,https://vahan.parivahan.gov.in/vahan4dashboard/vahan/view/reportview.xhtml
2026,6,INDIA TOTAL,All Vahan4 Running Office,KUKU AUTOMOTIVES,ALL,THREE WHEELER(NT)|THREE WHEELER(T),ALL,ALL,0,2026-06-14T07:43:27.641Z,https://vahan.parivahan.gov.in/vahan4dashboard/vahan/view/reportview.xhtml
2026,6,INDIA TOTAL,All Vahan4 Running Office,LAKHI AUTO TRADERS CON,ALL,THREE WHEELER(NT)|THREE WHEELER(T),ALL,ALL,1,2026-06-14T07:43:27.641Z,https://vahan.parivahan.gov.in/vahan4dashboard/vahan/view/reportview.xhtml
2026,6,INDIA TOTAL,All Vahan4 Running Office,LAKSHYA AUTO SALES CORPORATION,ALL,THREE WHEELER(NT)|THREE WHEELER(T),ALL,ALL,8,2026-06-14T07:43:27.641Z,https://vahan.parivahan.gov.in/vahan4dashboard/vahan/view/reportview.xhtml
2026,6,INDIA TOTAL,All Vahan4 Running Office,LAKSHYA MOTORS,ALL,THREE WHEELER(NT)|THREE WHEELER(T),ALL,ALL,3,2026-06-14T07:43:27.641Z,https://vahan.parivahan.gov.in/vahan4dashboard/vahan/view/reportview.xhtml
2026,6,INDIA TOTAL,All Vahan4 Running Office,LALA G E RICKSHAW AND SPARE PARTS,ALL,THREE WHEELER(NT)|THREE WHEELER(T),ALL,ALL,28,2026-06-14T07:43:27.641Z,https://vahan.parivahan.gov.in/vahan4dashboard/vahan/view/reportview.xhtml
2026,6,INDIA TOTAL,All Vahan4 Running Office,LAWAT MOTORS LLP,ALL,THREE WHEELER(NT)|THREE WHEELER(T),ALL,ALL,2,2026-06-14T07:43:27.641Z,https://vahan.parivahan.gov.in/vahan4dashboard/vahan/view/reportview.xhtml
2026,6,INDIA TOTAL,All Vahan4 Running Office,LECTRIX E VEHICLES PVT LTD,ALL,THREE WHEELER(NT)|THREE WHEELER(T),ALL,ALL,85,2026-06-14T07:43:27.641Z,https://vahan.parivahan.gov.in/vahan4dashboard/vahan/view/reportview.xhtml
2026,6,INDIA TOTAL,All Vahan4 Running Office,LEOPAN MOTORS PRIVATE LIMITED,ALL,THREE WHEELER(NT)|THREE WHEELER(T),ALL,ALL,0,2026-06-14T07:43:27.641Z,https://vahan.parivahan.gov.in/vahan4dashboard/vahan/view/reportview.xhtml
2026,6,INDIA TOTAL,All Vahan4 Running Office,LIMO AUTO CARE PVT LTD,ALL,THREE WHEELER(NT)|THREE WHEELER(T),ALL,ALL,8,2026-06-14T07:43:27.641Z,https://vahan.parivahan.gov.in/vahan4dashboard/vahan/view/reportview.xhtml
2026,6,INDIA TOTAL,All Vahan4 Running Office,LIONIZE AUTOMOBILE PVT LTD,ALL,THREE WHEELER(NT)|THREE WHEELER(T),ALL,ALL,36,2026-06-14T07:43:27.641Z,https://vahan.parivahan.gov.in/vahan4dashboard/vahan/view/reportview.xhtml
2026,6,INDIA TOTAL,All Vahan4 Running Office,LOHAKA INDUSTRIES PVT LTD,ALL,THREE WHEELER(NT)|THREE WHEELER(T),ALL,ALL,22,2026-06-14T07:43:27.641Z,https://vahan.parivahan.gov.in/vahan4dashboard/vahan/view/reportview.xhtml
2026,6,INDIA TOTAL,All Vahan4 Running Office,LOHIA AUTO INDUSTRIES,ALL,THREE WHEELER(NT)|THREE WHEELER(T),ALL,ALL,25,2026-06-14T07:43:27.641Z,https://vahan.parivahan.gov.in/vahan4dashboard/vahan/view/reportview.xhtml
2026,6,INDIA TOTAL,All Vahan4 Running Office,LORDS VEHICLE MFG PVT LTD,ALL,THREE WHEELER(NT)|THREE WHEELER(T),ALL,ALL,0,2026-06-14T07:43:27.641Z,https://vahan.parivahan.gov.in/vahan4dashboard/vahan/view/reportview.xhtml
2026,6,INDIA TOTAL,All Vahan4 Running Office,LUCKY INDUSTRIES,ALL,THREE WHEELER(NT)|THREE WHEELER(T),ALL,ALL,4,2026-06-14T07:43:27.641Z,https://vahan.parivahan.gov.in/vahan4dashboard/vahan/view/reportview.xhtml
2026,6,INDIA TOTAL,All Vahan4 Running Office,LUXUS GREEN MOBILITY PVT LTD,ALL,THREE WHEELER(NT)|THREE WHEELER(T),ALL,ALL,9,2026-06-14T07:43:27.641Z,https://vahan.parivahan.gov.in/vahan4dashboard/vahan/view/reportview.xhtml
2026,6,INDIA TOTAL,All Vahan4 Running Office,M G INDUSTRIES,ALL,THREE WHEELER(NT)|THREE WHEELER(T),ALL,ALL,2,2026-06-14T07:43:27.641Z,https://vahan.parivahan.gov.in/vahan4dashboard/vahan/view/reportview.xhtml
2026,6,INDIA TOTAL,All Vahan4 Running Office,M K BROTHERS,ALL,THREE WHEELER(NT)|THREE WHEELER(T),ALL,ALL,3,2026-06-14T07:43:27.641Z,https://vahan.parivahan.gov.in/vahan4dashboard/vahan/view/reportview.xhtml
2026,6,INDIA TOTAL,All Vahan4 Running Office,M.K. ENTERPRISES,ALL,THREE WHEELER(NT)|THREE WHEELER(T),ALL,ALL,18,2026-06-14T07:43:27.641Z,https://vahan.parivahan.gov.in/vahan4dashboard/vahan/view/reportview.xhtml
2026,6,INDIA TOTAL,All Vahan4 Running Office,M/S SHRIRAM AUTO TECH PVT LTD,ALL,THREE WHEELER(NT)|THREE WHEELER(T),ALL,ALL,51,2026-06-14T07:43:27.641Z,https://vahan.parivahan.gov.in/vahan4dashboard/vahan/view/reportview.xhtml
2026,6,INDIA TOTAL,All Vahan4 Running Office,M/S VISHNU CLEAN ENERGY VEHICLES LLP,ALL,THREE WHEELER(NT)|THREE WHEELER(T),ALL,ALL,0,2026-06-14T07:43:27.641Z,https://vahan.parivahan.gov.in/vahan4dashboard/vahan/view/reportview.xhtml
2026,6,INDIA TOTAL,All Vahan4 Running Office,M2J E VAHAN PVT LTD,ALL,THREE WHEELER(NT)|THREE WHEELER(T),ALL,ALL,15,2026-06-14T07:43:27.641Z,https://vahan.parivahan.gov.in/vahan4dashboard/vahan/view/reportview.xhtml
2026,6,INDIA TOTAL,All Vahan4 Running Office,MAA KALPANA ENTERPRISE,ALL,THREE WHEELER(NT)|THREE WHEELER(T),ALL,ALL,27,2026-06-14T07:43:27.641Z,https://vahan.parivahan.gov.in/vahan4dashboard/vahan/view/reportview.xhtml
2026,6,INDIA TOTAL,All Vahan4 Running Office,MAA SHAKTI EXIM PVT LTD,ALL,THREE WHEELER(NT)|THREE WHEELER(T),ALL,ALL,38,2026-06-14T07:43:27.641Z,https://vahan.parivahan.gov.in/vahan4dashboard/vahan/view/reportview.xhtml
2026,6,INDIA TOTAL,All Vahan4 Running Office,MAC AUTO INDIA,ALL,THREE WHEELER(NT)|THREE WHEELER(T),ALL,ALL,3,2026-06-14T07:43:27.641Z,https://vahan.parivahan.gov.in/vahan4dashboard/vahan/view/reportview.xhtml
2026,6,INDIA TOTAL,All Vahan4 Running Office,MAF ELECTRICAL VEHICLES,ALL,THREE WHEELER(NT)|THREE WHEELER(T),ALL,ALL,0,2026-06-14T07:43:27.641Z,https://vahan.parivahan.gov.in/vahan4dashboard/vahan/view/reportview.xhtml
2026,6,INDIA TOTAL,All Vahan4 Running Office,MAHAK TEEN UDYOG,ALL,THREE WHEELER(NT)|THREE WHEELER(T),ALL,ALL,26,2026-06-14T07:43:27.641Z,https://vahan.parivahan.gov.in/vahan4dashboard/vahan/view/reportview.xhtml
2026,6,INDIA TOTAL,All Vahan4 Running Office,MAHALAXMI ELECTRONIC VEHICLE PVT LTD,ALL,THREE WHEELER(NT)|THREE WHEELER(T),ALL,ALL,10,2026-06-14T07:43:27.641Z,https://vahan.parivahan.gov.in/vahan4dashboard/vahan/view/reportview.xhtml
2026,6,INDIA TOTAL,All Vahan4 Running Office,MAHINDRA & MAHINDRA LIMITED,ALL,THREE WHEELER(NT)|THREE WHEELER(T),ALL,ALL,9,2026-06-14T07:43:27.641Z,https://vahan.parivahan.gov.in/vahan4dashboard/vahan/view/reportview.xhtml
2026,6,INDIA TOTAL,All Vahan4 Running Office,MAHINDRA ELECTRIC MOBILITY LIMITED,ALL,THREE WHEELER(NT)|THREE WHEELER(T),ALL,ALL,0,2026-06-14T07:43:27.641Z,https://vahan.parivahan.gov.in/vahan4dashboard/vahan/view/reportview.xhtml
2026,6,INDIA TOTAL,All Vahan4 Running Office,MAHINDRA LAST MILE MOBILITY LTD,ALL,THREE WHEELER(NT)|THREE WHEELER(T),ALL,ALL,5196,2026-06-14T07:43:27.641Z,https://vahan.parivahan.gov.in/vahan4dashboard/vahan/view/reportview.xhtml
2026,6,INDIA TOTAL,All Vahan4 Running Office,MAHTAB BODY MAKER,ALL,THREE WHEELER(NT)|THREE WHEELER(T),ALL,ALL,24,2026-06-14T07:43:27.641Z,https://vahan.parivahan.gov.in/vahan4dashboard/vahan/view/reportview.xhtml
2026,6,INDIA TOTAL,All Vahan4 Running Office,MALAK TECHNO PVT LTD,ALL,THREE WHEELER(NT)|THREE WHEELER(T),ALL,ALL,0,2026-06-14T07:43:27.641Z,https://vahan.parivahan.gov.in/vahan4dashboard/vahan/view/reportview.xhtml
2026,6,INDIA TOTAL,All Vahan4 Running Office,MALI ENTERPRISES PVT LTD,ALL,THREE WHEELER(NT)|THREE WHEELER(T),ALL,ALL,13,2026-06-14T07:43:27.641Z,https://vahan.parivahan.gov.in/vahan4dashboard/vahan/view/reportview.xhtml
2026,6,INDIA TOTAL,All Vahan4 Running Office,MANIRAM ELECTRIC VEHICLE PVT LTD,ALL,THREE WHEELER(NT)|THREE WHEELER(T),ALL,ALL,11,2026-06-14T07:43:27.641Z,https://vahan.parivahan.gov.in/vahan4dashboard/vahan/view/reportview.xhtml
2026,6,INDIA TOTAL,All Vahan4 Running Office,MANISH EV INTERNATIONAL PRIVATE LIMITED,ALL,THREE WHEELER(NT)|THREE WHEELER(T),ALL,ALL,3,2026-06-14T07:43:27.641Z,https://vahan.parivahan.gov.in/vahan4dashboard/vahan/view/reportview.xhtml
2026,6,INDIA TOTAL,All Vahan4 Running Office,MANITA CITY MOTORS LLP,ALL,THREE WHEELER(NT)|THREE WHEELER(T),ALL,ALL,116,2026-06-14T07:43:27.641Z,https://vahan.parivahan.gov.in/vahan4dashboard/vahan/view/reportview.xhtml
2026,6,INDIA TOTAL,All Vahan4 Running Office,MANMOHAN KAUR,ALL,THREE WHEELER(NT)|THREE WHEELER(T),ALL,ALL,0,2026-06-14T07:43:27.641Z,https://vahan.parivahan.gov.in/vahan4dashboard/vahan/view/reportview.xhtml
2026,6,INDIA TOTAL,All Vahan4 Running Office,MARINO BATTERY E RICKSHAW,ALL,THREE WHEELER(NT)|THREE WHEELER(T),ALL,ALL,29,2026-06-14T07:43:27.641Z,https://vahan.parivahan.gov.in/vahan4dashboard/vahan/view/reportview.xhtml
2026,6,INDIA TOTAL,All Vahan4 Running Office,MARKUS,ALL,THREE WHEELER(NT)|THREE WHEELER(T),ALL,ALL,0,2026-06-14T07:43:27.641Z,https://vahan.parivahan.gov.in/vahan4dashboard/vahan/view/reportview.xhtml
2026,6,INDIA TOTAL,All Vahan4 Running Office,MARUTI BHIWANI E AUTOMOBILES,ALL,THREE WHEELER(NT)|THREE WHEELER(T),ALL,ALL,22,2026-06-14T07:43:27.641Z,https://vahan.parivahan.gov.in/vahan4dashboard/vahan/view/reportview.xhtml
2026,6,INDIA TOTAL,All Vahan4 Running Office,MASTO INDUSTRIES PVT LTD,ALL,THREE WHEELER(NT)|THREE WHEELER(T),ALL,ALL,1,2026-06-14T07:43:27.641Z,https://vahan.parivahan.gov.in/vahan4dashboard/vahan/view/reportview.xhtml
2026,6,INDIA TOTAL,All Vahan4 Running Office,MAZUJA EV MOTORS PVT LTD,ALL,THREE WHEELER(NT)|THREE WHEELER(T),ALL,ALL,15,2026-06-14T07:43:27.641Z,https://vahan.parivahan.gov.in/vahan4dashboard/vahan/view/reportview.xhtml
2026,6,INDIA TOTAL,All Vahan4 Running Office,MD MOTORS,ALL,THREE WHEELER(NT)|THREE WHEELER(T),ALL,ALL,1,2026-06-14T07:43:27.641Z,https://vahan.parivahan.gov.in/vahan4dashboard/vahan/view/reportview.xhtml
2026,6,INDIA TOTAL,All Vahan4 Running Office,MERCURY EV TECH LTD,ALL,THREE WHEELER(NT)|THREE WHEELER(T),ALL,ALL,2,2026-06-14T07:43:27.641Z,https://vahan.parivahan.gov.in/vahan4dashboard/vahan/view/reportview.xhtml
2026,6,INDIA TOTAL,All Vahan4 Running Office,METAL PRESSING & ENGG WORKS,ALL,THREE WHEELER(NT)|THREE WHEELER(T),ALL,ALL,5,2026-06-14T07:43:27.641Z,https://vahan.parivahan.gov.in/vahan4dashboard/vahan/view/reportview.xhtml
2026,6,INDIA TOTAL,All Vahan4 Running Office,METZENERGY PVT LTD,ALL,THREE WHEELER(NT)|THREE WHEELER(T),ALL,ALL,5,2026-06-14T07:43:27.641Z,https://vahan.parivahan.gov.in/vahan4dashboard/vahan/view/reportview.xhtml
2026,6,INDIA TOTAL,All Vahan4 Running Office,MILLENNIAL MOTORS LLP,ALL,THREE WHEELER(NT)|THREE WHEELER(T),ALL,ALL,28,2026-06-14T07:43:27.641Z,https://vahan.parivahan.gov.in/vahan4dashboard/vahan/view/reportview.xhtml
2026,6,INDIA TOTAL,All Vahan4 Running Office,MILYF AUTOMOTIVE PVT LTD,ALL,THREE WHEELER(NT)|THREE WHEELER(T),ALL,ALL,7,2026-06-14T07:43:27.641Z,https://vahan.parivahan.gov.in/vahan4dashboard/vahan/view/reportview.xhtml
2026,6,INDIA TOTAL,All Vahan4 Running Office,MINI METRO EV L.L.P,ALL,THREE WHEELER(NT)|THREE WHEELER(T),ALL,ALL,461,2026-06-14T07:43:27.641Z,https://vahan.parivahan.gov.in/vahan4dashboard/vahan/view/reportview.xhtml
2026,6,INDIA TOTAL,All Vahan4 Running Office,MLR AUTO LTD,ALL,THREE WHEELER(NT)|THREE WHEELER(T),ALL,ALL,337,2026-06-14T07:43:27.641Z,https://vahan.parivahan.gov.in/vahan4dashboard/vahan/view/reportview.xhtml
2026,6,INDIA TOTAL,All Vahan4 Running Office,MODERN METRO ENTERPRISES,ALL,THREE WHEELER(NT)|THREE WHEELER(T),ALL,ALL,1,2026-06-14T07:43:27.641Z,https://vahan.parivahan.gov.in/vahan4dashboard/vahan/view/reportview.xhtml
2026,6,INDIA TOTAL,All Vahan4 Running Office,MODLINE ASSOCIATES PVT LTD,ALL,THREE WHEELER(NT)|THREE WHEELER(T),ALL,ALL,16,2026-06-14T07:43:27.641Z,https://vahan.parivahan.gov.in/vahan4dashboard/vahan/view/reportview.xhtml
2026,6,INDIA TOTAL,All Vahan4 Running Office,MOHAN GENERAL TRADING COMPANY,ALL,THREE WHEELER(NT)|THREE WHEELER(T),ALL,ALL,3,2026-06-14T07:43:27.641Z,https://vahan.parivahan.gov.in/vahan4dashboard/vahan/view/reportview.xhtml
2026,6,INDIA TOTAL,All Vahan4 Running Office,MOMU AUTOMOTIVE,ALL,THREE WHEELER(NT)|THREE WHEELER(T),ALL,ALL,47,2026-06-14T07:43:27.641Z,https://vahan.parivahan.gov.in/vahan4dashboard/vahan/view/reportview.xhtml
2026,6,INDIA TOTAL,All Vahan4 Running Office,MONA GREEN AUTOMOBILES PVT LTD,ALL,THREE WHEELER(NT)|THREE WHEELER(T),ALL,ALL,1,2026-06-14T07:43:27.641Z,https://vahan.parivahan.gov.in/vahan4dashboard/vahan/view/reportview.xhtml
2026,6,INDIA TOTAL,All Vahan4 Running Office,MONDAL TRADING,ALL,THREE WHEELER(NT)|THREE WHEELER(T),ALL,ALL,105,2026-06-14T07:43:27.641Z,https://vahan.parivahan.gov.in/vahan4dashboard/vahan/view/reportview.xhtml
2026,6,INDIA TOTAL,All Vahan4 Running Office,MOVE STONE SERVICES PVT LTD,ALL,THREE WHEELER(NT)|THREE WHEELER(T),ALL,ALL,276,2026-06-14T07:43:27.641Z,https://vahan.parivahan.gov.in/vahan4dashboard/vahan/view/reportview.xhtml
2026,6,INDIA TOTAL,All Vahan4 Running Office,MVM MOTORS PRIVATE LIMITED,ALL,THREE WHEELER(NT)|THREE WHEELER(T),ALL,ALL,3,2026-06-14T07:43:27.641Z,https://vahan.parivahan.gov.in/vahan4dashboard/vahan/view/reportview.xhtml
2026,6,INDIA TOTAL,All Vahan4 Running Office,N0VA AUTOMOTIVE TECHNOLOGIES PVT. LTD,ALL,THREE WHEELER(NT)|THREE WHEELER(T),ALL,ALL,100,2026-06-14T07:43:27.641Z,https://vahan.parivahan.gov.in/vahan4dashboard/vahan/view/reportview.xhtml
2026,6,INDIA TOTAL,All Vahan4 Running Office,NAMAH INDUSTRIES PVT LTD,ALL,THREE WHEELER(NT)|THREE WHEELER(T),ALL,ALL,39,2026-06-14T07:43:27.641Z,https://vahan.parivahan.gov.in/vahan4dashboard/vahan/view/reportview.xhtml
2026,6,INDIA TOTAL,All Vahan4 Running Office,NAMDHARI ENTERPRISES,ALL,THREE WHEELER(NT)|THREE WHEELER(T),ALL,ALL,1,2026-06-14T07:43:27.641Z,https://vahan.parivahan.gov.in/vahan4dashboard/vahan/view/reportview.xhtml
2026,6,INDIA TOTAL,All Vahan4 Running Office,NAR INTERNATIONAL,ALL,THREE WHEELER(NT)|THREE WHEELER(T),ALL,ALL,1,2026-06-14T07:43:27.641Z,https://vahan.parivahan.gov.in/vahan4dashboard/vahan/view/reportview.xhtml
2026,6,INDIA TOTAL,All Vahan4 Running Office,NASIR ENGINEERING WORKSHOP,ALL,THREE WHEELER(NT)|THREE WHEELER(T),ALL,ALL,3,2026-06-14T07:43:27.641Z,https://vahan.parivahan.gov.in/vahan4dashboard/vahan/view/reportview.xhtml
2026,6,INDIA TOTAL,All Vahan4 Running Office,NAVYA ELECTRIC VEHICLE PVT LTD,ALL,THREE WHEELER(NT)|THREE WHEELER(T),ALL,ALL,209,2026-06-14T07:43:27.641Z,https://vahan.parivahan.gov.in/vahan4dashboard/vahan/view/reportview.xhtml
2026,6,INDIA TOTAL,All Vahan4 Running Office,NAVYABHARAT EVYAN MOTORS PVT LTD,ALL,THREE WHEELER(NT)|THREE WHEELER(T),ALL,ALL,2,2026-06-14T07:43:27.641Z,https://vahan.parivahan.gov.in/vahan4dashboard/vahan/view/reportview.xhtml
2026,6,INDIA TOTAL,All Vahan4 Running Office,NEEDLE EYE PLASTIC INDUSTRIES PVT LTD,ALL,THREE WHEELER(NT)|THREE WHEELER(T),ALL,ALL,67,2026-06-14T07:43:27.641Z,https://vahan.parivahan.gov.in/vahan4dashboard/vahan/view/reportview.xhtml
2026,6,INDIA TOTAL,All Vahan4 Running Office,NEELAM CYCLE,ALL,THREE WHEELER(NT)|THREE WHEELER(T),ALL,ALL,0,2026-06-14T07:43:27.641Z,https://vahan.parivahan.gov.in/vahan4dashboard/vahan/view/reportview.xhtml
2026,6,INDIA TOTAL,All Vahan4 Running Office,NEERAJ MOTORS PVT LTD,ALL,THREE WHEELER(NT)|THREE WHEELER(T),ALL,ALL,0,2026-06-14T07:43:27.641Z,https://vahan.parivahan.gov.in/vahan4dashboard/vahan/view/reportview.xhtml
2026,6,INDIA TOTAL,All Vahan4 Running Office,NEPTUNE GREEN ENERGY PVT LTD,ALL,THREE WHEELER(NT)|THREE WHEELER(T),ALL,ALL,0,2026-06-14T07:43:27.641Z,https://vahan.parivahan.gov.in/vahan4dashboard/vahan/view/reportview.xhtml
2026,6,INDIA TOTAL,All Vahan4 Running Office,NEUON MOTORS LLP,ALL,THREE WHEELER(NT)|THREE WHEELER(T),ALL,ALL,0,2026-06-14T07:43:27.641Z,https://vahan.parivahan.gov.in/vahan4dashboard/vahan/view/reportview.xhtml
2026,6,INDIA TOTAL,All Vahan4 Running Office,NEW ARCANA INDIA,ALL,THREE WHEELER(NT)|THREE WHEELER(T),ALL,ALL,11,2026-06-14T07:43:27.641Z,https://vahan.parivahan.gov.in/vahan4dashboard/vahan/view/reportview.xhtml
2026,6,INDIA TOTAL,All Vahan4 Running Office,NEW CHAWLA INDUSTRIES,ALL,THREE WHEELER(NT)|THREE WHEELER(T),ALL,ALL,76,2026-06-14T07:43:27.641Z,https://vahan.parivahan.gov.in/vahan4dashboard/vahan/view/reportview.xhtml
2026,6,INDIA TOTAL,All Vahan4 Running Office,NGAGE IMPEX PVT LTD,ALL,THREE WHEELER(NT)|THREE WHEELER(T),ALL,ALL,1,2026-06-14T07:43:27.641Z,https://vahan.parivahan.gov.in/vahan4dashboard/vahan/view/reportview.xhtml
2026,6,INDIA TOTAL,All Vahan4 Running Office,NGAGE WHEEL PVT LTD,ALL,THREE WHEELER(NT)|THREE WHEELER(T),ALL,ALL,22,2026-06-14T07:43:27.641Z,https://vahan.parivahan.gov.in/vahan4dashboard/vahan/view/reportview.xhtml
2026,6,INDIA TOTAL,All Vahan4 Running Office,NHD MOTORS,ALL,THREE WHEELER(NT)|THREE WHEELER(T),ALL,ALL,22,2026-06-14T07:43:27.641Z,https://vahan.parivahan.gov.in/vahan4dashboard/vahan/view/reportview.xhtml
2026,6,INDIA TOTAL,All Vahan4 Running Office,NIHARIKA ENTERPRISES,ALL,THREE WHEELER(NT)|THREE WHEELER(T),ALL,ALL,23,2026-06-14T07:43:27.641Z,https://vahan.parivahan.gov.in/vahan4dashboard/vahan/view/reportview.xhtml
2026,6,INDIA TOTAL,All Vahan4 Running Office,NIPUN SANYANTRA PVT LTD,ALL,THREE WHEELER(NT)|THREE WHEELER(T),ALL,ALL,1,2026-06-14T07:43:27.641Z,https://vahan.parivahan.gov.in/vahan4dashboard/vahan/view/reportview.xhtml
2026,6,INDIA TOTAL,All Vahan4 Running Office,NIRMAL UTILITY SERVICES PVT LTD,ALL,THREE WHEELER(NT)|THREE WHEELER(T),ALL,ALL,0,2026-06-14T07:43:27.641Z,https://vahan.parivahan.gov.in/vahan4dashboard/vahan/view/reportview.xhtml
2026,6,INDIA TOTAL,All Vahan4 Running Office,NRJ ELECTRIC MOTOR VEHICLES PVT LTD,ALL,THREE WHEELER(NT)|THREE WHEELER(T),ALL,ALL,108,2026-06-14T07:43:27.641Z,https://vahan.parivahan.gov.in/vahan4dashboard/vahan/view/reportview.xhtml
2026,6,INDIA TOTAL,All Vahan4 Running Office,OGATA MOTORS INDIA PVT LTD,ALL,THREE WHEELER(NT)|THREE WHEELER(T),ALL,ALL,1,2026-06-14T07:43:27.641Z,https://vahan.parivahan.gov.in/vahan4dashboard/vahan/view/reportview.xhtml
2026,6,INDIA TOTAL,All Vahan4 Running Office,OHMS INNOVATION,ALL,THREE WHEELER(NT)|THREE WHEELER(T),ALL,ALL,0,2026-06-14T07:43:27.641Z,https://vahan.parivahan.gov.in/vahan4dashboard/vahan/view/reportview.xhtml
2026,6,INDIA TOTAL,All Vahan4 Running Office,OK PLAY INDIA LTD,ALL,THREE WHEELER(NT)|THREE WHEELER(T),ALL,ALL,2,2026-06-14T07:43:27.641Z,https://vahan.parivahan.gov.in/vahan4dashboard/vahan/view/reportview.xhtml
2026,6,INDIA TOTAL,All Vahan4 Running Office,OKAPIGREEN AUTOMATION PVT LTD,ALL,THREE WHEELER(NT)|THREE WHEELER(T),ALL,ALL,0,2026-06-14T07:43:27.641Z,https://vahan.parivahan.gov.in/vahan4dashboard/vahan/view/reportview.xhtml
2026,6,INDIA TOTAL,All Vahan4 Running Office,OKAYA POWER PVT LTD,ALL,THREE WHEELER(NT)|THREE WHEELER(T),ALL,ALL,3,2026-06-14T07:43:27.641Z,https://vahan.parivahan.gov.in/vahan4dashboard/vahan/view/reportview.xhtml
2026,6,INDIA TOTAL,All Vahan4 Running Office,OM BALAJEE AUTOMOBILE ( INDIA) PVT. LTD,ALL,THREE WHEELER(NT)|THREE WHEELER(T),ALL,ALL,57,2026-06-14T07:43:27.641Z,https://vahan.parivahan.gov.in/vahan4dashboard/vahan/view/reportview.xhtml
2026,6,INDIA TOTAL,All Vahan4 Running Office,OM INDUSTRIES,ALL,THREE WHEELER(NT)|THREE WHEELER(T),ALL,ALL,200,2026-06-14T07:43:27.641Z,https://vahan.parivahan.gov.in/vahan4dashboard/vahan/view/reportview.xhtml
2026,6,INDIA TOTAL,All Vahan4 Running Office,OM RAJ AUTOTECH LLP,ALL,THREE WHEELER(NT)|THREE WHEELER(T),ALL,ALL,13,2026-06-14T07:43:27.641Z,https://vahan.parivahan.gov.in/vahan4dashboard/vahan/view/reportview.xhtml
2026,6,INDIA TOTAL,All Vahan4 Running Office,OMEGA SALES & AGRO INDUSTRIES,ALL,THREE WHEELER(NT)|THREE WHEELER(T),ALL,ALL,7,2026-06-14T07:43:27.641Z,https://vahan.parivahan.gov.in/vahan4dashboard/vahan/view/reportview.xhtml
2026,6,INDIA TOTAL,All Vahan4 Running Office,OMEGA SEIKI PVT LTD,ALL,THREE WHEELER(NT)|THREE WHEELER(T),ALL,ALL,66,2026-06-14T07:43:27.641Z,https://vahan.parivahan.gov.in/vahan4dashboard/vahan/view/reportview.xhtml
2026,6,INDIA TOTAL,All Vahan4 Running Office,OTHERS,ALL,THREE WHEELER(NT)|THREE WHEELER(T),ALL,ALL,0,2026-06-14T07:43:27.641Z,https://vahan.parivahan.gov.in/vahan4dashboard/vahan/view/reportview.xhtml
2026,6,INDIA TOTAL,All Vahan4 Running Office,OURO EV MOBILITY PVT LTD,ALL,THREE WHEELER(NT)|THREE WHEELER(T),ALL,ALL,0,2026-06-14T07:43:27.641Z,https://vahan.parivahan.gov.in/vahan4dashboard/vahan/view/reportview.xhtml
2026,6,INDIA TOTAL,All Vahan4 Running Office,OXEN ELECTRIC VEHICLES,ALL,THREE WHEELER(NT)|THREE WHEELER(T),ALL,ALL,11,2026-06-14T07:43:27.641Z,https://vahan.parivahan.gov.in/vahan4dashboard/vahan/view/reportview.xhtml
2026,6,INDIA TOTAL,All Vahan4 Running Office,OXOVAN EV PVT LTD,ALL,THREE WHEELER(NT)|THREE WHEELER(T),ALL,ALL,0,2026-06-14T07:43:27.641Z,https://vahan.parivahan.gov.in/vahan4dashboard/vahan/view/reportview.xhtml
2026,6,INDIA TOTAL,All Vahan4 Running Office,P.R. AND CO,ALL,THREE WHEELER(NT)|THREE WHEELER(T),ALL,ALL,0,2026-06-14T07:43:27.641Z,https://vahan.parivahan.gov.in/vahan4dashboard/vahan/view/reportview.xhtml
2026,6,INDIA TOTAL,All Vahan4 Running Office,P.S. ENTERPRISES,ALL,THREE WHEELER(NT)|THREE WHEELER(T),ALL,ALL,14,2026-06-14T07:43:27.641Z,https://vahan.parivahan.gov.in/vahan4dashboard/vahan/view/reportview.xhtml
2026,6,INDIA TOTAL,All Vahan4 Running Office,PARAS INDUSTRIES,ALL,THREE WHEELER(NT)|THREE WHEELER(T),ALL,ALL,43,2026-06-14T07:43:27.641Z,https://vahan.parivahan.gov.in/vahan4dashboard/vahan/view/reportview.xhtml
2026,6,INDIA TOTAL,All Vahan4 Running Office,PARI E-VEHICLES,ALL,THREE WHEELER(NT)|THREE WHEELER(T),ALL,ALL,15,2026-06-14T07:43:27.641Z,https://vahan.parivahan.gov.in/vahan4dashboard/vahan/view/reportview.xhtml
2026,6,INDIA TOTAL,All Vahan4 Running Office,PARI METRO E RICKSHAW,ALL,THREE WHEELER(NT)|THREE WHEELER(T),ALL,ALL,64,2026-06-14T07:43:27.641Z,https://vahan.parivahan.gov.in/vahan4dashboard/vahan/view/reportview.xhtml
2026,6,INDIA TOTAL,All Vahan4 Running Office,PIAGGIO VEHICLES PVT LTD,ALL,THREE WHEELER(NT)|THREE WHEELER(T),ALL,ALL,4016,2026-06-14T07:43:27.641Z,https://vahan.parivahan.gov.in/vahan4dashboard/vahan/view/reportview.xhtml
2026,6,INDIA TOTAL,All Vahan4 Running Office,PICK ELECTRIC AUTO PVT LTD,ALL,THREE WHEELER(NT)|THREE WHEELER(T),ALL,ALL,6,2026-06-14T07:43:27.641Z,https://vahan.parivahan.gov.in/vahan4dashboard/vahan/view/reportview.xhtml
2026,6,INDIA TOTAL,All Vahan4 Running Office,PINNACLE MOBILITY SOLUTIONS PVT LTD,ALL,THREE WHEELER(NT)|THREE WHEELER(T),ALL,ALL,29,2026-06-14T07:43:27.641Z,https://vahan.parivahan.gov.in/vahan4dashboard/vahan/view/reportview.xhtml
2026,6,INDIA TOTAL,All Vahan4 Running Office,PLAUDIT TECHNO INDIA PVT LTD,ALL,THREE WHEELER(NT)|THREE WHEELER(T),ALL,ALL,136,2026-06-14T07:43:27.641Z,https://vahan.parivahan.gov.in/vahan4dashboard/vahan/view/reportview.xhtml
2026,6,INDIA TOTAL,All Vahan4 Running Office,POOSHPAK AUTOMOBILES PVT LTD,ALL,THREE WHEELER(NT)|THREE WHEELER(T),ALL,ALL,0,2026-06-14T07:43:27.641Z,https://vahan.parivahan.gov.in/vahan4dashboard/vahan/view/reportview.xhtml
2026,6,INDIA TOTAL,All Vahan4 Running Office,PORWAL ELECTRIC,ALL,THREE WHEELER(NT)|THREE WHEELER(T),ALL,ALL,2,2026-06-14T07:43:27.641Z,https://vahan.parivahan.gov.in/vahan4dashboard/vahan/view/reportview.xhtml
2026,6,INDIA TOTAL,All Vahan4 Running Office,PRAAKARM AUTO & CONSTRUCTION EQUIPMENTS,ALL,THREE WHEELER(NT)|THREE WHEELER(T),ALL,ALL,0,2026-06-14T07:43:27.641Z,https://vahan.parivahan.gov.in/vahan4dashboard/vahan/view/reportview.xhtml
2026,6,INDIA TOTAL,All Vahan4 Running Office,PRABHA AUTOMOTIVE ENGINEERS PVT LTD,ALL,THREE WHEELER(NT)|THREE WHEELER(T),ALL,ALL,1,2026-06-14T07:43:27.641Z,https://vahan.parivahan.gov.in/vahan4dashboard/vahan/view/reportview.xhtml
2026,6,INDIA TOTAL,All Vahan4 Running Office,PRAG MOTORS,ALL,THREE WHEELER(NT)|THREE WHEELER(T),ALL,ALL,7,2026-06-14T07:43:27.641Z,https://vahan.parivahan.gov.in/vahan4dashboard/vahan/view/reportview.xhtml
2026,6,INDIA TOTAL,All Vahan4 Running Office,PRAGYA AUTOMOBILE PVT LTD,ALL,THREE WHEELER(NT)|THREE WHEELER(T),ALL,ALL,6,2026-06-14T07:43:27.641Z,https://vahan.parivahan.gov.in/vahan4dashboard/vahan/view/reportview.xhtml
2026,6,INDIA TOTAL,All Vahan4 Running Office,PRAJJWAL MAHAJAN TRADERS,ALL,THREE WHEELER(NT)|THREE WHEELER(T),ALL,ALL,1,2026-06-14T07:43:27.641Z,https://vahan.parivahan.gov.in/vahan4dashboard/vahan/view/reportview.xhtml
2026,6,INDIA TOTAL,All Vahan4 Running Office,PRAKASH ENTERPRISES,ALL,THREE WHEELER(NT)|THREE WHEELER(T),ALL,ALL,0,2026-06-14T07:43:27.641Z,https://vahan.parivahan.gov.in/vahan4dashboard/vahan/view/reportview.xhtml
2026,6,INDIA TOTAL,All Vahan4 Running Office,PRAKRITI ELECTRIC VEHICLE PVT LTD,ALL,THREE WHEELER(NT)|THREE WHEELER(T),ALL,ALL,0,2026-06-14T07:43:27.641Z,https://vahan.parivahan.gov.in/vahan4dashboard/vahan/view/reportview.xhtml
2026,6,INDIA TOTAL,All Vahan4 Running Office,PRIDE E-MOTORS,ALL,THREE WHEELER(NT)|THREE WHEELER(T),ALL,ALL,5,2026-06-14T07:43:27.641Z,https://vahan.parivahan.gov.in/vahan4dashboard/vahan/view/reportview.xhtml
2026,6,INDIA TOTAL,All Vahan4 Running Office,PRIYAM INDUSTRIES AND ENGINEERING PVT LTD,ALL,THREE WHEELER(NT)|THREE WHEELER(T),ALL,ALL,0,2026-06-14T07:43:27.641Z,https://vahan.parivahan.gov.in/vahan4dashboard/vahan/view/reportview.xhtml
2026,6,INDIA TOTAL,All Vahan4 Running Office,PROMINAL ELECTRIC VEHICLE PVT LTD,ALL,THREE WHEELER(NT)|THREE WHEELER(T),ALL,ALL,2,2026-06-14T07:43:27.641Z,https://vahan.parivahan.gov.in/vahan4dashboard/vahan/view/reportview.xhtml
2026,6,INDIA TOTAL,All Vahan4 Running Office,PROPUS INC,ALL,THREE WHEELER(NT)|THREE WHEELER(T),ALL,ALL,10,2026-06-14T07:43:27.641Z,https://vahan.parivahan.gov.in/vahan4dashboard/vahan/view/reportview.xhtml
2026,6,INDIA TOTAL,All Vahan4 Running Office,PUBANG ETRON ELECTRIC MOTOR PVT LTD,ALL,THREE WHEELER(NT)|THREE WHEELER(T),ALL,ALL,5,2026-06-14T07:43:27.641Z,https://vahan.parivahan.gov.in/vahan4dashboard/vahan/view/reportview.xhtml
2026,6,INDIA TOTAL,All Vahan4 Running Office,PURVANCHAL ELECTRIC VEHICLES,ALL,THREE WHEELER(NT)|THREE WHEELER(T),ALL,ALL,12,2026-06-14T07:43:27.641Z,https://vahan.parivahan.gov.in/vahan4dashboard/vahan/view/reportview.xhtml
2026,6,INDIA TOTAL,All Vahan4 Running Office,PYTHOX MOTORS PVT LTD,ALL,THREE WHEELER(NT)|THREE WHEELER(T),ALL,ALL,30,2026-06-14T07:43:27.641Z,https://vahan.parivahan.gov.in/vahan4dashboard/vahan/view/reportview.xhtml
2026,6,INDIA TOTAL,All Vahan4 Running Office,R3 ENTERPRISES,ALL,THREE WHEELER(NT)|THREE WHEELER(T),ALL,ALL,110,2026-06-14T07:43:27.641Z,https://vahan.parivahan.gov.in/vahan4dashboard/vahan/view/reportview.xhtml
2026,6,INDIA TOTAL,All Vahan4 Running Office,RACCOON MOTORS PVT LTD,ALL,THREE WHEELER(NT)|THREE WHEELER(T),ALL,ALL,1,2026-06-14T07:43:27.641Z,https://vahan.parivahan.gov.in/vahan4dashboard/vahan/view/reportview.xhtml
2026,6,INDIA TOTAL,All Vahan4 Running Office,RACHANACREATIONS AUTO PVT LTD,ALL,THREE WHEELER(NT)|THREE WHEELER(T),ALL,ALL,1,2026-06-14T07:43:27.641Z,https://vahan.parivahan.gov.in/vahan4dashboard/vahan/view/reportview.xhtml
2026,6,INDIA TOTAL,All Vahan4 Running Office,RADHVA MOTORS,ALL,THREE WHEELER(NT)|THREE WHEELER(T),ALL,ALL,1,2026-06-14T07:43:27.641Z,https://vahan.parivahan.gov.in/vahan4dashboard/vahan/view/reportview.xhtml
2026,6,INDIA TOTAL,All Vahan4 Running Office,RAFTAAR ELECTRIC GREEN VEHICLES PVT LTD,ALL,THREE WHEELER(NT)|THREE WHEELER(T),ALL,ALL,0,2026-06-14T07:43:27.641Z,https://vahan.parivahan.gov.in/vahan4dashboard/vahan/view/reportview.xhtml
2026,6,INDIA TOTAL,All Vahan4 Running Office,RAHUL AGRO EXPORTS PVT LTD,ALL,THREE WHEELER(NT)|THREE WHEELER(T),ALL,ALL,1,2026-06-14T07:43:27.641Z,https://vahan.parivahan.gov.in/vahan4dashboard/vahan/view/reportview.xhtml
2026,6,INDIA TOTAL,All Vahan4 Running Office,RAICHURA ENERGY PRIVATE LIMITED,ALL,THREE WHEELER(NT)|THREE WHEELER(T),ALL,ALL,0,2026-06-14T07:43:27.641Z,https://vahan.parivahan.gov.in/vahan4dashboard/vahan/view/reportview.xhtml
2026,6,INDIA TOTAL,All Vahan4 Running Office,RAJ AUTOMOTIVE,ALL,THREE WHEELER(NT)|THREE WHEELER(T),ALL,ALL,2,2026-06-14T07:43:27.641Z,https://vahan.parivahan.gov.in/vahan4dashboard/vahan/view/reportview.xhtml
2026,6,INDIA TOTAL,All Vahan4 Running Office,RAJA ECO WHEEL,ALL,THREE WHEELER(NT)|THREE WHEELER(T),ALL,ALL,0,2026-06-14T07:43:27.641Z,https://vahan.parivahan.gov.in/vahan4dashboard/vahan/view/reportview.xhtml
2026,6,INDIA TOTAL,All Vahan4 Running Office,RAKHEJA INDUSTRIES,ALL,THREE WHEELER(NT)|THREE WHEELER(T),ALL,ALL,1,2026-06-14T07:43:27.641Z,https://vahan.parivahan.gov.in/vahan4dashboard/vahan/view/reportview.xhtml
2026,6,INDIA TOTAL,All Vahan4 Running Office,RAMA INDUSTRIES,ALL,THREE WHEELER(NT)|THREE WHEELER(T),ALL,ALL,3,2026-06-14T07:43:27.641Z,https://vahan.parivahan.gov.in/vahan4dashboard/vahan/view/reportview.xhtml
2026,6,INDIA TOTAL,All Vahan4 Running Office,RAMON INDUSTRIES,ALL,THREE WHEELER(NT)|THREE WHEELER(T),ALL,ALL,0,2026-06-14T07:43:27.641Z,https://vahan.parivahan.gov.in/vahan4dashboard/vahan/view/reportview.xhtml
2026,6,INDIA TOTAL,All Vahan4 Running Office,RANA ENGINEER WORKS,ALL,THREE WHEELER(NT)|THREE WHEELER(T),ALL,ALL,18,2026-06-14T07:43:27.641Z,https://vahan.parivahan.gov.in/vahan4dashboard/vahan/view/reportview.xhtml
2026,6,INDIA TOTAL,All Vahan4 Running Office,RANGE AUTOMOBILES PVT LTD,ALL,THREE WHEELER(NT)|THREE WHEELER(T),ALL,ALL,0,2026-06-14T07:43:27.641Z,https://vahan.parivahan.gov.in/vahan4dashboard/vahan/view/reportview.xhtml
2026,6,INDIA TOTAL,All Vahan4 Running Office,RASANDIK ENGINEERING INDUSTRIES INDIA LTD,ALL,THREE WHEELER(NT)|THREE WHEELER(T),ALL,ALL,1,2026-06-14T07:43:27.641Z,https://vahan.parivahan.gov.in/vahan4dashboard/vahan/view/reportview.xhtml
2026,6,INDIA TOTAL,All Vahan4 Running Office,RATIRIDE EV MOTORS PVT LTD,ALL,THREE WHEELER(NT)|THREE WHEELER(T),ALL,ALL,17,2026-06-14T07:43:27.641Z,https://vahan.parivahan.gov.in/vahan4dashboard/vahan/view/reportview.xhtml
2026,6,INDIA TOTAL,All Vahan4 Running Office,RAVI METAL WORKS,ALL,THREE WHEELER(NT)|THREE WHEELER(T),ALL,ALL,0,2026-06-14T07:43:27.641Z,https://vahan.parivahan.gov.in/vahan4dashboard/vahan/view/reportview.xhtml
2026,6,INDIA TOTAL,All Vahan4 Running Office,RAYON ENGINEERS,ALL,THREE WHEELER(NT)|THREE WHEELER(T),ALL,ALL,10,2026-06-14T07:43:27.641Z,https://vahan.parivahan.gov.in/vahan4dashboard/vahan/view/reportview.xhtml
2026,6,INDIA TOTAL,All Vahan4 Running Office,RCJ AUTO FORGE PVT LTD,ALL,THREE WHEELER(NT)|THREE WHEELER(T),ALL,ALL,26,2026-06-14T07:43:27.641Z,https://vahan.parivahan.gov.in/vahan4dashboard/vahan/view/reportview.xhtml
2026,6,INDIA TOTAL,All Vahan4 Running Office,RDS INDUSTRIES,ALL,THREE WHEELER(NT)|THREE WHEELER(T),ALL,ALL,2,2026-06-14T07:43:27.641Z,https://vahan.parivahan.gov.in/vahan4dashboard/vahan/view/reportview.xhtml
2026,6,INDIA TOTAL,All Vahan4 Running Office,REDDY AUTOMOTIVE PVT LTD,ALL,THREE WHEELER(NT)|THREE WHEELER(T),ALL,ALL,0,2026-06-14T07:43:27.641Z,https://vahan.parivahan.gov.in/vahan4dashboard/vahan/view/reportview.xhtml
2026,6,INDIA TOTAL,All Vahan4 Running Office,REEP INDUSTRIES PVT LTD,ALL,THREE WHEELER(NT)|THREE WHEELER(T),ALL,ALL,0,2026-06-14T07:43:27.641Z,https://vahan.parivahan.gov.in/vahan4dashboard/vahan/view/reportview.xhtml
2026,6,INDIA TOTAL,All Vahan4 Running Office,REPUBLIC MOTORS,ALL,THREE WHEELER(NT)|THREE WHEELER(T),ALL,ALL,5,2026-06-14T07:43:27.641Z,https://vahan.parivahan.gov.in/vahan4dashboard/vahan/view/reportview.xhtml
2026,6,INDIA TOTAL,All Vahan4 Running Office,RETRO ELECTRIC PVT LTD,ALL,THREE WHEELER(NT)|THREE WHEELER(T),ALL,ALL,0,2026-06-14T07:43:27.641Z,https://vahan.parivahan.gov.in/vahan4dashboard/vahan/view/reportview.xhtml
2026,6,INDIA TOTAL,All Vahan4 Running Office,RIBAND ELECTRIC PVT LTD,ALL,THREE WHEELER(NT)|THREE WHEELER(T),ALL,ALL,28,2026-06-14T07:43:27.641Z,https://vahan.parivahan.gov.in/vahan4dashboard/vahan/view/reportview.xhtml
2026,6,INDIA TOTAL,All Vahan4 Running Office,RICHFORD ALLIANZ PVT LTD,ALL,THREE WHEELER(NT)|THREE WHEELER(T),ALL,ALL,173,2026-06-14T07:43:27.641Z,https://vahan.parivahan.gov.in/vahan4dashboard/vahan/view/reportview.xhtml
2026,6,INDIA TOTAL,All Vahan4 Running Office,RICKSHOW REPAIRING,ALL,THREE WHEELER(NT)|THREE WHEELER(T),ALL,ALL,16,2026-06-14T07:43:27.641Z,https://vahan.parivahan.gov.in/vahan4dashboard/vahan/view/reportview.xhtml
2026,6,INDIA TOTAL,All Vahan4 Running Office,RIJIYA TRADING PVT LTD,ALL,THREE WHEELER(NT)|THREE WHEELER(T),ALL,ALL,10,2026-06-14T07:43:27.641Z,https://vahan.parivahan.gov.in/vahan4dashboard/vahan/view/reportview.xhtml
2026,6,INDIA TOTAL,All Vahan4 Running Office,RILOX EV PVT LTD,ALL,THREE WHEELER(NT)|THREE WHEELER(T),ALL,ALL,9,2026-06-14T07:43:27.641Z,https://vahan.parivahan.gov.in/vahan4dashboard/vahan/view/reportview.xhtml
2026,6,INDIA TOTAL,All Vahan4 Running Office,RIVALDO ELECTRIC PVT LTD,ALL,THREE WHEELER(NT)|THREE WHEELER(T),ALL,ALL,0,2026-06-14T07:43:27.641Z,https://vahan.parivahan.gov.in/vahan4dashboard/vahan/view/reportview.xhtml
2026,6,INDIA TOTAL,All Vahan4 Running Office,RIVET EV INDUSTRIES PVT LTD,ALL,THREE WHEELER(NT)|THREE WHEELER(T),ALL,ALL,4,2026-06-14T07:43:27.641Z,https://vahan.parivahan.gov.in/vahan4dashboard/vahan/view/reportview.xhtml
2026,6,INDIA TOTAL,All Vahan4 Running Office,RIYA ENTERPRISE,ALL,THREE WHEELER(NT)|THREE WHEELER(T),ALL,ALL,0,2026-06-14T07:43:27.641Z,https://vahan.parivahan.gov.in/vahan4dashboard/vahan/view/reportview.xhtml
2026,6,INDIA TOTAL,All Vahan4 Running Office,ROANSOME MOTORS,ALL,THREE WHEELER(NT)|THREE WHEELER(T),ALL,ALL,1,2026-06-14T07:43:27.641Z,https://vahan.parivahan.gov.in/vahan4dashboard/vahan/view/reportview.xhtml
2026,6,INDIA TOTAL,All Vahan4 Running Office,ROARLEO MOTOR PVT LTD,ALL,THREE WHEELER(NT)|THREE WHEELER(T),ALL,ALL,1,2026-06-14T07:43:27.641Z,https://vahan.parivahan.gov.in/vahan4dashboard/vahan/view/reportview.xhtml
2026,6,INDIA TOTAL,All Vahan4 Running Office,RODA FLEETS PVT LTD,ALL,THREE WHEELER(NT)|THREE WHEELER(T),ALL,ALL,10,2026-06-14T07:43:27.641Z,https://vahan.parivahan.gov.in/vahan4dashboard/vahan/view/reportview.xhtml
2026,6,INDIA TOTAL,All Vahan4 Running Office,ROYAL AUTOMOBILES,ALL,THREE WHEELER(NT)|THREE WHEELER(T),ALL,ALL,0,2026-06-14T07:43:27.641Z,https://vahan.parivahan.gov.in/vahan4dashboard/vahan/view/reportview.xhtml
2026,6,INDIA TOTAL,All Vahan4 Running Office,ROYCE EV PVT LTD,ALL,THREE WHEELER(NT)|THREE WHEELER(T),ALL,ALL,44,2026-06-14T07:43:27.641Z,https://vahan.parivahan.gov.in/vahan4dashboard/vahan/view/reportview.xhtml
2026,6,INDIA TOTAL,All Vahan4 Running Office,RP AUTOMOBILE,ALL,THREE WHEELER(NT)|THREE WHEELER(T),ALL,ALL,0,2026-06-14T07:43:27.641Z,https://vahan.parivahan.gov.in/vahan4dashboard/vahan/view/reportview.xhtml
2026,6,INDIA TOTAL,All Vahan4 Running Office,RP MOTORS,ALL,THREE WHEELER(NT)|THREE WHEELER(T),ALL,ALL,0,2026-06-14T07:43:27.641Z,https://vahan.parivahan.gov.in/vahan4dashboard/vahan/view/reportview.xhtml
2026,6,INDIA TOTAL,All Vahan4 Running Office,RPSS EV INDIA PVT LTD,ALL,THREE WHEELER(NT)|THREE WHEELER(T),ALL,ALL,8,2026-06-14T07:43:27.641Z,https://vahan.parivahan.gov.in/vahan4dashboard/vahan/view/reportview.xhtml
2026,6,INDIA TOTAL,All Vahan4 Running Office,RSD SECURITY SOLUTIONS PVT LTD,ALL,THREE WHEELER(NT)|THREE WHEELER(T),ALL,ALL,12,2026-06-14T07:43:27.641Z,https://vahan.parivahan.gov.in/vahan4dashboard/vahan/view/reportview.xhtml
2026,6,INDIA TOTAL,All Vahan4 Running Office,RUN STAR ENGINEERING,ALL,THREE WHEELER(NT)|THREE WHEELER(T),ALL,ALL,0,2026-06-14T07:43:27.641Z,https://vahan.parivahan.gov.in/vahan4dashboard/vahan/view/reportview.xhtml
2026,6,INDIA TOTAL,All Vahan4 Running Office,RUTBA PRODUCT PVT LTD,ALL,THREE WHEELER(NT)|THREE WHEELER(T),ALL,ALL,14,2026-06-14T07:43:27.641Z,https://vahan.parivahan.gov.in/vahan4dashboard/vahan/view/reportview.xhtml
2026,6,INDIA TOTAL,All Vahan4 Running Office,S AND J INDUSTRIES,ALL,THREE WHEELER(NT)|THREE WHEELER(T),ALL,ALL,0,2026-06-14T07:43:27.641Z,https://vahan.parivahan.gov.in/vahan4dashboard/vahan/view/reportview.xhtml
2026,6,INDIA TOTAL,All Vahan4 Running Office,S B TRADERS,ALL,THREE WHEELER(NT)|THREE WHEELER(T),ALL,ALL,30,2026-06-14T07:43:27.641Z,https://vahan.parivahan.gov.in/vahan4dashboard/vahan/view/reportview.xhtml
2026,6,INDIA TOTAL,All Vahan4 Running Office,S E ASIA CO,ALL,THREE WHEELER(NT)|THREE WHEELER(T),ALL,ALL,0,2026-06-14T07:43:27.641Z,https://vahan.parivahan.gov.in/vahan4dashboard/vahan/view/reportview.xhtml
2026,6,INDIA TOTAL,All Vahan4 Running Office,S S GLOBAL,ALL,THREE WHEELER(NT)|THREE WHEELER(T),ALL,ALL,0,2026-06-14T07:43:27.641Z,https://vahan.parivahan.gov.in/vahan4dashboard/vahan/view/reportview.xhtml
2026,6,INDIA TOTAL,All Vahan4 Running Office,S S INDUSTRY,ALL,THREE WHEELER(NT)|THREE WHEELER(T),ALL,ALL,41,2026-06-14T07:43:27.641Z,https://vahan.parivahan.gov.in/vahan4dashboard/vahan/view/reportview.xhtml
2026,6,INDIA TOTAL,All Vahan4 Running Office,S.M ELECTRIC VEHICLE,ALL,THREE WHEELER(NT)|THREE WHEELER(T),ALL,ALL,5,2026-06-14T07:43:27.641Z,https://vahan.parivahan.gov.in/vahan4dashboard/vahan/view/reportview.xhtml
2026,6,INDIA TOTAL,All Vahan4 Running Office,SAERA ELECTRIC AUTO PVT LTD,ALL,THREE WHEELER(NT)|THREE WHEELER(T),ALL,ALL,668,2026-06-14T07:43:27.641Z,https://vahan.parivahan.gov.in/vahan4dashboard/vahan/view/reportview.xhtml
2026,6,INDIA TOTAL,All Vahan4 Running Office,SAHNIANAND E VEHICLES PVT LTD,ALL,THREE WHEELER(NT)|THREE WHEELER(T),ALL,ALL,230,2026-06-14T07:43:27.641Z,https://vahan.parivahan.gov.in/vahan4dashboard/vahan/view/reportview.xhtml
2026,6,INDIA TOTAL,All Vahan4 Running Office,SAI KISHAN MACHINERY (OPC) PVT LTD,ALL,THREE WHEELER(NT)|THREE WHEELER(T),ALL,ALL,0,2026-06-14T07:43:27.641Z,https://vahan.parivahan.gov.in/vahan4dashboard/vahan/view/reportview.xhtml
2026,6,INDIA TOTAL,All Vahan4 Running Office,SAIF AUTO LTD,ALL,THREE WHEELER(NT)|THREE WHEELER(T),ALL,ALL,2,2026-06-14T07:43:27.641Z,https://vahan.parivahan.gov.in/vahan4dashboard/vahan/view/reportview.xhtml
2026,6,INDIA TOTAL,All Vahan4 Running Office,SAIFIAN SOLAR PVT LTD,ALL,THREE WHEELER(NT)|THREE WHEELER(T),ALL,ALL,1,2026-06-14T07:43:27.641Z,https://vahan.parivahan.gov.in/vahan4dashboard/vahan/view/reportview.xhtml
2026,6,INDIA TOTAL,All Vahan4 Running Office,SAINIK CYCLE MART,ALL,THREE WHEELER(NT)|THREE WHEELER(T),ALL,ALL,1,2026-06-14T07:43:27.641Z,https://vahan.parivahan.gov.in/vahan4dashboard/vahan/view/reportview.xhtml
2026,6,INDIA TOTAL,All Vahan4 Running Office,SAKSHAM TECH AUTOMOBILES,ALL,THREE WHEELER(NT)|THREE WHEELER(T),ALL,ALL,1,2026-06-14T07:43:27.641Z,https://vahan.parivahan.gov.in/vahan4dashboard/vahan/view/reportview.xhtml
2026,6,INDIA TOTAL,All Vahan4 Running Office,SAKSHAM TRADING COMPANY,ALL,THREE WHEELER(NT)|THREE WHEELER(T),ALL,ALL,22,2026-06-14T07:43:27.641Z,https://vahan.parivahan.gov.in/vahan4dashboard/vahan/view/reportview.xhtml
2026,6,INDIA TOTAL,All Vahan4 Running Office,SALAAR ENTERPRISES,ALL,THREE WHEELER(NT)|THREE WHEELER(T),ALL,ALL,1,2026-06-14T07:43:27.641Z,https://vahan.parivahan.gov.in/vahan4dashboard/vahan/view/reportview.xhtml
2026,6,INDIA TOTAL,All Vahan4 Running Office,SAMRAT ELECTRIC VEHICLE,ALL,THREE WHEELER(NT)|THREE WHEELER(T),ALL,ALL,5,2026-06-14T07:43:27.641Z,https://vahan.parivahan.gov.in/vahan4dashboard/vahan/view/reportview.xhtml
2026,6,INDIA TOTAL,All Vahan4 Running Office,SANALDEEP INDUSTRIES,ALL,THREE WHEELER(NT)|THREE WHEELER(T),ALL,ALL,3,2026-06-14T07:43:27.641Z,https://vahan.parivahan.gov.in/vahan4dashboard/vahan/view/reportview.xhtml
2026,6,INDIA TOTAL,All Vahan4 Running Office,SARAVANA ENGINEERING WORKS,ALL,THREE WHEELER(NT)|THREE WHEELER(T),ALL,ALL,0,2026-06-14T07:43:27.641Z,https://vahan.parivahan.gov.in/vahan4dashboard/vahan/view/reportview.xhtml
2026,6,INDIA TOTAL,All Vahan4 Running Office,SATHI BATTERY PVT LTD,ALL,THREE WHEELER(NT)|THREE WHEELER(T),ALL,ALL,5,2026-06-14T07:43:27.641Z,https://vahan.parivahan.gov.in/vahan4dashboard/vahan/view/reportview.xhtml
2026,6,INDIA TOTAL,All Vahan4 Running Office,SATHI MOTORS ELECTRIC VEHICLE PVT LTD,ALL,THREE WHEELER(NT)|THREE WHEELER(T),ALL,ALL,159,2026-06-14T07:43:27.641Z,https://vahan.parivahan.gov.in/vahan4dashboard/vahan/view/reportview.xhtml
2026,6,INDIA TOTAL,All Vahan4 Running Office,SEALION AUTOMOBILE PVT LTD,ALL,THREE WHEELER(NT)|THREE WHEELER(T),ALL,ALL,0,2026-06-14T07:43:27.641Z,https://vahan.parivahan.gov.in/vahan4dashboard/vahan/view/reportview.xhtml
2026,6,INDIA TOTAL,All Vahan4 Running Office,SEN AND PANDIT VOLTAGE CONTROL PVT LTD,ALL,THREE WHEELER(NT)|THREE WHEELER(T),ALL,ALL,1,2026-06-14T07:43:27.641Z,https://vahan.parivahan.gov.in/vahan4dashboard/vahan/view/reportview.xhtml
2026,6,INDIA TOTAL,All Vahan4 Running Office,SETH INDUSTRIAL CORPORATION,ALL,THREE WHEELER(NT)|THREE WHEELER(T),ALL,ALL,20,2026-06-14T07:43:27.641Z,https://vahan.parivahan.gov.in/vahan4dashboard/vahan/view/reportview.xhtml
2026,6,INDIA TOTAL,All Vahan4 Running Office,SF2 E VEHICLE PVT LTD,ALL,THREE WHEELER(NT)|THREE WHEELER(T),ALL,ALL,13,2026-06-14T07:43:27.641Z,https://vahan.parivahan.gov.in/vahan4dashboard/vahan/view/reportview.xhtml
2026,6,INDIA TOTAL,All Vahan4 Running Office,SGL INDUSTRIES,ALL,THREE WHEELER(NT)|THREE WHEELER(T),ALL,ALL,0,2026-06-14T07:43:27.641Z,https://vahan.parivahan.gov.in/vahan4dashboard/vahan/view/reportview.xhtml
2026,6,INDIA TOTAL,All Vahan4 Running Office,SHAH ELECTRIC MOTERS,ALL,THREE WHEELER(NT)|THREE WHEELER(T),ALL,ALL,1,2026-06-14T07:43:27.641Z,https://vahan.parivahan.gov.in/vahan4dashboard/vahan/view/reportview.xhtml
2026,6,INDIA TOTAL,All Vahan4 Running Office,SHAILENDRA AUTOS PVT LTD,ALL,THREE WHEELER(NT)|THREE WHEELER(T),ALL,ALL,5,2026-06-14T07:43:27.641Z,https://vahan.parivahan.gov.in/vahan4dashboard/vahan/view/reportview.xhtml
2026,6,INDIA TOTAL,All Vahan4 Running Office,SHAKTI AUTO GREEN,ALL,THREE WHEELER(NT)|THREE WHEELER(T),ALL,ALL,31,2026-06-14T07:43:27.641Z,https://vahan.parivahan.gov.in/vahan4dashboard/vahan/view/reportview.xhtml
2026,6,INDIA TOTAL,All Vahan4 Running Office,SHALYA AUTO SALES PVT LTD,ALL,THREE WHEELER(NT)|THREE WHEELER(T),ALL,ALL,11,2026-06-14T07:43:27.641Z,https://vahan.parivahan.gov.in/vahan4dashboard/vahan/view/reportview.xhtml
2026,6,INDIA TOTAL,All Vahan4 Running Office,SHAMMI ELECTRONICS,ALL,THREE WHEELER(NT)|THREE WHEELER(T),ALL,ALL,8,2026-06-14T07:43:27.641Z,https://vahan.parivahan.gov.in/vahan4dashboard/vahan/view/reportview.xhtml
2026,6,INDIA TOTAL,All Vahan4 Running Office,SHIGAN EVOLTZ LTD,ALL,THREE WHEELER(NT)|THREE WHEELER(T),ALL,ALL,9,2026-06-14T07:43:27.641Z,https://vahan.parivahan.gov.in/vahan4dashboard/vahan/view/reportview.xhtml
2026,6,INDIA TOTAL,All Vahan4 Running Office,SHINE METAL UDYOG PVT LTD (UNIT- II),ALL,THREE WHEELER(NT)|THREE WHEELER(T),ALL,ALL,1,2026-06-14T07:43:27.641Z,https://vahan.parivahan.gov.in/vahan4dashboard/vahan/view/reportview.xhtml
2026,6,INDIA TOTAL,All Vahan4 Running Office,SHINME ELECTRICAL VEHICLE PVT LTD,ALL,THREE WHEELER(NT)|THREE WHEELER(T),ALL,ALL,9,2026-06-14T07:43:27.641Z,https://vahan.parivahan.gov.in/vahan4dashboard/vahan/view/reportview.xhtml
2026,6,INDIA TOTAL,All Vahan4 Running Office,SHIV ENTERPRISES,ALL,THREE WHEELER(NT)|THREE WHEELER(T),ALL,ALL,1,2026-06-14T07:43:27.641Z,https://vahan.parivahan.gov.in/vahan4dashboard/vahan/view/reportview.xhtml
2026,6,INDIA TOTAL,All Vahan4 Running Office,SHIV OM INDIA,ALL,THREE WHEELER(NT)|THREE WHEELER(T),ALL,ALL,0,2026-06-14T07:43:27.641Z,https://vahan.parivahan.gov.in/vahan4dashboard/vahan/view/reportview.xhtml
2026,6,INDIA TOTAL,All Vahan4 Running Office,SHIV SHAKTI TRADERS,ALL,THREE WHEELER(NT)|THREE WHEELER(T),ALL,ALL,4,2026-06-14T07:43:27.641Z,https://vahan.parivahan.gov.in/vahan4dashboard/vahan/view/reportview.xhtml
2026,6,INDIA TOTAL,All Vahan4 Running Office,SHIVA ENTERPRISES,ALL,THREE WHEELER(NT)|THREE WHEELER(T),ALL,ALL,10,2026-06-14T07:43:27.641Z,https://vahan.parivahan.gov.in/vahan4dashboard/vahan/view/reportview.xhtml
2026,6,INDIA TOTAL,All Vahan4 Running Office,SHIVGANGA ECOGREEN LLP,ALL,THREE WHEELER(NT)|THREE WHEELER(T),ALL,ALL,28,2026-06-14T07:43:27.641Z,https://vahan.parivahan.gov.in/vahan4dashboard/vahan/view/reportview.xhtml
2026,6,INDIA TOTAL,All Vahan4 Running Office,SHREE MARUTI NANDAN BUSINESSS (P) LTD,ALL,THREE WHEELER(NT)|THREE WHEELER(T),ALL,ALL,0,2026-06-14T07:43:27.641Z,https://vahan.parivahan.gov.in/vahan4dashboard/vahan/view/reportview.xhtml
2026,6,INDIA TOTAL,All Vahan4 Running Office,SHREE MOTORS,ALL,THREE WHEELER(NT)|THREE WHEELER(T),ALL,ALL,2,2026-06-14T07:43:27.641Z,https://vahan.parivahan.gov.in/vahan4dashboard/vahan/view/reportview.xhtml
2026,6,INDIA TOTAL,All Vahan4 Running Office,SHREE SIDHIVINAYAK AUTO,ALL,THREE WHEELER(NT)|THREE WHEELER(T),ALL,ALL,0,2026-06-14T07:43:27.641Z,https://vahan.parivahan.gov.in/vahan4dashboard/vahan/view/reportview.xhtml
2026,6,INDIA TOTAL,All Vahan4 Running Office,SHREYA ENGINEERS,ALL,THREE WHEELER(NT)|THREE WHEELER(T),ALL,ALL,0,2026-06-14T07:43:27.641Z,https://vahan.parivahan.gov.in/vahan4dashboard/vahan/view/reportview.xhtml
2026,6,INDIA TOTAL,All Vahan4 Running Office,SHRI BARSANA E-VEHICLES PVT LTD,ALL,THREE WHEELER(NT)|THREE WHEELER(T),ALL,ALL,115,2026-06-14T07:43:27.641Z,https://vahan.parivahan.gov.in/vahan4dashboard/vahan/view/reportview.xhtml
2026,6,INDIA TOTAL,All Vahan4 Running Office,SHRI GAJANAND SURESHWARI ENTERPRISES​,ALL,THREE WHEELER(NT)|THREE WHEELER(T),ALL,ALL,0,2026-06-14T07:43:27.641Z,https://vahan.parivahan.gov.in/vahan4dashboard/vahan/view/reportview.xhtml
2026,6,INDIA TOTAL,All Vahan4 Running Office,SHRI NAMO ELECTRIC AUTOMOTIVE,ALL,THREE WHEELER(NT)|THREE WHEELER(T),ALL,ALL,3,2026-06-14T07:43:27.641Z,https://vahan.parivahan.gov.in/vahan4dashboard/vahan/view/reportview.xhtml
2026,6,INDIA TOTAL,All Vahan4 Running Office,SHRI SIDDH BABA AUTOMOBILES,ALL,THREE WHEELER(NT)|THREE WHEELER(T),ALL,ALL,0,2026-06-14T07:43:27.641Z,https://vahan.parivahan.gov.in/vahan4dashboard/vahan/view/reportview.xhtml
2026,6,INDIA TOTAL,All Vahan4 Running Office,SHRIRAJ ELECTRIC VEHICLES,ALL,THREE WHEELER(NT)|THREE WHEELER(T),ALL,ALL,53,2026-06-14T07:43:27.641Z,https://vahan.parivahan.gov.in/vahan4dashboard/vahan/view/reportview.xhtml
2026,6,INDIA TOTAL,All Vahan4 Running Office,SHUBHAM MANUFACTURER,ALL,THREE WHEELER(NT)|THREE WHEELER(T),ALL,ALL,8,2026-06-14T07:43:27.641Z,https://vahan.parivahan.gov.in/vahan4dashboard/vahan/view/reportview.xhtml
2026,6,INDIA TOTAL,All Vahan4 Running Office,SHUBHMARUTI AGRITECH PVT LTD,ALL,THREE WHEELER(NT)|THREE WHEELER(T),ALL,ALL,0,2026-06-14T07:43:27.641Z,https://vahan.parivahan.gov.in/vahan4dashboard/vahan/view/reportview.xhtml
2026,6,INDIA TOTAL,All Vahan4 Running Office,SHUZIA EVEHICLE PVT LTD,ALL,THREE WHEELER(NT)|THREE WHEELER(T),ALL,ALL,1,2026-06-14T07:43:27.641Z,https://vahan.parivahan.gov.in/vahan4dashboard/vahan/view/reportview.xhtml
2026,6,INDIA TOTAL,All Vahan4 Running Office,SIDANA INDUSTRIES,ALL,THREE WHEELER(NT)|THREE WHEELER(T),ALL,ALL,41,2026-06-14T07:43:27.641Z,https://vahan.parivahan.gov.in/vahan4dashboard/vahan/view/reportview.xhtml
2026,6,INDIA TOTAL,All Vahan4 Running Office,SIDDHARTH INDUSTRIES,ALL,THREE WHEELER(NT)|THREE WHEELER(T),ALL,ALL,5,2026-06-14T07:43:27.641Z,https://vahan.parivahan.gov.in/vahan4dashboard/vahan/view/reportview.xhtml
2026,6,INDIA TOTAL,All Vahan4 Running Office,SILVER HAWKS VEHICLES PVT LTD,ALL,THREE WHEELER(NT)|THREE WHEELER(T),ALL,ALL,2,2026-06-14T07:43:27.641Z,https://vahan.parivahan.gov.in/vahan4dashboard/vahan/view/reportview.xhtml
2026,6,INDIA TOTAL,All Vahan4 Running Office,SINGH AUTOMOBILES,ALL,THREE WHEELER(NT)|THREE WHEELER(T),ALL,ALL,70,2026-06-14T07:43:27.641Z,https://vahan.parivahan.gov.in/vahan4dashboard/vahan/view/reportview.xhtml
2026,6,INDIA TOTAL,All Vahan4 Running Office,SINGHAL ENTERPRISES,ALL,THREE WHEELER(NT)|THREE WHEELER(T),ALL,ALL,6,2026-06-14T07:43:27.641Z,https://vahan.parivahan.gov.in/vahan4dashboard/vahan/view/reportview.xhtml
2026,6,INDIA TOTAL,All Vahan4 Running Office,SIRF INDIA VEHICLES PVT LTD,ALL,THREE WHEELER(NT)|THREE WHEELER(T),ALL,ALL,2,2026-06-14T07:43:27.641Z,https://vahan.parivahan.gov.in/vahan4dashboard/vahan/view/reportview.xhtml
2026,6,INDIA TOTAL,All Vahan4 Running Office,SITA ENTERPRISES,ALL,THREE WHEELER(NT)|THREE WHEELER(T),ALL,ALL,13,2026-06-14T07:43:27.641Z,https://vahan.parivahan.gov.in/vahan4dashboard/vahan/view/reportview.xhtml
2026,6,INDIA TOTAL,All Vahan4 Running Office,SIX SENSES AUTOMOTIVE PVT LTD,ALL,THREE WHEELER(NT)|THREE WHEELER(T),ALL,ALL,0,2026-06-14T07:43:27.641Z,https://vahan.parivahan.gov.in/vahan4dashboard/vahan/view/reportview.xhtml
2026,6,INDIA TOTAL,All Vahan4 Running Office,SKS TRADE INDIA PVT LTD,ALL,THREE WHEELER(NT)|THREE WHEELER(T),ALL,ALL,355,2026-06-14T07:43:27.641Z,https://vahan.parivahan.gov.in/vahan4dashboard/vahan/view/reportview.xhtml
2026,6,INDIA TOTAL,All Vahan4 Running Office,SKYBOLT INDUSTRIES PVT LTD,ALL,THREE WHEELER(NT)|THREE WHEELER(T),ALL,ALL,6,2026-06-14T07:43:27.641Z,https://vahan.parivahan.gov.in/vahan4dashboard/vahan/view/reportview.xhtml
2026,6,INDIA TOTAL,All Vahan4 Running Office,SKYY RIDER ELECTRIC PRIVATE LIMITED,ALL,THREE WHEELER(NT)|THREE WHEELER(T),ALL,ALL,13,2026-06-14T07:43:27.641Z,https://vahan.parivahan.gov.in/vahan4dashboard/vahan/view/reportview.xhtml
2026,6,INDIA TOTAL,All Vahan4 Running Office,SM INTERNATIONAL,ALL,THREE WHEELER(NT)|THREE WHEELER(T),ALL,ALL,7,2026-06-14T07:43:27.641Z,https://vahan.parivahan.gov.in/vahan4dashboard/vahan/view/reportview.xhtml
2026,6,INDIA TOTAL,All Vahan4 Running Office,SMART ELECTRO MOTORS,ALL,THREE WHEELER(NT)|THREE WHEELER(T),ALL,ALL,7,2026-06-14T07:43:27.641Z,https://vahan.parivahan.gov.in/vahan4dashboard/vahan/view/reportview.xhtml
2026,6,INDIA TOTAL,All Vahan4 Running Office,SMV GREEN SOLUTIONS PVT LTD,ALL,THREE WHEELER(NT)|THREE WHEELER(T),ALL,ALL,23,2026-06-14T07:43:27.641Z,https://vahan.parivahan.gov.in/vahan4dashboard/vahan/view/reportview.xhtml
2026,6,INDIA TOTAL,All Vahan4 Running Office,SN SOLAR ENERGY,ALL,THREE WHEELER(NT)|THREE WHEELER(T),ALL,ALL,5,2026-06-14T07:43:27.641Z,https://vahan.parivahan.gov.in/vahan4dashboard/vahan/view/reportview.xhtml
2026,6,INDIA TOTAL,All Vahan4 Running Office,SOKUDO ELECTRIC INDIA PVT LTD,ALL,THREE WHEELER(NT)|THREE WHEELER(T),ALL,ALL,1,2026-06-14T07:43:27.641Z,https://vahan.parivahan.gov.in/vahan4dashboard/vahan/view/reportview.xhtml
2026,6,INDIA TOTAL,All Vahan4 Running Office,SPEED AUTO TECH,ALL,THREE WHEELER(NT)|THREE WHEELER(T),ALL,ALL,1,2026-06-14T07:43:27.641Z,https://vahan.parivahan.gov.in/vahan4dashboard/vahan/view/reportview.xhtml
2026,6,INDIA TOTAL,All Vahan4 Running Office,SPEEDY JOY AUTOMOBILE,ALL,THREE WHEELER(NT)|THREE WHEELER(T),ALL,ALL,2,2026-06-14T07:43:27.641Z,https://vahan.parivahan.gov.in/vahan4dashboard/vahan/view/reportview.xhtml
2026,6,INDIA TOTAL,All Vahan4 Running Office,SPEEGO VEHICLES CO PVT LTD,ALL,THREE WHEELER(NT)|THREE WHEELER(T),ALL,ALL,73,2026-06-14T07:43:27.641Z,https://vahan.parivahan.gov.in/vahan4dashboard/vahan/view/reportview.xhtml
2026,6,INDIA TOTAL,All Vahan4 Running Office,SRD RENEWABLES,ALL,THREE WHEELER(NT)|THREE WHEELER(T),ALL,ALL,67,2026-06-14T07:43:27.641Z,https://vahan.parivahan.gov.in/vahan4dashboard/vahan/view/reportview.xhtml
2026,6,INDIA TOTAL,All Vahan4 Running Office,SRINIVAS E VEHICLE,ALL,THREE WHEELER(NT)|THREE WHEELER(T),ALL,ALL,0,2026-06-14T07:43:27.641Z,https://vahan.parivahan.gov.in/vahan4dashboard/vahan/view/reportview.xhtml
2026,6,INDIA TOTAL,All Vahan4 Running Office,SRP ENTERPRISES,ALL,THREE WHEELER(NT)|THREE WHEELER(T),ALL,ALL,0,2026-06-14T07:43:27.641Z,https://vahan.parivahan.gov.in/vahan4dashboard/vahan/view/reportview.xhtml
2026,6,INDIA TOTAL,All Vahan4 Running Office,SSB INDISTRIES,ALL,THREE WHEELER(NT)|THREE WHEELER(T),ALL,ALL,43,2026-06-14T07:43:27.641Z,https://vahan.parivahan.gov.in/vahan4dashboard/vahan/view/reportview.xhtml
2026,6,INDIA TOTAL,All Vahan4 Running Office,SSEV ENTERPRISES PRIVATE LIMITED,ALL,THREE WHEELER(NT)|THREE WHEELER(T),ALL,ALL,56,2026-06-14T07:43:27.641Z,https://vahan.parivahan.gov.in/vahan4dashboard/vahan/view/reportview.xhtml
2026,6,INDIA TOTAL,All Vahan4 Running Office,STAR BULL E MOTORS,ALL,THREE WHEELER(NT)|THREE WHEELER(T),ALL,ALL,17,2026-06-14T07:43:27.641Z,https://vahan.parivahan.gov.in/vahan4dashboard/vahan/view/reportview.xhtml
2026,6,INDIA TOTAL,All Vahan4 Running Office,STAR IGLOBAL AUTOMOTIVE PVT LTD,ALL,THREE WHEELER(NT)|THREE WHEELER(T),ALL,ALL,0,2026-06-14T07:43:27.641Z,https://vahan.parivahan.gov.in/vahan4dashboard/vahan/view/reportview.xhtml
2026,6,INDIA TOTAL,All Vahan4 Running Office,STAR INDUSTRIES,ALL,THREE WHEELER(NT)|THREE WHEELER(T),ALL,ALL,11,2026-06-14T07:43:27.641Z,https://vahan.parivahan.gov.in/vahan4dashboard/vahan/view/reportview.xhtml
2026,6,INDIA TOTAL,All Vahan4 Running Office,STAR SMART BIKES PVT LTD,ALL,THREE WHEELER(NT)|THREE WHEELER(T),ALL,ALL,0,2026-06-14T07:43:27.641Z,https://vahan.parivahan.gov.in/vahan4dashboard/vahan/view/reportview.xhtml
2026,6,INDIA TOTAL,All Vahan4 Running Office,STRENGTH AUTOELECTRIC PVT LTD,ALL,THREE WHEELER(NT)|THREE WHEELER(T),ALL,ALL,53,2026-06-14T07:43:27.641Z,https://vahan.parivahan.gov.in/vahan4dashboard/vahan/view/reportview.xhtml
2026,6,INDIA TOTAL,All Vahan4 Running Office,SUDHRAJ ELECTRIC MOBILITY PVT. LTD.,ALL,THREE WHEELER(NT)|THREE WHEELER(T),ALL,ALL,59,2026-06-14T07:43:27.641Z,https://vahan.parivahan.gov.in/vahan4dashboard/vahan/view/reportview.xhtml
2026,6,INDIA TOTAL,All Vahan4 Running Office,SUMFONL AUTO TRADERS PVT LTD,ALL,THREE WHEELER(NT)|THREE WHEELER(T),ALL,ALL,4,2026-06-14T07:43:27.641Z,https://vahan.parivahan.gov.in/vahan4dashboard/vahan/view/reportview.xhtml
2026,6,INDIA TOTAL,All Vahan4 Running Office,SUN INDUSTRIES,ALL,THREE WHEELER(NT)|THREE WHEELER(T),ALL,ALL,13,2026-06-14T07:43:27.641Z,https://vahan.parivahan.gov.in/vahan4dashboard/vahan/view/reportview.xhtml
2026,6,INDIA TOTAL,All Vahan4 Running Office,SUNANDA GREENTECH PVT LTD,ALL,THREE WHEELER(NT)|THREE WHEELER(T),ALL,ALL,2,2026-06-14T07:43:27.641Z,https://vahan.parivahan.gov.in/vahan4dashboard/vahan/view/reportview.xhtml
2026,6,INDIA TOTAL,All Vahan4 Running Office,SUNHOK WHEELS PVT LTD,ALL,THREE WHEELER(NT)|THREE WHEELER(T),ALL,ALL,22,2026-06-14T07:43:27.641Z,https://vahan.parivahan.gov.in/vahan4dashboard/vahan/view/reportview.xhtml
2026,6,INDIA TOTAL,All Vahan4 Running Office,SUNJET ENERGY PVT LTD,ALL,THREE WHEELER(NT)|THREE WHEELER(T),ALL,ALL,25,2026-06-14T07:43:27.641Z,https://vahan.parivahan.gov.in/vahan4dashboard/vahan/view/reportview.xhtml
2026,6,INDIA TOTAL,All Vahan4 Running Office,SUNSET TRADE PVT LTD,ALL,THREE WHEELER(NT)|THREE WHEELER(T),ALL,ALL,9,2026-06-14T07:43:27.641Z,https://vahan.parivahan.gov.in/vahan4dashboard/vahan/view/reportview.xhtml
2026,6,INDIA TOTAL,All Vahan4 Running Office,SUNSHINE TECHNOLOGIES,ALL,THREE WHEELER(NT)|THREE WHEELER(T),ALL,ALL,0,2026-06-14T07:43:27.641Z,https://vahan.parivahan.gov.in/vahan4dashboard/vahan/view/reportview.xhtml
2026,6,INDIA TOTAL,All Vahan4 Running Office,SUNULTRA POWER SOLUTIONS PVT LTD,ALL,THREE WHEELER(NT)|THREE WHEELER(T),ALL,ALL,1,2026-06-14T07:43:27.641Z,https://vahan.parivahan.gov.in/vahan4dashboard/vahan/view/reportview.xhtml
2026,6,INDIA TOTAL,All Vahan4 Running Office,SUPER METRO INDUSTRIES,ALL,THREE WHEELER(NT)|THREE WHEELER(T),ALL,ALL,35,2026-06-14T07:43:27.641Z,https://vahan.parivahan.gov.in/vahan4dashboard/vahan/view/reportview.xhtml
2026,6,INDIA TOTAL,All Vahan4 Running Office,SUPER POWER MOTORS,ALL,THREE WHEELER(NT)|THREE WHEELER(T),ALL,ALL,8,2026-06-14T07:43:27.641Z,https://vahan.parivahan.gov.in/vahan4dashboard/vahan/view/reportview.xhtml
2026,6,INDIA TOTAL,All Vahan4 Running Office,SUPER TECHNO AUTOMOTIVE LLP,ALL,THREE WHEELER(NT)|THREE WHEELER(T),ALL,ALL,9,2026-06-14T07:43:27.641Z,https://vahan.parivahan.gov.in/vahan4dashboard/vahan/view/reportview.xhtml
2026,6,INDIA TOTAL,All Vahan4 Running Office,SUPERECO AUTOMOTIVE CO,ALL,THREE WHEELER(NT)|THREE WHEELER(T),ALL,ALL,0,2026-06-14T07:43:27.641Z,https://vahan.parivahan.gov.in/vahan4dashboard/vahan/view/reportview.xhtml
2026,6,INDIA TOTAL,All Vahan4 Running Office,SUPERTECH EV LIMITED,ALL,THREE WHEELER(NT)|THREE WHEELER(T),ALL,ALL,58,2026-06-14T07:43:27.641Z,https://vahan.parivahan.gov.in/vahan4dashboard/vahan/view/reportview.xhtml
2026,6,INDIA TOTAL,All Vahan4 Running Office,SUPREME SALES AGENCY,ALL,THREE WHEELER(NT)|THREE WHEELER(T),ALL,ALL,33,2026-06-14T07:43:27.641Z,https://vahan.parivahan.gov.in/vahan4dashboard/vahan/view/reportview.xhtml
2026,6,INDIA TOTAL,All Vahan4 Running Office,SUPREME SMART POWER PVT LTD,ALL,THREE WHEELER(NT)|THREE WHEELER(T),ALL,ALL,0,2026-06-14T07:43:27.641Z,https://vahan.parivahan.gov.in/vahan4dashboard/vahan/view/reportview.xhtml
2026,6,INDIA TOTAL,All Vahan4 Running Office,SUPROVA ENTERPRISE,ALL,THREE WHEELER(NT)|THREE WHEELER(T),ALL,ALL,0,2026-06-14T07:43:27.641Z,https://vahan.parivahan.gov.in/vahan4dashboard/vahan/view/reportview.xhtml
2026,6,INDIA TOTAL,All Vahan4 Running Office,SURJA AUTOMOTIVE PVT LTD,ALL,THREE WHEELER(NT)|THREE WHEELER(T),ALL,ALL,4,2026-06-14T07:43:27.641Z,https://vahan.parivahan.gov.in/vahan4dashboard/vahan/view/reportview.xhtml
2026,6,INDIA TOTAL,All Vahan4 Running Office,SUSHAMA MOTORS PVT LTD,ALL,THREE WHEELER(NT)|THREE WHEELER(T),ALL,ALL,5,2026-06-14T07:43:27.641Z,https://vahan.parivahan.gov.in/vahan4dashboard/vahan/view/reportview.xhtml
2026,6,INDIA TOTAL,All Vahan4 Running Office,SVS ENTERPRISES,ALL,THREE WHEELER(NT)|THREE WHEELER(T),ALL,ALL,0,2026-06-14T07:43:27.641Z,https://vahan.parivahan.gov.in/vahan4dashboard/vahan/view/reportview.xhtml
2026,6,INDIA TOTAL,All Vahan4 Running Office,SWASTIK,ALL,THREE WHEELER(NT)|THREE WHEELER(T),ALL,ALL,4,2026-06-14T07:43:27.641Z,https://vahan.parivahan.gov.in/vahan4dashboard/vahan/view/reportview.xhtml
2026,6,INDIA TOTAL,All Vahan4 Running Office,SYNDICATE AUTO COMPONENTS,ALL,THREE WHEELER(NT)|THREE WHEELER(T),ALL,ALL,3,2026-06-14T07:43:27.641Z,https://vahan.parivahan.gov.in/vahan4dashboard/vahan/view/reportview.xhtml
2026,6,INDIA TOTAL,All Vahan4 Running Office,T U K INDUSTRIES,ALL,THREE WHEELER(NT)|THREE WHEELER(T),ALL,ALL,187,2026-06-14T07:43:27.642Z,https://vahan.parivahan.gov.in/vahan4dashboard/vahan/view/reportview.xhtml
2026,6,INDIA TOTAL,All Vahan4 Running Office,T VIRAAJ EV PVT LTD,ALL,THREE WHEELER(NT)|THREE WHEELER(T),ALL,ALL,0,2026-06-14T07:43:27.642Z,https://vahan.parivahan.gov.in/vahan4dashboard/vahan/view/reportview.xhtml
2026,6,INDIA TOTAL,All Vahan4 Running Office,TAKAHARA TECHNO SYSTEMS,ALL,THREE WHEELER(NT)|THREE WHEELER(T),ALL,ALL,1,2026-06-14T07:43:27.641Z,https://vahan.parivahan.gov.in/vahan4dashboard/vahan/view/reportview.xhtml
2026,6,INDIA TOTAL,All Vahan4 Running Office,TAMARIA VENTURES,ALL,THREE WHEELER(NT)|THREE WHEELER(T),ALL,ALL,2,2026-06-14T07:43:27.641Z,https://vahan.parivahan.gov.in/vahan4dashboard/vahan/view/reportview.xhtml
2026,6,INDIA TOTAL,All Vahan4 Running Office,TARA MAA MACHINERY,ALL,THREE WHEELER(NT)|THREE WHEELER(T),ALL,ALL,38,2026-06-14T07:43:27.641Z,https://vahan.parivahan.gov.in/vahan4dashboard/vahan/view/reportview.xhtml
2026,6,INDIA TOTAL,All Vahan4 Running Office,TATA MOTORS LTD,ALL,THREE WHEELER(NT)|THREE WHEELER(T),ALL,ALL,0,2026-06-14T07:43:27.641Z,https://vahan.parivahan.gov.in/vahan4dashboard/vahan/view/reportview.xhtml
2026,6,INDIA TOTAL,All Vahan4 Running Office,TAURUS ELECTRIC VEHICLES,ALL,THREE WHEELER(NT)|THREE WHEELER(T),ALL,ALL,1,2026-06-14T07:43:27.641Z,https://vahan.parivahan.gov.in/vahan4dashboard/vahan/view/reportview.xhtml
2026,6,INDIA TOTAL,All Vahan4 Running Office,TEJAS ENERGY,ALL,THREE WHEELER(NT)|THREE WHEELER(T),ALL,ALL,6,2026-06-14T07:43:27.641Z,https://vahan.parivahan.gov.in/vahan4dashboard/vahan/view/reportview.xhtml
2026,6,INDIA TOTAL,All Vahan4 Running Office,TERRA MOTORS INDIA PVT LTD,ALL,THREE WHEELER(NT)|THREE WHEELER(T),ALL,ALL,344,2026-06-14T07:43:27.641Z,https://vahan.parivahan.gov.in/vahan4dashboard/vahan/view/reportview.xhtml
2026,6,INDIA TOTAL,All Vahan4 Running Office,THAVE ENTERPRISES,ALL,THREE WHEELER(NT)|THREE WHEELER(T),ALL,ALL,19,2026-06-14T07:43:27.641Z,https://vahan.parivahan.gov.in/vahan4dashboard/vahan/view/reportview.xhtml
2026,6,INDIA TOTAL,All Vahan4 Running Office,THE FAIR DEALERS CORPORATION,ALL,THREE WHEELER(NT)|THREE WHEELER(T),ALL,ALL,2,2026-06-14T07:43:27.641Z,https://vahan.parivahan.gov.in/vahan4dashboard/vahan/view/reportview.xhtml
2026,6,INDIA TOTAL,All Vahan4 Running Office,THUKRAL ELECTRIC BIKES PVT LTD,ALL,THREE WHEELER(NT)|THREE WHEELER(T),ALL,ALL,102,2026-06-14T07:43:27.641Z,https://vahan.parivahan.gov.in/vahan4dashboard/vahan/view/reportview.xhtml
2026,6,INDIA TOTAL,All Vahan4 Running Office,TI CLEAN MOBILITY PVT LTD,ALL,THREE WHEELER(NT)|THREE WHEELER(T),ALL,ALL,176,2026-06-14T07:43:27.641Z,https://vahan.parivahan.gov.in/vahan4dashboard/vahan/view/reportview.xhtml
2026,6,INDIA TOTAL,All Vahan4 Running Office,TIGER AUTOMOBILES COMPANY,ALL,THREE WHEELER(NT)|THREE WHEELER(T),ALL,ALL,0,2026-06-14T07:43:27.641Z,https://vahan.parivahan.gov.in/vahan4dashboard/vahan/view/reportview.xhtml
2026,6,INDIA TOTAL,All Vahan4 Running Office,TIRANGA AUTOTECH INDIA PVT LTD,ALL,THREE WHEELER(NT)|THREE WHEELER(T),ALL,ALL,5,2026-06-14T07:43:27.641Z,https://vahan.parivahan.gov.in/vahan4dashboard/vahan/view/reportview.xhtml
2026,6,INDIA TOTAL,All Vahan4 Running Office,TOP TEAM MACHINES PVT LTD,ALL,THREE WHEELER(NT)|THREE WHEELER(T),ALL,ALL,24,2026-06-14T07:43:27.641Z,https://vahan.parivahan.gov.in/vahan4dashboard/vahan/view/reportview.xhtml
2026,6,INDIA TOTAL,All Vahan4 Running Office,TOXMO ELECTRIC MOTORS PVT LTD,ALL,THREE WHEELER(NT)|THREE WHEELER(T),ALL,ALL,0,2026-06-14T07:43:27.641Z,https://vahan.parivahan.gov.in/vahan4dashboard/vahan/view/reportview.xhtml
2026,6,INDIA TOTAL,All Vahan4 Running Office,TRINITY ELECTRIC VEHICLES PVT LTD,ALL,THREE WHEELER(NT)|THREE WHEELER(T),ALL,ALL,0,2026-06-14T07:43:27.641Z,https://vahan.parivahan.gov.in/vahan4dashboard/vahan/view/reportview.xhtml
2026,6,INDIA TOTAL,All Vahan4 Running Office,TRISHIKA INDUSTRIES,ALL,THREE WHEELER(NT)|THREE WHEELER(T),ALL,ALL,0,2026-06-14T07:43:27.641Z,https://vahan.parivahan.gov.in/vahan4dashboard/vahan/view/reportview.xhtml
2026,6,INDIA TOTAL,All Vahan4 Running Office,TRUPART AUTOMOTIVE INDIA PVT LTD,ALL,THREE WHEELER(NT)|THREE WHEELER(T),ALL,ALL,0,2026-06-14T07:43:27.641Z,https://vahan.parivahan.gov.in/vahan4dashboard/vahan/view/reportview.xhtml
2026,6,INDIA TOTAL,All Vahan4 Running Office,TRUZ INDUSTRIES,ALL,THREE WHEELER(NT)|THREE WHEELER(T),ALL,ALL,0,2026-06-14T07:43:27.641Z,https://vahan.parivahan.gov.in/vahan4dashboard/vahan/view/reportview.xhtml
2026,6,INDIA TOTAL,All Vahan4 Running Office,TSM ENGINEERING PVT LTD,ALL,THREE WHEELER(NT)|THREE WHEELER(T),ALL,ALL,6,2026-06-14T07:43:27.641Z,https://vahan.parivahan.gov.in/vahan4dashboard/vahan/view/reportview.xhtml
2026,6,INDIA TOTAL,All Vahan4 Running Office,TSR TRADE COM,ALL,THREE WHEELER(NT)|THREE WHEELER(T),ALL,ALL,16,2026-06-14T07:43:27.641Z,https://vahan.parivahan.gov.in/vahan4dashboard/vahan/view/reportview.xhtml
2026,6,INDIA TOTAL,All Vahan4 Running Office,TUFAN MOTORS PVT LTD,ALL,THREE WHEELER(NT)|THREE WHEELER(T),ALL,ALL,25,2026-06-14T07:43:27.641Z,https://vahan.parivahan.gov.in/vahan4dashboard/vahan/view/reportview.xhtml
2026,6,INDIA TOTAL,All Vahan4 Running Office,TUNWAL E VEHICLE(I) PVT LTD,ALL,THREE WHEELER(NT)|THREE WHEELER(T),ALL,ALL,0,2026-06-14T07:43:27.642Z,https://vahan.parivahan.gov.in/vahan4dashboard/vahan/view/reportview.xhtml
2026,6,INDIA TOTAL,All Vahan4 Running Office,TVS MOTOR COMPANY LTD,ALL,THREE WHEELER(NT)|THREE WHEELER(T),ALL,ALL,2486,2026-06-14T07:43:27.642Z,https://vahan.parivahan.gov.in/vahan4dashboard/vahan/view/reportview.xhtml
2026,6,INDIA TOTAL,All Vahan4 Running Office,TWASHTRE AUTOMOTIVE PVT LTD,ALL,THREE WHEELER(NT)|THREE WHEELER(T),ALL,ALL,0,2026-06-14T07:43:27.642Z,https://vahan.parivahan.gov.in/vahan4dashboard/vahan/view/reportview.xhtml
2026,6,INDIA TOTAL,All Vahan4 Running Office,TWINKLE TRADCOM PVT LTD,ALL,THREE WHEELER(NT)|THREE WHEELER(T),ALL,ALL,17,2026-06-14T07:43:27.642Z,https://vahan.parivahan.gov.in/vahan4dashboard/vahan/view/reportview.xhtml
2026,6,INDIA TOTAL,All Vahan4 Running Office,TWO FRIENDS AUTO ELECTRIC PVT LTD,ALL,THREE WHEELER(NT)|THREE WHEELER(T),ALL,ALL,111,2026-06-14T07:43:27.642Z,https://vahan.parivahan.gov.in/vahan4dashboard/vahan/view/reportview.xhtml
2026,6,INDIA TOTAL,All Vahan4 Running Office,U.P. TELELINKS LIMITED,ALL,THREE WHEELER(NT)|THREE WHEELER(T),ALL,ALL,26,2026-06-14T07:43:27.642Z,https://vahan.parivahan.gov.in/vahan4dashboard/vahan/view/reportview.xhtml
2026,6,INDIA TOTAL,All Vahan4 Running Office,UMA AUTO INDUSTRIES PVT. LTD,ALL,THREE WHEELER(NT)|THREE WHEELER(T),ALL,ALL,0,2026-06-14T07:43:27.642Z,https://vahan.parivahan.gov.in/vahan4dashboard/vahan/view/reportview.xhtml
2026,6,INDIA TOTAL,All Vahan4 Running Office,UMA CHEMTECH PVT LTD,ALL,THREE WHEELER(NT)|THREE WHEELER(T),ALL,ALL,0,2026-06-14T07:43:27.642Z,https://vahan.parivahan.gov.in/vahan4dashboard/vahan/view/reportview.xhtml
2026,6,INDIA TOTAL,All Vahan4 Running Office,UMA MOTORS,ALL,THREE WHEELER(NT)|THREE WHEELER(T),ALL,ALL,8,2026-06-14T07:43:27.642Z,https://vahan.parivahan.gov.in/vahan4dashboard/vahan/view/reportview.xhtml
2026,6,INDIA TOTAL,All Vahan4 Running Office,UNIQUE AUTO ELECTRIC,ALL,THREE WHEELER(NT)|THREE WHEELER(T),ALL,ALL,131,2026-06-14T07:43:27.642Z,https://vahan.parivahan.gov.in/vahan4dashboard/vahan/view/reportview.xhtml
2026,6,INDIA TOTAL,All Vahan4 Running Office,UNIQUE ENTERPRISES,ALL,THREE WHEELER(NT)|THREE WHEELER(T),ALL,ALL,231,2026-06-14T07:43:27.642Z,https://vahan.parivahan.gov.in/vahan4dashboard/vahan/view/reportview.xhtml
2026,6,INDIA TOTAL,All Vahan4 Running Office,UNIQUE INTERNATIONAL EV PVT LTD,ALL,THREE WHEELER(NT)|THREE WHEELER(T),ALL,ALL,327,2026-06-14T07:43:27.642Z,https://vahan.parivahan.gov.in/vahan4dashboard/vahan/view/reportview.xhtml
2026,6,INDIA TOTAL,All Vahan4 Running Office,UNITED TRANSMOVERS PVT LTD,ALL,THREE WHEELER(NT)|THREE WHEELER(T),ALL,ALL,0,2026-06-14T07:43:27.642Z,https://vahan.parivahan.gov.in/vahan4dashboard/vahan/view/reportview.xhtml
2026,6,INDIA TOTAL,All Vahan4 Running Office,UNIVERSAL AUTO ENTERPRISES,ALL,THREE WHEELER(NT)|THREE WHEELER(T),ALL,ALL,3,2026-06-14T07:43:27.642Z,https://vahan.parivahan.gov.in/vahan4dashboard/vahan/view/reportview.xhtml
2026,6,INDIA TOTAL,All Vahan4 Running Office,UP FURNITURE,ALL,THREE WHEELER(NT)|THREE WHEELER(T),ALL,ALL,8,2026-06-14T07:43:27.642Z,https://vahan.parivahan.gov.in/vahan4dashboard/vahan/view/reportview.xhtml
2026,6,INDIA TOTAL,All Vahan4 Running Office,URWASHI ENTERPRISES,ALL,THREE WHEELER(NT)|THREE WHEELER(T),ALL,ALL,5,2026-06-14T07:43:27.642Z,https://vahan.parivahan.gov.in/vahan4dashboard/vahan/view/reportview.xhtml
2026,6,INDIA TOTAL,All Vahan4 Running Office,USHASONS AUTO COMPONENTS,ALL,THREE WHEELER(NT)|THREE WHEELER(T),ALL,ALL,0,2026-06-14T07:43:27.642Z,https://vahan.parivahan.gov.in/vahan4dashboard/vahan/view/reportview.xhtml
2026,6,INDIA TOTAL,All Vahan4 Running Office,V.T. ENGINEERING,ALL,THREE WHEELER(NT)|THREE WHEELER(T),ALL,ALL,0,2026-06-14T07:43:27.642Z,https://vahan.parivahan.gov.in/vahan4dashboard/vahan/view/reportview.xhtml
2026,6,INDIA TOTAL,All Vahan4 Running Office,V.V.A.AUTO INDUSTRIES PVT.LTD,ALL,THREE WHEELER(NT)|THREE WHEELER(T),ALL,ALL,0,2026-06-14T07:43:27.642Z,https://vahan.parivahan.gov.in/vahan4dashboard/vahan/view/reportview.xhtml
2026,6,INDIA TOTAL,All Vahan4 Running Office,VAAGN AUTO PVT LTD,ALL,THREE WHEELER(NT)|THREE WHEELER(T),ALL,ALL,3,2026-06-14T07:43:27.642Z,https://vahan.parivahan.gov.in/vahan4dashboard/vahan/view/reportview.xhtml
2026,6,INDIA TOTAL,All Vahan4 Running Office,VAHAK FUTURE SOLUTIONS LLP,ALL,THREE WHEELER(NT)|THREE WHEELER(T),ALL,ALL,1,2026-06-14T07:43:27.642Z,https://vahan.parivahan.gov.in/vahan4dashboard/vahan/view/reportview.xhtml
2026,6,INDIA TOTAL,All Vahan4 Running Office,VAISHNAVI INDUSTRIES,ALL,THREE WHEELER(NT)|THREE WHEELER(T),ALL,ALL,0,2026-06-14T07:43:27.642Z,https://vahan.parivahan.gov.in/vahan4dashboard/vahan/view/reportview.xhtml
2026,6,INDIA TOTAL,All Vahan4 Running Office,VALAMPURI & COMPANY,ALL,THREE WHEELER(NT)|THREE WHEELER(T),ALL,ALL,0,2026-06-14T07:43:27.642Z,https://vahan.parivahan.gov.in/vahan4dashboard/vahan/view/reportview.xhtml
2026,6,INDIA TOTAL,All Vahan4 Running Office,VANI ELECTRIC VEHICLES PVT LTD,ALL,THREE WHEELER(NT)|THREE WHEELER(T),ALL,ALL,194,2026-06-14T07:43:27.642Z,https://vahan.parivahan.gov.in/vahan4dashboard/vahan/view/reportview.xhtml
2026,6,INDIA TOTAL,All Vahan4 Running Office,VEECTERO E VEHICLES LLP,ALL,THREE WHEELER(NT)|THREE WHEELER(T),ALL,ALL,4,2026-06-14T07:43:27.642Z,https://vahan.parivahan.gov.in/vahan4dashboard/vahan/view/reportview.xhtml
2026,6,INDIA TOTAL,All Vahan4 Running Office,VEEM MOTOR PVT LTD,ALL,THREE WHEELER(NT)|THREE WHEELER(T),ALL,ALL,36,2026-06-14T07:43:27.642Z,https://vahan.parivahan.gov.in/vahan4dashboard/vahan/view/reportview.xhtml
2026,6,INDIA TOTAL,All Vahan4 Running Office,VENUS AUTO WHEELS PVT LTD,ALL,THREE WHEELER(NT)|THREE WHEELER(T),ALL,ALL,12,2026-06-14T07:43:27.642Z,https://vahan.parivahan.gov.in/vahan4dashboard/vahan/view/reportview.xhtml
2026,6,INDIA TOTAL,All Vahan4 Running Office,VICTORY ELECTRIC VEHICLES INTERNATIONAL LTD,ALL,THREE WHEELER(NT)|THREE WHEELER(T),ALL,ALL,56,2026-06-14T07:43:27.642Z,https://vahan.parivahan.gov.in/vahan4dashboard/vahan/view/reportview.xhtml
2026,6,INDIA TOTAL,All Vahan4 Running Office,VIJAYA ELECTRIC AUTO PVT LTD,ALL,THREE WHEELER(NT)|THREE WHEELER(T),ALL,ALL,2,2026-06-14T07:43:27.642Z,https://vahan.parivahan.gov.in/vahan4dashboard/vahan/view/reportview.xhtml
2026,6,INDIA TOTAL,All Vahan4 Running Office,VIJAYS ENERGY INDUSTRIES (INDIA) PVT LTD,ALL,THREE WHEELER(NT)|THREE WHEELER(T),ALL,ALL,182,2026-06-14T07:43:27.642Z,https://vahan.parivahan.gov.in/vahan4dashboard/vahan/view/reportview.xhtml
2026,6,INDIA TOTAL,All Vahan4 Running Office,VIJAYSHREE AUTOCOM LIMITED,ALL,THREE WHEELER(NT)|THREE WHEELER(T),ALL,ALL,0,2026-06-14T07:43:27.642Z,https://vahan.parivahan.gov.in/vahan4dashboard/vahan/view/reportview.xhtml
2026,6,INDIA TOTAL,All Vahan4 Running Office,VIJEX STEEL FABRICATION,ALL,THREE WHEELER(NT)|THREE WHEELER(T),ALL,ALL,7,2026-06-14T07:43:27.642Z,https://vahan.parivahan.gov.in/vahan4dashboard/vahan/view/reportview.xhtml
2026,6,INDIA TOTAL,All Vahan4 Running Office,VIMAL UNIVERSAL TRADE PVT LTD,ALL,THREE WHEELER(NT)|THREE WHEELER(T),ALL,ALL,77,2026-06-14T07:43:27.642Z,https://vahan.parivahan.gov.in/vahan4dashboard/vahan/view/reportview.xhtml
2026,6,INDIA TOTAL,All Vahan4 Running Office,VINCI INDUSTRIAL CORPORATION,ALL,THREE WHEELER(NT)|THREE WHEELER(T),ALL,ALL,6,2026-06-14T07:43:27.642Z,https://vahan.parivahan.gov.in/vahan4dashboard/vahan/view/reportview.xhtml
2026,6,INDIA TOTAL,All Vahan4 Running Office,VISHAL ENTERPRISES,ALL,THREE WHEELER(NT)|THREE WHEELER(T),ALL,ALL,0,2026-06-14T07:43:27.642Z,https://vahan.parivahan.gov.in/vahan4dashboard/vahan/view/reportview.xhtml
2026,6,INDIA TOTAL,All Vahan4 Running Office,VISHWAKARMA GNG INDUSTRY,ALL,THREE WHEELER(NT)|THREE WHEELER(T),ALL,ALL,7,2026-06-14T07:43:27.642Z,https://vahan.parivahan.gov.in/vahan4dashboard/vahan/view/reportview.xhtml
2026,6,INDIA TOTAL,All Vahan4 Running Office,VISHWAS AUTOMOBILES LLP,ALL,THREE WHEELER(NT)|THREE WHEELER(T),ALL,ALL,0,2026-06-14T07:43:27.642Z,https://vahan.parivahan.gov.in/vahan4dashboard/vahan/view/reportview.xhtml
2026,6,INDIA TOTAL,All Vahan4 Running Office,VIVEK MOTORS,ALL,THREE WHEELER(NT)|THREE WHEELER(T),ALL,ALL,0,2026-06-14T07:43:27.642Z,https://vahan.parivahan.gov.in/vahan4dashboard/vahan/view/reportview.xhtml
2026,6,INDIA TOTAL,All Vahan4 Running Office,VNR GREEN AUTOMOBILES PVT LTD,ALL,THREE WHEELER(NT)|THREE WHEELER(T),ALL,ALL,2,2026-06-14T07:43:27.642Z,https://vahan.parivahan.gov.in/vahan4dashboard/vahan/view/reportview.xhtml
2026,6,INDIA TOTAL,All Vahan4 Running Office,VOLTEXPRESS INDUSTRIES,ALL,THREE WHEELER(NT)|THREE WHEELER(T),ALL,ALL,7,2026-06-14T07:43:27.642Z,https://vahan.parivahan.gov.in/vahan4dashboard/vahan/view/reportview.xhtml
2026,6,INDIA TOTAL,All Vahan4 Running Office,VOLTIC AUTOMOTIVE PVT LTD,ALL,THREE WHEELER(NT)|THREE WHEELER(T),ALL,ALL,1,2026-06-14T07:43:27.642Z,https://vahan.parivahan.gov.in/vahan4dashboard/vahan/view/reportview.xhtml
2026,6,INDIA TOTAL,All Vahan4 Running Office,VORC MOTORS PVT LTD,ALL,THREE WHEELER(NT)|THREE WHEELER(T),ALL,ALL,14,2026-06-14T07:43:27.642Z,https://vahan.parivahan.gov.in/vahan4dashboard/vahan/view/reportview.xhtml
2026,6,INDIA TOTAL,All Vahan4 Running Office,VRINDA ENTERPRISES,ALL,THREE WHEELER(NT)|THREE WHEELER(T),ALL,ALL,32,2026-06-14T07:43:27.642Z,https://vahan.parivahan.gov.in/vahan4dashboard/vahan/view/reportview.xhtml
2026,6,INDIA TOTAL,All Vahan4 Running Office,VTC INDUSTRIES,ALL,THREE WHEELER(NT)|THREE WHEELER(T),ALL,ALL,1,2026-06-14T07:43:27.642Z,https://vahan.parivahan.gov.in/vahan4dashboard/vahan/view/reportview.xhtml
2026,6,INDIA TOTAL,All Vahan4 Running Office,VTECH MOTORS,ALL,THREE WHEELER(NT)|THREE WHEELER(T),ALL,ALL,0,2026-06-14T07:43:27.642Z,https://vahan.parivahan.gov.in/vahan4dashboard/vahan/view/reportview.xhtml
2026,6,INDIA TOTAL,All Vahan4 Running Office,WARDWIZARD INNOVATIONS & MOBILITY LIMITED,ALL,THREE WHEELER(NT)|THREE WHEELER(T),ALL,ALL,1,2026-06-14T07:43:27.642Z,https://vahan.parivahan.gov.in/vahan4dashboard/vahan/view/reportview.xhtml
2026,6,INDIA TOTAL,All Vahan4 Running Office,WELKIN HEALTHCARE PVT LTD,ALL,THREE WHEELER(NT)|THREE WHEELER(T),ALL,ALL,18,2026-06-14T07:43:27.642Z,https://vahan.parivahan.gov.in/vahan4dashboard/vahan/view/reportview.xhtml
2026,6,INDIA TOTAL,All Vahan4 Running Office,YAARI AUTOMOBILES PVT LTD,ALL,THREE WHEELER(NT)|THREE WHEELER(T),ALL,ALL,4,2026-06-14T07:43:27.642Z,https://vahan.parivahan.gov.in/vahan4dashboard/vahan/view/reportview.xhtml
2026,6,INDIA TOTAL,All Vahan4 Running Office,YALAMANCHILI MANUFACTURING PVT LTD,ALL,THREE WHEELER(NT)|THREE WHEELER(T),ALL,ALL,0,2026-06-14T07:43:27.642Z,https://vahan.parivahan.gov.in/vahan4dashboard/vahan/view/reportview.xhtml
2026,6,INDIA TOTAL,All Vahan4 Running Office,YC ELECTRIC VEHICLE,ALL,THREE WHEELER(NT)|THREE WHEELER(T),ALL,ALL,1012,2026-06-14T07:43:27.642Z,https://vahan.parivahan.gov.in/vahan4dashboard/vahan/view/reportview.xhtml
2026,6,INDIA TOTAL,All Vahan4 Running Office,YUVRAJ INTERNATIONAL,ALL,THREE WHEELER(NT)|THREE WHEELER(T),ALL,ALL,1,2026-06-14T07:43:27.642Z,https://vahan.parivahan.gov.in/vahan4dashboard/vahan/view/reportview.xhtml
2026,6,INDIA TOTAL,All Vahan4 Running Office,ZAKWILL ELECTRIC VEHICLES PVT LTD,ALL,THREE WHEELER(NT)|THREE WHEELER(T),ALL,ALL,0,2026-06-14T07:43:27.642Z,https://vahan.parivahan.gov.in/vahan4dashboard/vahan/view/reportview.xhtml
2026,6,INDIA TOTAL,All Vahan4 Running Office,ZELIO E-MOBILITY LTD,ALL,THREE WHEELER(NT)|THREE WHEELER(T),ALL,ALL,30,2026-06-14T07:43:27.642Z,https://vahan.parivahan.gov.in/vahan4dashboard/vahan/view/reportview.xhtml
2026,6,INDIA TOTAL,All Vahan4 Running Office,ZENIAK INNOVATION INDIA LTD,ALL,THREE WHEELER(NT)|THREE WHEELER(T),ALL,ALL,462,2026-06-14T07:43:27.642Z,https://vahan.parivahan.gov.in/vahan4dashboard/vahan/view/reportview.xhtml
2026,6,INDIA TOTAL,All Vahan4 Running Office,ZENMO PRIVATE LIMITED,ALL,THREE WHEELER(NT)|THREE WHEELER(T),ALL,ALL,61,2026-06-14T07:43:27.642Z,https://vahan.parivahan.gov.in/vahan4dashboard/vahan/view/reportview.xhtml
2026,6,INDIA TOTAL,All Vahan4 Running Office,ZENTHIUM EV PVT LTD,ALL,THREE WHEELER(NT)|THREE WHEELER(T),ALL,ALL,21,2026-06-14T07:43:27.642Z,https://vahan.parivahan.gov.in/vahan4dashboard/vahan/view/reportview.xhtml
2026,6,INDIA TOTAL,All Vahan4 Running Office,ZEOPLUS AXIS INDIA PVT. LTD.,ALL,THREE WHEELER(NT)|THREE WHEELER(T),ALL,ALL,213,2026-06-14T07:43:27.642Z,https://vahan.parivahan.gov.in/vahan4dashboard/vahan/view/reportview.xhtml
2026,6,INDIA TOTAL,All Vahan4 Running Office,ZERO 21 RENEWABLE ENERGY SOLUTIONS PVT LTD,ALL,THREE WHEELER(NT)|THREE WHEELER(T),ALL,ALL,1,2026-06-14T07:43:27.642Z,https://vahan.parivahan.gov.in/vahan4dashboard/vahan/view/reportview.xhtml
2026,6,INDIA TOTAL,All Vahan4 Running Office,ZESAR MOTORS PVT LTD,ALL,THREE WHEELER(NT)|THREE WHEELER(T),ALL,ALL,0,2026-06-14T07:43:27.642Z,https://vahan.parivahan.gov.in/vahan4dashboard/vahan/view/reportview.xhtml
2026,6,INDIA TOTAL,All Vahan4 Running Office,ZOHAN TRADERS AND BIG METRO,ALL,THREE WHEELER(NT)|THREE WHEELER(T),ALL,ALL,5,2026-06-14T07:43:27.642Z,https://vahan.parivahan.gov.in/vahan4dashboard/vahan/view/reportview.xhtml
2026,6,INDIA TOTAL,All Vahan4 Running Office,ZUPERIA AUTO PVT LTD,ALL,THREE WHEELER(NT)|THREE WHEELER(T),ALL,ALL,43,2026-06-14T07:43:27.642Z,https://vahan.parivahan.gov.in/vahan4dashboard/vahan/view/reportview.xhtml
2026,6,INDIA TOTAL,All Vahan4 Running Office,A-1 SUREJA INDUSTRIES,ALL,TWO WHEELER(NT)|TWO WHEELER(T),ALL,ALL,0,2026-06-14T07:42:25.030Z,https://vahan.parivahan.gov.in/vahan4dashboard/vahan/view/reportview.xhtml
2026,6,INDIA TOTAL,All Vahan4 Running Office,ABZO MOTORS PVT LTD,ALL,TWO WHEELER(NT)|TWO WHEELER(T),ALL,ALL,1,2026-06-14T07:42:25.031Z,https://vahan.parivahan.gov.in/vahan4dashboard/vahan/view/reportview.xhtml
2026,6,INDIA TOTAL,All Vahan4 Running Office,ADISHWAR AUTO RIDE INDIA PVT LTD,ALL,TWO WHEELER(NT)|TWO WHEELER(T),ALL,ALL,2,2026-06-14T07:42:25.031Z,https://vahan.parivahan.gov.in/vahan4dashboard/vahan/view/reportview.xhtml
2026,6,INDIA TOTAL,All Vahan4 Running Office,ADM TECHNOLOGIES PVT. LTD.,ALL,TWO WHEELER(NT)|TWO WHEELER(T),ALL,ALL,0,2026-06-14T07:42:25.031Z,https://vahan.parivahan.gov.in/vahan4dashboard/vahan/view/reportview.xhtml
2026,6,INDIA TOTAL,All Vahan4 Running Office,ADRIS ELECTRIC PVT LTD,ALL,TWO WHEELER(NT)|TWO WHEELER(T),ALL,ALL,0,2026-06-14T07:42:25.031Z,https://vahan.parivahan.gov.in/vahan4dashboard/vahan/view/reportview.xhtml
2026,6,INDIA TOTAL,All Vahan4 Running Office,AFTEK MOTORS INDIA PVT LTD,ALL,TWO WHEELER(NT)|TWO WHEELER(T),ALL,ALL,0,2026-06-14T07:42:25.031Z,https://vahan.parivahan.gov.in/vahan4dashboard/vahan/view/reportview.xhtml
2026,6,INDIA TOTAL,All Vahan4 Running Office,ALTIUS EV TECH PVT LTD,ALL,TWO WHEELER(NT)|TWO WHEELER(T),ALL,ALL,0,2026-06-14T07:42:25.031Z,https://vahan.parivahan.gov.in/vahan4dashboard/vahan/view/reportview.xhtml
2026,6,INDIA TOTAL,All Vahan4 Running Office,AMO MOBILITY SOLUTIONS PVT LTD,ALL,TWO WHEELER(NT)|TWO WHEELER(T),ALL,ALL,0,2026-06-14T07:42:25.031Z,https://vahan.parivahan.gov.in/vahan4dashboard/vahan/view/reportview.xhtml
2026,6,INDIA TOTAL,All Vahan4 Running Office,AMPERE VEHICLES PRIVATE LIMITED,ALL,TWO WHEELER(NT)|TWO WHEELER(T),ALL,ALL,5,2026-06-14T07:42:25.031Z,https://vahan.parivahan.gov.in/vahan4dashboard/vahan/view/reportview.xhtml
2026,6,INDIA TOTAL,All Vahan4 Running Office,ANCHI MOTORCYCLE (IMPORTER: ECOTRINITY AUTOMOBILE,ALL,TWO WHEELER(NT)|TWO WHEELER(T),ALL,ALL,0,2026-06-14T07:42:25.031Z,https://vahan.parivahan.gov.in/vahan4dashboard/vahan/view/reportview.xhtml
2026,6,INDIA TOTAL,All Vahan4 Running Office,ANCHI MOTORCYCLE (IMPORTER: EVNEXUS PVT. LTD.),ALL,TWO WHEELER(NT)|TWO WHEELER(T),ALL,ALL,1,2026-06-14T07:42:25.031Z,https://vahan.parivahan.gov.in/vahan4dashboard/vahan/view/reportview.xhtml
2026,6,INDIA TOTAL,All Vahan4 Running Office,ANCHI MOTORCYCLE(IMPORTER:GREEN FUEL ALTERNATIVES),ALL,TWO WHEELER(NT)|TWO WHEELER(T),ALL,ALL,0,2026-06-14T07:42:25.031Z,https://vahan.parivahan.gov.in/vahan4dashboard/vahan/view/reportview.xhtml
2026,6,INDIA TOTAL,All Vahan4 Running Office,ANVITA AUTO TECH WORKS PVT LTD,ALL,TWO WHEELER(NT)|TWO WHEELER(T),ALL,ALL,0,2026-06-14T07:42:25.031Z,https://vahan.parivahan.gov.in/vahan4dashboard/vahan/view/reportview.xhtml
2026,6,INDIA TOTAL,All Vahan4 Running Office,APEIRON MOBILITY PVT LTD,ALL,TWO WHEELER(NT)|TWO WHEELER(T),ALL,ALL,0,2026-06-14T07:42:25.031Z,https://vahan.parivahan.gov.in/vahan4dashboard/vahan/view/reportview.xhtml
2026,6,INDIA TOTAL,All Vahan4 Running Office,ATHER ENERGY LTD,ALL,TWO WHEELER(NT)|TWO WHEELER(T),ALL,ALL,14059,2026-06-14T07:42:25.031Z,https://vahan.parivahan.gov.in/vahan4dashboard/vahan/view/reportview.xhtml
2026,6,INDIA TOTAL,All Vahan4 Running Office,AYAAN ELECTRONIC PVT LTD,ALL,TWO WHEELER(NT)|TWO WHEELER(T),ALL,ALL,0,2026-06-14T07:42:25.031Z,https://vahan.parivahan.gov.in/vahan4dashboard/vahan/view/reportview.xhtml
2026,6,INDIA TOTAL,All Vahan4 Running Office,BAJAJ AUTO LTD,ALL,TWO WHEELER(NT)|TWO WHEELER(T),ALL,ALL,83121,2026-06-14T07:42:25.031Z,https://vahan.parivahan.gov.in/vahan4dashboard/vahan/view/reportview.xhtml
2026,6,INDIA TOTAL,All Vahan4 Running Office,BATTRE ELECTRIC MOBLITY PVT LTD,ALL,TWO WHEELER(NT)|TWO WHEELER(T),ALL,ALL,12,2026-06-14T07:42:25.031Z,https://vahan.parivahan.gov.in/vahan4dashboard/vahan/view/reportview.xhtml
2026,6,INDIA TOTAL,All Vahan4 Running Office,BENLING INDIA ENERGY AND TECHNOLOGY PVT LTD,ALL,TWO WHEELER(NT)|TWO WHEELER(T),ALL,ALL,6,2026-06-14T07:42:25.031Z,https://vahan.parivahan.gov.in/vahan4dashboard/vahan/view/reportview.xhtml
2026,6,INDIA TOTAL,All Vahan4 Running Office,BGAUSS AUTO PRIVATE LIMITED,ALL,TWO WHEELER(NT)|TWO WHEELER(T),ALL,ALL,1912,2026-06-14T07:42:25.031Z,https://vahan.parivahan.gov.in/vahan4dashboard/vahan/view/reportview.xhtml
2026,6,INDIA TOTAL,All Vahan4 Running Office,BMR EV INDUSTRIES PVT LTD,ALL,TWO WHEELER(NT)|TWO WHEELER(T),ALL,ALL,3,2026-06-14T07:42:25.031Z,https://vahan.parivahan.gov.in/vahan4dashboard/vahan/view/reportview.xhtml
2026,6,INDIA TOTAL,All Vahan4 Running Office,BMW INDIA PVT LTD,ALL,TWO WHEELER(NT)|TWO WHEELER(T),ALL,ALL,148,2026-06-14T07:42:25.031Z,https://vahan.parivahan.gov.in/vahan4dashboard/vahan/view/reportview.xhtml
2026,6,INDIA TOTAL,All Vahan4 Running Office,BOOMA INNOVATIVE TRANSPORT SULUTIONS PVT LTD,ALL,TWO WHEELER(NT)|TWO WHEELER(T),ALL,ALL,84,2026-06-14T07:42:25.031Z,https://vahan.parivahan.gov.in/vahan4dashboard/vahan/view/reportview.xhtml
2026,6,INDIA TOTAL,All Vahan4 Running Office,BOUNCE ELECTRIC 1 PVT LTD,ALL,TWO WHEELER(NT)|TWO WHEELER(T),ALL,ALL,401,2026-06-14T07:42:25.031Z,https://vahan.parivahan.gov.in/vahan4dashboard/vahan/view/reportview.xhtml
2026,6,INDIA TOTAL,All Vahan4 Running Office,BU4 AUTO PVT LTD,ALL,TWO WHEELER(NT)|TWO WHEELER(T),ALL,ALL,1,2026-06-14T07:42:25.031Z,https://vahan.parivahan.gov.in/vahan4dashboard/vahan/view/reportview.xhtml
2026,6,INDIA TOTAL,All Vahan4 Running Office,CHANDANA CORPORATION,ALL,TWO WHEELER(NT)|TWO WHEELER(T),ALL,ALL,1,2026-06-14T07:42:25.031Z,https://vahan.parivahan.gov.in/vahan4dashboard/vahan/view/reportview.xhtml
2026,6,INDIA TOTAL,All Vahan4 Running Office,CHINA HAOCHEN (IMPORTER: ADMS MARKETING),ALL,TWO WHEELER(NT)|TWO WHEELER(T),ALL,ALL,3,2026-06-14T07:42:25.031Z,https://vahan.parivahan.gov.in/vahan4dashboard/vahan/view/reportview.xhtml
2026,6,INDIA TOTAL,All Vahan4 Running Office,CHINA HAOCHEN (IMPORTER:SLSR ELECTRO),ALL,TWO WHEELER(NT)|TWO WHEELER(T),ALL,ALL,0,2026-06-14T07:42:25.031Z,https://vahan.parivahan.gov.in/vahan4dashboard/vahan/view/reportview.xhtml
2026,6,INDIA TOTAL,All Vahan4 Running Office,CLASSIC LEGENDS PVT LTD,ALL,TWO WHEELER(NT)|TWO WHEELER(T),ALL,ALL,1958,2026-06-14T07:42:25.031Z,https://vahan.parivahan.gov.in/vahan4dashboard/vahan/view/reportview.xhtml
2026,6,INDIA TOTAL,All Vahan4 Running Office,DAO EVTECH PRIVATE LIMITED,ALL,TWO WHEELER(NT)|TWO WHEELER(T),ALL,ALL,0,2026-06-14T07:42:25.031Z,https://vahan.parivahan.gov.in/vahan4dashboard/vahan/view/reportview.xhtml
2026,6,INDIA TOTAL,All Vahan4 Running Office,DUCATI INDIA PVT LTD,ALL,TWO WHEELER(NT)|TWO WHEELER(T),ALL,ALL,18,2026-06-14T07:42:25.031Z,https://vahan.parivahan.gov.in/vahan4dashboard/vahan/view/reportview.xhtml
2026,6,INDIA TOTAL,All Vahan4 Running Office,DUCATI MOTOR HOLDING S.P.A,ALL,TWO WHEELER(NT)|TWO WHEELER(T),ALL,ALL,0,2026-06-14T07:42:25.031Z,https://vahan.parivahan.gov.in/vahan4dashboard/vahan/view/reportview.xhtml
2026,6,INDIA TOTAL,All Vahan4 Running Office,E ROYCE MOTORS INDIA PVT LTD,ALL,TWO WHEELER(NT)|TWO WHEELER(T),ALL,ALL,0,2026-06-14T07:42:25.032Z,https://vahan.parivahan.gov.in/vahan4dashboard/vahan/view/reportview.xhtml
2026,6,INDIA TOTAL,All Vahan4 Running Office,E-SPRINTO GREEN ENERGY PVT LTD,ALL,TWO WHEELER(NT)|TWO WHEELER(T),ALL,ALL,520,2026-06-14T07:42:25.032Z,https://vahan.parivahan.gov.in/vahan4dashboard/vahan/view/reportview.xhtml
2026,6,INDIA TOTAL,All Vahan4 Running Office,ECOBIT INTERNATIONAL(IMPORTER: JHEV MOTORS),ALL,TWO WHEELER(NT)|TWO WHEELER(T),ALL,ALL,0,2026-06-14T07:42:25.032Z,https://vahan.parivahan.gov.in/vahan4dashboard/vahan/view/reportview.xhtml
2026,6,INDIA TOTAL,All Vahan4 Running Office,ECOPLANET MOTORS PVT LTD,ALL,TWO WHEELER(NT)|TWO WHEELER(T),ALL,ALL,0,2026-06-14T07:42:25.032Z,https://vahan.parivahan.gov.in/vahan4dashboard/vahan/view/reportview.xhtml
2026,6,INDIA TOTAL,All Vahan4 Running Office,ELECTRIC ALLIANCE(IMPORTER: ELLYSIUM AUTOMOTIVES),ALL,TWO WHEELER(NT)|TWO WHEELER(T),ALL,ALL,1,2026-06-14T07:42:25.032Z,https://vahan.parivahan.gov.in/vahan4dashboard/vahan/view/reportview.xhtml
2026,6,INDIA TOTAL,All Vahan4 Running Office,ELECTROTHERM (INDIA) LIMITED,ALL,TWO WHEELER(NT)|TWO WHEELER(T),ALL,ALL,0,2026-06-14T07:42:25.032Z,https://vahan.parivahan.gov.in/vahan4dashboard/vahan/view/reportview.xhtml
2026,6,INDIA TOTAL,All Vahan4 Running Office,ELEGO MOTORS PVT LTD,ALL,TWO WHEELER(NT)|TWO WHEELER(T),ALL,ALL,0,2026-06-14T07:42:25.032Z,https://vahan.parivahan.gov.in/vahan4dashboard/vahan/view/reportview.xhtml
2026,6,INDIA TOTAL,All Vahan4 Running Office,ELTHOR ENERGY PRIVATE LIMITED,ALL,TWO WHEELER(NT)|TWO WHEELER(T),ALL,ALL,0,2026-06-14T07:42:25.032Z,https://vahan.parivahan.gov.in/vahan4dashboard/vahan/view/reportview.xhtml
2026,6,INDIA TOTAL,All Vahan4 Running Office,EMOBI MANUFACTURY PRIVATE LIMITED,ALL,TWO WHEELER(NT)|TWO WHEELER(T),ALL,ALL,19,2026-06-14T07:42:25.032Z,https://vahan.parivahan.gov.in/vahan4dashboard/vahan/view/reportview.xhtml
2026,6,INDIA TOTAL,All Vahan4 Running Office,ENIGMA AUTOMOBILES PVT LTD,ALL,TWO WHEELER(NT)|TWO WHEELER(T),ALL,ALL,0,2026-06-14T07:42:25.032Z,https://vahan.parivahan.gov.in/vahan4dashboard/vahan/view/reportview.xhtml
2026,6,INDIA TOTAL,All Vahan4 Running Office,ESCORTS LTD,ALL,TWO WHEELER(NT)|TWO WHEELER(T),ALL,ALL,0,2026-06-14T07:42:25.032Z,https://vahan.parivahan.gov.in/vahan4dashboard/vahan/view/reportview.xhtml
2026,6,INDIA TOTAL,All Vahan4 Running Office,ESSEL ENERGY INFRA PVT LTD,ALL,TWO WHEELER(NT)|TWO WHEELER(T),ALL,ALL,0,2026-06-14T07:42:25.032Z,https://vahan.parivahan.gov.in/vahan4dashboard/vahan/view/reportview.xhtml
2026,6,INDIA TOTAL,All Vahan4 Running Office,EVTRIC MOTORS PVT LTD,ALL,TWO WHEELER(NT)|TWO WHEELER(T),ALL,ALL,0,2026-06-14T07:42:25.032Z,https://vahan.parivahan.gov.in/vahan4dashboard/vahan/view/reportview.xhtml
2026,6,INDIA TOTAL,All Vahan4 Running Office,EYAMAUTO MOBILITY PVT LTD,ALL,TWO WHEELER(NT)|TWO WHEELER(T),ALL,ALL,0,2026-06-14T07:42:25.032Z,https://vahan.parivahan.gov.in/vahan4dashboard/vahan/view/reportview.xhtml
2026,6,INDIA TOTAL,All Vahan4 Running Office,GAURA ELECTRIC VEHICLES PVT LTD,ALL,TWO WHEELER(NT)|TWO WHEELER(T),ALL,ALL,70,2026-06-14T07:42:25.032Z,https://vahan.parivahan.gov.in/vahan4dashboard/vahan/view/reportview.xhtml
2026,6,INDIA TOTAL,All Vahan4 Running Office,GODAWARI ELECTRIC MOTORS PVT LTD,ALL,TWO WHEELER(NT)|TWO WHEELER(T),ALL,ALL,1,2026-06-14T07:42:25.032Z,https://vahan.parivahan.gov.in/vahan4dashboard/vahan/view/reportview.xhtml
2026,6,INDIA TOTAL,All Vahan4 Running Office,GOREEN E-MOBILITY PVT LTD,ALL,TWO WHEELER(NT)|TWO WHEELER(T),ALL,ALL,1,2026-06-14T07:42:25.032Z,https://vahan.parivahan.gov.in/vahan4dashboard/vahan/view/reportview.xhtml
2026,6,INDIA TOTAL,All Vahan4 Running Office,GOWITH GREEN E-VEHICLES PVT LTD,ALL,TWO WHEELER(NT)|TWO WHEELER(T),ALL,ALL,0,2026-06-14T07:42:25.032Z,https://vahan.parivahan.gov.in/vahan4dashboard/vahan/view/reportview.xhtml
2026,6,INDIA TOTAL,All Vahan4 Running Office,GRAVTON MOTORS PVT LTD,ALL,TWO WHEELER(NT)|TWO WHEELER(T),ALL,ALL,19,2026-06-14T07:42:25.032Z,https://vahan.parivahan.gov.in/vahan4dashboard/vahan/view/reportview.xhtml
2026,6,INDIA TOTAL,All Vahan4 Running Office,GREAVES ELECTRIC MOBILITY LTD,ALL,TWO WHEELER(NT)|TWO WHEELER(T),ALL,ALL,4621,2026-06-14T07:42:25.032Z,https://vahan.parivahan.gov.in/vahan4dashboard/vahan/view/reportview.xhtml
2026,6,INDIA TOTAL,All Vahan4 Running Office,GUANGDONG TAYO (IMPORTER: ADISHWAR AUTO),ALL,TWO WHEELER(NT)|TWO WHEELER(T),ALL,ALL,1,2026-06-14T07:42:25.032Z,https://vahan.parivahan.gov.in/vahan4dashboard/vahan/view/reportview.xhtml
2026,6,INDIA TOTAL,All Vahan4 Running Office,HARLEY DAVIDSON (IMPORTER: HERO MOTOCORP),ALL,TWO WHEELER(NT)|TWO WHEELER(T),ALL,ALL,10,2026-06-14T07:42:25.032Z,https://vahan.parivahan.gov.in/vahan4dashboard/vahan/view/reportview.xhtml
2026,6,INDIA TOTAL,All Vahan4 Running Office,HAYASA E-MOBILITY (INDIA) PVT LTD,ALL,TWO WHEELER(NT)|TWO WHEELER(T),ALL,ALL,0,2026-06-14T07:42:25.032Z,https://vahan.parivahan.gov.in/vahan4dashboard/vahan/view/reportview.xhtml
2026,6,INDIA TOTAL,All Vahan4 Running Office,HERO ELECTRIC VEHICLES PVT. LTD,ALL,TWO WHEELER(NT)|TWO WHEELER(T),ALL,ALL,2,2026-06-14T07:42:25.032Z,https://vahan.parivahan.gov.in/vahan4dashboard/vahan/view/reportview.xhtml
2026,6,INDIA TOTAL,All Vahan4 Running Office,HERO HONDA MOTORS LTD,ALL,TWO WHEELER(NT)|TWO WHEELER(T),ALL,ALL,1,2026-06-14T07:42:25.032Z,https://vahan.parivahan.gov.in/vahan4dashboard/vahan/view/reportview.xhtml
2026,6,INDIA TOTAL,All Vahan4 Running Office,HERO MOTOCORP LTD,ALL,TWO WHEELER(NT)|TWO WHEELER(T),ALL,ALL,189280,2026-06-14T07:42:25.032Z,https://vahan.parivahan.gov.in/vahan4dashboard/vahan/view/reportview.xhtml
2026,6,INDIA TOTAL,All Vahan4 Running Office,HOMFEEL VEGH AUTOMOBILES PVT LTD,ALL,TWO WHEELER(NT)|TWO WHEELER(T),ALL,ALL,0,2026-06-14T07:42:25.032Z,https://vahan.parivahan.gov.in/vahan4dashboard/vahan/view/reportview.xhtml
2026,6,INDIA TOTAL,All Vahan4 Running Office,HONDA CARS INDIA LTD,ALL,TWO WHEELER(NT)|TWO WHEELER(T),ALL,ALL,0,2026-06-14T07:42:25.032Z,https://vahan.parivahan.gov.in/vahan4dashboard/vahan/view/reportview.xhtml
2026,6,INDIA TOTAL,All Vahan4 Running Office,HONDA MOTORCYCLE AND SCOOTER INDIA (P) LTD,ALL,TWO WHEELER(NT)|TWO WHEELER(T),ALL,ALL,190142,2026-06-14T07:42:25.032Z,https://vahan.parivahan.gov.in/vahan4dashboard/vahan/view/reportview.xhtml
2026,6,INDIA TOTAL,All Vahan4 Running Office,HONGKONG RUIQUE (IMPORTER: DAO EVTECH),ALL,TWO WHEELER(NT)|TWO WHEELER(T),ALL,ALL,1,2026-06-14T07:42:25.032Z,https://vahan.parivahan.gov.in/vahan4dashboard/vahan/view/reportview.xhtml
2026,6,INDIA TOTAL,All Vahan4 Running Office,HONGKONG WANGYUAN (IMPORTER: GBB E MOBILITY),ALL,TWO WHEELER(NT)|TWO WHEELER(T),ALL,ALL,0,2026-06-14T07:42:25.032Z,https://vahan.parivahan.gov.in/vahan4dashboard/vahan/view/reportview.xhtml
2026,6,INDIA TOTAL,All Vahan4 Running Office,HONGKONG WANGYUAN (IMPORTER:INDI ELECTRIC EELS),ALL,TWO WHEELER(NT)|TWO WHEELER(T),ALL,ALL,2,2026-06-14T07:42:25.032Z,https://vahan.parivahan.gov.in/vahan4dashboard/vahan/view/reportview.xhtml
2026,6,INDIA TOTAL,All Vahan4 Running Office,HONGKONG YIXING (IMPORTER: ADMS MARKETING),ALL,TWO WHEELER(NT)|TWO WHEELER(T),ALL,ALL,3,2026-06-14T07:42:25.032Z,https://vahan.parivahan.gov.in/vahan4dashboard/vahan/view/reportview.xhtml
2026,6,INDIA TOTAL,All Vahan4 Running Office,HOP ELECTRIC MOBILITY PVT LTD,ALL,TWO WHEELER(NT)|TWO WHEELER(T),ALL,ALL,3,2026-06-14T07:42:25.032Z,https://vahan.parivahan.gov.in/vahan4dashboard/vahan/view/reportview.xhtml
2026,6,INDIA TOTAL,All Vahan4 Running Office,HSU DRAGON (IMPORTER: BMR ELECTRIC),ALL,TWO WHEELER(NT)|TWO WHEELER(T),ALL,ALL,9,2026-06-14T07:42:25.032Z,https://vahan.parivahan.gov.in/vahan4dashboard/vahan/view/reportview.xhtml
2026,6,INDIA TOTAL,All Vahan4 Running Office,HSU DRAGON (IMPORTER: BMR EV INDUSTRIES),ALL,TWO WHEELER(NT)|TWO WHEELER(T),ALL,ALL,0,2026-06-14T07:42:25.032Z,https://vahan.parivahan.gov.in/vahan4dashboard/vahan/view/reportview.xhtml
2026,6,INDIA TOTAL,All Vahan4 Running Office,HSU DRAGON (IMPORTER: HUMAN CENTERED),ALL,TWO WHEELER(NT)|TWO WHEELER(T),ALL,ALL,0,2026-06-14T07:42:25.032Z,https://vahan.parivahan.gov.in/vahan4dashboard/vahan/view/reportview.xhtml
2026,6,INDIA TOTAL,All Vahan4 Running Office,HSU DRAGON (IMPORTER:SKANDAA AUTOMOTIVE),ALL,TWO WHEELER(NT)|TWO WHEELER(T),ALL,ALL,7,2026-06-14T07:42:25.032Z,https://vahan.parivahan.gov.in/vahan4dashboard/vahan/view/reportview.xhtml
2026,6,INDIA TOTAL,All Vahan4 Running Office,INDIA KAWASAKI MOTORS PVT LTD,ALL,TWO WHEELER(NT)|TWO WHEELER(T),ALL,ALL,164,2026-06-14T07:42:25.032Z,https://vahan.parivahan.gov.in/vahan4dashboard/vahan/view/reportview.xhtml
2026,6,INDIA TOTAL,All Vahan4 Running Office,INDIA YAMAHA MOTOR PVT LTD,ALL,TWO WHEELER(NT)|TWO WHEELER(T),ALL,ALL,30688,2026-06-14T07:42:25.032Z,https://vahan.parivahan.gov.in/vahan4dashboard/vahan/view/reportview.xhtml
2026,6,INDIA TOTAL,All Vahan4 Running Office,IRA EDUTECH PVT LTD,ALL,TWO WHEELER(NT)|TWO WHEELER(T),ALL,ALL,0,2026-06-14T07:42:25.032Z,https://vahan.parivahan.gov.in/vahan4dashboard/vahan/view/reportview.xhtml
2026,6,INDIA TOTAL,All Vahan4 Running Office,ISUZU MOTORS INDIA PVT LTD,ALL,TWO WHEELER(NT)|TWO WHEELER(T),ALL,ALL,0,2026-06-14T07:42:25.032Z,https://vahan.parivahan.gov.in/vahan4dashboard/vahan/view/reportview.xhtml
2026,6,INDIA TOTAL,All Vahan4 Running Office,IVOOMI INNOVATION PVT LTD,ALL,TWO WHEELER(NT)|TWO WHEELER(T),ALL,ALL,8,2026-06-14T07:42:25.032Z,https://vahan.parivahan.gov.in/vahan4dashboard/vahan/view/reportview.xhtml
2026,6,INDIA TOTAL,All Vahan4 Running Office,IZANAU ELECTRIC LLP,ALL,TWO WHEELER(NT)|TWO WHEELER(T),ALL,ALL,0,2026-06-14T07:42:25.032Z,https://vahan.parivahan.gov.in/vahan4dashboard/vahan/view/reportview.xhtml
2026,6,INDIA TOTAL,All Vahan4 Running Office,JIANGSU AIMA (IMPORTER: QUANTUM ENERGY),ALL,TWO WHEELER(NT)|TWO WHEELER(T),ALL,ALL,0,2026-06-14T07:42:25.032Z,https://vahan.parivahan.gov.in/vahan4dashboard/vahan/view/reportview.xhtml
2026,6,INDIA TOTAL,All Vahan4 Running Office,JIANGSU DALONG (IMPORTER: ENGTIAN ELECTRIC),ALL,TWO WHEELER(NT)|TWO WHEELER(T),ALL,ALL,0,2026-06-14T07:42:25.032Z,https://vahan.parivahan.gov.in/vahan4dashboard/vahan/view/reportview.xhtml
2026,6,INDIA TOTAL,All Vahan4 Running Office,JIANGSU DALONG (IMPORTER: RILOX EV PVT LTD),ALL,TWO WHEELER(NT)|TWO WHEELER(T),ALL,ALL,0,2026-06-14T07:42:25.032Z,https://vahan.parivahan.gov.in/vahan4dashboard/vahan/view/reportview.xhtml
2026,6,INDIA TOTAL,All Vahan4 Running Office,JIANGSU DALONG (IMPORTER: SABOO TOR),ALL,TWO WHEELER(NT)|TWO WHEELER(T),ALL,ALL,0,2026-06-14T07:42:25.032Z,https://vahan.parivahan.gov.in/vahan4dashboard/vahan/view/reportview.xhtml
2026,6,INDIA TOTAL,All Vahan4 Running Office,JIANGSU DALONG JIANHAO (IMPORTER: MK FLYING),ALL,TWO WHEELER(NT)|TWO WHEELER(T),ALL,ALL,0,2026-06-14T07:42:25.032Z,https://vahan.parivahan.gov.in/vahan4dashboard/vahan/view/reportview.xhtml
2026,6,INDIA TOTAL,All Vahan4 Running Office,JIANGSU SUNHOU (IMPORTER: KAGDI TECH SOLUTIONS),ALL,TWO WHEELER(NT)|TWO WHEELER(T),ALL,ALL,2,2026-06-14T07:42:25.032Z,https://vahan.parivahan.gov.in/vahan4dashboard/vahan/view/reportview.xhtml
2026,6,INDIA TOTAL,All Vahan4 Running Office,JIANGSU SUNHOU (IMPORTER: SABOO TOR),ALL,TWO WHEELER(NT)|TWO WHEELER(T),ALL,ALL,0,2026-06-14T07:42:25.032Z,https://vahan.parivahan.gov.in/vahan4dashboard/vahan/view/reportview.xhtml
2026,6,INDIA TOTAL,All Vahan4 Running Office,JIANGSU XINRI (IMPORTER: ECO FUEL SYSTEMS LTD),ALL,TWO WHEELER(NT)|TWO WHEELER(T),ALL,ALL,10,2026-06-14T07:42:25.032Z,https://vahan.parivahan.gov.in/vahan4dashboard/vahan/view/reportview.xhtml
2026,6,INDIA TOTAL,All Vahan4 Running Office,JIANGSU ZHEENAIDA (IMPORTER: KLB GLOBAL),ALL,TWO WHEELER(NT)|TWO WHEELER(T),ALL,ALL,0,2026-06-14T07:42:25.032Z,https://vahan.parivahan.gov.in/vahan4dashboard/vahan/view/reportview.xhtml
2026,6,INDIA TOTAL,All Vahan4 Running Office,JITENDRA NEW EV-TECH PVT. LTD,ALL,TWO WHEELER(NT)|TWO WHEELER(T),ALL,ALL,93,2026-06-14T07:42:25.032Z,https://vahan.parivahan.gov.in/vahan4dashboard/vahan/view/reportview.xhtml
2026,6,INDIA TOTAL,All Vahan4 Running Office,JUNENG MOTORCYCLE (IMPORTER: ADMS MARKETING),ALL,TWO WHEELER(NT)|TWO WHEELER(T),ALL,ALL,0,2026-06-14T07:42:25.032Z,https://vahan.parivahan.gov.in/vahan4dashboard/vahan/view/reportview.xhtml
2026,6,INDIA TOTAL,All Vahan4 Running Office,JUNENG MOTORCYCLE (IMPORTER: ISCOOT MOTERS),ALL,TWO WHEELER(NT)|TWO WHEELER(T),ALL,ALL,0,2026-06-14T07:42:25.032Z,https://vahan.parivahan.gov.in/vahan4dashboard/vahan/view/reportview.xhtml
2026,6,INDIA TOTAL,All Vahan4 Running Office,JUNENG MOTORCYCLE (IMPORTER: JHEV MOTORS PVT LTD),ALL,TWO WHEELER(NT)|TWO WHEELER(T),ALL,ALL,2,2026-06-14T07:42:25.032Z,https://vahan.parivahan.gov.in/vahan4dashboard/vahan/view/reportview.xhtml
2026,6,INDIA TOTAL,All Vahan4 Running Office,JUNENG MOTORCYCLE TECH. (IMPORTER: DELTA AUTOCORP),ALL,TWO WHEELER(NT)|TWO WHEELER(T),ALL,ALL,0,2026-06-14T07:42:25.032Z,https://vahan.parivahan.gov.in/vahan4dashboard/vahan/view/reportview.xhtml
2026,6,INDIA TOTAL,All Vahan4 Running Office,JVK MOTORS PVT LTD,ALL,TWO WHEELER(NT)|TWO WHEELER(T),ALL,ALL,0,2026-06-14T07:42:25.032Z,https://vahan.parivahan.gov.in/vahan4dashboard/vahan/view/reportview.xhtml
2026,6,INDIA TOTAL,All Vahan4 Running Office,KABIRA MOBILITY LLP,ALL,TWO WHEELER(NT)|TWO WHEELER(T),ALL,ALL,0,2026-06-14T07:42:25.032Z,https://vahan.parivahan.gov.in/vahan4dashboard/vahan/view/reportview.xhtml
2026,6,INDIA TOTAL,All Vahan4 Running Office,KAINING (HONGKONG) (IMPORTER: BEST EV MOBILITY),ALL,TWO WHEELER(NT)|TWO WHEELER(T),ALL,ALL,0,2026-06-14T07:42:25.032Z,https://vahan.parivahan.gov.in/vahan4dashboard/vahan/view/reportview.xhtml
2026,6,INDIA TOTAL,All Vahan4 Running Office,KAINING (HONGKONG) (IMPORTER: BMR EV INDUSTRIES),ALL,TWO WHEELER(NT)|TWO WHEELER(T),ALL,ALL,2,2026-06-14T07:42:25.032Z,https://vahan.parivahan.gov.in/vahan4dashboard/vahan/view/reportview.xhtml
2026,6,INDIA TOTAL,All Vahan4 Running Office,KAINING (HONGKONG) (IMPORTER: COMPTECH MOTOCORP),ALL,TWO WHEELER(NT)|TWO WHEELER(T),ALL,ALL,295,2026-06-14T07:42:25.032Z,https://vahan.parivahan.gov.in/vahan4dashboard/vahan/view/reportview.xhtml
2026,6,INDIA TOTAL,All Vahan4 Running Office,KAINING (HONGKONG) (IMPORTER: ENIGMA AUTOMOBILES),ALL,TWO WHEELER(NT)|TWO WHEELER(T),ALL,ALL,80,2026-06-14T07:42:25.032Z,https://vahan.parivahan.gov.in/vahan4dashboard/vahan/view/reportview.xhtml
2026,6,INDIA TOTAL,All Vahan4 Running Office,KAINING (HONGKONG) (IMPORTER: SEEKA E MOTORS),ALL,TWO WHEELER(NT)|TWO WHEELER(T),ALL,ALL,1,2026-06-14T07:42:25.032Z,https://vahan.parivahan.gov.in/vahan4dashboard/vahan/view/reportview.xhtml
2026,6,INDIA TOTAL,All Vahan4 Running Office,KAINING (HONGKONG) (IMPORTER: VOLTA EV PVT LTD),ALL,TWO WHEELER(NT)|TWO WHEELER(T),ALL,ALL,0,2026-06-14T07:42:25.032Z,https://vahan.parivahan.gov.in/vahan4dashboard/vahan/view/reportview.xhtml
2026,6,INDIA TOTAL,All Vahan4 Running Office,KAINING (HONGKONG) (IMPORTER:M/S IZANAU ELECTRIC),ALL,TWO WHEELER(NT)|TWO WHEELER(T),ALL,ALL,1,2026-06-14T07:42:25.032Z,https://vahan.parivahan.gov.in/vahan4dashboard/vahan/view/reportview.xhtml
2026,6,INDIA TOTAL,All Vahan4 Running Office,KAINING (HONGKONG) (IMPORTER:RAILIES MOTO),ALL,TWO WHEELER(NT)|TWO WHEELER(T),ALL,ALL,0,2026-06-14T07:42:25.032Z,https://vahan.parivahan.gov.in/vahan4dashboard/vahan/view/reportview.xhtml
2026,6,INDIA TOTAL,All Vahan4 Running Office,KAINING (HONGKONG)(IMPORTER: TRIVOLT AUTOMOBILES),ALL,TWO WHEELER(NT)|TWO WHEELER(T),ALL,ALL,0,2026-06-14T07:42:25.032Z,https://vahan.parivahan.gov.in/vahan4dashboard/vahan/view/reportview.xhtml
2026,6,INDIA TOTAL,All Vahan4 Running Office,KAWASAKI HEAVY INDUSTRIES LTD,ALL,TWO WHEELER(NT)|TWO WHEELER(T),ALL,ALL,0,2026-06-14T07:42:25.032Z,https://vahan.parivahan.gov.in/vahan4dashboard/vahan/view/reportview.xhtml
2026,6,INDIA TOTAL,All Vahan4 Running Office,KINETIC GREEN ENERGY & POWER SOLUTIONS LTD,ALL,TWO WHEELER(NT)|TWO WHEELER(T),ALL,ALL,212,2026-06-14T07:42:25.032Z,https://vahan.parivahan.gov.in/vahan4dashboard/vahan/view/reportview.xhtml
2026,6,INDIA TOTAL,All Vahan4 Running Office,KINETIC GREEN ENERGY P SOL LTD,ALL,TWO WHEELER(NT)|TWO WHEELER(T),ALL,ALL,0,2026-06-14T07:42:25.032Z,https://vahan.parivahan.gov.in/vahan4dashboard/vahan/view/reportview.xhtml
2026,6,INDIA TOTAL,All Vahan4 Running Office,KINETIC MOTOR COMPANY LIMITED,ALL,TWO WHEELER(NT)|TWO WHEELER(T),ALL,ALL,0,2026-06-14T07:42:25.032Z,https://vahan.parivahan.gov.in/vahan4dashboard/vahan/view/reportview.xhtml
2026,6,INDIA TOTAL,All Vahan4 Running Office,KINETIC WATTS AND VOLTS LTD,ALL,TWO WHEELER(NT)|TWO WHEELER(T),ALL,ALL,97,2026-06-14T07:42:25.032Z,https://vahan.parivahan.gov.in/vahan4dashboard/vahan/view/reportview.xhtml
2026,6,INDIA TOTAL,All Vahan4 Running Office,KLB KOMAKI PVT LTD,ALL,TWO WHEELER(NT)|TWO WHEELER(T),ALL,ALL,255,2026-06-14T07:42:25.032Z,https://vahan.parivahan.gov.in/vahan4dashboard/vahan/view/reportview.xhtml
2026,6,INDIA TOTAL,All Vahan4 Running Office,KSR SOLUTION (IMPORTER: KAWVELOCE MOTORS PVT LTD),ALL,TWO WHEELER(NT)|TWO WHEELER(T),ALL,ALL,1,2026-06-14T07:42:25.032Z,https://vahan.parivahan.gov.in/vahan4dashboard/vahan/view/reportview.xhtml
2026,6,INDIA TOTAL,All Vahan4 Running Office,KTM MOTORRAD AG,ALL,TWO WHEELER(NT)|TWO WHEELER(T),ALL,ALL,1,2026-06-14T07:42:25.032Z,https://vahan.parivahan.gov.in/vahan4dashboard/vahan/view/reportview.xhtml
2026,6,INDIA TOTAL,All Vahan4 Running Office,KYTE ENERGY PVT. LTD.,ALL,TWO WHEELER(NT)|TWO WHEELER(T),ALL,ALL,3,2026-06-14T07:42:25.032Z,https://vahan.parivahan.gov.in/vahan4dashboard/vahan/view/reportview.xhtml
2026,6,INDIA TOTAL,All Vahan4 Running Office,LECTRIX E VEHICLES PVT LTD,ALL,TWO WHEELER(NT)|TWO WHEELER(T),ALL,ALL,391,2026-06-14T07:42:25.032Z,https://vahan.parivahan.gov.in/vahan4dashboard/vahan/view/reportview.xhtml
2026,6,INDIA TOTAL,All Vahan4 Running Office,LIMA VEHICLE (IMPORTER: SARAOGI E-VENTURES),ALL,TWO WHEELER(NT)|TWO WHEELER(T),ALL,ALL,1,2026-06-14T07:42:25.032Z,https://vahan.parivahan.gov.in/vahan4dashboard/vahan/view/reportview.xhtml
2026,6,INDIA TOTAL,All Vahan4 Running Office,MAC INTERNATIONAL (IMPORTER: JHEV MOTORS PVT LTD),ALL,TWO WHEELER(NT)|TWO WHEELER(T),ALL,ALL,0,2026-06-14T07:42:25.032Z,https://vahan.parivahan.gov.in/vahan4dashboard/vahan/view/reportview.xhtml
2026,6,INDIA TOTAL,All Vahan4 Running Office,MAGNIOUS E MOBILITY PVT LTD,ALL,TWO WHEELER(NT)|TWO WHEELER(T),ALL,ALL,3,2026-06-14T07:42:25.032Z,https://vahan.parivahan.gov.in/vahan4dashboard/vahan/view/reportview.xhtml
2026,6,INDIA TOTAL,All Vahan4 Running Office,MARUTHISAN PVT LTD,ALL,TWO WHEELER(NT)|TWO WHEELER(T),ALL,ALL,0,2026-06-14T07:42:25.032Z,https://vahan.parivahan.gov.in/vahan4dashboard/vahan/view/reportview.xhtml
2026,6,INDIA TOTAL,All Vahan4 Running Office,MATTER MOTOR WORKS PVT LTD,ALL,TWO WHEELER(NT)|TWO WHEELER(T),ALL,ALL,43,2026-06-14T07:42:25.032Z,https://vahan.parivahan.gov.in/vahan4dashboard/vahan/view/reportview.xhtml
2026,6,INDIA TOTAL,All Vahan4 Running Office,MECPOWER MOBILITY PVT. LTD.,ALL,TWO WHEELER(NT)|TWO WHEELER(T),ALL,ALL,0,2026-06-14T07:42:25.032Z,https://vahan.parivahan.gov.in/vahan4dashboard/vahan/view/reportview.xhtml
2026,6,INDIA TOTAL,All Vahan4 Running Office,MERCURY EV TECH LTD,ALL,TWO WHEELER(NT)|TWO WHEELER(T),ALL,ALL,6,2026-06-14T07:42:25.032Z,https://vahan.parivahan.gov.in/vahan4dashboard/vahan/view/reportview.xhtml
2026,6,INDIA TOTAL,All Vahan4 Running Office,MOTOVOLT MOBILITY PVT LTD,ALL,TWO WHEELER(NT)|TWO WHEELER(T),ALL,ALL,70,2026-06-14T07:42:25.032Z,https://vahan.parivahan.gov.in/vahan4dashboard/vahan/view/reportview.xhtml
2026,6,INDIA TOTAL,All Vahan4 Running Office,NANJING VMOTO (IMPORTER: FORTUNEV),ALL,TWO WHEELER(NT)|TWO WHEELER(T),ALL,ALL,0,2026-06-14T07:42:25.032Z,https://vahan.parivahan.gov.in/vahan4dashboard/vahan/view/reportview.xhtml
2026,6,INDIA TOTAL,All Vahan4 Running Office,NANJING VMOTO (IMPORTER: VAJRAM ELECTRIC MOBILITY),ALL,TWO WHEELER(NT)|TWO WHEELER(T),ALL,ALL,2,2026-06-14T07:42:25.032Z,https://vahan.parivahan.gov.in/vahan4dashboard/vahan/view/reportview.xhtml
2026,6,INDIA TOTAL,All Vahan4 Running Office,NDS ECO MOTORS PVT LTD,ALL,TWO WHEELER(NT)|TWO WHEELER(T),ALL,ALL,1,2026-06-14T07:42:25.032Z,https://vahan.parivahan.gov.in/vahan4dashboard/vahan/view/reportview.xhtml
2026,6,INDIA TOTAL,All Vahan4 Running Office,NIA EV MOTORS PVT LTD,ALL,TWO WHEELER(NT)|TWO WHEELER(T),ALL,ALL,3,2026-06-14T07:42:25.032Z,https://vahan.parivahan.gov.in/vahan4dashboard/vahan/view/reportview.xhtml
2026,6,INDIA TOTAL,All Vahan4 Running Office,NINGBO LONGJIA (IMPORTER: ADISHWAR AUTO),ALL,TWO WHEELER(NT)|TWO WHEELER(T),ALL,ALL,0,2026-06-14T07:42:25.032Z,https://vahan.parivahan.gov.in/vahan4dashboard/vahan/view/reportview.xhtml
2026,6,INDIA TOTAL,All Vahan4 Running Office,NINGBO SANJIANG (IMPORTER: VABRO EVTECH),ALL,TWO WHEELER(NT)|TWO WHEELER(T),ALL,ALL,0,2026-06-14T07:42:25.032Z,https://vahan.parivahan.gov.in/vahan4dashboard/vahan/view/reportview.xhtml
2026,6,INDIA TOTAL,All Vahan4 Running Office,NUMEROS MOTORS PVT LTD,ALL,TWO WHEELER(NT)|TWO WHEELER(T),ALL,ALL,25,2026-06-14T07:42:25.032Z,https://vahan.parivahan.gov.in/vahan4dashboard/vahan/view/reportview.xhtml
2026,6,INDIA TOTAL,All Vahan4 Running Office,OBEN ELECTRIC VEHICLES PVT LTD,ALL,TWO WHEELER(NT)|TWO WHEELER(T),ALL,ALL,222,2026-06-14T07:42:25.032Z,https://vahan.parivahan.gov.in/vahan4dashboard/vahan/view/reportview.xhtml
2026,6,INDIA TOTAL,All Vahan4 Running Office,ODYSSE ELECTRIC VEHICLES PVT LTD,ALL,TWO WHEELER(NT)|TWO WHEELER(T),ALL,ALL,134,2026-06-14T07:42:25.032Z,https://vahan.parivahan.gov.in/vahan4dashboard/vahan/view/reportview.xhtml
2026,6,INDIA TOTAL,All Vahan4 Running Office,OKAYA POWER PVT LTD,ALL,TWO WHEELER(NT)|TWO WHEELER(T),ALL,ALL,0,2026-06-14T07:42:25.032Z,https://vahan.parivahan.gov.in/vahan4dashboard/vahan/view/reportview.xhtml
2026,6,INDIA TOTAL,All Vahan4 Running Office,OKINAWA AUTOTECH PVT LTD,ALL,TWO WHEELER(NT)|TWO WHEELER(T),ALL,ALL,57,2026-06-14T07:42:25.032Z,https://vahan.parivahan.gov.in/vahan4dashboard/vahan/view/reportview.xhtml
2026,6,INDIA TOTAL,All Vahan4 Running Office,OLA ELECTRIC TECHNOLOGIES PVT LTD,ALL,TWO WHEELER(NT)|TWO WHEELER(T),ALL,ALL,6133,2026-06-14T07:42:25.032Z,https://vahan.parivahan.gov.in/vahan4dashboard/vahan/view/reportview.xhtml
2026,6,INDIA TOTAL,All Vahan4 Running Office,OPG MOBILITY AND POWER PVT LTD,ALL,TWO WHEELER(NT)|TWO WHEELER(T),ALL,ALL,58,2026-06-14T07:42:25.032Z,https://vahan.parivahan.gov.in/vahan4dashboard/vahan/view/reportview.xhtml
2026,6,INDIA TOTAL,All Vahan4 Running Office,ORA GROUP (IMPORTER: VAKRA TUNDAYA NAMAHA PVT LTD),ALL,TWO WHEELER(NT)|TWO WHEELER(T),ALL,ALL,0,2026-06-14T07:42:25.032Z,https://vahan.parivahan.gov.in/vahan4dashboard/vahan/view/reportview.xhtml
2026,6,INDIA TOTAL,All Vahan4 Running Office,OTHERS,ALL,TWO WHEELER(NT)|TWO WHEELER(T),ALL,ALL,0,2026-06-14T07:42:25.032Z,https://vahan.parivahan.gov.in/vahan4dashboard/vahan/view/reportview.xhtml
2026,6,INDIA TOTAL,All Vahan4 Running Office,OZOTEC AUTOMOBILE PRIVATE LIMITED,ALL,TWO WHEELER(NT)|TWO WHEELER(T),ALL,ALL,4,2026-06-14T07:42:25.032Z,https://vahan.parivahan.gov.in/vahan4dashboard/vahan/view/reportview.xhtml
2026,6,INDIA TOTAL,All Vahan4 Running Office,PIAGGIO VEHICLES PVT LTD,ALL,TWO WHEELER(NT)|TWO WHEELER(T),ALL,ALL,1612,2026-06-14T07:42:25.032Z,https://vahan.parivahan.gov.in/vahan4dashboard/vahan/view/reportview.xhtml
2026,6,INDIA TOTAL,All Vahan4 Running Office,POLARIS INDIA PVT LTD,ALL,TWO WHEELER(NT)|TWO WHEELER(T),ALL,ALL,2,2026-06-14T07:42:25.032Z,https://vahan.parivahan.gov.in/vahan4dashboard/vahan/view/reportview.xhtml
2026,6,INDIA TOTAL,All Vahan4 Running Office,PORFITEL TECHNOLOGY (IMPORTER: AERORIDE),ALL,TWO WHEELER(NT)|TWO WHEELER(T),ALL,ALL,0,2026-06-14T07:42:25.032Z,https://vahan.parivahan.gov.in/vahan4dashboard/vahan/view/reportview.xhtml
2026,6,INDIA TOTAL,All Vahan4 Running Office,PORWAL ELECTRIC,ALL,TWO WHEELER(NT)|TWO WHEELER(T),ALL,ALL,0,2026-06-14T07:42:25.032Z,https://vahan.parivahan.gov.in/vahan4dashboard/vahan/view/reportview.xhtml
2026,6,INDIA TOTAL,All Vahan4 Running Office,PUR ENERGY PVT LTD,ALL,TWO WHEELER(NT)|TWO WHEELER(T),ALL,ALL,87,2026-06-14T07:42:25.032Z,https://vahan.parivahan.gov.in/vahan4dashboard/vahan/view/reportview.xhtml
2026,6,INDIA TOTAL,All Vahan4 Running Office,QIANJIANG-KEEWAY (IMPORTER: ADISHWAR AUTO),ALL,TWO WHEELER(NT)|TWO WHEELER(T),ALL,ALL,21,2026-06-14T07:42:25.032Z,https://vahan.parivahan.gov.in/vahan4dashboard/vahan/view/reportview.xhtml
2026,6,INDIA TOTAL,All Vahan4 Running Office,QUANTUM ENERGY LTD.,ALL,TWO WHEELER(NT)|TWO WHEELER(T),ALL,ALL,311,2026-06-14T07:42:25.032Z,https://vahan.parivahan.gov.in/vahan4dashboard/vahan/view/reportview.xhtml
2026,6,INDIA TOTAL,All Vahan4 Running Office,RAPTEE ENERGY PVT LTD,ALL,TWO WHEELER(NT)|TWO WHEELER(T),ALL,ALL,1,2026-06-14T07:42:25.032Z,https://vahan.parivahan.gov.in/vahan4dashboard/vahan/view/reportview.xhtml
2026,6,INDIA TOTAL,All Vahan4 Running Office,REVOLT INTELLICORP PVT LTD,ALL,TWO WHEELER(NT)|TWO WHEELER(T),ALL,ALL,323,2026-06-14T07:42:25.032Z,https://vahan.parivahan.gov.in/vahan4dashboard/vahan/view/reportview.xhtml
2026,6,INDIA TOTAL,All Vahan4 Running Office,RGM BUSINESS PLUS PVT LTD,ALL,TWO WHEELER(NT)|TWO WHEELER(T),ALL,ALL,0,2026-06-14T07:42:25.032Z,https://vahan.parivahan.gov.in/vahan4dashboard/vahan/view/reportview.xhtml
2026,6,INDIA TOTAL,All Vahan4 Running Office,RIVER MOBILITY PVT LTD,ALL,TWO WHEELER(NT)|TWO WHEELER(T),ALL,ALL,1825,2026-06-14T07:42:25.032Z,https://vahan.parivahan.gov.in/vahan4dashboard/vahan/view/reportview.xhtml
2026,6,INDIA TOTAL,All Vahan4 Running Office,RIVOT MOTORS INDIA PVT LTD,ALL,TWO WHEELER(NT)|TWO WHEELER(T),ALL,ALL,0,2026-06-14T07:42:25.032Z,https://vahan.parivahan.gov.in/vahan4dashboard/vahan/view/reportview.xhtml
2026,6,INDIA TOTAL,All Vahan4 Running Office,ROYAL-ENFIELD (UNIT OF EICHER LTD),ALL,TWO WHEELER(NT)|TWO WHEELER(T),ALL,ALL,40359,2026-06-14T07:42:25.032Z,https://vahan.parivahan.gov.in/vahan4dashboard/vahan/view/reportview.xhtml
2026,6,INDIA TOTAL,All Vahan4 Running Office,SBTEK E MOTO PVT LTD,ALL,TWO WHEELER(NT)|TWO WHEELER(T),ALL,ALL,0,2026-06-14T07:42:25.032Z,https://vahan.parivahan.gov.in/vahan4dashboard/vahan/view/reportview.xhtml
2026,6,INDIA TOTAL,All Vahan4 Running Office,SEEKA E MOTORS PVT LTD,ALL,TWO WHEELER(NT)|TWO WHEELER(T),ALL,ALL,0,2026-06-14T07:42:25.032Z,https://vahan.parivahan.gov.in/vahan4dashboard/vahan/view/reportview.xhtml
2026,6,INDIA TOTAL,All Vahan4 Running Office,SIMPLEENERGY PVT LTD,ALL,TWO WHEELER(NT)|TWO WHEELER(T),ALL,ALL,518,2026-06-14T07:42:25.032Z,https://vahan.parivahan.gov.in/vahan4dashboard/vahan/view/reportview.xhtml
2026,6,INDIA TOTAL,All Vahan4 Running Office,SMAP VEHICLES (IMPORTER: ELEGO MOTORS),ALL,TWO WHEELER(NT)|TWO WHEELER(T),ALL,ALL,0,2026-06-14T07:42:25.032Z,https://vahan.parivahan.gov.in/vahan4dashboard/vahan/view/reportview.xhtml
2026,6,INDIA TOTAL,All Vahan4 Running Office,SOKUDO ELECTRIC INDIA PVT LTD,ALL,TWO WHEELER(NT)|TWO WHEELER(T),ALL,ALL,42,2026-06-14T07:42:25.032Z,https://vahan.parivahan.gov.in/vahan4dashboard/vahan/view/reportview.xhtml
2026,6,INDIA TOTAL,All Vahan4 Running Office,SRIVARU MOTORS PVT LTD,ALL,TWO WHEELER(NT)|TWO WHEELER(T),ALL,ALL,0,2026-06-14T07:42:25.032Z,https://vahan.parivahan.gov.in/vahan4dashboard/vahan/view/reportview.xhtml
2026,6,INDIA TOTAL,All Vahan4 Running Office,SRIVIJAY E-VEHICLES PVT LTD,ALL,TWO WHEELER(NT)|TWO WHEELER(T),ALL,ALL,0,2026-06-14T07:42:25.032Z,https://vahan.parivahan.gov.in/vahan4dashboard/vahan/view/reportview.xhtml
2026,6,INDIA TOTAL,All Vahan4 Running Office,SUPERECO AUTOMOTIVE CO,ALL,TWO WHEELER(NT)|TWO WHEELER(T),ALL,ALL,0,2026-06-14T07:42:25.032Z,https://vahan.parivahan.gov.in/vahan4dashboard/vahan/view/reportview.xhtml
2026,6,INDIA TOTAL,All Vahan4 Running Office,SUZUKI MOTORCYCLE INDIA PVT LTD,ALL,TWO WHEELER(NT)|TWO WHEELER(T),ALL,ALL,45872,2026-06-14T07:42:25.032Z,https://vahan.parivahan.gov.in/vahan4dashboard/vahan/view/reportview.xhtml
2026,6,INDIA TOTAL,All Vahan4 Running Office,TATA MOTORS LTD,ALL,TWO WHEELER(NT)|TWO WHEELER(T),ALL,ALL,0,2026-06-14T07:42:25.032Z,https://vahan.parivahan.gov.in/vahan4dashboard/vahan/view/reportview.xhtml
2026,6,INDIA TOTAL,All Vahan4 Running Office,TORK MOTORS PVT LTD,ALL,TWO WHEELER(NT)|TWO WHEELER(T),ALL,ALL,2,2026-06-14T07:42:25.032Z,https://vahan.parivahan.gov.in/vahan4dashboard/vahan/view/reportview.xhtml
2026,6,INDIA TOTAL,All Vahan4 Running Office,TRIUMPH MOTORCYCLES (INDIA) PVT LTD,ALL,TWO WHEELER(NT)|TWO WHEELER(T),ALL,ALL,53,2026-06-14T07:42:25.032Z,https://vahan.parivahan.gov.in/vahan4dashboard/vahan/view/reportview.xhtml
2026,6,INDIA TOTAL,All Vahan4 Running Office,TVS MOTOR COMPANY LTD,ALL,TWO WHEELER(NT)|TWO WHEELER(T),ALL,ALL,154484,2026-06-14T07:42:25.032Z,https://vahan.parivahan.gov.in/vahan4dashboard/vahan/view/reportview.xhtml
2026,6,INDIA TOTAL,All Vahan4 Running Office,ULTRAVIOLETTE AUTOMOTIVE PVT LTD,ALL,TWO WHEELER(NT)|TWO WHEELER(T),ALL,ALL,226,2026-06-14T07:42:25.032Z,https://vahan.parivahan.gov.in/vahan4dashboard/vahan/view/reportview.xhtml
2026,6,INDIA TOTAL,All Vahan4 Running Office,VELOCIFERO (IMPORTER: KAWVELOCE MOTORS PVT LTD),ALL,TWO WHEELER(NT)|TWO WHEELER(T),ALL,ALL,42,2026-06-14T07:42:25.032Z,https://vahan.parivahan.gov.in/vahan4dashboard/vahan/view/reportview.xhtml
2026,6,INDIA TOTAL,All Vahan4 Running Office,WARDWIZARD INNOVATIONS & MOBILITY LIMITED,ALL,TWO WHEELER(NT)|TWO WHEELER(T),ALL,ALL,65,2026-06-14T07:42:25.032Z,https://vahan.parivahan.gov.in/vahan4dashboard/vahan/view/reportview.xhtml
2026,6,INDIA TOTAL,All Vahan4 Running Office,WARIVO MOTOR INDIA PVT LTD,ALL,TWO WHEELER(NT)|TWO WHEELER(T),ALL,ALL,20,2026-06-14T07:42:25.032Z,https://vahan.parivahan.gov.in/vahan4dashboard/vahan/view/reportview.xhtml
2026,6,INDIA TOTAL,All Vahan4 Running Office,WUXI DAYANG ELECTRIC (IMPORTER: ABZO MOTORS),ALL,TWO WHEELER(NT)|TWO WHEELER(T),ALL,ALL,5,2026-06-14T07:42:25.032Z,https://vahan.parivahan.gov.in/vahan4dashboard/vahan/view/reportview.xhtml
2026,6,INDIA TOTAL,All Vahan4 Running Office,WUXI JIYAYI (IMPORTER: IZANAU ELECTRIC LLP),ALL,TWO WHEELER(NT)|TWO WHEELER(T),ALL,ALL,0,2026-06-14T07:42:25.032Z,https://vahan.parivahan.gov.in/vahan4dashboard/vahan/view/reportview.xhtml
2026,6,INDIA TOTAL,All Vahan4 Running Office,WUXI MAYA (IMPORTER: DYNAMO ELECTRIC P. LTD.),ALL,TWO WHEELER(NT)|TWO WHEELER(T),ALL,ALL,0,2026-06-14T07:42:25.032Z,https://vahan.parivahan.gov.in/vahan4dashboard/vahan/view/reportview.xhtml
2026,6,INDIA TOTAL,All Vahan4 Running Office,WUXI MDKA NEW ENERGY (IMPORTER: HESTUR ENERGY),ALL,TWO WHEELER(NT)|TWO WHEELER(T),ALL,ALL,32,2026-06-14T07:42:25.032Z,https://vahan.parivahan.gov.in/vahan4dashboard/vahan/view/reportview.xhtml
2026,6,INDIA TOTAL,All Vahan4 Running Office,WUXI SAIGE (IMPORTER: CITIZEN CARE),ALL,TWO WHEELER(NT)|TWO WHEELER(T),ALL,ALL,0,2026-06-14T07:42:25.032Z,https://vahan.parivahan.gov.in/vahan4dashboard/vahan/view/reportview.xhtml
2026,6,INDIA TOTAL,All Vahan4 Running Office,WUXI SAIGE (IMPORTER: DM GREEN ENERGY),ALL,TWO WHEELER(NT)|TWO WHEELER(T),ALL,ALL,0,2026-06-14T07:42:25.032Z,https://vahan.parivahan.gov.in/vahan4dashboard/vahan/view/reportview.xhtml
2026,6,INDIA TOTAL,All Vahan4 Running Office,WUXI SAIGE (IMPORTER: WARIVO MOTOR),ALL,TWO WHEELER(NT)|TWO WHEELER(T),ALL,ALL,0,2026-06-14T07:42:25.032Z,https://vahan.parivahan.gov.in/vahan4dashboard/vahan/view/reportview.xhtml
2026,6,INDIA TOTAL,All Vahan4 Running Office,WUXI SAIGE (IMPORTER: ZELIO AUTO PVT.LTD.),ALL,TWO WHEELER(NT)|TWO WHEELER(T),ALL,ALL,0,2026-06-14T07:42:25.032Z,https://vahan.parivahan.gov.in/vahan4dashboard/vahan/view/reportview.xhtml
2026,6,INDIA TOTAL,All Vahan4 Running Office,WUXI SAIGE ELECTRIC (IMPORTER: DELTA AUTOCORP LLP),ALL,TWO WHEELER(NT)|TWO WHEELER(T),ALL,ALL,0,2026-06-14T07:42:25.032Z,https://vahan.parivahan.gov.in/vahan4dashboard/vahan/view/reportview.xhtml
2026,6,INDIA TOTAL,All Vahan4 Running Office,WUXI SHENGBAO (IMPORTER:ELECTRIC ONE ENERGY),ALL,TWO WHEELER(NT)|TWO WHEELER(T),ALL,ALL,0,2026-06-14T07:42:25.032Z,https://vahan.parivahan.gov.in/vahan4dashboard/vahan/view/reportview.xhtml
2026,6,INDIA TOTAL,All Vahan4 Running Office,WUXI TENGHUI (IMPORTER: FEZORA INDIA),ALL,TWO WHEELER(NT)|TWO WHEELER(T),ALL,ALL,0,2026-06-14T07:42:25.032Z,https://vahan.parivahan.gov.in/vahan4dashboard/vahan/view/reportview.xhtml
2026,6,INDIA TOTAL,All Vahan4 Running Office,WUXI TENGHUI (IMPORTER: FLYCON MOTORS),ALL,TWO WHEELER(NT)|TWO WHEELER(T),ALL,ALL,1,2026-06-14T07:42:25.032Z,https://vahan.parivahan.gov.in/vahan4dashboard/vahan/view/reportview.xhtml
2026,6,INDIA TOTAL,All Vahan4 Running Office,WUXI TENGHUI (IMPORTER: JOZHI SERVICES),ALL,TWO WHEELER(NT)|TWO WHEELER(T),ALL,ALL,2,2026-06-14T07:42:25.032Z,https://vahan.parivahan.gov.in/vahan4dashboard/vahan/view/reportview.xhtml
2026,6,INDIA TOTAL,All Vahan4 Running Office,WUXI TENGHUI (IMPORTER: NXTMOBILITY ENERGY),ALL,TWO WHEELER(NT)|TWO WHEELER(T),ALL,ALL,0,2026-06-14T07:42:25.032Z,https://vahan.parivahan.gov.in/vahan4dashboard/vahan/view/reportview.xhtml
2026,6,INDIA TOTAL,All Vahan4 Running Office,WUXI TENGHUI (IMPORTER: RADHA MOBILITIES LLP),ALL,TWO WHEELER(NT)|TWO WHEELER(T),ALL,ALL,0,2026-06-14T07:42:25.032Z,https://vahan.parivahan.gov.in/vahan4dashboard/vahan/view/reportview.xhtml
2026,6,INDIA TOTAL,All Vahan4 Running Office,WUXI TENGHUI (IMPORTER: SEEKA E MOTORS),ALL,TWO WHEELER(NT)|TWO WHEELER(T),ALL,ALL,0,2026-06-14T07:42:25.032Z,https://vahan.parivahan.gov.in/vahan4dashboard/vahan/view/reportview.xhtml
2026,6,INDIA TOTAL,All Vahan4 Running Office,WUXI TENGHUI (IMPORTER: SUSHAMA MOTORS),ALL,TWO WHEELER(NT)|TWO WHEELER(T),ALL,ALL,1,2026-06-14T07:42:25.032Z,https://vahan.parivahan.gov.in/vahan4dashboard/vahan/view/reportview.xhtml
2026,6,INDIA TOTAL,All Vahan4 Running Office,WUXI TENGHUI INTERNATIONAL (IMPORTER: FEZORA),ALL,TWO WHEELER(NT)|TWO WHEELER(T),ALL,ALL,0,2026-06-14T07:42:25.032Z,https://vahan.parivahan.gov.in/vahan4dashboard/vahan/view/reportview.xhtml
2026,6,INDIA TOTAL,All Vahan4 Running Office,WUXI YIZHILING (IMPORTER: BMR EV INDUSTRIES),ALL,TWO WHEELER(NT)|TWO WHEELER(T),ALL,ALL,2,2026-06-14T07:42:25.032Z,https://vahan.parivahan.gov.in/vahan4dashboard/vahan/view/reportview.xhtml
2026,6,INDIA TOTAL,All Vahan4 Running Office,WUXI YIZHILING (IMPORTER: HOMFEEL VEGH),ALL,TWO WHEELER(NT)|TWO WHEELER(T),ALL,ALL,0,2026-06-14T07:42:25.032Z,https://vahan.parivahan.gov.in/vahan4dashboard/vahan/view/reportview.xhtml
2026,6,INDIA TOTAL,All Vahan4 Running Office,YANGGUANG LINGMU (IMPORTER: FLYCON MOTORS),ALL,TWO WHEELER(NT)|TWO WHEELER(T),ALL,ALL,0,2026-06-14T07:42:25.032Z,https://vahan.parivahan.gov.in/vahan4dashboard/vahan/view/reportview.xhtml
2026,6,INDIA TOTAL,All Vahan4 Running Office,YOUYAKU ELECTRIC (IMPORTER: HAYASA E-MOBILITY),ALL,TWO WHEELER(NT)|TWO WHEELER(T),ALL,ALL,0,2026-06-14T07:42:25.032Z,https://vahan.parivahan.gov.in/vahan4dashboard/vahan/view/reportview.xhtml
2026,6,INDIA TOTAL,All Vahan4 Running Office,YOUYAKU ELECTRIC (IMPORTER: HOUSTAN INNOVATION),ALL,TWO WHEELER(NT)|TWO WHEELER(T),ALL,ALL,0,2026-06-14T07:42:25.032Z,https://vahan.parivahan.gov.in/vahan4dashboard/vahan/view/reportview.xhtml
2026,6,INDIA TOTAL,All Vahan4 Running Office,YOUYAKU ELECTRIC (IMPORTER: POWORO PVT LTD),ALL,TWO WHEELER(NT)|TWO WHEELER(T),ALL,ALL,9,2026-06-14T07:42:25.032Z,https://vahan.parivahan.gov.in/vahan4dashboard/vahan/view/reportview.xhtml
2026,6,INDIA TOTAL,All Vahan4 Running Office,YOUYAKU ELECTRIC (IMPORTER:KRISHIKA EV INDIA),ALL,TWO WHEELER(NT)|TWO WHEELER(T),ALL,ALL,0,2026-06-14T07:42:25.032Z,https://vahan.parivahan.gov.in/vahan4dashboard/vahan/view/reportview.xhtml
2026,6,INDIA TOTAL,All Vahan4 Running Office,YOUYAKU ELECTRIC (IMPORTER:ONZO EV),ALL,TWO WHEELER(NT)|TWO WHEELER(T),ALL,ALL,0,2026-06-14T07:42:25.032Z,https://vahan.parivahan.gov.in/vahan4dashboard/vahan/view/reportview.xhtml
2026,6,INDIA TOTAL,All Vahan4 Running Office,ZAP (HK) (IMPORTER: IZANAU ELECTRIC),ALL,TWO WHEELER(NT)|TWO WHEELER(T),ALL,ALL,2,2026-06-14T07:42:25.032Z,https://vahan.parivahan.gov.in/vahan4dashboard/vahan/view/reportview.xhtml
2026,6,INDIA TOTAL,All Vahan4 Running Office,ZAP (IMPORTER:ELLYSIUM AUTOMOTIVES PVT LTD),ALL,TWO WHEELER(NT)|TWO WHEELER(T),ALL,ALL,1,2026-06-14T07:42:25.032Z,https://vahan.parivahan.gov.in/vahan4dashboard/vahan/view/reportview.xhtml
2026,6,INDIA TOTAL,All Vahan4 Running Office,ZELIO E-MOBILITY LTD,ALL,TWO WHEELER(NT)|TWO WHEELER(T),ALL,ALL,1,2026-06-14T07:42:25.032Z,https://vahan.parivahan.gov.in/vahan4dashboard/vahan/view/reportview.xhtml
2026,6,INDIA TOTAL,All Vahan4 Running Office,ZENIAK INNOVATION INDIA LTD,ALL,TWO WHEELER(NT)|TWO WHEELER(T),ALL,ALL,0,2026-06-14T07:42:25.032Z,https://vahan.parivahan.gov.in/vahan4dashboard/vahan/view/reportview.xhtml
2026,6,INDIA TOTAL,All Vahan4 Running Office,ZHEJIANG CFMOTO (IMPORTER: ADISHWAR AUTO),ALL,TWO WHEELER(NT)|TWO WHEELER(T),ALL,ALL,0,2026-06-14T07:42:25.032Z,https://vahan.parivahan.gov.in/vahan4dashboard/vahan/view/reportview.xhtml
2026,6,INDIA TOTAL,All Vahan4 Running Office,ZHEJIANG CHANGLING (IMPORTER: ADISHWAR AUTO),ALL,TWO WHEELER(NT)|TWO WHEELER(T),ALL,ALL,15,2026-06-14T07:42:25.032Z,https://vahan.parivahan.gov.in/vahan4dashboard/vahan/view/reportview.xhtml
2026,6,INDIA TOTAL,All Vahan4 Running Office,ZHEJIANG LUYUAN (IMPORTER: DYNAM EV TECH),ALL,TWO WHEELER(NT)|TWO WHEELER(T),ALL,ALL,0,2026-06-14T07:42:25.032Z,https://vahan.parivahan.gov.in/vahan4dashboard/vahan/view/reportview.xhtml
2026,6,INDIA TOTAL,All Vahan4 Running Office,ZHEJIANG MORNI (IMPORTER: ADISHWAR AUTO),ALL,TWO WHEELER(NT)|TWO WHEELER(T),ALL,ALL,5,2026-06-14T07:42:25.032Z,https://vahan.parivahan.gov.in/vahan4dashboard/vahan/view/reportview.xhtml
2026,6,INDIA TOTAL,All Vahan4 Running Office,ZHEJIANG QIANJIANG (IMPORTER: ADISHWAR AUTO),ALL,TWO WHEELER(NT)|TWO WHEELER(T),ALL,ALL,2,2026-06-14T07:42:25.032Z,https://vahan.parivahan.gov.in/vahan4dashboard/vahan/view/reportview.xhtml
2026,6,INDIA TOTAL,All Vahan4 Running Office,ZHEJIANG TIANBEN (IMPORTER: SLSR ELECTRO),ALL,TWO WHEELER(NT)|TWO WHEELER(T),ALL,ALL,0,2026-06-14T07:42:25.032Z,https://vahan.parivahan.gov.in/vahan4dashboard/vahan/view/reportview.xhtml
2026,6,INDIA TOTAL,All Vahan4 Running Office,ZHEJIANG ZUBOO (IMPORTER: KLCS MOTORS PVT LTD),ALL,TWO WHEELER(NT)|TWO WHEELER(T),ALL,ALL,3,2026-06-14T07:42:25.032Z,https://vahan.parivahan.gov.in/vahan4dashboard/vahan/view/reportview.xhtml
2026,6,INDIA TOTAL,All Vahan4 Running Office,ZHONGHUALONG (IMPORTER: POWORO PVT LTD),ALL,TWO WHEELER(NT)|TWO WHEELER(T),ALL,ALL,3,2026-06-14T07:42:25.032Z,https://vahan.parivahan.gov.in/vahan4dashboard/vahan/view/reportview.xhtml
2026,7,INDIA TOTAL,All Vahan4 Running Office,AJAY ENGINEERING AND AGRICULTURAL EQUIPMENT CO.,ALL,ALL,ALL,ADAPTED VEHICLE|MOTOR CAR|MOTOR CARAVAN|OMNI BUS (PRIVATE USE)|VINTAGE MOTOR VEHICLE,0,2026-07-05T12:41:37.436Z,https://vahan.parivahan.gov.in/vahan4dashboard/vahan/view/reportview.xhtml
2026,7,INDIA TOTAL,All Vahan4 Running Office,ASTON MARTIN LAGONDA LTD,ALL,ALL,ALL,ADAPTED VEHICLE|MOTOR CAR|MOTOR CARAVAN|OMNI BUS (PRIVATE USE)|VINTAGE MOTOR VEHICLE,0,2026-07-05T12:41:37.438Z,https://vahan.parivahan.gov.in/vahan4dashboard/vahan/view/reportview.xhtml
2026,7,INDIA TOTAL,All Vahan4 Running Office,ATHER ENERGY LTD,ALL,ALL,ALL,ADAPTED VEHICLE|MOTOR CAR|MOTOR CARAVAN|OMNI BUS (PRIVATE USE)|VINTAGE MOTOR VEHICLE,0,2026-07-05T12:41:37.438Z,https://vahan.parivahan.gov.in/vahan4dashboard/vahan/view/reportview.xhtml
2026,7,INDIA TOTAL,All Vahan4 Running Office,AUDI AG,ALL,ALL,ALL,ADAPTED VEHICLE|MOTOR CAR|MOTOR CARAVAN|OMNI BUS (PRIVATE USE)|VINTAGE MOTOR VEHICLE,1,2026-07-05T12:41:37.438Z,https://vahan.parivahan.gov.in/vahan4dashboard/vahan/view/reportview.xhtml
2026,7,INDIA TOTAL,All Vahan4 Running Office,AUTOMOBILI LAMBORGHINI S.P.A,ALL,ALL,ALL,ADAPTED VEHICLE|MOTOR CAR|MOTOR CARAVAN|OMNI BUS (PRIVATE USE)|VINTAGE MOTOR VEHICLE,0,2026-07-05T12:41:37.438Z,https://vahan.parivahan.gov.in/vahan4dashboard/vahan/view/reportview.xhtml
2026,7,INDIA TOTAL,All Vahan4 Running Office,BAJAJ AUTO LTD,ALL,ALL,ALL,ADAPTED VEHICLE|MOTOR CAR|MOTOR CARAVAN|OMNI BUS (PRIVATE USE)|VINTAGE MOTOR VEHICLE,0,2026-07-05T12:41:37.438Z,https://vahan.parivahan.gov.in/vahan4dashboard/vahan/view/reportview.xhtml
2026,7,INDIA TOTAL,All Vahan4 Running Office,BENTLEY MOTORS LIMITED,ALL,ALL,ALL,ADAPTED VEHICLE|MOTOR CAR|MOTOR CARAVAN|OMNI BUS (PRIVATE USE)|VINTAGE MOTOR VEHICLE,0,2026-07-05T12:41:37.438Z,https://vahan.parivahan.gov.in/vahan4dashboard/vahan/view/reportview.xhtml
2026,7,INDIA TOTAL,All Vahan4 Running Office,BENTLEY MOTORS LTD (SAVWIPL),ALL,ALL,ALL,ADAPTED VEHICLE|MOTOR CAR|MOTOR CARAVAN|OMNI BUS (PRIVATE USE)|VINTAGE MOTOR VEHICLE,0,2026-07-05T12:41:37.438Z,https://vahan.parivahan.gov.in/vahan4dashboard/vahan/view/reportview.xhtml
2026,7,INDIA TOTAL,All Vahan4 Running Office,BMW INDIA PVT LTD,ALL,ALL,ALL,ADAPTED VEHICLE|MOTOR CAR|MOTOR CARAVAN|OMNI BUS (PRIVATE USE)|VINTAGE MOTOR VEHICLE,272,2026-07-05T12:41:37.438Z,https://vahan.parivahan.gov.in/vahan4dashboard/vahan/view/reportview.xhtml
2026,7,INDIA TOTAL,All Vahan4 Running Office,BYD AUTO,ALL,ALL,ALL,ADAPTED VEHICLE|MOTOR CAR|MOTOR CARAVAN|OMNI BUS (PRIVATE USE)|VINTAGE MOTOR VEHICLE,0,2026-07-05T12:41:37.438Z,https://vahan.parivahan.gov.in/vahan4dashboard/vahan/view/reportview.xhtml
2026,7,INDIA TOTAL,All Vahan4 Running Office,BYD INDIA PRIVATE LIMITED,ALL,ALL,ALL,ADAPTED VEHICLE|MOTOR CAR|MOTOR CARAVAN|OMNI BUS (PRIVATE USE)|VINTAGE MOTOR VEHICLE,93,2026-07-05T12:41:37.438Z,https://vahan.parivahan.gov.in/vahan4dashboard/vahan/view/reportview.xhtml
2026,7,INDIA TOTAL,All Vahan4 Running Office,FERRARI SPA,ALL,ALL,ALL,ADAPTED VEHICLE|MOTOR CAR|MOTOR CARAVAN|OMNI BUS (PRIVATE USE)|VINTAGE MOTOR VEHICLE,0,2026-07-05T12:41:37.438Z,https://vahan.parivahan.gov.in/vahan4dashboard/vahan/view/reportview.xhtml
2026,7,INDIA TOTAL,All Vahan4 Running Office,FERRARI SPA (IMPORTER:NAVNIT MOTORS PVT LTD),ALL,ALL,ALL,ADAPTED VEHICLE|MOTOR CAR|MOTOR CARAVAN|OMNI BUS (PRIVATE USE)|VINTAGE MOTOR VEHICLE,0,2026-07-05T12:41:37.438Z,https://vahan.parivahan.gov.in/vahan4dashboard/vahan/view/reportview.xhtml
2026,7,INDIA TOTAL,All Vahan4 Running Office,FERRARI SPA (IMPORTER:SELECT CARS P LTD),ALL,ALL,ALL,ADAPTED VEHICLE|MOTOR CAR|MOTOR CARAVAN|OMNI BUS (PRIVATE USE)|VINTAGE MOTOR VEHICLE,1,2026-07-05T12:41:37.438Z,https://vahan.parivahan.gov.in/vahan4dashboard/vahan/view/reportview.xhtml
2026,7,INDIA TOTAL,All Vahan4 Running Office,FORCE MOTORS LIMITED,ALL,ALL,ALL,ADAPTED VEHICLE|MOTOR CAR|MOTOR CARAVAN|OMNI BUS (PRIVATE USE)|VINTAGE MOTOR VEHICLE,46,2026-07-05T12:41:37.438Z,https://vahan.parivahan.gov.in/vahan4dashboard/vahan/view/reportview.xhtml
2026,7,INDIA TOTAL,All Vahan4 Running Office,FORD INDIA PVT LTD,ALL,ALL,ALL,ADAPTED VEHICLE|MOTOR CAR|MOTOR CARAVAN|OMNI BUS (PRIVATE USE)|VINTAGE MOTOR VEHICLE,0,2026-07-05T12:41:37.438Z,https://vahan.parivahan.gov.in/vahan4dashboard/vahan/view/reportview.xhtml
2026,7,INDIA TOTAL,All Vahan4 Running Office,FORD USA MILITARY BANTAM,ALL,ALL,ALL,ADAPTED VEHICLE|MOTOR CAR|MOTOR CARAVAN|OMNI BUS (PRIVATE USE)|VINTAGE MOTOR VEHICLE,0,2026-07-05T12:41:37.438Z,https://vahan.parivahan.gov.in/vahan4dashboard/vahan/view/reportview.xhtml
2026,7,INDIA TOTAL,All Vahan4 Running Office,GENERAL MOTORS INDIA PVT LTD,ALL,ALL,ALL,ADAPTED VEHICLE|MOTOR CAR|MOTOR CARAVAN|OMNI BUS (PRIVATE USE)|VINTAGE MOTOR VEHICLE,0,2026-07-05T12:41:37.438Z,https://vahan.parivahan.gov.in/vahan4dashboard/vahan/view/reportview.xhtml
2026,7,INDIA TOTAL,All Vahan4 Running Office,GREAVES ELECTRIC MOBILITY LTD,ALL,ALL,ALL,ADAPTED VEHICLE|MOTOR CAR|MOTOR CARAVAN|OMNI BUS (PRIVATE USE)|VINTAGE MOTOR VEHICLE,0,2026-07-05T12:41:37.438Z,https://vahan.parivahan.gov.in/vahan4dashboard/vahan/view/reportview.xhtml
2026,7,INDIA TOTAL,All Vahan4 Running Office,HD HYUNDAI CONSTRUCTION EQUIPMENT INDIA PVT LTD,ALL,ALL,ALL,ADAPTED VEHICLE|MOTOR CAR|MOTOR CARAVAN|OMNI BUS (PRIVATE USE)|VINTAGE MOTOR VEHICLE,0,2026-07-05T12:41:37.438Z,https://vahan.parivahan.gov.in/vahan4dashboard/vahan/view/reportview.xhtml
2026,7,INDIA TOTAL,All Vahan4 Running Office,HERO MOTOCORP LTD,ALL,ALL,ALL,ADAPTED VEHICLE|MOTOR CAR|MOTOR CARAVAN|OMNI BUS (PRIVATE USE)|VINTAGE MOTOR VEHICLE,25,2026-07-05T12:41:37.438Z,https://vahan.parivahan.gov.in/vahan4dashboard/vahan/view/reportview.xhtml
2026,7,INDIA TOTAL,All Vahan4 Running Office,HINDUSTAN MOTORS LTD,ALL,ALL,ALL,ADAPTED VEHICLE|MOTOR CAR|MOTOR CARAVAN|OMNI BUS (PRIVATE USE)|VINTAGE MOTOR VEHICLE,0,2026-07-05T12:41:37.438Z,https://vahan.parivahan.gov.in/vahan4dashboard/vahan/view/reportview.xhtml
2026,7,INDIA TOTAL,All Vahan4 Running Office,HONDA CARS INDIA LTD,ALL,ALL,ALL,ADAPTED VEHICLE|MOTOR CAR|MOTOR CARAVAN|OMNI BUS (PRIVATE USE)|VINTAGE MOTOR VEHICLE,932,2026-07-05T12:41:37.438Z,https://vahan.parivahan.gov.in/vahan4dashboard/vahan/view/reportview.xhtml
2026,7,INDIA TOTAL,All Vahan4 Running Office,HONDA MOTORCYCLE AND SCOOTER INDIA (P) LTD,ALL,ALL,ALL,ADAPTED VEHICLE|MOTOR CAR|MOTOR CARAVAN|OMNI BUS (PRIVATE USE)|VINTAGE MOTOR VEHICLE,13,2026-07-05T12:41:37.438Z,https://vahan.parivahan.gov.in/vahan4dashboard/vahan/view/reportview.xhtml
2026,7,INDIA TOTAL,All Vahan4 Running Office,HYUNDAI MOTOR INDIA LTD,ALL,ALL,ALL,ADAPTED VEHICLE|MOTOR CAR|MOTOR CARAVAN|OMNI BUS (PRIVATE USE)|VINTAGE MOTOR VEHICLE,5922,2026-07-05T12:41:37.438Z,https://vahan.parivahan.gov.in/vahan4dashboard/vahan/view/reportview.xhtml
2026,7,INDIA TOTAL,All Vahan4 Running Office,INDIA YAMAHA MOTOR PVT LTD,ALL,ALL,ALL,ADAPTED VEHICLE|MOTOR CAR|MOTOR CARAVAN|OMNI BUS (PRIVATE USE)|VINTAGE MOTOR VEHICLE,0,2026-07-05T12:41:37.438Z,https://vahan.parivahan.gov.in/vahan4dashboard/vahan/view/reportview.xhtml
2026,7,INDIA TOTAL,All Vahan4 Running Office,ISUZU MOTORS INDIA PVT LTD,ALL,ALL,ALL,ADAPTED VEHICLE|MOTOR CAR|MOTOR CARAVAN|OMNI BUS (PRIVATE USE)|VINTAGE MOTOR VEHICLE,5,2026-07-05T12:41:37.438Z,https://vahan.parivahan.gov.in/vahan4dashboard/vahan/view/reportview.xhtml
2026,7,INDIA TOTAL,All Vahan4 Running Office,JAGUAR LAND ROVER INDIA LIMITED,ALL,ALL,ALL,ADAPTED VEHICLE|MOTOR CAR|MOTOR CARAVAN|OMNI BUS (PRIVATE USE)|VINTAGE MOTOR VEHICLE,87,2026-07-05T12:41:37.438Z,https://vahan.parivahan.gov.in/vahan4dashboard/vahan/view/reportview.xhtml
2026,7,INDIA TOTAL,All Vahan4 Running Office,JAGUAR LAND ROVER LIMITED UK,ALL,ALL,ALL,ADAPTED VEHICLE|MOTOR CAR|MOTOR CARAVAN|OMNI BUS (PRIVATE USE)|VINTAGE MOTOR VEHICLE,0,2026-07-05T12:41:37.438Z,https://vahan.parivahan.gov.in/vahan4dashboard/vahan/view/reportview.xhtml
2026,7,INDIA TOTAL,All Vahan4 Running Office,JSW MG MOTOR INDIA PVT LTD,ALL,ALL,ALL,ADAPTED VEHICLE|MOTOR CAR|MOTOR CARAVAN|OMNI BUS (PRIVATE USE)|VINTAGE MOTOR VEHICLE,1085,2026-07-05T12:41:37.438Z,https://vahan.parivahan.gov.in/vahan4dashboard/vahan/view/reportview.xhtml
2026,7,INDIA TOTAL,All Vahan4 Running Office,KIA INDIA PRIVATE LIMITED,ALL,ALL,ALL,ADAPTED VEHICLE|MOTOR CAR|MOTOR CARAVAN|OMNI BUS (PRIVATE USE)|VINTAGE MOTOR VEHICLE,3778,2026-07-05T12:41:37.438Z,https://vahan.parivahan.gov.in/vahan4dashboard/vahan/view/reportview.xhtml
2026,7,INDIA TOTAL,All Vahan4 Running Office,KIA MOTORS CORPN,ALL,ALL,ALL,ADAPTED VEHICLE|MOTOR CAR|MOTOR CARAVAN|OMNI BUS (PRIVATE USE)|VINTAGE MOTOR VEHICLE,0,2026-07-05T12:41:37.439Z,https://vahan.parivahan.gov.in/vahan4dashboard/vahan/view/reportview.xhtml
2026,7,INDIA TOTAL,All Vahan4 Running Office,KINETIC MOTOR COMPANY LIMITED,ALL,ALL,ALL,ADAPTED VEHICLE|MOTOR CAR|MOTOR CARAVAN|OMNI BUS (PRIVATE USE)|VINTAGE MOTOR VEHICLE,0,2026-07-05T12:41:37.439Z,https://vahan.parivahan.gov.in/vahan4dashboard/vahan/view/reportview.xhtml
2026,7,INDIA TOTAL,All Vahan4 Running Office,LEXUS MOTORS LTD,ALL,ALL,ALL,ADAPTED VEHICLE|MOTOR CAR|MOTOR CARAVAN|OMNI BUS (PRIVATE USE)|VINTAGE MOTOR VEHICLE,0,2026-07-05T12:41:37.439Z,https://vahan.parivahan.gov.in/vahan4dashboard/vahan/view/reportview.xhtml
2026,7,INDIA TOTAL,All Vahan4 Running Office,M/S GENERAL MOTORS LLC,ALL,ALL,ALL,ADAPTED VEHICLE|MOTOR CAR|MOTOR CARAVAN|OMNI BUS (PRIVATE USE)|VINTAGE MOTOR VEHICLE,0,2026-07-05T12:41:37.439Z,https://vahan.parivahan.gov.in/vahan4dashboard/vahan/view/reportview.xhtml
2026,7,INDIA TOTAL,All Vahan4 Running Office,MAHINDRA & MAHINDRA LIMITED,ALL,ALL,ALL,ADAPTED VEHICLE|MOTOR CAR|MOTOR CARAVAN|OMNI BUS (PRIVATE USE)|VINTAGE MOTOR VEHICLE,6903,2026-07-05T12:41:37.439Z,https://vahan.parivahan.gov.in/vahan4dashboard/vahan/view/reportview.xhtml
2026,7,INDIA TOTAL,All Vahan4 Running Office,MAHINDRA DEFENCE SYSTEMS LTD,ALL,ALL,ALL,ADAPTED VEHICLE|MOTOR CAR|MOTOR CARAVAN|OMNI BUS (PRIVATE USE)|VINTAGE MOTOR VEHICLE,0,2026-07-05T12:41:37.439Z,https://vahan.parivahan.gov.in/vahan4dashboard/vahan/view/reportview.xhtml
2026,7,INDIA TOTAL,All Vahan4 Running Office,MAHINDRA ELECTRIC AUTOMOBILE LTD,ALL,ALL,ALL,ADAPTED VEHICLE|MOTOR CAR|MOTOR CARAVAN|OMNI BUS (PRIVATE USE)|VINTAGE MOTOR VEHICLE,1104,2026-07-05T12:41:37.439Z,https://vahan.parivahan.gov.in/vahan4dashboard/vahan/view/reportview.xhtml
2026,7,INDIA TOTAL,All Vahan4 Running Office,MAHINDRA ELECTRIC MOBILITY LIMITED,ALL,ALL,ALL,ADAPTED VEHICLE|MOTOR CAR|MOTOR CARAVAN|OMNI BUS (PRIVATE USE)|VINTAGE MOTOR VEHICLE,0,2026-07-05T12:41:37.439Z,https://vahan.parivahan.gov.in/vahan4dashboard/vahan/view/reportview.xhtml
2026,7,INDIA TOTAL,All Vahan4 Running Office,MAHINDRA LAST MILE MOBILITY LTD,ALL,ALL,ALL,ADAPTED VEHICLE|MOTOR CAR|MOTOR CARAVAN|OMNI BUS (PRIVATE USE)|VINTAGE MOTOR VEHICLE,0,2026-07-05T12:41:37.439Z,https://vahan.parivahan.gov.in/vahan4dashboard/vahan/view/reportview.xhtml
2026,7,INDIA TOTAL,All Vahan4 Running Office,MARUTI INDUSTRIES,ALL,ALL,ALL,ADAPTED VEHICLE|MOTOR CAR|MOTOR CARAVAN|OMNI BUS (PRIVATE USE)|VINTAGE MOTOR VEHICLE,2,2026-07-05T12:41:37.439Z,https://vahan.parivahan.gov.in/vahan4dashboard/vahan/view/reportview.xhtml
2026,7,INDIA TOTAL,All Vahan4 Running Office,MARUTI SUZUKI INDIA LTD,ALL,ALL,ALL,ADAPTED VEHICLE|MOTOR CAR|MOTOR CARAVAN|OMNI BUS (PRIVATE USE)|VINTAGE MOTOR VEHICLE,15184,2026-07-05T12:41:37.439Z,https://vahan.parivahan.gov.in/vahan4dashboard/vahan/view/reportview.xhtml
2026,7,INDIA TOTAL,All Vahan4 Running Office,MARUTI UDYOG LTD,ALL,ALL,ALL,ADAPTED VEHICLE|MOTOR CAR|MOTOR CARAVAN|OMNI BUS (PRIVATE USE)|VINTAGE MOTOR VEHICLE,1,2026-07-05T12:41:37.439Z,https://vahan.parivahan.gov.in/vahan4dashboard/vahan/view/reportview.xhtml
2026,7,INDIA TOTAL,All Vahan4 Running Office,MASERATI S.P.A,ALL,ALL,ALL,ADAPTED VEHICLE|MOTOR CAR|MOTOR CARAVAN|OMNI BUS (PRIVATE USE)|VINTAGE MOTOR VEHICLE,0,2026-07-05T12:41:37.439Z,https://vahan.parivahan.gov.in/vahan4dashboard/vahan/view/reportview.xhtml
2026,7,INDIA TOTAL,All Vahan4 Running Office,MCLAREN AUTOMOTIVE (IMPORTER: INFINITY CARS),ALL,ALL,ALL,ADAPTED VEHICLE|MOTOR CAR|MOTOR CARAVAN|OMNI BUS (PRIVATE USE)|VINTAGE MOTOR VEHICLE,0,2026-07-05T12:41:37.439Z,https://vahan.parivahan.gov.in/vahan4dashboard/vahan/view/reportview.xhtml
2026,7,INDIA TOTAL,All Vahan4 Running Office,MERCEDES -BENZ AG,ALL,ALL,ALL,ADAPTED VEHICLE|MOTOR CAR|MOTOR CARAVAN|OMNI BUS (PRIVATE USE)|VINTAGE MOTOR VEHICLE,34,2026-07-05T12:41:37.439Z,https://vahan.parivahan.gov.in/vahan4dashboard/vahan/view/reportview.xhtml
2026,7,INDIA TOTAL,All Vahan4 Running Office,MERCEDES BENZ,ALL,ALL,ALL,ADAPTED VEHICLE|MOTOR CAR|MOTOR CARAVAN|OMNI BUS (PRIVATE USE)|VINTAGE MOTOR VEHICLE,1,2026-07-05T12:41:37.439Z,https://vahan.parivahan.gov.in/vahan4dashboard/vahan/view/reportview.xhtml
2026,7,INDIA TOTAL,All Vahan4 Running Office,MERCEDES-BENZ INDIA PVT LTD,ALL,ALL,ALL,ADAPTED VEHICLE|MOTOR CAR|MOTOR CARAVAN|OMNI BUS (PRIVATE USE)|VINTAGE MOTOR VEHICLE,232,2026-07-05T12:41:37.439Z,https://vahan.parivahan.gov.in/vahan4dashboard/vahan/view/reportview.xhtml
2026,7,INDIA TOTAL,All Vahan4 Running Office,MITSUBISHI MOTORS CORPORATION,ALL,ALL,ALL,ADAPTED VEHICLE|MOTOR CAR|MOTOR CARAVAN|OMNI BUS (PRIVATE USE)|VINTAGE MOTOR VEHICLE,0,2026-07-05T12:41:37.439Z,https://vahan.parivahan.gov.in/vahan4dashboard/vahan/view/reportview.xhtml
2026,7,INDIA TOTAL,All Vahan4 Running Office,NANJING GOLDEN (IMPORTER: KALY EMOTORS),ALL,ALL,ALL,ADAPTED VEHICLE|MOTOR CAR|MOTOR CARAVAN|OMNI BUS (PRIVATE USE)|VINTAGE MOTOR VEHICLE,0,2026-07-05T12:41:37.439Z,https://vahan.parivahan.gov.in/vahan4dashboard/vahan/view/reportview.xhtml
2026,7,INDIA TOTAL,All Vahan4 Running Office,NEUTON AUTO PVT LTD,ALL,ALL,ALL,ADAPTED VEHICLE|MOTOR CAR|MOTOR CARAVAN|OMNI BUS (PRIVATE USE)|VINTAGE MOTOR VEHICLE,1,2026-07-05T12:41:37.439Z,https://vahan.parivahan.gov.in/vahan4dashboard/vahan/view/reportview.xhtml
2026,7,INDIA TOTAL,All Vahan4 Running Office,NISSAN MOTOR INDIA PVT LTD,ALL,ALL,ALL,ADAPTED VEHICLE|MOTOR CAR|MOTOR CARAVAN|OMNI BUS (PRIVATE USE)|VINTAGE MOTOR VEHICLE,433,2026-07-05T12:41:37.439Z,https://vahan.parivahan.gov.in/vahan4dashboard/vahan/view/reportview.xhtml
2026,7,INDIA TOTAL,All Vahan4 Running Office,OKINAWA AUTOTECH PVT LTD,ALL,ALL,ALL,ADAPTED VEHICLE|MOTOR CAR|MOTOR CARAVAN|OMNI BUS (PRIVATE USE)|VINTAGE MOTOR VEHICLE,0,2026-07-05T12:41:37.439Z,https://vahan.parivahan.gov.in/vahan4dashboard/vahan/view/reportview.xhtml
2026,7,INDIA TOTAL,All Vahan4 Running Office,OTHERS,ALL,ALL,ALL,ADAPTED VEHICLE|MOTOR CAR|MOTOR CARAVAN|OMNI BUS (PRIVATE USE)|VINTAGE MOTOR VEHICLE,0,2026-07-05T12:41:37.439Z,https://vahan.parivahan.gov.in/vahan4dashboard/vahan/view/reportview.xhtml
2026,7,INDIA TOTAL,All Vahan4 Running Office,PINNACLE MOBILITY SOLUTIONS PVT LTD,ALL,ALL,ALL,ADAPTED VEHICLE|MOTOR CAR|MOTOR CARAVAN|OMNI BUS (PRIVATE USE)|VINTAGE MOTOR VEHICLE,0,2026-07-05T12:41:37.439Z,https://vahan.parivahan.gov.in/vahan4dashboard/vahan/view/reportview.xhtml
2026,7,INDIA TOTAL,All Vahan4 Running Office,PORSCHE AG GERMANY,ALL,ALL,ALL,ADAPTED VEHICLE|MOTOR CAR|MOTOR CARAVAN|OMNI BUS (PRIVATE USE)|VINTAGE MOTOR VEHICLE,2,2026-07-05T12:41:37.439Z,https://vahan.parivahan.gov.in/vahan4dashboard/vahan/view/reportview.xhtml
2026,7,INDIA TOTAL,All Vahan4 Running Office,POWERLAND AGRO TRACTOR VEHICLES PVT LTD,ALL,ALL,ALL,ADAPTED VEHICLE|MOTOR CAR|MOTOR CARAVAN|OMNI BUS (PRIVATE USE)|VINTAGE MOTOR VEHICLE,0,2026-07-05T12:41:37.439Z,https://vahan.parivahan.gov.in/vahan4dashboard/vahan/view/reportview.xhtml
2026,7,INDIA TOTAL,All Vahan4 Running Office,RANGE AUTOMOBILES PVT LTD,ALL,ALL,ALL,ADAPTED VEHICLE|MOTOR CAR|MOTOR CARAVAN|OMNI BUS (PRIVATE USE)|VINTAGE MOTOR VEHICLE,0,2026-07-05T12:41:37.439Z,https://vahan.parivahan.gov.in/vahan4dashboard/vahan/view/reportview.xhtml
2026,7,INDIA TOTAL,All Vahan4 Running Office,RENAULT INDIA PVT LTD,ALL,ALL,ALL,ADAPTED VEHICLE|MOTOR CAR|MOTOR CARAVAN|OMNI BUS (PRIVATE USE)|VINTAGE MOTOR VEHICLE,626,2026-07-05T12:41:37.439Z,https://vahan.parivahan.gov.in/vahan4dashboard/vahan/view/reportview.xhtml
2026,7,INDIA TOTAL,All Vahan4 Running Office,RENAULT NISSAN AUTOMOTIVE INDIA PRIVATE LIMITED,ALL,ALL,ALL,ADAPTED VEHICLE|MOTOR CAR|MOTOR CARAVAN|OMNI BUS (PRIVATE USE)|VINTAGE MOTOR VEHICLE,0,2026-07-05T12:41:37.439Z,https://vahan.parivahan.gov.in/vahan4dashboard/vahan/view/reportview.xhtml
2026,7,INDIA TOTAL,All Vahan4 Running Office,RIVER MOBILITY PVT LTD,ALL,ALL,ALL,ADAPTED VEHICLE|MOTOR CAR|MOTOR CARAVAN|OMNI BUS (PRIVATE USE)|VINTAGE MOTOR VEHICLE,0,2026-07-05T12:41:37.439Z,https://vahan.parivahan.gov.in/vahan4dashboard/vahan/view/reportview.xhtml
2026,7,INDIA TOTAL,All Vahan4 Running Office,ROLLS ROYCE,ALL,ALL,ALL,ADAPTED VEHICLE|MOTOR CAR|MOTOR CARAVAN|OMNI BUS (PRIVATE USE)|VINTAGE MOTOR VEHICLE,0,2026-07-05T12:41:37.439Z,https://vahan.parivahan.gov.in/vahan4dashboard/vahan/view/reportview.xhtml
2026,7,INDIA TOTAL,All Vahan4 Running Office,ROLLS ROYCE MOTOR (IMPORTER: KUN MOTOR),ALL,ALL,ALL,ADAPTED VEHICLE|MOTOR CAR|MOTOR CARAVAN|OMNI BUS (PRIVATE USE)|VINTAGE MOTOR VEHICLE,0,2026-07-05T12:41:37.439Z,https://vahan.parivahan.gov.in/vahan4dashboard/vahan/view/reportview.xhtml
2026,7,INDIA TOTAL,All Vahan4 Running Office,ROLLS-ROYCE MOTOR CARS(IMPORTER:SELECT CARS P LTD),ALL,ALL,ALL,ADAPTED VEHICLE|MOTOR CAR|MOTOR CARAVAN|OMNI BUS (PRIVATE USE)|VINTAGE MOTOR VEHICLE,0,2026-07-05T12:41:37.439Z,https://vahan.parivahan.gov.in/vahan4dashboard/vahan/view/reportview.xhtml
2026,7,INDIA TOTAL,All Vahan4 Running Office,ROYAL-ENFIELD (UNIT OF EICHER LTD),ALL,ALL,ALL,ADAPTED VEHICLE|MOTOR CAR|MOTOR CARAVAN|OMNI BUS (PRIVATE USE)|VINTAGE MOTOR VEHICLE,0,2026-07-05T12:41:37.439Z,https://vahan.parivahan.gov.in/vahan4dashboard/vahan/view/reportview.xhtml
2026,7,INDIA TOTAL,All Vahan4 Running Office,SHREE SHYAM AGROTECH,ALL,ALL,ALL,ADAPTED VEHICLE|MOTOR CAR|MOTOR CARAVAN|OMNI BUS (PRIVATE USE)|VINTAGE MOTOR VEHICLE,0,2026-07-05T12:41:37.439Z,https://vahan.parivahan.gov.in/vahan4dashboard/vahan/view/reportview.xhtml
2026,7,INDIA TOTAL,All Vahan4 Running Office,SKODA AUTO AS,ALL,ALL,ALL,ADAPTED VEHICLE|MOTOR CAR|MOTOR CARAVAN|OMNI BUS (PRIVATE USE)|VINTAGE MOTOR VEHICLE,1,2026-07-05T12:41:37.439Z,https://vahan.parivahan.gov.in/vahan4dashboard/vahan/view/reportview.xhtml
2026,7,INDIA TOTAL,All Vahan4 Running Office,SKODA AUTO INDIA PVT LTD,ALL,ALL,ALL,ADAPTED VEHICLE|MOTOR CAR|MOTOR CARAVAN|OMNI BUS (PRIVATE USE)|VINTAGE MOTOR VEHICLE,0,2026-07-05T12:41:37.439Z,https://vahan.parivahan.gov.in/vahan4dashboard/vahan/view/reportview.xhtml
2026,7,INDIA TOTAL,All Vahan4 Running Office,SKODA AUTO VOLKSWAGEN INDIA PVT LTD,ALL,ALL,ALL,ADAPTED VEHICLE|MOTOR CAR|MOTOR CARAVAN|OMNI BUS (PRIVATE USE)|VINTAGE MOTOR VEHICLE,1425,2026-07-05T12:41:37.439Z,https://vahan.parivahan.gov.in/vahan4dashboard/vahan/view/reportview.xhtml
2026,7,INDIA TOTAL,All Vahan4 Running Office,SML MAHINDRA LTD,ALL,ALL,ALL,ADAPTED VEHICLE|MOTOR CAR|MOTOR CARAVAN|OMNI BUS (PRIVATE USE)|VINTAGE MOTOR VEHICLE,1,2026-07-05T12:41:37.439Z,https://vahan.parivahan.gov.in/vahan4dashboard/vahan/view/reportview.xhtml
2026,7,INDIA TOTAL,All Vahan4 Running Office,STELLANTIS AUTOMOBILES INDIA PVT LTD,ALL,ALL,ALL,ADAPTED VEHICLE|MOTOR CAR|MOTOR CARAVAN|OMNI BUS (PRIVATE USE)|VINTAGE MOTOR VEHICLE,144,2026-07-05T12:41:37.439Z,https://vahan.parivahan.gov.in/vahan4dashboard/vahan/view/reportview.xhtml
2026,7,INDIA TOTAL,All Vahan4 Running Office,STELLANTIS INDIA PVT LTD,ALL,ALL,ALL,ADAPTED VEHICLE|MOTOR CAR|MOTOR CARAVAN|OMNI BUS (PRIVATE USE)|VINTAGE MOTOR VEHICLE,48,2026-07-05T12:41:37.439Z,https://vahan.parivahan.gov.in/vahan4dashboard/vahan/view/reportview.xhtml
2026,7,INDIA TOTAL,All Vahan4 Running Office,SUZUKI MOTORCYCLE INDIA PVT LTD,ALL,ALL,ALL,ADAPTED VEHICLE|MOTOR CAR|MOTOR CARAVAN|OMNI BUS (PRIVATE USE)|VINTAGE MOTOR VEHICLE,1,2026-07-05T12:41:37.439Z,https://vahan.parivahan.gov.in/vahan4dashboard/vahan/view/reportview.xhtml
2026,7,INDIA TOTAL,All Vahan4 Running Office,TATA ADVANCED SYSTEMS LTD,ALL,ALL,ALL,ADAPTED VEHICLE|MOTOR CAR|MOTOR CARAVAN|OMNI BUS (PRIVATE USE)|VINTAGE MOTOR VEHICLE,0,2026-07-05T12:41:37.439Z,https://vahan.parivahan.gov.in/vahan4dashboard/vahan/view/reportview.xhtml
2026,7,INDIA TOTAL,All Vahan4 Running Office,TATA MOTORS LTD,ALL,ALL,ALL,ADAPTED VEHICLE|MOTOR CAR|MOTOR CARAVAN|OMNI BUS (PRIVATE USE)|VINTAGE MOTOR VEHICLE,47,2026-07-05T12:41:37.439Z,https://vahan.parivahan.gov.in/vahan4dashboard/vahan/view/reportview.xhtml
2026,7,INDIA TOTAL,All Vahan4 Running Office,TATA MOTORS PASSENGER VEHICLES LTD,ALL,ALL,ALL,ADAPTED VEHICLE|MOTOR CAR|MOTOR CARAVAN|OMNI BUS (PRIVATE USE)|VINTAGE MOTOR VEHICLE,5113,2026-07-05T12:41:37.439Z,https://vahan.parivahan.gov.in/vahan4dashboard/vahan/view/reportview.xhtml
2026,7,INDIA TOTAL,All Vahan4 Running Office,TATA PASSENGER ELECTRIC MOBILITY LTD,ALL,ALL,ALL,ADAPTED VEHICLE|MOTOR CAR|MOTOR CARAVAN|OMNI BUS (PRIVATE USE)|VINTAGE MOTOR VEHICLE,1362,2026-07-05T12:41:37.439Z,https://vahan.parivahan.gov.in/vahan4dashboard/vahan/view/reportview.xhtml
2026,7,INDIA TOTAL,All Vahan4 Running Office,TESLA INDIA MOTORS AND ENERGY PVT LTD,ALL,ALL,ALL,ADAPTED VEHICLE|MOTOR CAR|MOTOR CARAVAN|OMNI BUS (PRIVATE USE)|VINTAGE MOTOR VEHICLE,3,2026-07-05T12:41:37.439Z,https://vahan.parivahan.gov.in/vahan4dashboard/vahan/view/reportview.xhtml
2026,7,INDIA TOTAL,All Vahan4 Running Office,TOYOTA KIRLOSKAR MOTOR PVT LTD,ALL,ALL,ALL,ADAPTED VEHICLE|MOTOR CAR|MOTOR CARAVAN|OMNI BUS (PRIVATE USE)|VINTAGE MOTOR VEHICLE,4051,2026-07-05T12:41:37.439Z,https://vahan.parivahan.gov.in/vahan4dashboard/vahan/view/reportview.xhtml
2026,7,INDIA TOTAL,All Vahan4 Running Office,TVS MOTOR COMPANY LTD,ALL,ALL,ALL,ADAPTED VEHICLE|MOTOR CAR|MOTOR CARAVAN|OMNI BUS (PRIVATE USE)|VINTAGE MOTOR VEHICLE,20,2026-07-05T12:41:37.439Z,https://vahan.parivahan.gov.in/vahan4dashboard/vahan/view/reportview.xhtml
2026,7,INDIA TOTAL,All Vahan4 Running Office,VE COMMERCIAL VEHICLES LTD,ALL,ALL,ALL,ADAPTED VEHICLE|MOTOR CAR|MOTOR CARAVAN|OMNI BUS (PRIVATE USE)|VINTAGE MOTOR VEHICLE,0,2026-07-05T12:41:37.439Z,https://vahan.parivahan.gov.in/vahan4dashboard/vahan/view/reportview.xhtml
2026,7,INDIA TOTAL,All Vahan4 Running Office,VINFAST AUTO INDIA PVT LTD,ALL,ALL,ALL,ADAPTED VEHICLE|MOTOR CAR|MOTOR CARAVAN|OMNI BUS (PRIVATE USE)|VINTAGE MOTOR VEHICLE,114,2026-07-05T12:41:37.440Z,https://vahan.parivahan.gov.in/vahan4dashboard/vahan/view/reportview.xhtml
2026,7,INDIA TOTAL,All Vahan4 Running Office,VINTAGE VEHICLES,ALL,ALL,ALL,ADAPTED VEHICLE|MOTOR CAR|MOTOR CARAVAN|OMNI BUS (PRIVATE USE)|VINTAGE MOTOR VEHICLE,0,2026-07-05T12:41:37.440Z,https://vahan.parivahan.gov.in/vahan4dashboard/vahan/view/reportview.xhtml
2026,7,INDIA TOTAL,All Vahan4 Running Office,VOLKSWAGEN AG,ALL,ALL,ALL,ADAPTED VEHICLE|MOTOR CAR|MOTOR CARAVAN|OMNI BUS (PRIVATE USE)|VINTAGE MOTOR VEHICLE,8,2026-07-05T12:41:37.440Z,https://vahan.parivahan.gov.in/vahan4dashboard/vahan/view/reportview.xhtml
2026,7,INDIA TOTAL,All Vahan4 Running Office,VOLKSWAGEN INDIA PVT LTD,ALL,ALL,ALL,ADAPTED VEHICLE|MOTOR CAR|MOTOR CARAVAN|OMNI BUS (PRIVATE USE)|VINTAGE MOTOR VEHICLE,0,2026-07-05T12:41:37.440Z,https://vahan.parivahan.gov.in/vahan4dashboard/vahan/view/reportview.xhtml
2026,7,INDIA TOTAL,All Vahan4 Running Office,VOLVO,ALL,ALL,ALL,ADAPTED VEHICLE|MOTOR CAR|MOTOR CARAVAN|OMNI BUS (PRIVATE USE)|VINTAGE MOTOR VEHICLE,0,2026-07-05T12:41:37.440Z,https://vahan.parivahan.gov.in/vahan4dashboard/vahan/view/reportview.xhtml
2026,7,INDIA TOTAL,All Vahan4 Running Office,VOLVO AUTO INDIA PVT LTD,ALL,ALL,ALL,ADAPTED VEHICLE|MOTOR CAR|MOTOR CARAVAN|OMNI BUS (PRIVATE USE)|VINTAGE MOTOR VEHICLE,19,2026-07-05T12:41:37.440Z,https://vahan.parivahan.gov.in/vahan4dashboard/vahan/view/reportview.xhtml
2026,7,INDIA TOTAL,All Vahan4 Running Office,WILLYS INDIA LTD,ALL,ALL,ALL,ADAPTED VEHICLE|MOTOR CAR|MOTOR CARAVAN|OMNI BUS (PRIVATE USE)|VINTAGE MOTOR VEHICLE,0,2026-07-05T12:41:37.440Z,https://vahan.parivahan.gov.in/vahan4dashboard/vahan/view/reportview.xhtml
2026,7,INDIA TOTAL,All Vahan4 Running Office,WUHAN LOTUS (IMPORTER: EXCLUSIVE MOTORS PVT LTD),ALL,ALL,ALL,ADAPTED VEHICLE|MOTOR CAR|MOTOR CARAVAN|OMNI BUS (PRIVATE USE)|VINTAGE MOTOR VEHICLE,0,2026-07-05T12:41:37.440Z,https://vahan.parivahan.gov.in/vahan4dashboard/vahan/view/reportview.xhtml
2026,7,INDIA TOTAL,All Vahan4 Running Office,XYZ1,ALL,ALL,ALL,ADAPTED VEHICLE|MOTOR CAR|MOTOR CARAVAN|OMNI BUS (PRIVATE USE)|VINTAGE MOTOR VEHICLE,0,2026-07-05T12:41:37.440Z,https://vahan.parivahan.gov.in/vahan4dashboard/vahan/view/reportview.xhtml
2026,7,INDIA TOTAL,All Vahan4 Running Office,3EV INDUSTRIES PVT LTD,ALL,LIGHT MOTOR VEHICLE|LIGHT PASSENGER VEHICLE,ALL,ALL,0,2026-07-25T06:27:32.865Z,https://vahan.parivahan.gov.in/vahan4dashboard/vahan/view/reportview.xhtml
2026,7,INDIA TOTAL,All Vahan4 Running Office,3S INDUSTRIES PRIVATE LIMITED,ALL,LIGHT MOTOR VEHICLE|LIGHT PASSENGER VEHICLE,ALL,ALL,116,2026-07-25T06:27:32.867Z,https://vahan.parivahan.gov.in/vahan4dashboard/vahan/view/reportview.xhtml
2026,7,INDIA TOTAL,All Vahan4 Running Office,786 ENGINEERING WORKS AP105382023,ALL,LIGHT MOTOR VEHICLE|LIGHT PASSENGER VEHICLE,ALL,ALL,3,2026-07-25T06:27:32.867Z,https://vahan.parivahan.gov.in/vahan4dashboard/vahan/view/reportview.xhtml
2026,7,INDIA TOTAL,All Vahan4 Running Office,A D AGRO WORKS,ALL,LIGHT MOTOR VEHICLE|LIGHT PASSENGER VEHICLE,ALL,ALL,3,2026-07-25T06:27:32.867Z,https://vahan.parivahan.gov.in/vahan4dashboard/vahan/view/reportview.xhtml
2026,7,INDIA TOTAL,All Vahan4 Running Office,A-1 SUREJA INDUSTRIES,ALL,LIGHT MOTOR VEHICLE|LIGHT PASSENGER VEHICLE,ALL,ALL,1,2026-07-25T06:27:32.867Z,https://vahan.parivahan.gov.in/vahan4dashboard/vahan/view/reportview.xhtml
2026,7,INDIA TOTAL,All Vahan4 Running Office,A. A. TRAILOR,ALL,LIGHT MOTOR VEHICLE|LIGHT PASSENGER VEHICLE,ALL,ALL,0,2026-07-25T06:27:32.867Z,https://vahan.parivahan.gov.in/vahan4dashboard/vahan/view/reportview.xhtml
2026,7,INDIA TOTAL,All Vahan4 Running Office,A.B. AGRO ENGINEERING WORKS&ENTERPRISESAP11815428,ALL,LIGHT MOTOR VEHICLE|LIGHT PASSENGER VEHICLE,ALL,ALL,0,2026-07-25T06:27:32.867Z,https://vahan.parivahan.gov.in/vahan4dashboard/vahan/view/reportview.xhtml
2026,7,INDIA TOTAL,All Vahan4 Running Office,A1 HEAVY EQUIPMENTS DEVELOPER,ALL,LIGHT MOTOR VEHICLE|LIGHT PASSENGER VEHICLE,ALL,ALL,0,2026-07-25T06:27:32.867Z,https://vahan.parivahan.gov.in/vahan4dashboard/vahan/view/reportview.xhtml
2026,7,INDIA TOTAL,All Vahan4 Running Office,AADHYA ENTERPRISES,ALL,LIGHT MOTOR VEHICLE|LIGHT PASSENGER VEHICLE,ALL,ALL,4,2026-07-25T06:27:32.867Z,https://vahan.parivahan.gov.in/vahan4dashboard/vahan/view/reportview.xhtml
2026,7,INDIA TOTAL,All Vahan4 Running Office,AADITYA GARBAGE PRODUCTS PVT LTD,ALL,LIGHT MOTOR VEHICLE|LIGHT PASSENGER VEHICLE,ALL,ALL,0,2026-07-25T06:27:32.867Z,https://vahan.parivahan.gov.in/vahan4dashboard/vahan/view/reportview.xhtml
2026,7,INDIA TOTAL,All Vahan4 Running Office,AAHANA COMMERCE PVT LTD,ALL,LIGHT MOTOR VEHICLE|LIGHT PASSENGER VEHICLE,ALL,ALL,550,2026-07-25T06:27:32.867Z,https://vahan.parivahan.gov.in/vahan4dashboard/vahan/view/reportview.xhtml
2026,7,INDIA TOTAL,All Vahan4 Running Office,AAKK AUTO PVT LTD,ALL,LIGHT MOTOR VEHICLE|LIGHT PASSENGER VEHICLE,ALL,ALL,32,2026-07-25T06:27:32.867Z,https://vahan.parivahan.gov.in/vahan4dashboard/vahan/view/reportview.xhtml
2026,7,INDIA TOTAL,All Vahan4 Running Office,AARON INDUSTRIES,ALL,LIGHT MOTOR VEHICLE|LIGHT PASSENGER VEHICLE,ALL,ALL,0,2026-07-25T06:27:32.867Z,https://vahan.parivahan.gov.in/vahan4dashboard/vahan/view/reportview.xhtml
2026,7,INDIA TOTAL,All Vahan4 Running Office,ABV CARGO PVT LTD,ALL,LIGHT MOTOR VEHICLE|LIGHT PASSENGER VEHICLE,ALL,ALL,24,2026-07-25T06:27:32.867Z,https://vahan.parivahan.gov.in/vahan4dashboard/vahan/view/reportview.xhtml
2026,7,INDIA TOTAL,All Vahan4 Running Office,ABZO MOTORS PVT LTD,ALL,LIGHT MOTOR VEHICLE|LIGHT PASSENGER VEHICLE,ALL,ALL,2,2026-07-25T06:27:32.867Z,https://vahan.parivahan.gov.in/vahan4dashboard/vahan/view/reportview.xhtml
2026,7,INDIA TOTAL,All Vahan4 Running Office,ACCRETION POWER AUTOS,ALL,LIGHT MOTOR VEHICLE|LIGHT PASSENGER VEHICLE,ALL,ALL,17,2026-07-25T06:27:32.867Z,https://vahan.parivahan.gov.in/vahan4dashboard/vahan/view/reportview.xhtml
2026,7,INDIA TOTAL,All Vahan4 Running Office,ACTION CONSTRUCTION EQUIPMENT LTD.,ALL,LIGHT MOTOR VEHICLE|LIGHT PASSENGER VEHICLE,ALL,ALL,649,2026-07-25T06:27:32.867Z,https://vahan.parivahan.gov.in/vahan4dashboard/vahan/view/reportview.xhtml
2026,7,INDIA TOTAL,All Vahan4 Running Office,ADAPT MOTORS PVT LTD,ALL,LIGHT MOTOR VEHICLE|LIGHT PASSENGER VEHICLE,ALL,ALL,0,2026-07-25T06:27:32.867Z,https://vahan.parivahan.gov.in/vahan4dashboard/vahan/view/reportview.xhtml
2026,7,INDIA TOTAL,All Vahan4 Running Office,ADARSH ROTAVATOR SALES,ALL,LIGHT MOTOR VEHICLE|LIGHT PASSENGER VEHICLE,ALL,ALL,35,2026-07-25T06:27:32.867Z,https://vahan.parivahan.gov.in/vahan4dashboard/vahan/view/reportview.xhtml
2026,7,INDIA TOTAL,All Vahan4 Running Office,ADICO ESCORTS AGRI EQUIPMENTS PVT. LTD.,ALL,LIGHT MOTOR VEHICLE|LIGHT PASSENGER VEHICLE,ALL,ALL,294,2026-07-25T06:27:32.867Z,https://vahan.parivahan.gov.in/vahan4dashboard/vahan/view/reportview.xhtml
2026,7,INDIA TOTAL,All Vahan4 Running Office,ADIDEV TECHNOA PVT LTD,ALL,LIGHT MOTOR VEHICLE|LIGHT PASSENGER VEHICLE,ALL,ALL,215,2026-07-25T06:27:32.867Z,https://vahan.parivahan.gov.in/vahan4dashboard/vahan/view/reportview.xhtml
2026,7,INDIA TOTAL,All Vahan4 Running Office,ADIGURU MANUFACTURING PVT LTD,ALL,LIGHT MOTOR VEHICLE|LIGHT PASSENGER VEHICLE,ALL,ALL,1,2026-07-25T06:27:32.867Z,https://vahan.parivahan.gov.in/vahan4dashboard/vahan/view/reportview.xhtml
2026,7,INDIA TOTAL,All Vahan4 Running Office,ADISHWAR AUTO RIDE INDIA PVT LTD,ALL,LIGHT MOTOR VEHICLE|LIGHT PASSENGER VEHICLE,ALL,ALL,1,2026-07-25T06:27:32.867Z,https://vahan.parivahan.gov.in/vahan4dashboard/vahan/view/reportview.xhtml
2026,7,INDIA TOTAL,All Vahan4 Running Office,ADITYA AGRO INDUSTRIES,ALL,LIGHT MOTOR VEHICLE|LIGHT PASSENGER VEHICLE,ALL,ALL,19,2026-07-25T06:27:32.867Z,https://vahan.parivahan.gov.in/vahan4dashboard/vahan/view/reportview.xhtml
2026,7,INDIA TOTAL,All Vahan4 Running Office,ADITYA SAI INDUSTRIES,ALL,LIGHT MOTOR VEHICLE|LIGHT PASSENGER VEHICLE,ALL,ALL,14,2026-07-25T06:27:32.867Z,https://vahan.parivahan.gov.in/vahan4dashboard/vahan/view/reportview.xhtml
2026,7,INDIA TOTAL,All Vahan4 Running Office,ANIRUDH RAJ AGRO LTD,ALL,LIGHT MOTOR VEHICLE|LIGHT PASSENGER VEHICLE,ALL,ALL,1,2026-07-25T06:27:32.867Z,https://vahan.parivahan.gov.in/vahan4dashboard/vahan/view/reportview.xhtml
2026,7,INDIA TOTAL,All Vahan4 Running Office,ANJNEY EARTHMOVERS AND ENGINEERING,ALL,LIGHT MOTOR VEHICLE|LIGHT PASSENGER VEHICLE,ALL,ALL,0,2026-07-25T06:27:32.867Z,https://vahan.parivahan.gov.in/vahan4dashboard/vahan/view/reportview.xhtml
2026,7,INDIA TOTAL,All Vahan4 Running Office,ANNAPURNA TRAILER IMPLEMENTS AP312671033,ALL,LIGHT MOTOR VEHICLE|LIGHT PASSENGER VEHICLE,ALL,ALL,2,2026-07-25T06:27:32.867Z,https://vahan.parivahan.gov.in/vahan4dashboard/vahan/view/reportview.xhtml
2026,7,INDIA TOTAL,All Vahan4 Running Office,APSAGROINDUSTRIESDEVOLPMENTCORPORATIONLTAP67413584,ALL,LIGHT MOTOR VEHICLE|LIGHT PASSENGER VEHICLE,ALL,ALL,0,2026-07-25T06:27:32.867Z,https://vahan.parivahan.gov.in/vahan4dashboard/vahan/view/reportview.xhtml
2026,7,INDIA TOTAL,All Vahan4 Running Office,ARJUN AGRO INDUSTRIES,ALL,LIGHT MOTOR VEHICLE|LIGHT PASSENGER VEHICLE,ALL,ALL,5,2026-07-25T06:27:32.867Z,https://vahan.parivahan.gov.in/vahan4dashboard/vahan/view/reportview.xhtml
2026,7,INDIA TOTAL,All Vahan4 Running Office,ARJUN INDUSTRIES,ALL,LIGHT MOTOR VEHICLE|LIGHT PASSENGER VEHICLE,ALL,ALL,3,2026-07-25T06:27:32.867Z,https://vahan.parivahan.gov.in/vahan4dashboard/vahan/view/reportview.xhtml
2026,7,INDIA TOTAL,All Vahan4 Running Office,ASHOK LEYLAND LTD,ALL,LIGHT MOTOR VEHICLE|LIGHT PASSENGER VEHICLE,ALL,ALL,181,2026-07-25T06:27:32.867Z,https://vahan.parivahan.gov.in/vahan4dashboard/vahan/view/reportview.xhtml
2026,7,INDIA TOTAL,All Vahan4 Running Office,ASHOK LEYLAND LTD.,ALL,LIGHT MOTOR VEHICLE|LIGHT PASSENGER VEHICLE,ALL,ALL,0,2026-07-25T06:27:32.867Z,https://vahan.parivahan.gov.in/vahan4dashboard/vahan/view/reportview.xhtml
2026,7,INDIA TOTAL,All Vahan4 Running Office,ASTON MARTIN LAGONDA LTD,ALL,LIGHT MOTOR VEHICLE|LIGHT PASSENGER VEHICLE,ALL,ALL,0,2026-07-25T06:27:32.867Z,https://vahan.parivahan.gov.in/vahan4dashboard/vahan/view/reportview.xhtml
2026,7,INDIA TOTAL,All Vahan4 Running Office,ATHER ENERGY LTD,ALL,LIGHT MOTOR VEHICLE|LIGHT PASSENGER VEHICLE,ALL,ALL,0,2026-07-25T06:27:32.867Z,https://vahan.parivahan.gov.in/vahan4dashboard/vahan/view/reportview.xhtml
2026,7,INDIA TOTAL,All Vahan4 Running Office,AUDI AG,ALL,LIGHT MOTOR VEHICLE|LIGHT PASSENGER VEHICLE,ALL,ALL,11,2026-07-25T06:27:32.867Z,https://vahan.parivahan.gov.in/vahan4dashboard/vahan/view/reportview.xhtml
2026,7,INDIA TOTAL,All Vahan4 Running Office,AUTOMOBILI LAMBORGHINI S.P.A,ALL,LIGHT MOTOR VEHICLE|LIGHT PASSENGER VEHICLE,ALL,ALL,3,2026-07-25T06:27:32.867Z,https://vahan.parivahan.gov.in/vahan4dashboard/vahan/view/reportview.xhtml
2026,7,INDIA TOTAL,All Vahan4 Running Office,AVON CYCLES LTD,ALL,LIGHT MOTOR VEHICLE|LIGHT PASSENGER VEHICLE,ALL,ALL,0,2026-07-25T06:27:32.867Z,https://vahan.parivahan.gov.in/vahan4dashboard/vahan/view/reportview.xhtml
2026,7,INDIA TOTAL,All Vahan4 Running Office,AWACHAT INDUSTRIES LTD,ALL,LIGHT MOTOR VEHICLE|LIGHT PASSENGER VEHICLE,ALL,ALL,39,2026-07-25T06:27:32.867Z,https://vahan.parivahan.gov.in/vahan4dashboard/vahan/view/reportview.xhtml
2026,7,INDIA TOTAL,All Vahan4 Running Office,BABAR AGRO INDUSTRIES AP1510243976,ALL,LIGHT MOTOR VEHICLE|LIGHT PASSENGER VEHICLE,ALL,ALL,0,2026-07-25T06:27:32.867Z,https://vahan.parivahan.gov.in/vahan4dashboard/vahan/view/reportview.xhtml
2026,7,INDIA TOTAL,All Vahan4 Running Office,BAJAJ AUTO LTD,ALL,LIGHT MOTOR VEHICLE|LIGHT PASSENGER VEHICLE,ALL,ALL,0,2026-07-25T06:27:32.867Z,https://vahan.parivahan.gov.in/vahan4dashboard/vahan/view/reportview.xhtml
2026,7,INDIA TOTAL,All Vahan4 Running Office,BAJRANG AGRO INDUSTRIES,ALL,LIGHT MOTOR VEHICLE|LIGHT PASSENGER VEHICLE,ALL,ALL,0,2026-07-25T06:27:32.867Z,https://vahan.parivahan.gov.in/vahan4dashboard/vahan/view/reportview.xhtml
2026,7,INDIA TOTAL,All Vahan4 Running Office,BAJRANG MECHANICAL WORKS,ALL,LIGHT MOTOR VEHICLE|LIGHT PASSENGER VEHICLE,ALL,ALL,0,2026-07-25T06:27:32.867Z,https://vahan.parivahan.gov.in/vahan4dashboard/vahan/view/reportview.xhtml
2026,7,INDIA TOTAL,All Vahan4 Running Office,BALAJI AGRO INDUSTRIES,ALL,LIGHT MOTOR VEHICLE|LIGHT PASSENGER VEHICLE,ALL,ALL,4,2026-07-25T06:27:32.867Z,https://vahan.parivahan.gov.in/vahan4dashboard/vahan/view/reportview.xhtml
2026,7,INDIA TOTAL,All Vahan4 Running Office,BALAJI ENGG WORKS,ALL,LIGHT MOTOR VEHICLE|LIGHT PASSENGER VEHICLE,ALL,ALL,1,2026-07-25T06:27:32.867Z,https://vahan.parivahan.gov.in/vahan4dashboard/vahan/view/reportview.xhtml
2026,7,INDIA TOTAL,All Vahan4 Running Office,BALAJI ENGINEERING,ALL,LIGHT MOTOR VEHICLE|LIGHT PASSENGER VEHICLE,ALL,ALL,1,2026-07-25T06:27:32.867Z,https://vahan.parivahan.gov.in/vahan4dashboard/vahan/view/reportview.xhtml
2026,7,INDIA TOTAL,All Vahan4 Running Office,BALAJI FARM & STEEL WORKS,ALL,LIGHT MOTOR VEHICLE|LIGHT PASSENGER VEHICLE,ALL,ALL,8,2026-07-25T06:27:32.867Z,https://vahan.parivahan.gov.in/vahan4dashboard/vahan/view/reportview.xhtml
2026,7,INDIA TOTAL,All Vahan4 Running Office,BALAJI INDUSTRIES,ALL,LIGHT MOTOR VEHICLE|LIGHT PASSENGER VEHICLE,ALL,ALL,0,2026-07-25T06:27:32.867Z,https://vahan.parivahan.gov.in/vahan4dashboard/vahan/view/reportview.xhtml
2026,7,INDIA TOTAL,All Vahan4 Running Office,BENTLEY MOTORS LIMITED,ALL,LIGHT MOTOR VEHICLE|LIGHT PASSENGER VEHICLE,ALL,ALL,0,2026-07-25T06:27:32.867Z,https://vahan.parivahan.gov.in/vahan4dashboard/vahan/view/reportview.xhtml
2026,7,INDIA TOTAL,All Vahan4 Running Office,BENTLEY MOTORS LTD (SAVWIPL),ALL,LIGHT MOTOR VEHICLE|LIGHT PASSENGER VEHICLE,ALL,ALL,8,2026-07-25T06:27:32.867Z,https://vahan.parivahan.gov.in/vahan4dashboard/vahan/view/reportview.xhtml
2026,7,INDIA TOTAL,All Vahan4 Running Office,BHARAT AGRO ENGG WORKS,ALL,LIGHT MOTOR VEHICLE|LIGHT PASSENGER VEHICLE,ALL,ALL,0,2026-07-25T06:27:32.867Z,https://vahan.parivahan.gov.in/vahan4dashboard/vahan/view/reportview.xhtml
2026,7,INDIA TOTAL,All Vahan4 Running Office,BHARAT AGRO INDUSTRIES,ALL,LIGHT MOTOR VEHICLE|LIGHT PASSENGER VEHICLE,ALL,ALL,0,2026-07-25T06:27:32.867Z,https://vahan.parivahan.gov.in/vahan4dashboard/vahan/view/reportview.xhtml
2026,7,INDIA TOTAL,All Vahan4 Running Office,BHARAT BHUSHAN ENGNEERING WORK,ALL,LIGHT MOTOR VEHICLE|LIGHT PASSENGER VEHICLE,ALL,ALL,0,2026-07-25T06:27:32.867Z,https://vahan.parivahan.gov.in/vahan4dashboard/vahan/view/reportview.xhtml
2026,7,INDIA TOTAL,All Vahan4 Running Office,BHARATH ENGINEERING WORKS,ALL,LIGHT MOTOR VEHICLE|LIGHT PASSENGER VEHICLE,ALL,ALL,0,2026-07-25T06:27:32.867Z,https://vahan.parivahan.gov.in/vahan4dashboard/vahan/view/reportview.xhtml
2026,7,INDIA TOTAL,All Vahan4 Running Office,BHARATHI TRAILERS,ALL,LIGHT MOTOR VEHICLE|LIGHT PASSENGER VEHICLE,ALL,ALL,0,2026-07-25T06:27:32.867Z,https://vahan.parivahan.gov.in/vahan4dashboard/vahan/view/reportview.xhtml
2026,7,INDIA TOTAL,All Vahan4 Running Office,BHARTI AGRICULTURE,ALL,LIGHT MOTOR VEHICLE|LIGHT PASSENGER VEHICLE,ALL,ALL,1,2026-07-25T06:27:32.867Z,https://vahan.parivahan.gov.in/vahan4dashboard/vahan/view/reportview.xhtml
2026,7,INDIA TOTAL,All Vahan4 Running Office,BHASKARA INDUSTRIES,ALL,LIGHT MOTOR VEHICLE|LIGHT PASSENGER VEHICLE,ALL,ALL,0,2026-07-25T06:27:32.867Z,https://vahan.parivahan.gov.in/vahan4dashboard/vahan/view/reportview.xhtml
2026,7,INDIA TOTAL,All Vahan4 Running Office,BHAVANI TROLI WORKS,ALL,LIGHT MOTOR VEHICLE|LIGHT PASSENGER VEHICLE,ALL,ALL,0,2026-07-25T06:27:32.867Z,https://vahan.parivahan.gov.in/vahan4dashboard/vahan/view/reportview.xhtml
2026,7,INDIA TOTAL,All Vahan4 Running Office,BHOOMI ENGINEERING,ALL,LIGHT MOTOR VEHICLE|LIGHT PASSENGER VEHICLE,ALL,ALL,0,2026-07-25T06:27:32.867Z,https://vahan.parivahan.gov.in/vahan4dashboard/vahan/view/reportview.xhtml
2026,7,INDIA TOTAL,All Vahan4 Running Office,BHOYAR AGRO IND WARDHA,ALL,LIGHT MOTOR VEHICLE|LIGHT PASSENGER VEHICLE,ALL,ALL,5,2026-07-25T06:27:32.867Z,https://vahan.parivahan.gov.in/vahan4dashboard/vahan/view/reportview.xhtml
2026,7,INDIA TOTAL,All Vahan4 Running Office,BLACK DIAMOND MOTORS PVT LTD,ALL,LIGHT MOTOR VEHICLE|LIGHT PASSENGER VEHICLE,ALL,ALL,0,2026-07-25T06:27:32.867Z,https://vahan.parivahan.gov.in/vahan4dashboard/vahan/view/reportview.xhtml
2026,7,INDIA TOTAL,All Vahan4 Running Office,BMW INDIA PVT LTD,ALL,LIGHT MOTOR VEHICLE|LIGHT PASSENGER VEHICLE,ALL,ALL,1322,2026-07-25T06:27:32.867Z,https://vahan.parivahan.gov.in/vahan4dashboard/vahan/view/reportview.xhtml
2026,7,INDIA TOTAL,All Vahan4 Running Office,BULL MACHINES PVT LTD,ALL,LIGHT MOTOR VEHICLE|LIGHT PASSENGER VEHICLE,ALL,ALL,3,2026-07-25T06:27:32.867Z,https://vahan.parivahan.gov.in/vahan4dashboard/vahan/view/reportview.xhtml
2026,7,INDIA TOTAL,All Vahan4 Running Office,BYD AUTO,ALL,LIGHT MOTOR VEHICLE|LIGHT PASSENGER VEHICLE,ALL,ALL,0,2026-07-25T06:27:32.867Z,https://vahan.parivahan.gov.in/vahan4dashboard/vahan/view/reportview.xhtml
2026,7,INDIA TOTAL,All Vahan4 Running Office,BYD INDIA PRIVATE LIMITED,ALL,LIGHT MOTOR VEHICLE|LIGHT PASSENGER VEHICLE,ALL,ALL,569,2026-07-25T06:27:32.867Z,https://vahan.parivahan.gov.in/vahan4dashboard/vahan/view/reportview.xhtml
2026,7,INDIA TOTAL,All Vahan4 Running Office,CAKE 0 EMISSION (IMPORTER: PEPFUELS TECHNOLOGIES),ALL,LIGHT MOTOR VEHICLE|LIGHT PASSENGER VEHICLE,ALL,ALL,0,2026-07-25T06:27:32.867Z,https://vahan.parivahan.gov.in/vahan4dashboard/vahan/view/reportview.xhtml
2026,7,INDIA TOTAL,All Vahan4 Running Office,CAMBAY PITRODA ENGG WORKS,ALL,LIGHT MOTOR VEHICLE|LIGHT PASSENGER VEHICLE,ALL,ALL,0,2026-07-25T06:27:32.867Z,https://vahan.parivahan.gov.in/vahan4dashboard/vahan/view/reportview.xhtml
2026,7,INDIA TOTAL,All Vahan4 Running Office,CAPTAIN TRACTORS PVT. LTD.,ALL,LIGHT MOTOR VEHICLE|LIGHT PASSENGER VEHICLE,ALL,ALL,392,2026-07-25T06:27:32.868Z,https://vahan.parivahan.gov.in/vahan4dashboard/vahan/view/reportview.xhtml
2026,7,INDIA TOTAL,All Vahan4 Running Office,CASE NEW HOLLAND CONSTRUCTION EQUIPMENT(I) PVT LTD,ALL,LIGHT MOTOR VEHICLE|LIGHT PASSENGER VEHICLE,ALL,ALL,0,2026-07-25T06:27:32.868Z,https://vahan.parivahan.gov.in/vahan4dashboard/vahan/view/reportview.xhtml
2026,7,INDIA TOTAL,All Vahan4 Running Office,CHAMUNDA AGRICULTURE AND WELDING WORKS,ALL,LIGHT MOTOR VEHICLE|LIGHT PASSENGER VEHICLE,ALL,ALL,0,2026-07-25T06:27:32.868Z,https://vahan.parivahan.gov.in/vahan4dashboard/vahan/view/reportview.xhtml
2026,7,INDIA TOTAL,All Vahan4 Running Office,CHAMUNDA AGRO INDUSTRIES,ALL,LIGHT MOTOR VEHICLE|LIGHT PASSENGER VEHICLE,ALL,ALL,4,2026-07-25T06:27:32.868Z,https://vahan.parivahan.gov.in/vahan4dashboard/vahan/view/reportview.xhtml
2026,7,INDIA TOTAL,All Vahan4 Running Office,CHAMUNDA MECHANICLE WORKS,ALL,LIGHT MOTOR VEHICLE|LIGHT PASSENGER VEHICLE,ALL,ALL,1,2026-07-25T06:27:32.868Z,https://vahan.parivahan.gov.in/vahan4dashboard/vahan/view/reportview.xhtml
2026,7,INDIA TOTAL,All Vahan4 Running Office,CHARWICK ENGINEERING WORKS AP004V00001,ALL,LIGHT MOTOR VEHICLE|LIGHT PASSENGER VEHICLE,ALL,ALL,0,2026-07-25T06:27:32.868Z,https://vahan.parivahan.gov.in/vahan4dashboard/vahan/view/reportview.xhtml
2026,7,INDIA TOTAL,All Vahan4 Running Office,CNH INDUSTRIAL (INDIA) PVT LTD,ALL,LIGHT MOTOR VEHICLE|LIGHT PASSENGER VEHICLE,ALL,ALL,4280,2026-07-25T06:27:32.868Z,https://vahan.parivahan.gov.in/vahan4dashboard/vahan/view/reportview.xhtml
2026,7,INDIA TOTAL,All Vahan4 Running Office,CONMAT HEAVY INDUSTRIES PVT LTD,ALL,LIGHT MOTOR VEHICLE|LIGHT PASSENGER VEHICLE,ALL,ALL,0,2026-07-25T06:27:32.868Z,https://vahan.parivahan.gov.in/vahan4dashboard/vahan/view/reportview.xhtml
2026,7,INDIA TOTAL,All Vahan4 Running Office,COOPER CORPORATION PVT LTD,ALL,LIGHT MOTOR VEHICLE|LIGHT PASSENGER VEHICLE,ALL,ALL,2,2026-07-25T06:27:32.868Z,https://vahan.parivahan.gov.in/vahan4dashboard/vahan/view/reportview.xhtml
2026,7,INDIA TOTAL,All Vahan4 Running Office,D K DIESELS PVT LTD,ALL,LIGHT MOTOR VEHICLE|LIGHT PASSENGER VEHICLE,ALL,ALL,51,2026-07-25T06:27:32.868Z,https://vahan.parivahan.gov.in/vahan4dashboard/vahan/view/reportview.xhtml
2026,7,INDIA TOTAL,All Vahan4 Running Office,DAIMLER INDIA COMMERCIAL VEHICLES PVT. LTD,ALL,LIGHT MOTOR VEHICLE|LIGHT PASSENGER VEHICLE,ALL,ALL,0,2026-07-25T06:27:32.868Z,https://vahan.parivahan.gov.in/vahan4dashboard/vahan/view/reportview.xhtml
2026,7,INDIA TOTAL,All Vahan4 Running Office,DAIMLER INDIA COMMERCIAL VEHICLES PVT. LTD.,ALL,LIGHT MOTOR VEHICLE|LIGHT PASSENGER VEHICLE,ALL,ALL,0,2026-07-25T06:27:32.868Z,https://vahan.parivahan.gov.in/vahan4dashboard/vahan/view/reportview.xhtml
2026,7,INDIA TOTAL,All Vahan4 Running Office,DASMESH MECHANICAL WORKS PVT.LTD,ALL,LIGHT MOTOR VEHICLE|LIGHT PASSENGER VEHICLE,ALL,ALL,5,2026-07-25T06:27:32.868Z,https://vahan.parivahan.gov.in/vahan4dashboard/vahan/view/reportview.xhtml
2026,7,INDIA TOTAL,All Vahan4 Running Office,DEEPTHI ENG WORKS,ALL,LIGHT MOTOR VEHICLE|LIGHT PASSENGER VEHICLE,ALL,ALL,0,2026-07-25T06:27:32.868Z,https://vahan.parivahan.gov.in/vahan4dashboard/vahan/view/reportview.xhtml
2026,7,INDIA TOTAL,All Vahan4 Running Office,DEVI ENGG WORKS AP235530181,ALL,LIGHT MOTOR VEHICLE|LIGHT PASSENGER VEHICLE,ALL,ALL,0,2026-07-25T06:27:32.868Z,https://vahan.parivahan.gov.in/vahan4dashboard/vahan/view/reportview.xhtml
2026,7,INDIA TOTAL,All Vahan4 Running Office,DHANALAKSHMI ENGINEERING WORKS,ALL,LIGHT MOTOR VEHICLE|LIGHT PASSENGER VEHICLE,ALL,ALL,0,2026-07-25T06:27:32.868Z,https://vahan.parivahan.gov.in/vahan4dashboard/vahan/view/reportview.xhtml
2026,7,INDIA TOTAL,All Vahan4 Running Office,DHANLAXMI FABRICATORS,ALL,LIGHT MOTOR VEHICLE|LIGHT PASSENGER VEHICLE,ALL,ALL,3,2026-07-25T06:27:32.868Z,https://vahan.parivahan.gov.in/vahan4dashboard/vahan/view/reportview.xhtml
2026,7,INDIA TOTAL,All Vahan4 Running Office,DHARTI AGRICULTURE WORKS,ALL,LIGHT MOTOR VEHICLE|LIGHT PASSENGER VEHICLE,ALL,ALL,0,2026-07-25T06:27:32.868Z,https://vahan.parivahan.gov.in/vahan4dashboard/vahan/view/reportview.xhtml
2026,7,INDIA TOTAL,All Vahan4 Running Office,DHARTI AGROTECH,ALL,LIGHT MOTOR VEHICLE|LIGHT PASSENGER VEHICLE,ALL,ALL,1,2026-07-25T06:27:32.868Z,https://vahan.parivahan.gov.in/vahan4dashboard/vahan/view/reportview.xhtml
2026,7,INDIA TOTAL,All Vahan4 Running Office,"DIAMOND ENGG,CTC",ALL,LIGHT MOTOR VEHICLE|LIGHT PASSENGER VEHICLE,ALL,ALL,0,2026-07-25T06:27:32.868Z,https://vahan.parivahan.gov.in/vahan4dashboard/vahan/view/reportview.xhtml
2026,7,INDIA TOTAL,All Vahan4 Running Office,DIVYA AGRICULTURE WORKS,ALL,LIGHT MOTOR VEHICLE|LIGHT PASSENGER VEHICLE,ALL,ALL,0,2026-07-25T06:27:32.868Z,https://vahan.parivahan.gov.in/vahan4dashboard/vahan/view/reportview.xhtml
2026,7,INDIA TOTAL,All Vahan4 Running Office,DIVYA VARALAKSHMI INDUSTRY,ALL,LIGHT MOTOR VEHICLE|LIGHT PASSENGER VEHICLE,ALL,ALL,1,2026-07-25T06:27:32.868Z,https://vahan.parivahan.gov.in/vahan4dashboard/vahan/view/reportview.xhtml
2026,7,INDIA TOTAL,All Vahan4 Running Office,DOOSAN BOBCAT INDIA PVT LTD,ALL,LIGHT MOTOR VEHICLE|LIGHT PASSENGER VEHICLE,ALL,ALL,3,2026-07-25T06:27:32.868Z,https://vahan.parivahan.gov.in/vahan4dashboard/vahan/view/reportview.xhtml
2026,7,INDIA TOTAL,All Vahan4 Running Office,DURGA MECHANIC WORKS,ALL,LIGHT MOTOR VEHICLE|LIGHT PASSENGER VEHICLE,ALL,ALL,0,2026-07-25T06:27:32.868Z,https://vahan.parivahan.gov.in/vahan4dashboard/vahan/view/reportview.xhtml
2026,7,INDIA TOTAL,All Vahan4 Running Office,DYS IMPEX PVT LTD,ALL,LIGHT MOTOR VEHICLE|LIGHT PASSENGER VEHICLE,ALL,ALL,0,2026-07-25T06:27:32.868Z,https://vahan.parivahan.gov.in/vahan4dashboard/vahan/view/reportview.xhtml
2026,7,INDIA TOTAL,All Vahan4 Running Office,EAGLE AGRO INSUTRIES,ALL,LIGHT MOTOR VEHICLE|LIGHT PASSENGER VEHICLE,ALL,ALL,3,2026-07-25T06:27:32.868Z,https://vahan.parivahan.gov.in/vahan4dashboard/vahan/view/reportview.xhtml
2026,7,INDIA TOTAL,All Vahan4 Running Office,EICHER MOTORS LTD,ALL,LIGHT MOTOR VEHICLE|LIGHT PASSENGER VEHICLE,ALL,ALL,0,2026-07-25T06:27:32.868Z,https://vahan.parivahan.gov.in/vahan4dashboard/vahan/view/reportview.xhtml
2026,7,INDIA TOTAL,All Vahan4 Running Office,EICHER POLARIS PVT. LTD.,ALL,LIGHT MOTOR VEHICLE|LIGHT PASSENGER VEHICLE,ALL,ALL,0,2026-07-25T06:27:32.868Z,https://vahan.parivahan.gov.in/vahan4dashboard/vahan/view/reportview.xhtml
2026,7,INDIA TOTAL,All Vahan4 Running Office,EICHER TRACTORS,ALL,LIGHT MOTOR VEHICLE|LIGHT PASSENGER VEHICLE,ALL,ALL,5846,2026-07-25T06:27:32.868Z,https://vahan.parivahan.gov.in/vahan4dashboard/vahan/view/reportview.xhtml
2026,7,INDIA TOTAL,All Vahan4 Running Office,ESCORTS CONSTRUCTION EQUIPMENT LTD,ALL,LIGHT MOTOR VEHICLE|LIGHT PASSENGER VEHICLE,ALL,ALL,13,2026-07-25T06:27:32.868Z,https://vahan.parivahan.gov.in/vahan4dashboard/vahan/view/reportview.xhtml
2026,7,INDIA TOTAL,All Vahan4 Running Office,ESCORTS KUBOTA LIMITED (AGRI MACHINERY GROUP),ALL,LIGHT MOTOR VEHICLE|LIGHT PASSENGER VEHICLE,ALL,ALL,9644,2026-07-25T06:27:32.868Z,https://vahan.parivahan.gov.in/vahan4dashboard/vahan/view/reportview.xhtml
2026,7,INDIA TOTAL,All Vahan4 Running Office,ESCORTS KUBOTA LIMITED (CONSTRUCTION EQUIPMENT),ALL,LIGHT MOTOR VEHICLE|LIGHT PASSENGER VEHICLE,ALL,ALL,8,2026-07-25T06:27:32.868Z,https://vahan.parivahan.gov.in/vahan4dashboard/vahan/view/reportview.xhtml
2026,7,INDIA TOTAL,All Vahan4 Running Office,ESCORTS LTD,ALL,LIGHT MOTOR VEHICLE|LIGHT PASSENGER VEHICLE,ALL,ALL,1,2026-07-25T06:27:32.868Z,https://vahan.parivahan.gov.in/vahan4dashboard/vahan/view/reportview.xhtml
2026,7,INDIA TOTAL,All Vahan4 Running Office,ESCORTS TRACTORS LTD,ALL,LIGHT MOTOR VEHICLE|LIGHT PASSENGER VEHICLE,ALL,ALL,0,2026-07-25T06:27:32.868Z,https://vahan.parivahan.gov.in/vahan4dashboard/vahan/view/reportview.xhtml
2026,7,INDIA TOTAL,All Vahan4 Running Office,EVCO AUTOMOBILES PVT LTD,ALL,LIGHT MOTOR VEHICLE|LIGHT PASSENGER VEHICLE,ALL,ALL,1,2026-07-25T06:27:32.868Z,https://vahan.parivahan.gov.in/vahan4dashboard/vahan/view/reportview.xhtml
2026,7,INDIA TOTAL,All Vahan4 Running Office,FERRARI SPA,ALL,LIGHT MOTOR VEHICLE|LIGHT PASSENGER VEHICLE,ALL,ALL,0,2026-07-25T06:27:32.868Z,https://vahan.parivahan.gov.in/vahan4dashboard/vahan/view/reportview.xhtml
2026,7,INDIA TOTAL,All Vahan4 Running Office,FERRARI SPA (IMPORTER:NAVNIT MOTORS PVT LTD),ALL,LIGHT MOTOR VEHICLE|LIGHT PASSENGER VEHICLE,ALL,ALL,3,2026-07-25T06:27:32.868Z,https://vahan.parivahan.gov.in/vahan4dashboard/vahan/view/reportview.xhtml
2026,7,INDIA TOTAL,All Vahan4 Running Office,FERRARI SPA (IMPORTER:SELECT CARS P LTD),ALL,LIGHT MOTOR VEHICLE|LIGHT PASSENGER VEHICLE,ALL,ALL,4,2026-07-25T06:27:32.868Z,https://vahan.parivahan.gov.in/vahan4dashboard/vahan/view/reportview.xhtml
2026,7,INDIA TOTAL,All Vahan4 Running Office,FIELDTRACK EARTHMOVERS PVT LTD,ALL,LIGHT MOTOR VEHICLE|LIGHT PASSENGER VEHICLE,ALL,ALL,14,2026-07-25T06:27:32.868Z,https://vahan.parivahan.gov.in/vahan4dashboard/vahan/view/reportview.xhtml
2026,7,INDIA TOTAL,All Vahan4 Running Office,FIORI CONCRETE MACHINES INDIA PVT LTD,ALL,LIGHT MOTOR VEHICLE|LIGHT PASSENGER VEHICLE,ALL,ALL,1,2026-07-25T06:27:32.868Z,https://vahan.parivahan.gov.in/vahan4dashboard/vahan/view/reportview.xhtml
2026,7,INDIA TOTAL,All Vahan4 Running Office,FORCE MOTORS LIMITED,ALL,LIGHT MOTOR VEHICLE|LIGHT PASSENGER VEHICLE,ALL,ALL,2792,2026-07-25T06:27:32.868Z,https://vahan.parivahan.gov.in/vahan4dashboard/vahan/view/reportview.xhtml
2026,7,INDIA TOTAL,All Vahan4 Running Office,FORD INDIA PVT LTD,ALL,LIGHT MOTOR VEHICLE|LIGHT PASSENGER VEHICLE,ALL,ALL,0,2026-07-25T06:27:32.868Z,https://vahan.parivahan.gov.in/vahan4dashboard/vahan/view/reportview.xhtml
2026,7,INDIA TOTAL,All Vahan4 Running Office,FORD USA MILITARY BANTAM,ALL,LIGHT MOTOR VEHICLE|LIGHT PASSENGER VEHICLE,ALL,ALL,0,2026-07-25T06:27:32.868Z,https://vahan.parivahan.gov.in/vahan4dashboard/vahan/view/reportview.xhtml
2026,7,INDIA TOTAL,All Vahan4 Running Office,FRIENDS ENGINEERING WORKS,ALL,LIGHT MOTOR VEHICLE|LIGHT PASSENGER VEHICLE,ALL,ALL,0,2026-07-25T06:27:32.868Z,https://vahan.parivahan.gov.in/vahan4dashboard/vahan/view/reportview.xhtml
2026,7,INDIA TOTAL,All Vahan4 Running Office,GAHIR AGRICULTURE INDUSTRIES,ALL,LIGHT MOTOR VEHICLE|LIGHT PASSENGER VEHICLE,ALL,ALL,0,2026-07-25T06:27:32.868Z,https://vahan.parivahan.gov.in/vahan4dashboard/vahan/view/reportview.xhtml
2026,7,INDIA TOTAL,All Vahan4 Running Office,GANESH AGRICULTURE WORKS,ALL,LIGHT MOTOR VEHICLE|LIGHT PASSENGER VEHICLE,ALL,ALL,2,2026-07-25T06:27:32.868Z,https://vahan.parivahan.gov.in/vahan4dashboard/vahan/view/reportview.xhtml
2026,7,INDIA TOTAL,All Vahan4 Running Office,GANESH AGRO INDUSTRIES,ALL,LIGHT MOTOR VEHICLE|LIGHT PASSENGER VEHICLE,ALL,ALL,0,2026-07-25T06:27:32.868Z,https://vahan.parivahan.gov.in/vahan4dashboard/vahan/view/reportview.xhtml
2026,7,INDIA TOTAL,All Vahan4 Running Office,GANESH ENGG WORKS,ALL,LIGHT MOTOR VEHICLE|LIGHT PASSENGER VEHICLE,ALL,ALL,0,2026-07-25T06:27:32.868Z,https://vahan.parivahan.gov.in/vahan4dashboard/vahan/view/reportview.xhtml
2026,7,INDIA TOTAL,All Vahan4 Running Office,GANESH ENGINEERING WORKS AP118063632,ALL,LIGHT MOTOR VEHICLE|LIGHT PASSENGER VEHICLE,ALL,ALL,0,2026-07-25T06:27:32.868Z,https://vahan.parivahan.gov.in/vahan4dashboard/vahan/view/reportview.xhtml
2026,7,INDIA TOTAL,All Vahan4 Running Office,GANGA ENGINEERING WORKS,ALL,LIGHT MOTOR VEHICLE|LIGHT PASSENGER VEHICLE,ALL,ALL,0,2026-07-25T06:27:32.868Z,https://vahan.parivahan.gov.in/vahan4dashboard/vahan/view/reportview.xhtml
2026,7,INDIA TOTAL,All Vahan4 Running Office,GANPATI AGRO INDUSTRIES,ALL,LIGHT MOTOR VEHICLE|LIGHT PASSENGER VEHICLE,ALL,ALL,0,2026-07-25T06:27:32.868Z,https://vahan.parivahan.gov.in/vahan4dashboard/vahan/view/reportview.xhtml
2026,7,INDIA TOTAL,All Vahan4 Running Office,GAYATRI AGRO INDUSTRIES,ALL,LIGHT MOTOR VEHICLE|LIGHT PASSENGER VEHICLE,ALL,ALL,0,2026-07-25T06:27:32.868Z,https://vahan.parivahan.gov.in/vahan4dashboard/vahan/view/reportview.xhtml
2026,7,INDIA TOTAL,All Vahan4 Running Office,GAYATRI ELECTRIC VEHICLES PVT LTD,ALL,LIGHT MOTOR VEHICLE|LIGHT PASSENGER VEHICLE,ALL,ALL,2,2026-07-25T06:27:32.868Z,https://vahan.parivahan.gov.in/vahan4dashboard/vahan/view/reportview.xhtml
2026,7,INDIA TOTAL,All Vahan4 Running Office,GENERAL MOTORS INDIA PVT LTD,ALL,LIGHT MOTOR VEHICLE|LIGHT PASSENGER VEHICLE,ALL,ALL,0,2026-07-25T06:27:32.868Z,https://vahan.parivahan.gov.in/vahan4dashboard/vahan/view/reportview.xhtml
2026,7,INDIA TOTAL,All Vahan4 Running Office,GIRIRAJ TRACTOR,ALL,LIGHT MOTOR VEHICLE|LIGHT PASSENGER VEHICLE,ALL,ALL,0,2026-07-25T06:27:32.868Z,https://vahan.parivahan.gov.in/vahan4dashboard/vahan/view/reportview.xhtml
2026,7,INDIA TOTAL,All Vahan4 Running Office,GOPAL ENGG. WORKS,ALL,LIGHT MOTOR VEHICLE|LIGHT PASSENGER VEHICLE,ALL,ALL,0,2026-07-25T06:27:32.868Z,https://vahan.parivahan.gov.in/vahan4dashboard/vahan/view/reportview.xhtml
2026,7,INDIA TOTAL,All Vahan4 Running Office,GRANT AGRO INDUSTRIES,ALL,LIGHT MOTOR VEHICLE|LIGHT PASSENGER VEHICLE,ALL,ALL,2,2026-07-25T06:27:32.868Z,https://vahan.parivahan.gov.in/vahan4dashboard/vahan/view/reportview.xhtml
2026,7,INDIA TOTAL,All Vahan4 Running Office,GREEN EVOLVE PVT LTD,ALL,LIGHT MOTOR VEHICLE|LIGHT PASSENGER VEHICLE,ALL,ALL,5,2026-07-25T06:27:32.868Z,https://vahan.parivahan.gov.in/vahan4dashboard/vahan/view/reportview.xhtml
2026,7,INDIA TOTAL,All Vahan4 Running Office,GROMAX AGRI EQUIPMENT LTD,ALL,LIGHT MOTOR VEHICLE|LIGHT PASSENGER VEHICLE,ALL,ALL,379,2026-07-25T06:27:32.868Z,https://vahan.parivahan.gov.in/vahan4dashboard/vahan/view/reportview.xhtml
2026,7,INDIA TOTAL,All Vahan4 Running Office,GROVE INDIA PVT LTD,ALL,LIGHT MOTOR VEHICLE|LIGHT PASSENGER VEHICLE,ALL,ALL,0,2026-07-25T06:27:32.868Z,https://vahan.parivahan.gov.in/vahan4dashboard/vahan/view/reportview.xhtml
2026,7,INDIA TOTAL,All Vahan4 Running Office,GURU NANAK INDUSTRIES PVT LTD,ALL,LIGHT MOTOR VEHICLE|LIGHT PASSENGER VEHICLE,ALL,ALL,0,2026-07-25T06:27:32.868Z,https://vahan.parivahan.gov.in/vahan4dashboard/vahan/view/reportview.xhtml
2026,7,INDIA TOTAL,All Vahan4 Running Office,GURUKRAPA ENGINEERING WORKS,ALL,LIGHT MOTOR VEHICLE|LIGHT PASSENGER VEHICLE,ALL,ALL,1,2026-07-25T06:27:32.868Z,https://vahan.parivahan.gov.in/vahan4dashboard/vahan/view/reportview.xhtml
2026,7,INDIA TOTAL,All Vahan4 Running Office,GURUKRUPA ENGINEERING,ALL,LIGHT MOTOR VEHICLE|LIGHT PASSENGER VEHICLE,ALL,ALL,0,2026-07-25T06:27:32.868Z,https://vahan.parivahan.gov.in/vahan4dashboard/vahan/view/reportview.xhtml
2026,7,INDIA TOTAL,All Vahan4 Running Office,GURUKRUPA WELDING WORKS,ALL,LIGHT MOTOR VEHICLE|LIGHT PASSENGER VEHICLE,ALL,ALL,0,2026-07-25T06:27:32.868Z,https://vahan.parivahan.gov.in/vahan4dashboard/vahan/view/reportview.xhtml
2026,7,INDIA TOTAL,All Vahan4 Running Office,GURUNANAK INDUSTRIES PVT LTD,ALL,LIGHT MOTOR VEHICLE|LIGHT PASSENGER VEHICLE,ALL,ALL,0,2026-07-25T06:27:32.868Z,https://vahan.parivahan.gov.in/vahan4dashboard/vahan/view/reportview.xhtml
2026,7,INDIA TOTAL,All Vahan4 Running Office,H H AGROTECH,ALL,LIGHT MOTOR VEHICLE|LIGHT PASSENGER VEHICLE,ALL,ALL,0,2026-07-25T06:27:32.868Z,https://vahan.parivahan.gov.in/vahan4dashboard/vahan/view/reportview.xhtml
2026,7,INDIA TOTAL,All Vahan4 Running Office,HAMM AG,ALL,LIGHT MOTOR VEHICLE|LIGHT PASSENGER VEHICLE,ALL,ALL,0,2026-07-25T06:27:32.868Z,https://vahan.parivahan.gov.in/vahan4dashboard/vahan/view/reportview.xhtml
2026,7,INDIA TOTAL,All Vahan4 Running Office,HANUMAN AGRO INDUSTRIES,ALL,LIGHT MOTOR VEHICLE|LIGHT PASSENGER VEHICLE,ALL,ALL,0,2026-07-25T06:27:32.868Z,https://vahan.parivahan.gov.in/vahan4dashboard/vahan/view/reportview.xhtml
2026,7,INDIA TOTAL,All Vahan4 Running Office,HARI OM SAI ENGINEERING,ALL,LIGHT MOTOR VEHICLE|LIGHT PASSENGER VEHICLE,ALL,ALL,1,2026-07-25T06:27:32.868Z,https://vahan.parivahan.gov.in/vahan4dashboard/vahan/view/reportview.xhtml
2026,7,INDIA TOTAL,All Vahan4 Running Office,HARSORA IRON WORKS,ALL,LIGHT MOTOR VEHICLE|LIGHT PASSENGER VEHICLE,ALL,ALL,0,2026-07-25T06:27:32.868Z,https://vahan.parivahan.gov.in/vahan4dashboard/vahan/view/reportview.xhtml
2026,7,INDIA TOTAL,All Vahan4 Running Office,HD HYUNDAI CONSTRUCTION EQUIPMENT INDIA PVT LTD,ALL,LIGHT MOTOR VEHICLE|LIGHT PASSENGER VEHICLE,ALL,ALL,0,2026-07-25T06:27:32.868Z,https://vahan.parivahan.gov.in/vahan4dashboard/vahan/view/reportview.xhtml
2026,7,INDIA TOTAL,All Vahan4 Running Office,HEMAVATHI AGRO INDUSTRIES,ALL,LIGHT MOTOR VEHICLE|LIGHT PASSENGER VEHICLE,ALL,ALL,0,2026-07-25T06:27:32.868Z,https://vahan.parivahan.gov.in/vahan4dashboard/vahan/view/reportview.xhtml
2026,7,INDIA TOTAL,All Vahan4 Running Office,HERO MOTOCORP LTD,ALL,LIGHT MOTOR VEHICLE|LIGHT PASSENGER VEHICLE,ALL,ALL,0,2026-07-25T06:27:32.868Z,https://vahan.parivahan.gov.in/vahan4dashboard/vahan/view/reportview.xhtml
2026,7,INDIA TOTAL,All Vahan4 Running Office,HET TRAILOR,ALL,LIGHT MOTOR VEHICLE|LIGHT PASSENGER VEHICLE,ALL,ALL,0,2026-07-25T06:27:32.868Z,https://vahan.parivahan.gov.in/vahan4dashboard/vahan/view/reportview.xhtml
2026,7,INDIA TOTAL,All Vahan4 Running Office,HEXALL MOTORS PVT LTD,ALL,LIGHT MOTOR VEHICLE|LIGHT PASSENGER VEHICLE,ALL,ALL,3,2026-07-25T06:27:32.868Z,https://vahan.parivahan.gov.in/vahan4dashboard/vahan/view/reportview.xhtml
2026,7,INDIA TOTAL,All Vahan4 Running Office,HI TECH ENGINEERING BHADRAK CHARAMPA,ALL,LIGHT MOTOR VEHICLE|LIGHT PASSENGER VEHICLE,ALL,ALL,0,2026-07-25T06:27:32.868Z,https://vahan.parivahan.gov.in/vahan4dashboard/vahan/view/reportview.xhtml
2026,7,INDIA TOTAL,All Vahan4 Running Office,HIMANI AGRO INDUSTRIES,ALL,LIGHT MOTOR VEHICLE|LIGHT PASSENGER VEHICLE,ALL,ALL,1,2026-07-25T06:27:32.868Z,https://vahan.parivahan.gov.in/vahan4dashboard/vahan/view/reportview.xhtml
2026,7,INDIA TOTAL,All Vahan4 Running Office,HINDUSTAN AGRICULTURAL IMPLEMENTS ANTPR,ALL,LIGHT MOTOR VEHICLE|LIGHT PASSENGER VEHICLE,ALL,ALL,0,2026-07-25T06:27:32.868Z,https://vahan.parivahan.gov.in/vahan4dashboard/vahan/view/reportview.xhtml
2026,7,INDIA TOTAL,All Vahan4 Running Office,HINDUSTAN AGRO INDUSTRIES,ALL,LIGHT MOTOR VEHICLE|LIGHT PASSENGER VEHICLE,ALL,ALL,0,2026-07-25T06:27:32.868Z,https://vahan.parivahan.gov.in/vahan4dashboard/vahan/view/reportview.xhtml
2026,7,INDIA TOTAL,All Vahan4 Running Office,HINDUSTAN ENGINEERING WORKS AP312870753,ALL,LIGHT MOTOR VEHICLE|LIGHT PASSENGER VEHICLE,ALL,ALL,2,2026-07-25T06:27:32.868Z,https://vahan.parivahan.gov.in/vahan4dashboard/vahan/view/reportview.xhtml
2026,7,INDIA TOTAL,All Vahan4 Running Office,HINDUSTAN MOTORS LTD,ALL,LIGHT MOTOR VEHICLE|LIGHT PASSENGER VEHICLE,ALL,ALL,0,2026-07-25T06:27:32.868Z,https://vahan.parivahan.gov.in/vahan4dashboard/vahan/view/reportview.xhtml
2026,7,INDIA TOTAL,All Vahan4 Running Office,HIREN ENGINEERING WORKS,ALL,LIGHT MOTOR VEHICLE|LIGHT PASSENGER VEHICLE,ALL,ALL,0,2026-07-25T06:27:32.868Z,https://vahan.parivahan.gov.in/vahan4dashboard/vahan/view/reportview.xhtml
2026,7,INDIA TOTAL,All Vahan4 Running Office,HITENDRA WELDING WORKS,ALL,LIGHT MOTOR VEHICLE|LIGHT PASSENGER VEHICLE,ALL,ALL,3,2026-07-25T06:27:32.868Z,https://vahan.parivahan.gov.in/vahan4dashboard/vahan/view/reportview.xhtml
2026,7,INDIA TOTAL,All Vahan4 Running Office,HOLLAND TRACTORS PVT LTD,ALL,LIGHT MOTOR VEHICLE|LIGHT PASSENGER VEHICLE,ALL,ALL,0,2026-07-25T06:27:32.868Z,https://vahan.parivahan.gov.in/vahan4dashboard/vahan/view/reportview.xhtml
2026,7,INDIA TOTAL,All Vahan4 Running Office,HONDA CARS INDIA LTD,ALL,LIGHT MOTOR VEHICLE|LIGHT PASSENGER VEHICLE,ALL,ALL,4327,2026-07-25T06:27:32.868Z,https://vahan.parivahan.gov.in/vahan4dashboard/vahan/view/reportview.xhtml
2026,7,INDIA TOTAL,All Vahan4 Running Office,HONDA MOTORCYCLE AND SCOOTER INDIA (P) LTD,ALL,LIGHT MOTOR VEHICLE|LIGHT PASSENGER VEHICLE,ALL,ALL,0,2026-07-25T06:27:32.868Z,https://vahan.parivahan.gov.in/vahan4dashboard/vahan/view/reportview.xhtml
2026,7,INDIA TOTAL,All Vahan4 Running Office,HYUNDAI MOTOR INDIA LTD,ALL,LIGHT MOTOR VEHICLE|LIGHT PASSENGER VEHICLE,ALL,ALL,35432,2026-07-25T06:27:32.868Z,https://vahan.parivahan.gov.in/vahan4dashboard/vahan/view/reportview.xhtml
2026,7,INDIA TOTAL,All Vahan4 Running Office,INDIA YAMAHA MOTOR PVT LTD,ALL,LIGHT MOTOR VEHICLE|LIGHT PASSENGER VEHICLE,ALL,ALL,1,2026-07-25T06:27:32.868Z,https://vahan.parivahan.gov.in/vahan4dashboard/vahan/view/reportview.xhtml
2026,7,INDIA TOTAL,All Vahan4 Running Office,INDO FARM EQUIPMENT LIMITED,ALL,LIGHT MOTOR VEHICLE|LIGHT PASSENGER VEHICLE,ALL,ALL,274,2026-07-25T06:27:32.868Z,https://vahan.parivahan.gov.in/vahan4dashboard/vahan/view/reportview.xhtml
2026,7,INDIA TOTAL,All Vahan4 Running Office,INFRA BAZAAR TECH PVT LTD,ALL,LIGHT MOTOR VEHICLE|LIGHT PASSENGER VEHICLE,ALL,ALL,0,2026-07-25T06:27:32.868Z,https://vahan.parivahan.gov.in/vahan4dashboard/vahan/view/reportview.xhtml
2026,7,INDIA TOTAL,All Vahan4 Running Office,INTERNATIONAL TRACTORS LIMITED,ALL,LIGHT MOTOR VEHICLE|LIGHT PASSENGER VEHICLE,ALL,ALL,12052,2026-07-25T06:27:32.868Z,https://vahan.parivahan.gov.in/vahan4dashboard/vahan/view/reportview.xhtml
2026,7,INDIA TOTAL,All Vahan4 Running Office,ISUZU MOTORS INDIA PVT LTD,ALL,LIGHT MOTOR VEHICLE|LIGHT PASSENGER VEHICLE,ALL,ALL,49,2026-07-25T06:27:32.868Z,https://vahan.parivahan.gov.in/vahan4dashboard/vahan/view/reportview.xhtml
2026,7,INDIA TOTAL,All Vahan4 Running Office,JADHAV AGRO INDUSTRIES PVT. LTD.,ALL,LIGHT MOTOR VEHICLE|LIGHT PASSENGER VEHICLE,ALL,ALL,1,2026-07-25T06:27:32.868Z,https://vahan.parivahan.gov.in/vahan4dashboard/vahan/view/reportview.xhtml
2026,7,INDIA TOTAL,All Vahan4 Running Office,JAGDAMBA TRAILERS PVT LTD,ALL,LIGHT MOTOR VEHICLE|LIGHT PASSENGER VEHICLE,ALL,ALL,1,2026-07-25T06:27:32.868Z,https://vahan.parivahan.gov.in/vahan4dashboard/vahan/view/reportview.xhtml
2026,7,INDIA TOTAL,All Vahan4 Running Office,JAGUAR LAND ROVER INDIA LIMITED,ALL,LIGHT MOTOR VEHICLE|LIGHT PASSENGER VEHICLE,ALL,ALL,455,2026-07-25T06:27:32.869Z,https://vahan.parivahan.gov.in/vahan4dashboard/vahan/view/reportview.xhtml
2026,7,INDIA TOTAL,All Vahan4 Running Office,JAGUAR LAND ROVER LIMITED UK,ALL,LIGHT MOTOR VEHICLE|LIGHT PASSENGER VEHICLE,ALL,ALL,0,2026-07-25T06:27:32.869Z,https://vahan.parivahan.gov.in/vahan4dashboard/vahan/view/reportview.xhtml
2026,7,INDIA TOTAL,All Vahan4 Running Office,JAHANVI INDUSTRIES,ALL,LIGHT MOTOR VEHICLE|LIGHT PASSENGER VEHICLE,ALL,ALL,1,2026-07-25T06:27:32.869Z,https://vahan.parivahan.gov.in/vahan4dashboard/vahan/view/reportview.xhtml
2026,7,INDIA TOTAL,All Vahan4 Running Office,JAI BAJRANG ENGINEERING WORKS,ALL,LIGHT MOTOR VEHICLE|LIGHT PASSENGER VEHICLE,ALL,ALL,0,2026-07-25T06:27:32.869Z,https://vahan.parivahan.gov.in/vahan4dashboard/vahan/view/reportview.xhtml
2026,7,INDIA TOTAL,All Vahan4 Running Office,JAI BHARATI ENGINEERING WORKS AP105380083,ALL,LIGHT MOTOR VEHICLE|LIGHT PASSENGER VEHICLE,ALL,ALL,4,2026-07-25T06:27:32.869Z,https://vahan.parivahan.gov.in/vahan4dashboard/vahan/view/reportview.xhtml
2026,7,INDIA TOTAL,All Vahan4 Running Office,JAI BHAVANI ENGINEERING WORKS,ALL,LIGHT MOTOR VEHICLE|LIGHT PASSENGER VEHICLE,ALL,ALL,30,2026-07-25T06:27:32.869Z,https://vahan.parivahan.gov.in/vahan4dashboard/vahan/view/reportview.xhtml
2026,7,INDIA TOTAL,All Vahan4 Running Office,JAI SRI RAM ELECTRIC VEHICLE MANUFACTURING PVT LTD,ALL,LIGHT MOTOR VEHICLE|LIGHT PASSENGER VEHICLE,ALL,ALL,1,2026-07-25T06:27:32.869Z,https://vahan.parivahan.gov.in/vahan4dashboard/vahan/view/reportview.xhtml
2026,7,INDIA TOTAL,All Vahan4 Running Office,JAY AGRO INDUSTRIES,ALL,LIGHT MOTOR VEHICLE|LIGHT PASSENGER VEHICLE,ALL,ALL,9,2026-07-25T06:27:32.869Z,https://vahan.parivahan.gov.in/vahan4dashboard/vahan/view/reportview.xhtml
2026,7,INDIA TOTAL,All Vahan4 Running Office,JAY ARJUN AGRO INDUSTRIES,ALL,LIGHT MOTOR VEHICLE|LIGHT PASSENGER VEHICLE,ALL,ALL,4,2026-07-25T06:27:32.869Z,https://vahan.parivahan.gov.in/vahan4dashboard/vahan/view/reportview.xhtml
2026,7,INDIA TOTAL,All Vahan4 Running Office,JAY BHAVANI TRAILOR,ALL,LIGHT MOTOR VEHICLE|LIGHT PASSENGER VEHICLE,ALL,ALL,0,2026-07-25T06:27:32.869Z,https://vahan.parivahan.gov.in/vahan4dashboard/vahan/view/reportview.xhtml
2026,7,INDIA TOTAL,All Vahan4 Running Office,JAY CHAMUNDA ENGG WORKS,ALL,LIGHT MOTOR VEHICLE|LIGHT PASSENGER VEHICLE,ALL,ALL,4,2026-07-25T06:27:32.869Z,https://vahan.parivahan.gov.in/vahan4dashboard/vahan/view/reportview.xhtml
2026,7,INDIA TOTAL,All Vahan4 Running Office,JAY CHAMUNDA KRUPA WELDING WORKS,ALL,LIGHT MOTOR VEHICLE|LIGHT PASSENGER VEHICLE,ALL,ALL,0,2026-07-25T06:27:32.869Z,https://vahan.parivahan.gov.in/vahan4dashboard/vahan/view/reportview.xhtml
2026,7,INDIA TOTAL,All Vahan4 Running Office,JAY CHEHER TRECKNO FEBRICATION,ALL,LIGHT MOTOR VEHICLE|LIGHT PASSENGER VEHICLE,ALL,ALL,2,2026-07-25T06:27:32.869Z,https://vahan.parivahan.gov.in/vahan4dashboard/vahan/view/reportview.xhtml
2026,7,INDIA TOTAL,All Vahan4 Running Office,JAY GURUDEV TRAILER,ALL,LIGHT MOTOR VEHICLE|LIGHT PASSENGER VEHICLE,ALL,ALL,1,2026-07-25T06:27:32.869Z,https://vahan.parivahan.gov.in/vahan4dashboard/vahan/view/reportview.xhtml
2026,7,INDIA TOTAL,All Vahan4 Running Office,JAY JANARDAN TRAILOR,ALL,LIGHT MOTOR VEHICLE|LIGHT PASSENGER VEHICLE,ALL,ALL,0,2026-07-25T06:27:32.869Z,https://vahan.parivahan.gov.in/vahan4dashboard/vahan/view/reportview.xhtml
2026,7,INDIA TOTAL,All Vahan4 Running Office,JAY KISAN AGRO INDUSTRIES,ALL,LIGHT MOTOR VEHICLE|LIGHT PASSENGER VEHICLE,ALL,ALL,12,2026-07-25T06:27:32.869Z,https://vahan.parivahan.gov.in/vahan4dashboard/vahan/view/reportview.xhtml
2026,7,INDIA TOTAL,All Vahan4 Running Office,JAY KISHAN TRAILER & ENGINEERING WORKS,ALL,LIGHT MOTOR VEHICLE|LIGHT PASSENGER VEHICLE,ALL,ALL,0,2026-07-25T06:27:32.869Z,https://vahan.parivahan.gov.in/vahan4dashboard/vahan/view/reportview.xhtml
2026,7,INDIA TOTAL,All Vahan4 Running Office,JAY YOGESHWAR INDUSTRIES,ALL,LIGHT MOTOR VEHICLE|LIGHT PASSENGER VEHICLE,ALL,ALL,0,2026-07-25T06:27:32.869Z,https://vahan.parivahan.gov.in/vahan4dashboard/vahan/view/reportview.xhtml
2026,7,INDIA TOTAL,All Vahan4 Running Office,JAYA AUTOMOTIVES PVT LTD,ALL,LIGHT MOTOR VEHICLE|LIGHT PASSENGER VEHICLE,ALL,ALL,0,2026-07-25T06:27:32.869Z,https://vahan.parivahan.gov.in/vahan4dashboard/vahan/view/reportview.xhtml
2026,7,INDIA TOTAL,All Vahan4 Running Office,JAYA LAKSHMI ENGINEERING WORKS,ALL,LIGHT MOTOR VEHICLE|LIGHT PASSENGER VEHICLE,ALL,ALL,1,2026-07-25T06:27:32.869Z,https://vahan.parivahan.gov.in/vahan4dashboard/vahan/view/reportview.xhtml
2026,7,INDIA TOTAL,All Vahan4 Running Office,JAYA LAKSHMI ENGINEERING WORKS AP105380085,ALL,LIGHT MOTOR VEHICLE|LIGHT PASSENGER VEHICLE,ALL,ALL,0,2026-07-25T06:27:32.869Z,https://vahan.parivahan.gov.in/vahan4dashboard/vahan/view/reportview.xhtml
2026,7,INDIA TOTAL,All Vahan4 Running Office,JAYANT ENGG CORPORATION,ALL,LIGHT MOTOR VEHICLE|LIGHT PASSENGER VEHICLE,ALL,ALL,0,2026-07-25T06:27:32.869Z,https://vahan.parivahan.gov.in/vahan4dashboard/vahan/view/reportview.xhtml
2026,7,INDIA TOTAL,All Vahan4 Running Office,JCB INDIA LIMITED,ALL,LIGHT MOTOR VEHICLE|LIGHT PASSENGER VEHICLE,ALL,ALL,41,2026-07-25T06:27:32.869Z,https://vahan.parivahan.gov.in/vahan4dashboard/vahan/view/reportview.xhtml
2026,7,INDIA TOTAL,All Vahan4 Running Office,JCB INDIA LTD,ALL,LIGHT MOTOR VEHICLE|LIGHT PASSENGER VEHICLE,ALL,ALL,0,2026-07-25T06:27:32.869Z,https://vahan.parivahan.gov.in/vahan4dashboard/vahan/view/reportview.xhtml
2026,7,INDIA TOTAL,All Vahan4 Running Office,JOHN DEERE INDIA PVT LTD(CROP SOLUTION DIV),ALL,LIGHT MOTOR VEHICLE|LIGHT PASSENGER VEHICLE,ALL,ALL,226,2026-07-25T06:27:32.869Z,https://vahan.parivahan.gov.in/vahan4dashboard/vahan/view/reportview.xhtml
2026,7,INDIA TOTAL,All Vahan4 Running Office,JOHN DEERE INDIA PVT LTD(TRACTOR DEVISION),ALL,LIGHT MOTOR VEHICLE|LIGHT PASSENGER VEHICLE,ALL,ALL,6083,2026-07-25T06:27:32.869Z,https://vahan.parivahan.gov.in/vahan4dashboard/vahan/view/reportview.xhtml
2026,7,INDIA TOTAL,All Vahan4 Running Office,JSW MG MOTOR INDIA PVT LTD,ALL,LIGHT MOTOR VEHICLE|LIGHT PASSENGER VEHICLE,ALL,ALL,5366,2026-07-25T06:27:32.869Z,https://vahan.parivahan.gov.in/vahan4dashboard/vahan/view/reportview.xhtml
2026,7,INDIA TOTAL,All Vahan4 Running Office,JVR ENGINEERING WORK SHOP KURNOOL AP118064366,ALL,LIGHT MOTOR VEHICLE|LIGHT PASSENGER VEHICLE,ALL,ALL,0,2026-07-25T06:27:32.869Z,https://vahan.parivahan.gov.in/vahan4dashboard/vahan/view/reportview.xhtml
2026,7,INDIA TOTAL,All Vahan4 Running Office,JYOTI ENGINEERING WORKS,ALL,LIGHT MOTOR VEHICLE|LIGHT PASSENGER VEHICLE,ALL,ALL,0,2026-07-25T06:27:32.869Z,https://vahan.parivahan.gov.in/vahan4dashboard/vahan/view/reportview.xhtml
2026,7,INDIA TOTAL,All Vahan4 Running Office,K S AGROTECH,ALL,LIGHT MOTOR VEHICLE|LIGHT PASSENGER VEHICLE,ALL,ALL,0,2026-07-25T06:27:32.869Z,https://vahan.parivahan.gov.in/vahan4dashboard/vahan/view/reportview.xhtml
2026,7,INDIA TOTAL,All Vahan4 Running Office,K.S. AGRICULTURAL INDUSTRIES PVT. LTD,ALL,LIGHT MOTOR VEHICLE|LIGHT PASSENGER VEHICLE,ALL,ALL,0,2026-07-25T06:27:32.869Z,https://vahan.parivahan.gov.in/vahan4dashboard/vahan/view/reportview.xhtml
2026,7,INDIA TOTAL,All Vahan4 Running Office,K.S. AGROTECH PVT LTD,ALL,LIGHT MOTOR VEHICLE|LIGHT PASSENGER VEHICLE,ALL,ALL,0,2026-07-25T06:27:32.869Z,https://vahan.parivahan.gov.in/vahan4dashboard/vahan/view/reportview.xhtml
2026,7,INDIA TOTAL,All Vahan4 Running Office,KALYANI STEEL WORKS,ALL,LIGHT MOTOR VEHICLE|LIGHT PASSENGER VEHICLE,ALL,ALL,1,2026-07-25T06:27:32.869Z,https://vahan.parivahan.gov.in/vahan4dashboard/vahan/view/reportview.xhtml
2026,7,INDIA TOTAL,All Vahan4 Running Office,KANAKADUGRA ENGINEERING,ALL,LIGHT MOTOR VEHICLE|LIGHT PASSENGER VEHICLE,ALL,ALL,0,2026-07-25T06:27:32.869Z,https://vahan.parivahan.gov.in/vahan4dashboard/vahan/view/reportview.xhtml
2026,7,INDIA TOTAL,All Vahan4 Running Office,KARS BROTHERS PVT LTD,ALL,LIGHT MOTOR VEHICLE|LIGHT PASSENGER VEHICLE,ALL,ALL,1,2026-07-25T06:27:32.869Z,https://vahan.parivahan.gov.in/vahan4dashboard/vahan/view/reportview.xhtml
2026,7,INDIA TOTAL,All Vahan4 Running Office,KARTAR TRACTORS PRIVATE LIMITED,ALL,LIGHT MOTOR VEHICLE|LIGHT PASSENGER VEHICLE,ALL,ALL,21,2026-07-25T06:27:32.869Z,https://vahan.parivahan.gov.in/vahan4dashboard/vahan/view/reportview.xhtml
2026,7,INDIA TOTAL,All Vahan4 Running Office,KASIMI AGRO INDUSTRIES,ALL,LIGHT MOTOR VEHICLE|LIGHT PASSENGER VEHICLE,ALL,ALL,9,2026-07-25T06:27:32.869Z,https://vahan.parivahan.gov.in/vahan4dashboard/vahan/view/reportview.xhtml
2026,7,INDIA TOTAL,All Vahan4 Running Office,KAVA IRON WORKS,ALL,LIGHT MOTOR VEHICLE|LIGHT PASSENGER VEHICLE,ALL,ALL,0,2026-07-25T06:27:32.869Z,https://vahan.parivahan.gov.in/vahan4dashboard/vahan/view/reportview.xhtml
2026,7,INDIA TOTAL,All Vahan4 Running Office,KHAN ENGINEERING WORKS,ALL,LIGHT MOTOR VEHICLE|LIGHT PASSENGER VEHICLE,ALL,ALL,0,2026-07-25T06:27:32.869Z,https://vahan.parivahan.gov.in/vahan4dashboard/vahan/view/reportview.xhtml
2026,7,INDIA TOTAL,All Vahan4 Running Office,KHEDUT AGRO FABS,ALL,LIGHT MOTOR VEHICLE|LIGHT PASSENGER VEHICLE,ALL,ALL,1,2026-07-25T06:27:32.869Z,https://vahan.parivahan.gov.in/vahan4dashboard/vahan/view/reportview.xhtml
2026,7,INDIA TOTAL,All Vahan4 Running Office,KIA INDIA PRIVATE LIMITED,ALL,LIGHT MOTOR VEHICLE|LIGHT PASSENGER VEHICLE,ALL,ALL,19014,2026-07-25T06:27:32.869Z,https://vahan.parivahan.gov.in/vahan4dashboard/vahan/view/reportview.xhtml
2026,7,INDIA TOTAL,All Vahan4 Running Office,KIA MOTORS CORPN,ALL,LIGHT MOTOR VEHICLE|LIGHT PASSENGER VEHICLE,ALL,ALL,0,2026-07-25T06:27:32.869Z,https://vahan.parivahan.gov.in/vahan4dashboard/vahan/view/reportview.xhtml
2026,7,INDIA TOTAL,All Vahan4 Running Office,KINETIC MOTOR COMPANY LIMITED,ALL,LIGHT MOTOR VEHICLE|LIGHT PASSENGER VEHICLE,ALL,ALL,17,2026-07-25T06:27:32.869Z,https://vahan.parivahan.gov.in/vahan4dashboard/vahan/view/reportview.xhtml
2026,7,INDIA TOTAL,All Vahan4 Running Office,KISAN AGRO INDUSTRIES,ALL,LIGHT MOTOR VEHICLE|LIGHT PASSENGER VEHICLE,ALL,ALL,0,2026-07-25T06:27:32.869Z,https://vahan.parivahan.gov.in/vahan4dashboard/vahan/view/reportview.xhtml
2026,7,INDIA TOTAL,All Vahan4 Running Office,KISAN ENGINEERING,ALL,LIGHT MOTOR VEHICLE|LIGHT PASSENGER VEHICLE,ALL,ALL,0,2026-07-25T06:27:32.869Z,https://vahan.parivahan.gov.in/vahan4dashboard/vahan/view/reportview.xhtml
2026,7,INDIA TOTAL,All Vahan4 Running Office,KISAN ENGINEERING WORKS,ALL,LIGHT MOTOR VEHICLE|LIGHT PASSENGER VEHICLE,ALL,ALL,0,2026-07-25T06:27:32.869Z,https://vahan.parivahan.gov.in/vahan4dashboard/vahan/view/reportview.xhtml
2026,7,INDIA TOTAL,All Vahan4 Running Office,KISAN ENGINEERING WORKS AP29391457,ALL,LIGHT MOTOR VEHICLE|LIGHT PASSENGER VEHICLE,ALL,ALL,3,2026-07-25T06:27:32.869Z,https://vahan.parivahan.gov.in/vahan4dashboard/vahan/view/reportview.xhtml
2026,7,INDIA TOTAL,All Vahan4 Running Office,KISAN SALES AGENCY,ALL,LIGHT MOTOR VEHICLE|LIGHT PASSENGER VEHICLE,ALL,ALL,1,2026-07-25T06:27:32.869Z,https://vahan.parivahan.gov.in/vahan4dashboard/vahan/view/reportview.xhtml
2026,7,INDIA TOTAL,All Vahan4 Running Office,KISHAN INDUSTRIES,ALL,LIGHT MOTOR VEHICLE|LIGHT PASSENGER VEHICLE,ALL,ALL,2,2026-07-25T06:27:32.869Z,https://vahan.parivahan.gov.in/vahan4dashboard/vahan/view/reportview.xhtml
2026,7,INDIA TOTAL,All Vahan4 Running Office,KK INDUSTRIES,ALL,LIGHT MOTOR VEHICLE|LIGHT PASSENGER VEHICLE,ALL,ALL,0,2026-07-25T06:27:32.869Z,https://vahan.parivahan.gov.in/vahan4dashboard/vahan/view/reportview.xhtml
2026,7,INDIA TOTAL,All Vahan4 Running Office,KN FARM EQUIPMENT PVT LTD,ALL,LIGHT MOTOR VEHICLE|LIGHT PASSENGER VEHICLE,ALL,ALL,0,2026-07-25T06:27:32.869Z,https://vahan.parivahan.gov.in/vahan4dashboard/vahan/view/reportview.xhtml
2026,7,INDIA TOTAL,All Vahan4 Running Office,KOHINOOR ENGGINEERING WORKS,ALL,LIGHT MOTOR VEHICLE|LIGHT PASSENGER VEHICLE,ALL,ALL,2,2026-07-25T06:27:32.869Z,https://vahan.parivahan.gov.in/vahan4dashboard/vahan/view/reportview.xhtml
2026,7,INDIA TOTAL,All Vahan4 Running Office,KRISHNA AGRO ENGI,ALL,LIGHT MOTOR VEHICLE|LIGHT PASSENGER VEHICLE,ALL,ALL,0,2026-07-25T06:27:32.869Z,https://vahan.parivahan.gov.in/vahan4dashboard/vahan/view/reportview.xhtml
2026,7,INDIA TOTAL,All Vahan4 Running Office,KRUP P,ALL,LIGHT MOTOR VEHICLE|LIGHT PASSENGER VEHICLE,ALL,ALL,0,2026-07-25T06:27:32.869Z,https://vahan.parivahan.gov.in/vahan4dashboard/vahan/view/reportview.xhtml
2026,7,INDIA TOTAL,All Vahan4 Running Office,KRUSHI KISAN TRAILORS,ALL,LIGHT MOTOR VEHICLE|LIGHT PASSENGER VEHICLE,ALL,ALL,1,2026-07-25T06:27:32.869Z,https://vahan.parivahan.gov.in/vahan4dashboard/vahan/view/reportview.xhtml
2026,7,INDIA TOTAL,All Vahan4 Running Office,KSR SOLUTION (IMPORTER: KAWVELOCE MOTORS PVT LTD),ALL,LIGHT MOTOR VEHICLE|LIGHT PASSENGER VEHICLE,ALL,ALL,1,2026-07-25T06:27:32.869Z,https://vahan.parivahan.gov.in/vahan4dashboard/vahan/view/reportview.xhtml
2026,7,INDIA TOTAL,All Vahan4 Running Office,KUBOTA AGRICULTURAL MACHINERY INDIA PVT.LTD.,ALL,LIGHT MOTOR VEHICLE|LIGHT PASSENGER VEHICLE,ALL,ALL,108,2026-07-25T06:27:32.869Z,https://vahan.parivahan.gov.in/vahan4dashboard/vahan/view/reportview.xhtml
2026,7,INDIA TOTAL,All Vahan4 Running Office,KUMARAN ENGINEERING ENTERPRISES,ALL,LIGHT MOTOR VEHICLE|LIGHT PASSENGER VEHICLE,ALL,ALL,0,2026-07-25T06:27:32.869Z,https://vahan.parivahan.gov.in/vahan4dashboard/vahan/view/reportview.xhtml
2026,7,INDIA TOTAL,All Vahan4 Running Office,KURSHEED ENGINEERING WORKS AP105191423,ALL,LIGHT MOTOR VEHICLE|LIGHT PASSENGER VEHICLE,ALL,ALL,0,2026-07-25T06:27:32.869Z,https://vahan.parivahan.gov.in/vahan4dashboard/vahan/view/reportview.xhtml
2026,7,INDIA TOTAL,All Vahan4 Running Office,KUSHAL AGRO IND,ALL,LIGHT MOTOR VEHICLE|LIGHT PASSENGER VEHICLE,ALL,ALL,0,2026-07-25T06:27:32.869Z,https://vahan.parivahan.gov.in/vahan4dashboard/vahan/view/reportview.xhtml
2026,7,INDIA TOTAL,All Vahan4 Running Office,LAKSHMI AGRO INDUSTRIES,ALL,LIGHT MOTOR VEHICLE|LIGHT PASSENGER VEHICLE,ALL,ALL,1,2026-07-25T06:27:32.869Z,https://vahan.parivahan.gov.in/vahan4dashboard/vahan/view/reportview.xhtml
2026,7,INDIA TOTAL,All Vahan4 Running Office,LAKSHMI ENGINEERING WORKS,ALL,LIGHT MOTOR VEHICLE|LIGHT PASSENGER VEHICLE,ALL,ALL,0,2026-07-25T06:27:32.869Z,https://vahan.parivahan.gov.in/vahan4dashboard/vahan/view/reportview.xhtml
2026,7,INDIA TOTAL,All Vahan4 Running Office,LAKSHMI GANAPATHI INDUSTRIES AP235700185,ALL,LIGHT MOTOR VEHICLE|LIGHT PASSENGER VEHICLE,ALL,ALL,0,2026-07-25T06:27:32.869Z,https://vahan.parivahan.gov.in/vahan4dashboard/vahan/view/reportview.xhtml
2026,7,INDIA TOTAL,All Vahan4 Running Office,LAKSHMI TEJASWINI ENGINEERING WORKS AP178703503,ALL,LIGHT MOTOR VEHICLE|LIGHT PASSENGER VEHICLE,ALL,ALL,1,2026-07-25T06:27:32.869Z,https://vahan.parivahan.gov.in/vahan4dashboard/vahan/view/reportview.xhtml
2026,7,INDIA TOTAL,All Vahan4 Running Office,LAXMI ENGINEERING CO,ALL,LIGHT MOTOR VEHICLE|LIGHT PASSENGER VEHICLE,ALL,ALL,6,2026-07-25T06:27:32.869Z,https://vahan.parivahan.gov.in/vahan4dashboard/vahan/view/reportview.xhtml
2026,7,INDIA TOTAL,All Vahan4 Running Office,LAXMI ENGINEERING WORKS,ALL,LIGHT MOTOR VEHICLE|LIGHT PASSENGER VEHICLE,ALL,ALL,0,2026-07-25T06:27:32.869Z,https://vahan.parivahan.gov.in/vahan4dashboard/vahan/view/reportview.xhtml
2026,7,INDIA TOTAL,All Vahan4 Running Office,LAXMI WELDING WORKS,ALL,LIGHT MOTOR VEHICLE|LIGHT PASSENGER VEHICLE,ALL,ALL,0,2026-07-25T06:27:32.869Z,https://vahan.parivahan.gov.in/vahan4dashboard/vahan/view/reportview.xhtml
2026,7,INDIA TOTAL,All Vahan4 Running Office,LEADER AGRO ENGINEERING WORKS AP1510200936,ALL,LIGHT MOTOR VEHICLE|LIGHT PASSENGER VEHICLE,ALL,ALL,0,2026-07-25T06:27:32.869Z,https://vahan.parivahan.gov.in/vahan4dashboard/vahan/view/reportview.xhtml
2026,7,INDIA TOTAL,All Vahan4 Running Office,LEXUS MOTORS LTD,ALL,LIGHT MOTOR VEHICLE|LIGHT PASSENGER VEHICLE,ALL,ALL,0,2026-07-25T06:27:32.869Z,https://vahan.parivahan.gov.in/vahan4dashboard/vahan/view/reportview.xhtml
2026,7,INDIA TOTAL,All Vahan4 Running Office,LOCAL TRAILER MANUFACTURER,ALL,LIGHT MOTOR VEHICLE|LIGHT PASSENGER VEHICLE,ALL,ALL,2012,2026-07-25T06:27:32.869Z,https://vahan.parivahan.gov.in/vahan4dashboard/vahan/view/reportview.xhtml
2026,7,INDIA TOTAL,All Vahan4 Running Office,LUCKY INDUSTRIES,ALL,LIGHT MOTOR VEHICLE|LIGHT PASSENGER VEHICLE,ALL,ALL,0,2026-07-25T06:27:32.869Z,https://vahan.parivahan.gov.in/vahan4dashboard/vahan/view/reportview.xhtml
2026,7,INDIA TOTAL,All Vahan4 Running Office,M/S ARUNA ENGINEERING WORKSHOP AP118063424,ALL,LIGHT MOTOR VEHICLE|LIGHT PASSENGER VEHICLE,ALL,ALL,0,2026-07-25T06:27:32.869Z,https://vahan.parivahan.gov.in/vahan4dashboard/vahan/view/reportview.xhtml
2026,7,INDIA TOTAL,All Vahan4 Running Office,M/S ASHOKA INDUSTRIES,ALL,LIGHT MOTOR VEHICLE|LIGHT PASSENGER VEHICLE,ALL,ALL,0,2026-07-25T06:27:32.869Z,https://vahan.parivahan.gov.in/vahan4dashboard/vahan/view/reportview.xhtml
2026,7,INDIA TOTAL,All Vahan4 Running Office,M/S BALAJI AUTO ENG WORKS,ALL,LIGHT MOTOR VEHICLE|LIGHT PASSENGER VEHICLE,ALL,ALL,2,2026-07-25T06:27:32.869Z,https://vahan.parivahan.gov.in/vahan4dashboard/vahan/view/reportview.xhtml
2026,7,INDIA TOTAL,All Vahan4 Running Office,M/S BHANSALI AGRO TECH,ALL,LIGHT MOTOR VEHICLE|LIGHT PASSENGER VEHICLE,ALL,ALL,0,2026-07-25T06:27:32.869Z,https://vahan.parivahan.gov.in/vahan4dashboard/vahan/view/reportview.xhtml
2026,7,INDIA TOTAL,All Vahan4 Running Office,M/S BHARAT TRAILER AND AGRO WORKS,ALL,LIGHT MOTOR VEHICLE|LIGHT PASSENGER VEHICLE,ALL,ALL,0,2026-07-25T06:27:32.869Z,https://vahan.parivahan.gov.in/vahan4dashboard/vahan/view/reportview.xhtml
2026,7,INDIA TOTAL,All Vahan4 Running Office,M/S BHARAT TRAILERS,ALL,LIGHT MOTOR VEHICLE|LIGHT PASSENGER VEHICLE,ALL,ALL,2,2026-07-25T06:27:32.869Z,https://vahan.parivahan.gov.in/vahan4dashboard/vahan/view/reportview.xhtml
2026,7,INDIA TOTAL,All Vahan4 Running Office,M/S CHAND BABA ENGINEERING WORKS AP117954371,ALL,LIGHT MOTOR VEHICLE|LIGHT PASSENGER VEHICLE,ALL,ALL,2,2026-07-25T06:27:32.869Z,https://vahan.parivahan.gov.in/vahan4dashboard/vahan/view/reportview.xhtml
2026,7,INDIA TOTAL,All Vahan4 Running Office,M/S DIVYA VINAYAKA AGRO INDUSTRIES AP235533077,ALL,LIGHT MOTOR VEHICLE|LIGHT PASSENGER VEHICLE,ALL,ALL,0,2026-07-25T06:27:32.869Z,https://vahan.parivahan.gov.in/vahan4dashboard/vahan/view/reportview.xhtml
2026,7,INDIA TOTAL,All Vahan4 Running Office,M/S DURGA INDUSTRIES AP29073377,ALL,LIGHT MOTOR VEHICLE|LIGHT PASSENGER VEHICLE,ALL,ALL,3,2026-07-25T06:27:32.869Z,https://vahan.parivahan.gov.in/vahan4dashboard/vahan/view/reportview.xhtml
2026,7,INDIA TOTAL,All Vahan4 Running Office,M/S GENERAL MOTORS LLC,ALL,LIGHT MOTOR VEHICLE|LIGHT PASSENGER VEHICLE,ALL,ALL,0,2026-07-25T06:27:32.869Z,https://vahan.parivahan.gov.in/vahan4dashboard/vahan/view/reportview.xhtml
2026,7,INDIA TOTAL,All Vahan4 Running Office,M/S GOWRI ENGINEERING WORKS AP29073406,ALL,LIGHT MOTOR VEHICLE|LIGHT PASSENGER VEHICLE,ALL,ALL,3,2026-07-25T06:27:32.869Z,https://vahan.parivahan.gov.in/vahan4dashboard/vahan/view/reportview.xhtml
2026,7,INDIA TOTAL,All Vahan4 Running Office,M/S HARITKRANTI AGRO UDYOG,ALL,LIGHT MOTOR VEHICLE|LIGHT PASSENGER VEHICLE,ALL,ALL,0,2026-07-25T06:27:32.869Z,https://vahan.parivahan.gov.in/vahan4dashboard/vahan/view/reportview.xhtml
2026,7,INDIA TOTAL,All Vahan4 Running Office,M/S HOTA AGRO (WATER TANKER),ALL,LIGHT MOTOR VEHICLE|LIGHT PASSENGER VEHICLE,ALL,ALL,0,2026-07-25T06:27:32.869Z,https://vahan.parivahan.gov.in/vahan4dashboard/vahan/view/reportview.xhtml
2026,7,INDIA TOTAL,All Vahan4 Running Office,M/S JAVED STEEL INDUSTRIES,ALL,LIGHT MOTOR VEHICLE|LIGHT PASSENGER VEHICLE,ALL,ALL,1,2026-07-25T06:27:32.869Z,https://vahan.parivahan.gov.in/vahan4dashboard/vahan/view/reportview.xhtml
2026,7,INDIA TOTAL,All Vahan4 Running Office,M/S K K AGRO INDUSTRIES,ALL,LIGHT MOTOR VEHICLE|LIGHT PASSENGER VEHICLE,ALL,ALL,0,2026-07-25T06:27:32.869Z,https://vahan.parivahan.gov.in/vahan4dashboard/vahan/view/reportview.xhtml
2026,7,INDIA TOTAL,All Vahan4 Running Office,M/S K.G.N ENGINEERING TRAILER WORKS AP312711345,ALL,LIGHT MOTOR VEHICLE|LIGHT PASSENGER VEHICLE,ALL,ALL,0,2026-07-25T06:27:32.869Z,https://vahan.parivahan.gov.in/vahan4dashboard/vahan/view/reportview.xhtml
2026,7,INDIA TOTAL,All Vahan4 Running Office,M/S KASTKAR AGRO INDUSTRIES,ALL,LIGHT MOTOR VEHICLE|LIGHT PASSENGER VEHICLE,ALL,ALL,12,2026-07-25T06:27:32.869Z,https://vahan.parivahan.gov.in/vahan4dashboard/vahan/view/reportview.xhtml
2026,7,INDIA TOTAL,All Vahan4 Running Office,M/S KISHAN TRACTOR,ALL,LIGHT MOTOR VEHICLE|LIGHT PASSENGER VEHICLE,ALL,ALL,0,2026-07-25T06:27:32.869Z,https://vahan.parivahan.gov.in/vahan4dashboard/vahan/view/reportview.xhtml
2026,7,INDIA TOTAL,All Vahan4 Running Office,M/S LEENA AGRO INDUSTRIES (INDIA) PVT LTD.,ALL,LIGHT MOTOR VEHICLE|LIGHT PASSENGER VEHICLE,ALL,ALL,0,2026-07-25T06:27:32.869Z,https://vahan.parivahan.gov.in/vahan4dashboard/vahan/view/reportview.xhtml
2026,7,INDIA TOTAL,All Vahan4 Running Office,M/S LOHIYA AGRO INDUSTRIES,ALL,LIGHT MOTOR VEHICLE|LIGHT PASSENGER VEHICLE,ALL,ALL,2,2026-07-25T06:27:32.869Z,https://vahan.parivahan.gov.in/vahan4dashboard/vahan/view/reportview.xhtml
2026,7,INDIA TOTAL,All Vahan4 Running Office,"M/S MURUGAN ENGG BODY BUILDERS, PILER AP313384367",ALL,LIGHT MOTOR VEHICLE|LIGHT PASSENGER VEHICLE,ALL,ALL,0,2026-07-25T06:27:32.869Z,https://vahan.parivahan.gov.in/vahan4dashboard/vahan/view/reportview.xhtml
2026,7,INDIA TOTAL,All Vahan4 Running Office,M/S NAZEER ENGINEERING WORKS AP28912227,ALL,LIGHT MOTOR VEHICLE|LIGHT PASSENGER VEHICLE,ALL,ALL,0,2026-07-25T06:27:32.869Z,https://vahan.parivahan.gov.in/vahan4dashboard/vahan/view/reportview.xhtml
2026,7,INDIA TOTAL,All Vahan4 Running Office,M/S NEW LUCKY ENGINEERING WORKSHOP,ALL,LIGHT MOTOR VEHICLE|LIGHT PASSENGER VEHICLE,ALL,ALL,0,2026-07-25T06:27:32.869Z,https://vahan.parivahan.gov.in/vahan4dashboard/vahan/view/reportview.xhtml
2026,7,INDIA TOTAL,All Vahan4 Running Office,M/S NEW MALLIKARJUNA ENGINEERING WORKS AP49601242,ALL,LIGHT MOTOR VEHICLE|LIGHT PASSENGER VEHICLE,ALL,ALL,4,2026-07-25T06:27:32.869Z,https://vahan.parivahan.gov.in/vahan4dashboard/vahan/view/reportview.xhtml
2026,7,INDIA TOTAL,All Vahan4 Running Office,M/S NEW SHETKARI ENGINEERING WORK,ALL,LIGHT MOTOR VEHICLE|LIGHT PASSENGER VEHICLE,ALL,ALL,1,2026-07-25T06:27:32.869Z,https://vahan.parivahan.gov.in/vahan4dashboard/vahan/view/reportview.xhtml
2026,7,INDIA TOTAL,All Vahan4 Running Office,M/S NEW SHIV SHAKTI TRAILORS,ALL,LIGHT MOTOR VEHICLE|LIGHT PASSENGER VEHICLE,ALL,ALL,0,2026-07-25T06:27:32.869Z,https://vahan.parivahan.gov.in/vahan4dashboard/vahan/view/reportview.xhtml
2026,7,INDIA TOTAL,All Vahan4 Running Office,"M/S PERFECT ENGINEERING WORKS, KURNOOL AP118154376",ALL,LIGHT MOTOR VEHICLE|LIGHT PASSENGER VEHICLE,ALL,ALL,0,2026-07-25T06:27:32.869Z,https://vahan.parivahan.gov.in/vahan4dashboard/vahan/view/reportview.xhtml
2026,7,INDIA TOTAL,All Vahan4 Running Office,M/S POWER TECH TECHNOLOGY,ALL,LIGHT MOTOR VEHICLE|LIGHT PASSENGER VEHICLE,ALL,ALL,0,2026-07-25T06:27:32.869Z,https://vahan.parivahan.gov.in/vahan4dashboard/vahan/view/reportview.xhtml
2026,7,INDIA TOTAL,All Vahan4 Running Office,M/S PRASAD ENTERPRISES & ENGINEERING AP514554130,ALL,LIGHT MOTOR VEHICLE|LIGHT PASSENGER VEHICLE,ALL,ALL,0,2026-07-25T06:27:32.869Z,https://vahan.parivahan.gov.in/vahan4dashboard/vahan/view/reportview.xhtml
2026,7,INDIA TOTAL,All Vahan4 Running Office,M/S RAKSHITA ENGINEERING WORKS AP118063505,ALL,LIGHT MOTOR VEHICLE|LIGHT PASSENGER VEHICLE,ALL,ALL,1,2026-07-25T06:27:32.869Z,https://vahan.parivahan.gov.in/vahan4dashboard/vahan/view/reportview.xhtml
2026,7,INDIA TOTAL,All Vahan4 Running Office,M/S RAM AGRO MACHINARY,ALL,LIGHT MOTOR VEHICLE|LIGHT PASSENGER VEHICLE,ALL,ALL,0,2026-07-25T06:27:32.869Z,https://vahan.parivahan.gov.in/vahan4dashboard/vahan/view/reportview.xhtml
2026,7,INDIA TOTAL,All Vahan4 Running Office,M/S S R K TRAILER WORKS AP312573381,ALL,LIGHT MOTOR VEHICLE|LIGHT PASSENGER VEHICLE,ALL,ALL,0,2026-07-25T06:27:32.869Z,https://vahan.parivahan.gov.in/vahan4dashboard/vahan/view/reportview.xhtml
2026,7,INDIA TOTAL,All Vahan4 Running Office,M/S S S G P INDUSTRIES AP121V00001,ALL,LIGHT MOTOR VEHICLE|LIGHT PASSENGER VEHICLE,ALL,ALL,0,2026-07-25T06:27:32.869Z,https://vahan.parivahan.gov.in/vahan4dashboard/vahan/view/reportview.xhtml
2026,7,INDIA TOTAL,All Vahan4 Running Office,M/S S. SHAREEF ENGINEERING WORK SHOP AP117790841,ALL,LIGHT MOTOR VEHICLE|LIGHT PASSENGER VEHICLE,ALL,ALL,1,2026-07-25T06:27:32.869Z,https://vahan.parivahan.gov.in/vahan4dashboard/vahan/view/reportview.xhtml
2026,7,INDIA TOTAL,All Vahan4 Running Office,M/S S.V.RAJ ENGINEERING WORKS AP118213269,ALL,LIGHT MOTOR VEHICLE|LIGHT PASSENGER VEHICLE,ALL,ALL,0,2026-07-25T06:27:32.869Z,https://vahan.parivahan.gov.in/vahan4dashboard/vahan/view/reportview.xhtml
2026,7,INDIA TOTAL,All Vahan4 Running Office,M/S SAI AGRO MECHINERY,ALL,LIGHT MOTOR VEHICLE|LIGHT PASSENGER VEHICLE,ALL,ALL,0,2026-07-25T06:27:32.869Z,https://vahan.parivahan.gov.in/vahan4dashboard/vahan/view/reportview.xhtml
2026,7,INDIA TOTAL,All Vahan4 Running Office,M/S SAI INDUSTRIES (AJINKYA TRAILER),ALL,LIGHT MOTOR VEHICLE|LIGHT PASSENGER VEHICLE,ALL,ALL,0,2026-07-25T06:27:32.869Z,https://vahan.parivahan.gov.in/vahan4dashboard/vahan/view/reportview.xhtml
2026,7,INDIA TOTAL,All Vahan4 Running Office,M/S SAI SARATHKUMAR ENGINEERING WORKS AP235694000,ALL,LIGHT MOTOR VEHICLE|LIGHT PASSENGER VEHICLE,ALL,ALL,2,2026-07-25T06:27:32.869Z,https://vahan.parivahan.gov.in/vahan4dashboard/vahan/view/reportview.xhtml
2026,7,INDIA TOTAL,All Vahan4 Running Office,M/S SAI SIVA ENGINEERING WORKS AP235644334,ALL,LIGHT MOTOR VEHICLE|LIGHT PASSENGER VEHICLE,ALL,ALL,0,2026-07-25T06:27:32.869Z,https://vahan.parivahan.gov.in/vahan4dashboard/vahan/view/reportview.xhtml
2026,7,INDIA TOTAL,All Vahan4 Running Office,M/S SAI SRINIVASA HARVESTERS AP105244202,ALL,LIGHT MOTOR VEHICLE|LIGHT PASSENGER VEHICLE,ALL,ALL,0,2026-07-25T06:27:32.869Z,https://vahan.parivahan.gov.in/vahan4dashboard/vahan/view/reportview.xhtml
2026,7,INDIA TOTAL,All Vahan4 Running Office,"M/S SHIRIDI SAI TRAILER WORKS,CHITTOOR AP312874279",ALL,LIGHT MOTOR VEHICLE|LIGHT PASSENGER VEHICLE,ALL,ALL,0,2026-07-25T06:27:32.869Z,https://vahan.parivahan.gov.in/vahan4dashboard/vahan/view/reportview.xhtml
2026,7,INDIA TOTAL,All Vahan4 Running Office,M/S SREE PRASANNA DURGA TRAILER WORKS AP315793453,ALL,LIGHT MOTOR VEHICLE|LIGHT PASSENGER VEHICLE,ALL,ALL,0,2026-07-25T06:27:32.869Z,https://vahan.parivahan.gov.in/vahan4dashboard/vahan/view/reportview.xhtml
2026,7,INDIA TOTAL,All Vahan4 Running Office,M/S SREE SARAVANABAVA AGRO INDUSTRIES AP313373321,ALL,LIGHT MOTOR VEHICLE|LIGHT PASSENGER VEHICLE,ALL,ALL,0,2026-07-25T06:27:32.869Z,https://vahan.parivahan.gov.in/vahan4dashboard/vahan/view/reportview.xhtml
2026,7,INDIA TOTAL,All Vahan4 Running Office,M/S SREEVANI INDUSTRIES AP28884333,ALL,LIGHT MOTOR VEHICLE|LIGHT PASSENGER VEHICLE,ALL,ALL,2,2026-07-25T06:27:32.869Z,https://vahan.parivahan.gov.in/vahan4dashboard/vahan/view/reportview.xhtml
2026,7,INDIA TOTAL,All Vahan4 Running Office,M/S SRI BALAJI ENGINEERING WORKS ANTPR AP29073183,ALL,LIGHT MOTOR VEHICLE|LIGHT PASSENGER VEHICLE,ALL,ALL,0,2026-07-25T06:27:32.869Z,https://vahan.parivahan.gov.in/vahan4dashboard/vahan/view/reportview.xhtml
2026,7,INDIA TOTAL,All Vahan4 Running Office,M/S SRI BALAKRISHNA FOUNDRY&MECH WORKS AP178701111,ALL,LIGHT MOTOR VEHICLE|LIGHT PASSENGER VEHICLE,ALL,ALL,0,2026-07-25T06:27:32.869Z,https://vahan.parivahan.gov.in/vahan4dashboard/vahan/view/reportview.xhtml
2026,7,INDIA TOTAL,All Vahan4 Running Office,M/S SRI CHENGALAMMA TAILOR WORKS AP1514052990,ALL,LIGHT MOTOR VEHICLE|LIGHT PASSENGER VEHICLE,ALL,ALL,0,2026-07-25T06:27:32.869Z,https://vahan.parivahan.gov.in/vahan4dashboard/vahan/view/reportview.xhtml
2026,7,INDIA TOTAL,All Vahan4 Running Office,M/S SRI KANAKA DURGA ENGINEERING WORKS AP514553897,ALL,LIGHT MOTOR VEHICLE|LIGHT PASSENGER VEHICLE,ALL,ALL,2,2026-07-25T06:27:32.869Z,https://vahan.parivahan.gov.in/vahan4dashboard/vahan/view/reportview.xhtml
2026,7,INDIA TOTAL,All Vahan4 Running Office,M/S SRI KUMAR AGRO INDUSTRIES AP118163489,ALL,LIGHT MOTOR VEHICLE|LIGHT PASSENGER VEHICLE,ALL,ALL,0,2026-07-25T06:27:32.869Z,https://vahan.parivahan.gov.in/vahan4dashboard/vahan/view/reportview.xhtml
2026,7,INDIA TOTAL,All Vahan4 Running Office,M/S SRI LAKSHMI AGRO INDUSTRIES AP67543387,ALL,LIGHT MOTOR VEHICLE|LIGHT PASSENGER VEHICLE,ALL,ALL,0,2026-07-25T06:27:32.869Z,https://vahan.parivahan.gov.in/vahan4dashboard/vahan/view/reportview.xhtml
2026,7,INDIA TOTAL,All Vahan4 Running Office,M/S SRI LAKSHMI SRINIVASA STEELS AP1514223752,ALL,LIGHT MOTOR VEHICLE|LIGHT PASSENGER VEHICLE,ALL,ALL,6,2026-07-25T06:27:32.869Z,https://vahan.parivahan.gov.in/vahan4dashboard/vahan/view/reportview.xhtml
2026,7,INDIA TOTAL,All Vahan4 Running Office,M/S SRI LAKSHMI VENKATESWARA ENGG WORKS AP29070732,ALL,LIGHT MOTOR VEHICLE|LIGHT PASSENGER VEHICLE,ALL,ALL,13,2026-07-25T06:27:32.869Z,https://vahan.parivahan.gov.in/vahan4dashboard/vahan/view/reportview.xhtml
2026,7,INDIA TOTAL,All Vahan4 Running Office,M/S SRI PYDITALLAMMA AGR FABRICATIONS AP203573386,ALL,LIGHT MOTOR VEHICLE|LIGHT PASSENGER VEHICLE,ALL,ALL,0,2026-07-25T06:27:32.869Z,https://vahan.parivahan.gov.in/vahan4dashboard/vahan/view/reportview.xhtml
2026,7,INDIA TOTAL,All Vahan4 Running Office,M/S SRI SAI CHANDRIKA ENGINEERING WORKS AP10538380,ALL,LIGHT MOTOR VEHICLE|LIGHT PASSENGER VEHICLE,ALL,ALL,0,2026-07-25T06:27:32.869Z,https://vahan.parivahan.gov.in/vahan4dashboard/vahan/view/reportview.xhtml
2026,7,INDIA TOTAL,All Vahan4 Running Office,M/S SRI SAI SUDHA ENGINEERING WORKS AP235531849,ALL,LIGHT MOTOR VEHICLE|LIGHT PASSENGER VEHICLE,ALL,ALL,2,2026-07-25T06:27:32.869Z,https://vahan.parivahan.gov.in/vahan4dashboard/vahan/view/reportview.xhtml
2026,7,INDIA TOTAL,All Vahan4 Running Office,M/S SRI SANKAR REDDY ENGINEERING WORKS AP151377386,ALL,LIGHT MOTOR VEHICLE|LIGHT PASSENGER VEHICLE,ALL,ALL,3,2026-07-25T06:27:32.869Z,https://vahan.parivahan.gov.in/vahan4dashboard/vahan/view/reportview.xhtml
2026,7,INDIA TOTAL,All Vahan4 Running Office,M/S SRI SATYANARAYANA ENGINEERING W AP203571420,ALL,LIGHT MOTOR VEHICLE|LIGHT PASSENGER VEHICLE,ALL,ALL,0,2026-07-25T06:27:32.869Z,https://vahan.parivahan.gov.in/vahan4dashboard/vahan/view/reportview.xhtml
2026,7,INDIA TOTAL,All Vahan4 Running Office,M/S SRI SIDDHI VINAYAKA ENGINEERING WORKS AP203574,ALL,LIGHT MOTOR VEHICLE|LIGHT PASSENGER VEHICLE,ALL,ALL,0,2026-07-25T06:27:32.869Z,https://vahan.parivahan.gov.in/vahan4dashboard/vahan/view/reportview.xhtml
2026,7,INDIA TOTAL,All Vahan4 Running Office,M/S SRI VARASIDDI VINAYAKA ENGG WORKS AP514554278,ALL,LIGHT MOTOR VEHICLE|LIGHT PASSENGER VEHICLE,ALL,ALL,0,2026-07-25T06:27:32.869Z,https://vahan.parivahan.gov.in/vahan4dashboard/vahan/view/reportview.xhtml
2026,7,INDIA TOTAL,All Vahan4 Running Office,M/S SRI VASU ENGINEERING WORKS AP105384365,ALL,LIGHT MOTOR VEHICLE|LIGHT PASSENGER VEHICLE,ALL,ALL,0,2026-07-25T06:27:32.869Z,https://vahan.parivahan.gov.in/vahan4dashboard/vahan/view/reportview.xhtml
2026,7,INDIA TOTAL,All Vahan4 Running Office,M/S SRI VENKATA RAMA ENGG WORKSHOP AP67331352,ALL,LIGHT MOTOR VEHICLE|LIGHT PASSENGER VEHICLE,ALL,ALL,1,2026-07-25T06:27:32.869Z,https://vahan.parivahan.gov.in/vahan4dashboard/vahan/view/reportview.xhtml
2026,7,INDIA TOTAL,All Vahan4 Running Office,M/S SRI VENKATA RAMANA AGRO INDUSTRIES AP178354373,ALL,LIGHT MOTOR VEHICLE|LIGHT PASSENGER VEHICLE,ALL,ALL,0,2026-07-25T06:27:32.869Z,https://vahan.parivahan.gov.in/vahan4dashboard/vahan/view/reportview.xhtml
2026,7,INDIA TOTAL,All Vahan4 Running Office,M/S SRI VENKATA SAI DURGA ENGG WORKS AP203583296,ALL,LIGHT MOTOR VEHICLE|LIGHT PASSENGER VEHICLE,ALL,ALL,0,2026-07-25T06:27:32.869Z,https://vahan.parivahan.gov.in/vahan4dashboard/vahan/view/reportview.xhtml
2026,7,INDIA TOTAL,All Vahan4 Running Office,M/S SRI VENKATA SIVA SAI AGRO IND AP178393275,ALL,LIGHT MOTOR VEHICLE|LIGHT PASSENGER VEHICLE,ALL,ALL,0,2026-07-25T06:27:32.869Z,https://vahan.parivahan.gov.in/vahan4dashboard/vahan/view/reportview.xhtml
2026,7,INDIA TOTAL,All Vahan4 Running Office,M/S SRI VENKATESWARA ENGINEERING WORKS AP67321364,ALL,LIGHT MOTOR VEHICLE|LIGHT PASSENGER VEHICLE,ALL,ALL,0,2026-07-25T06:27:32.869Z,https://vahan.parivahan.gov.in/vahan4dashboard/vahan/view/reportview.xhtml
2026,7,INDIA TOTAL,All Vahan4 Running Office,M/S SRI VIJAYA SAI ENGINEERING WORKS AP235644370,ALL,LIGHT MOTOR VEHICLE|LIGHT PASSENGER VEHICLE,ALL,ALL,0,2026-07-25T06:27:32.869Z,https://vahan.parivahan.gov.in/vahan4dashboard/vahan/view/reportview.xhtml
2026,7,INDIA TOTAL,All Vahan4 Running Office,M/S SRI VISHNU PRIYA ENGG WORKS AP105023896,ALL,LIGHT MOTOR VEHICLE|LIGHT PASSENGER VEHICLE,ALL,ALL,0,2026-07-25T06:27:32.869Z,https://vahan.parivahan.gov.in/vahan4dashboard/vahan/view/reportview.xhtml
2026,7,INDIA TOTAL,All Vahan4 Running Office,M/S SRINIVASA ENGINEERING WORKS AP29073331,ALL,LIGHT MOTOR VEHICLE|LIGHT PASSENGER VEHICLE,ALL,ALL,13,2026-07-25T06:27:32.869Z,https://vahan.parivahan.gov.in/vahan4dashboard/vahan/view/reportview.xhtml
2026,7,INDIA TOTAL,All Vahan4 Running Office,M/S SRINIVASA WELDING WORKS AP027V00001,ALL,LIGHT MOTOR VEHICLE|LIGHT PASSENGER VEHICLE,ALL,ALL,0,2026-07-25T06:27:32.869Z,https://vahan.parivahan.gov.in/vahan4dashboard/vahan/view/reportview.xhtml
2026,7,INDIA TOTAL,All Vahan4 Running Office,M/S SRIVENKATASIVASAIAGRITECHENGINEERSAP178393276,ALL,LIGHT MOTOR VEHICLE|LIGHT PASSENGER VEHICLE,ALL,ALL,0,2026-07-25T06:27:32.869Z,https://vahan.parivahan.gov.in/vahan4dashboard/vahan/view/reportview.xhtml
2026,7,INDIA TOTAL,All Vahan4 Running Office,"M/S SRT TRAILOR WORKS,CHITTOOR AP313364198",ALL,LIGHT MOTOR VEHICLE|LIGHT PASSENGER VEHICLE,ALL,ALL,0,2026-07-25T06:27:32.869Z,https://vahan.parivahan.gov.in/vahan4dashboard/vahan/view/reportview.xhtml
2026,7,INDIA TOTAL,All Vahan4 Running Office,M/S SUPERIOR MANUFACTURING COMPANY,ALL,LIGHT MOTOR VEHICLE|LIGHT PASSENGER VEHICLE,ALL,ALL,0,2026-07-25T06:27:32.869Z,https://vahan.parivahan.gov.in/vahan4dashboard/vahan/view/reportview.xhtml
2026,7,INDIA TOTAL,All Vahan4 Running Office,M/S TIRUMALA ENGINEERING WORKS AP46060032024,ALL,LIGHT MOTOR VEHICLE|LIGHT PASSENGER VEHICLE,ALL,ALL,0,2026-07-25T06:27:32.869Z,https://vahan.parivahan.gov.in/vahan4dashboard/vahan/view/reportview.xhtml
2026,7,INDIA TOTAL,All Vahan4 Running Office,M/S UMA INDUSTRY ANANTHAPUR AP29073329,ALL,LIGHT MOTOR VEHICLE|LIGHT PASSENGER VEHICLE,ALL,ALL,2,2026-07-25T06:27:32.869Z,https://vahan.parivahan.gov.in/vahan4dashboard/vahan/view/reportview.xhtml
2026,7,INDIA TOTAL,All Vahan4 Running Office,M/S USMAN ENGINEERING WORKS AP117954387,ALL,LIGHT MOTOR VEHICLE|LIGHT PASSENGER VEHICLE,ALL,ALL,0,2026-07-25T06:27:32.869Z,https://vahan.parivahan.gov.in/vahan4dashboard/vahan/view/reportview.xhtml
2026,7,INDIA TOTAL,All Vahan4 Running Office,M/S V R AGRO EQUIPMENTS AP118103133,ALL,LIGHT MOTOR VEHICLE|LIGHT PASSENGER VEHICLE,ALL,ALL,0,2026-07-25T06:27:32.869Z,https://vahan.parivahan.gov.in/vahan4dashboard/vahan/view/reportview.xhtml
2026,7,INDIA TOTAL,All Vahan4 Running Office,M/S VENKATESWARA ENGINEERING WORKS AP56463007,ALL,LIGHT MOTOR VEHICLE|LIGHT PASSENGER VEHICLE,ALL,ALL,0,2026-07-25T06:27:32.869Z,https://vahan.parivahan.gov.in/vahan4dashboard/vahan/view/reportview.xhtml
2026,7,INDIA TOTAL,All Vahan4 Running Office,M/S VIJAYA DURGA ENGINEERING WORKS AP105191285,ALL,LIGHT MOTOR VEHICLE|LIGHT PASSENGER VEHICLE,ALL,ALL,0,2026-07-25T06:27:32.869Z,https://vahan.parivahan.gov.in/vahan4dashboard/vahan/view/reportview.xhtml
2026,7,INDIA TOTAL,All Vahan4 Running Office,M/S VIKRANTH TRACTOR WORKS AP118064096,ALL,LIGHT MOTOR VEHICLE|LIGHT PASSENGER VEHICLE,ALL,ALL,0,2026-07-25T06:27:32.869Z,https://vahan.parivahan.gov.in/vahan4dashboard/vahan/view/reportview.xhtml
2026,7,INDIA TOTAL,All Vahan4 Running Office,M/S YOGIRAJ ENGINEERING COMPANY,ALL,LIGHT MOTOR VEHICLE|LIGHT PASSENGER VEHICLE,ALL,ALL,0,2026-07-25T06:27:32.869Z,https://vahan.parivahan.gov.in/vahan4dashboard/vahan/view/reportview.xhtml
2026,7,INDIA TOTAL,All Vahan4 Running Office,M/S-SHRADHA INDUSTRIES,ALL,LIGHT MOTOR VEHICLE|LIGHT PASSENGER VEHICLE,ALL,ALL,0,2026-07-25T06:27:32.869Z,https://vahan.parivahan.gov.in/vahan4dashboard/vahan/view/reportview.xhtml
2026,7,INDIA TOTAL,All Vahan4 Running Office,M/S. A.K.S. GEN. & AGRL. INDUSTRIES AP178700921,ALL,LIGHT MOTOR VEHICLE|LIGHT PASSENGER VEHICLE,ALL,ALL,0,2026-07-25T06:27:32.869Z,https://vahan.parivahan.gov.in/vahan4dashboard/vahan/view/reportview.xhtml
2026,7,INDIA TOTAL,All Vahan4 Running Office,M/S.SRI LAKSHMI MOTORS & ENGG WORKS AP213192229,ALL,LIGHT MOTOR VEHICLE|LIGHT PASSENGER VEHICLE,ALL,ALL,0,2026-07-25T06:27:32.869Z,https://vahan.parivahan.gov.in/vahan4dashboard/vahan/view/reportview.xhtml
2026,7,INDIA TOTAL,All Vahan4 Running Office,M/SJAIGURUSAISUGUNAENGINEERINGWORKSAP213033195,ALL,LIGHT MOTOR VEHICLE|LIGHT PASSENGER VEHICLE,ALL,ALL,0,2026-07-25T06:27:32.869Z,https://vahan.parivahan.gov.in/vahan4dashboard/vahan/view/reportview.xhtml
2026,7,INDIA TOTAL,All Vahan4 Running Office,"M/SPEERAENGINEERINGWORKS,ANANTAHPURAMAP28914382",ALL,LIGHT MOTOR VEHICLE|LIGHT PASSENGER VEHICLE,ALL,ALL,0,2026-07-25T06:27:32.869Z,https://vahan.parivahan.gov.in/vahan4dashboard/vahan/view/reportview.xhtml
2026,7,INDIA TOTAL,All Vahan4 Running Office,M/SSREESIDDIVINAYAKAENGINEERINGWORKSAP60060002025,ALL,LIGHT MOTOR VEHICLE|LIGHT PASSENGER VEHICLE,ALL,ALL,0,2026-07-25T06:27:32.869Z,https://vahan.parivahan.gov.in/vahan4dashboard/vahan/view/reportview.xhtml
2026,7,INDIA TOTAL,All Vahan4 Running Office,MADEENA TRAILER WORKS AP313363730,ALL,LIGHT MOTOR VEHICLE|LIGHT PASSENGER VEHICLE,ALL,ALL,0,2026-07-25T06:27:32.869Z,https://vahan.parivahan.gov.in/vahan4dashboard/vahan/view/reportview.xhtml
2026,7,INDIA TOTAL,All Vahan4 Running Office,MADHU ENGINEERING INDUSTRIES AP117900513,ALL,LIGHT MOTOR VEHICLE|LIGHT PASSENGER VEHICLE,ALL,ALL,0,2026-07-25T06:27:32.869Z,https://vahan.parivahan.gov.in/vahan4dashboard/vahan/view/reportview.xhtml
2026,7,INDIA TOTAL,All Vahan4 Running Office,MADHU TRACOR AND TRAILOR WORKS AP312530535,ALL,LIGHT MOTOR VEHICLE|LIGHT PASSENGER VEHICLE,ALL,ALL,0,2026-07-25T06:27:32.869Z,https://vahan.parivahan.gov.in/vahan4dashboard/vahan/view/reportview.xhtml
2026,7,INDIA TOTAL,All Vahan4 Running Office,MADINA ENGG. WORK,ALL,LIGHT MOTOR VEHICLE|LIGHT PASSENGER VEHICLE,ALL,ALL,0,2026-07-25T06:27:32.869Z,https://vahan.parivahan.gov.in/vahan4dashboard/vahan/view/reportview.xhtml
2026,7,INDIA TOTAL,All Vahan4 Running Office,MADINA ENGINEERING WORKS AP105034390,ALL,LIGHT MOTOR VEHICLE|LIGHT PASSENGER VEHICLE,ALL,ALL,1,2026-07-25T06:27:32.869Z,https://vahan.parivahan.gov.in/vahan4dashboard/vahan/view/reportview.xhtml
2026,7,INDIA TOTAL,All Vahan4 Running Office,MAHADEV ENGG WORKS,ALL,LIGHT MOTOR VEHICLE|LIGHT PASSENGER VEHICLE,ALL,ALL,0,2026-07-25T06:27:32.869Z,https://vahan.parivahan.gov.in/vahan4dashboard/vahan/view/reportview.xhtml
2026,7,INDIA TOTAL,All Vahan4 Running Office,MAHALAXMI ENG. WORKS,ALL,LIGHT MOTOR VEHICLE|LIGHT PASSENGER VEHICLE,ALL,ALL,1,2026-07-25T06:27:32.869Z,https://vahan.parivahan.gov.in/vahan4dashboard/vahan/view/reportview.xhtml
2026,7,INDIA TOTAL,All Vahan4 Running Office,MAHALAXMI ENGG WORK,ALL,LIGHT MOTOR VEHICLE|LIGHT PASSENGER VEHICLE,ALL,ALL,1,2026-07-25T06:27:32.869Z,https://vahan.parivahan.gov.in/vahan4dashboard/vahan/view/reportview.xhtml
2026,7,INDIA TOTAL,All Vahan4 Running Office,MAHENDRA INDUSTRIES,ALL,LIGHT MOTOR VEHICLE|LIGHT PASSENGER VEHICLE,ALL,ALL,0,2026-07-25T06:27:32.869Z,https://vahan.parivahan.gov.in/vahan4dashboard/vahan/view/reportview.xhtml
2026,7,INDIA TOTAL,All Vahan4 Running Office,MAHINDRA & MAHINDRA LIMITED,ALL,LIGHT MOTOR VEHICLE|LIGHT PASSENGER VEHICLE,ALL,ALL,37747,2026-07-25T06:27:32.869Z,https://vahan.parivahan.gov.in/vahan4dashboard/vahan/view/reportview.xhtml
2026,7,INDIA TOTAL,All Vahan4 Running Office,MAHINDRA & MAHINDRA LIMITED (SWARAJ DIVISION),ALL,LIGHT MOTOR VEHICLE|LIGHT PASSENGER VEHICLE,ALL,ALL,16397,2026-07-25T06:27:32.869Z,https://vahan.parivahan.gov.in/vahan4dashboard/vahan/view/reportview.xhtml
2026,7,INDIA TOTAL,All Vahan4 Running Office,MAHINDRA & MAHINDRA LIMITED (TRACTOR),ALL,LIGHT MOTOR VEHICLE|LIGHT PASSENGER VEHICLE,ALL,ALL,19176,2026-07-25T06:27:32.869Z,https://vahan.parivahan.gov.in/vahan4dashboard/vahan/view/reportview.xhtml
2026,7,INDIA TOTAL,All Vahan4 Running Office,MAHINDRA & MAHINDRA LTD FARM MACHINERY DIVISION,ALL,LIGHT MOTOR VEHICLE|LIGHT PASSENGER VEHICLE,ALL,ALL,3,2026-07-25T06:27:32.869Z,https://vahan.parivahan.gov.in/vahan4dashboard/vahan/view/reportview.xhtml
2026,7,INDIA TOTAL,All Vahan4 Running Office,MAHINDRA DEFENCE SYSTEMS LTD,ALL,LIGHT MOTOR VEHICLE|LIGHT PASSENGER VEHICLE,ALL,ALL,0,2026-07-25T06:27:32.869Z,https://vahan.parivahan.gov.in/vahan4dashboard/vahan/view/reportview.xhtml
2026,7,INDIA TOTAL,All Vahan4 Running Office,MAHINDRA ELECTRIC AUTOMOBILE LTD,ALL,LIGHT MOTOR VEHICLE|LIGHT PASSENGER VEHICLE,ALL,ALL,5464,2026-07-25T06:27:32.869Z,https://vahan.parivahan.gov.in/vahan4dashboard/vahan/view/reportview.xhtml
2026,7,INDIA TOTAL,All Vahan4 Running Office,MAHINDRA ELECTRIC MOBILITY LIMITED,ALL,LIGHT MOTOR VEHICLE|LIGHT PASSENGER VEHICLE,ALL,ALL,0,2026-07-25T06:27:32.869Z,https://vahan.parivahan.gov.in/vahan4dashboard/vahan/view/reportview.xhtml
2026,7,INDIA TOTAL,All Vahan4 Running Office,MAHINDRA LAST MILE MOBILITY LTD,ALL,LIGHT MOTOR VEHICLE|LIGHT PASSENGER VEHICLE,ALL,ALL,1,2026-07-25T06:27:32.869Z,https://vahan.parivahan.gov.in/vahan4dashboard/vahan/view/reportview.xhtml
2026,7,INDIA TOTAL,All Vahan4 Running Office,MAMTA AGRO INDUSTRIES,ALL,LIGHT MOTOR VEHICLE|LIGHT PASSENGER VEHICLE,ALL,ALL,1,2026-07-25T06:27:32.869Z,https://vahan.parivahan.gov.in/vahan4dashboard/vahan/view/reportview.xhtml
2026,7,INDIA TOTAL,All Vahan4 Running Office,MANI ENGINEERING WORKS AP56240404,ALL,LIGHT MOTOR VEHICLE|LIGHT PASSENGER VEHICLE,ALL,ALL,0,2026-07-25T06:27:32.869Z,https://vahan.parivahan.gov.in/vahan4dashboard/vahan/view/reportview.xhtml
2026,7,INDIA TOTAL,All Vahan4 Running Office,MANIKANTA ENGINEERING WORKS AP117794381,ALL,LIGHT MOTOR VEHICLE|LIGHT PASSENGER VEHICLE,ALL,ALL,0,2026-07-25T06:27:32.869Z,https://vahan.parivahan.gov.in/vahan4dashboard/vahan/view/reportview.xhtml
2026,7,INDIA TOTAL,All Vahan4 Running Office,MARATHWADA QUALITY TRAILER,ALL,LIGHT MOTOR VEHICLE|LIGHT PASSENGER VEHICLE,ALL,ALL,2,2026-07-25T06:27:32.869Z,https://vahan.parivahan.gov.in/vahan4dashboard/vahan/view/reportview.xhtml
2026,7,INDIA TOTAL,All Vahan4 Running Office,MARUTI AGRO INDUSTRIES,ALL,LIGHT MOTOR VEHICLE|LIGHT PASSENGER VEHICLE,ALL,ALL,0,2026-07-25T06:27:32.869Z,https://vahan.parivahan.gov.in/vahan4dashboard/vahan/view/reportview.xhtml
2026,7,INDIA TOTAL,All Vahan4 Running Office,MARUTI INDUSTRIES,ALL,LIGHT MOTOR VEHICLE|LIGHT PASSENGER VEHICLE,ALL,ALL,3,2026-07-25T06:27:32.869Z,https://vahan.parivahan.gov.in/vahan4dashboard/vahan/view/reportview.xhtml
2026,7,INDIA TOTAL,All Vahan4 Running Office,MARUTI MECHANICAL WORKS,ALL,LIGHT MOTOR VEHICLE|LIGHT PASSENGER VEHICLE,ALL,ALL,1,2026-07-25T06:27:32.869Z,https://vahan.parivahan.gov.in/vahan4dashboard/vahan/view/reportview.xhtml
2026,7,INDIA TOTAL,All Vahan4 Running Office,MARUTI SUZUKI INDIA LTD,ALL,LIGHT MOTOR VEHICLE|LIGHT PASSENGER VEHICLE,ALL,ALL,113528,2026-07-25T06:27:32.869Z,https://vahan.parivahan.gov.in/vahan4dashboard/vahan/view/reportview.xhtml
2026,7,INDIA TOTAL,All Vahan4 Running Office,MARUTI UDYOG LTD,ALL,LIGHT MOTOR VEHICLE|LIGHT PASSENGER VEHICLE,ALL,ALL,2,2026-07-25T06:27:32.869Z,https://vahan.parivahan.gov.in/vahan4dashboard/vahan/view/reportview.xhtml
2026,7,INDIA TOTAL,All Vahan4 Running Office,MASERATI S.P.A,ALL,LIGHT MOTOR VEHICLE|LIGHT PASSENGER VEHICLE,ALL,ALL,1,2026-07-25T06:27:32.869Z,https://vahan.parivahan.gov.in/vahan4dashboard/vahan/view/reportview.xhtml
2026,7,INDIA TOTAL,All Vahan4 Running Office,MASSEY FERGUSON LTD,ALL,LIGHT MOTOR VEHICLE|LIGHT PASSENGER VEHICLE,ALL,ALL,15,2026-07-25T06:27:32.869Z,https://vahan.parivahan.gov.in/vahan4dashboard/vahan/view/reportview.xhtml
2026,7,INDIA TOTAL,All Vahan4 Running Office,MASTHANVALLI AUTOLORRYBODY BLD AP49604350,ALL,LIGHT MOTOR VEHICLE|LIGHT PASSENGER VEHICLE,ALL,ALL,0,2026-07-25T06:27:32.869Z,https://vahan.parivahan.gov.in/vahan4dashboard/vahan/view/reportview.xhtml
2026,7,INDIA TOTAL,All Vahan4 Running Office,MBH ENGINEERING WORKS AP29073699,ALL,LIGHT MOTOR VEHICLE|LIGHT PASSENGER VEHICLE,ALL,ALL,11,2026-07-25T06:27:32.869Z,https://vahan.parivahan.gov.in/vahan4dashboard/vahan/view/reportview.xhtml
2026,7,INDIA TOTAL,All Vahan4 Running Office,MCLAREN AUTOMOTIVE (IMPORTER: INFINITY CARS),ALL,LIGHT MOTOR VEHICLE|LIGHT PASSENGER VEHICLE,ALL,ALL,0,2026-07-25T06:27:32.869Z,https://vahan.parivahan.gov.in/vahan4dashboard/vahan/view/reportview.xhtml
2026,7,INDIA TOTAL,All Vahan4 Running Office,MERCEDES -BENZ AG,ALL,LIGHT MOTOR VEHICLE|LIGHT PASSENGER VEHICLE,ALL,ALL,184,2026-07-25T06:27:32.869Z,https://vahan.parivahan.gov.in/vahan4dashboard/vahan/view/reportview.xhtml
2026,7,INDIA TOTAL,All Vahan4 Running Office,MERCEDES BENZ,ALL,LIGHT MOTOR VEHICLE|LIGHT PASSENGER VEHICLE,ALL,ALL,2,2026-07-25T06:27:32.869Z,https://vahan.parivahan.gov.in/vahan4dashboard/vahan/view/reportview.xhtml
2026,7,INDIA TOTAL,All Vahan4 Running Office,MERCEDES-BENZ INDIA PVT LTD,ALL,LIGHT MOTOR VEHICLE|LIGHT PASSENGER VEHICLE,ALL,ALL,980,2026-07-25T06:27:32.869Z,https://vahan.parivahan.gov.in/vahan4dashboard/vahan/view/reportview.xhtml
2026,7,INDIA TOTAL,All Vahan4 Running Office,MITSUBISHI MOTORS CORPORATION,ALL,LIGHT MOTOR VEHICLE|LIGHT PASSENGER VEHICLE,ALL,ALL,0,2026-07-25T06:27:32.869Z,https://vahan.parivahan.gov.in/vahan4dashboard/vahan/view/reportview.xhtml
2026,7,INDIA TOTAL,All Vahan4 Running Office,MOONRIDER PVT LTD,ALL,LIGHT MOTOR VEHICLE|LIGHT PASSENGER VEHICLE,ALL,ALL,1,2026-07-25T06:27:32.869Z,https://vahan.parivahan.gov.in/vahan4dashboard/vahan/view/reportview.xhtml
2026,7,INDIA TOTAL,All Vahan4 Running Office,N K INDUSTRIES,ALL,LIGHT MOTOR VEHICLE|LIGHT PASSENGER VEHICLE,ALL,ALL,5,2026-07-25T06:27:32.869Z,https://vahan.parivahan.gov.in/vahan4dashboard/vahan/view/reportview.xhtml
2026,7,INDIA TOTAL,All Vahan4 Running Office,NAGAMANIKANTA AGRO INDUSTRIES AP021V0002,ALL,LIGHT MOTOR VEHICLE|LIGHT PASSENGER VEHICLE,ALL,ALL,0,2026-07-25T06:27:32.869Z,https://vahan.parivahan.gov.in/vahan4dashboard/vahan/view/reportview.xhtml
2026,7,INDIA TOTAL,All Vahan4 Running Office,NANJING GOLDEN (IMPORTER: KALY EMOTORS),ALL,LIGHT MOTOR VEHICLE|LIGHT PASSENGER VEHICLE,ALL,ALL,0,2026-07-25T06:27:32.869Z,https://vahan.parivahan.gov.in/vahan4dashboard/vahan/view/reportview.xhtml
2026,7,INDIA TOTAL,All Vahan4 Running Office,NARMADA CHEMTECH,ALL,LIGHT MOTOR VEHICLE|LIGHT PASSENGER VEHICLE,ALL,ALL,0,2026-07-25T06:27:32.869Z,https://vahan.parivahan.gov.in/vahan4dashboard/vahan/view/reportview.xhtml
2026,7,INDIA TOTAL,All Vahan4 Running Office,NARMADA IRON WORKS,ALL,LIGHT MOTOR VEHICLE|LIGHT PASSENGER VEHICLE,ALL,ALL,0,2026-07-25T06:27:32.869Z,https://vahan.parivahan.gov.in/vahan4dashboard/vahan/view/reportview.xhtml
2026,7,INDIA TOTAL,All Vahan4 Running Office,NATH AGRO IMPLEMENTS PVT LTD,ALL,LIGHT MOTOR VEHICLE|LIGHT PASSENGER VEHICLE,ALL,ALL,0,2026-07-25T06:27:32.869Z,https://vahan.parivahan.gov.in/vahan4dashboard/vahan/view/reportview.xhtml
2026,7,INDIA TOTAL,All Vahan4 Running Office,NAVDURGA ENGINEERING WORKS,ALL,LIGHT MOTOR VEHICLE|LIGHT PASSENGER VEHICLE,ALL,ALL,2,2026-07-25T06:27:32.869Z,https://vahan.parivahan.gov.in/vahan4dashboard/vahan/view/reportview.xhtml
2026,7,INDIA TOTAL,All Vahan4 Running Office,NAVDURGA MECHANIC WORKS,ALL,LIGHT MOTOR VEHICLE|LIGHT PASSENGER VEHICLE,ALL,ALL,0,2026-07-25T06:27:32.869Z,https://vahan.parivahan.gov.in/vahan4dashboard/vahan/view/reportview.xhtml
2026,7,INDIA TOTAL,All Vahan4 Running Office,NAVYA AGRO INDUSTRIES AP105380099,ALL,LIGHT MOTOR VEHICLE|LIGHT PASSENGER VEHICLE,ALL,ALL,1,2026-07-25T06:27:32.869Z,https://vahan.parivahan.gov.in/vahan4dashboard/vahan/view/reportview.xhtml
2026,7,INDIA TOTAL,All Vahan4 Running Office,NEW BHARAT AGRICULTURAL WORKS,ALL,LIGHT MOTOR VEHICLE|LIGHT PASSENGER VEHICLE,ALL,ALL,1,2026-07-25T06:27:32.869Z,https://vahan.parivahan.gov.in/vahan4dashboard/vahan/view/reportview.xhtml
2026,7,INDIA TOTAL,All Vahan4 Running Office,NEW CHAMUNDA WELDING WORKS,ALL,LIGHT MOTOR VEHICLE|LIGHT PASSENGER VEHICLE,ALL,ALL,1,2026-07-25T06:27:32.869Z,https://vahan.parivahan.gov.in/vahan4dashboard/vahan/view/reportview.xhtml
2026,7,INDIA TOTAL,All Vahan4 Running Office,NEW HOLLAND FIAT INDIA PVT. LTD.,ALL,LIGHT MOTOR VEHICLE|LIGHT PASSENGER VEHICLE,ALL,ALL,0,2026-07-25T06:27:32.869Z,https://vahan.parivahan.gov.in/vahan4dashboard/vahan/view/reportview.xhtml
2026,7,INDIA TOTAL,All Vahan4 Running Office,NEW KHODIYAR AGRO INDUSTRIES,ALL,LIGHT MOTOR VEHICLE|LIGHT PASSENGER VEHICLE,ALL,ALL,2,2026-07-25T06:27:32.869Z,https://vahan.parivahan.gov.in/vahan4dashboard/vahan/view/reportview.xhtml
2026,7,INDIA TOTAL,All Vahan4 Running Office,NEW LEADER AGRO ENGINEERING WORKS AP1514223723,ALL,LIGHT MOTOR VEHICLE|LIGHT PASSENGER VEHICLE,ALL,ALL,1,2026-07-25T06:27:32.869Z,https://vahan.parivahan.gov.in/vahan4dashboard/vahan/view/reportview.xhtml
2026,7,INDIA TOTAL,All Vahan4 Running Office,NEW MALLIKARJUNA ENG WORKS,ALL,LIGHT MOTOR VEHICLE|LIGHT PASSENGER VEHICLE,ALL,ALL,0,2026-07-25T06:27:32.869Z,https://vahan.parivahan.gov.in/vahan4dashboard/vahan/view/reportview.xhtml
2026,7,INDIA TOTAL,All Vahan4 Running Office,NEW SANGMESHWAR TRAILORS & ENGINEERING WORKS,ALL,LIGHT MOTOR VEHICLE|LIGHT PASSENGER VEHICLE,ALL,ALL,0,2026-07-25T06:27:32.869Z,https://vahan.parivahan.gov.in/vahan4dashboard/vahan/view/reportview.xhtml
2026,7,INDIA TOTAL,All Vahan4 Running Office,NEW SHIVAM AGRICULTURE WORKS,ALL,LIGHT MOTOR VEHICLE|LIGHT PASSENGER VEHICLE,ALL,ALL,0,2026-07-25T06:27:32.869Z,https://vahan.parivahan.gov.in/vahan4dashboard/vahan/view/reportview.xhtml
2026,7,INDIA TOTAL,All Vahan4 Running Office,NEW SUPER QUALITY TRAILOR,ALL,LIGHT MOTOR VEHICLE|LIGHT PASSENGER VEHICLE,ALL,ALL,11,2026-07-25T06:27:32.869Z,https://vahan.parivahan.gov.in/vahan4dashboard/vahan/view/reportview.xhtml
2026,7,INDIA TOTAL,All Vahan4 Running Office,NEW TEJAS ENGINEERING WORKS,ALL,LIGHT MOTOR VEHICLE|LIGHT PASSENGER VEHICLE,ALL,ALL,2,2026-07-25T06:27:32.869Z,https://vahan.parivahan.gov.in/vahan4dashboard/vahan/view/reportview.xhtml
2026,7,INDIA TOTAL,All Vahan4 Running Office,NEW UMIYA TRAILER INDUSTRIES,ALL,LIGHT MOTOR VEHICLE|LIGHT PASSENGER VEHICLE,ALL,ALL,2,2026-07-25T06:27:32.869Z,https://vahan.parivahan.gov.in/vahan4dashboard/vahan/view/reportview.xhtml
2026,7,INDIA TOTAL,All Vahan4 Running Office,NEW VIJAY MIRZAPUR,ALL,LIGHT MOTOR VEHICLE|LIGHT PASSENGER VEHICLE,ALL,ALL,0,2026-07-25T06:27:32.869Z,https://vahan.parivahan.gov.in/vahan4dashboard/vahan/view/reportview.xhtml
2026,7,INDIA TOTAL,All Vahan4 Running Office,NILKANTH AGRICULTURE,ALL,LIGHT MOTOR VEHICLE|LIGHT PASSENGER VEHICLE,ALL,ALL,15,2026-07-25T06:27:32.869Z,https://vahan.parivahan.gov.in/vahan4dashboard/vahan/view/reportview.xhtml
2026,7,INDIA TOTAL,All Vahan4 Running Office,NILKANTH TRAILOR,ALL,LIGHT MOTOR VEHICLE|LIGHT PASSENGER VEHICLE,ALL,ALL,2,2026-07-25T06:27:32.869Z,https://vahan.parivahan.gov.in/vahan4dashboard/vahan/view/reportview.xhtml
2026,7,INDIA TOTAL,All Vahan4 Running Office,NISSAN MOTOR INDIA PVT LTD,ALL,LIGHT MOTOR VEHICLE|LIGHT PASSENGER VEHICLE,ALL,ALL,2017,2026-07-25T06:27:32.869Z,https://vahan.parivahan.gov.in/vahan4dashboard/vahan/view/reportview.xhtml
2026,7,INDIA TOTAL,All Vahan4 Running Office,OLECTRA GREENTECH LTD,ALL,LIGHT MOTOR VEHICLE|LIGHT PASSENGER VEHICLE,ALL,ALL,0,2026-07-25T06:27:32.869Z,https://vahan.parivahan.gov.in/vahan4dashboard/vahan/view/reportview.xhtml
2026,7,INDIA TOTAL,All Vahan4 Running Office,OM INDUSTRIES,ALL,LIGHT MOTOR VEHICLE|LIGHT PASSENGER VEHICLE,ALL,ALL,4,2026-07-25T06:27:32.869Z,https://vahan.parivahan.gov.in/vahan4dashboard/vahan/view/reportview.xhtml
2026,7,INDIA TOTAL,All Vahan4 Running Office,OM SHREE SAI ENGINEERING,ALL,LIGHT MOTOR VEHICLE|LIGHT PASSENGER VEHICLE,ALL,ALL,0,2026-07-25T06:27:32.869Z,https://vahan.parivahan.gov.in/vahan4dashboard/vahan/view/reportview.xhtml
2026,7,INDIA TOTAL,All Vahan4 Running Office,OTHERS,ALL,LIGHT MOTOR VEHICLE|LIGHT PASSENGER VEHICLE,ALL,ALL,134,2026-07-25T06:27:32.869Z,https://vahan.parivahan.gov.in/vahan4dashboard/vahan/view/reportview.xhtml
2026,7,INDIA TOTAL,All Vahan4 Running Office,P M DIESELS PVT LTD,ALL,LIGHT MOTOR VEHICLE|LIGHT PASSENGER VEHICLE,ALL,ALL,3,2026-07-25T06:27:32.869Z,https://vahan.parivahan.gov.in/vahan4dashboard/vahan/view/reportview.xhtml
2026,7,INDIA TOTAL,All Vahan4 Running Office,PADMAVATHI ENGINEERING WORKS AP67413574,ALL,LIGHT MOTOR VEHICLE|LIGHT PASSENGER VEHICLE,ALL,ALL,0,2026-07-25T06:27:32.869Z,https://vahan.parivahan.gov.in/vahan4dashboard/vahan/view/reportview.xhtml
2026,7,INDIA TOTAL,All Vahan4 Running Office,PADMAVATI ENGINEERING WORKS,ALL,LIGHT MOTOR VEHICLE|LIGHT PASSENGER VEHICLE,ALL,ALL,5,2026-07-25T06:27:32.869Z,https://vahan.parivahan.gov.in/vahan4dashboard/vahan/view/reportview.xhtml
2026,7,INDIA TOTAL,All Vahan4 Running Office,PANCHAL ENGG WORKS,ALL,LIGHT MOTOR VEHICLE|LIGHT PASSENGER VEHICLE,ALL,ALL,0,2026-07-25T06:27:32.869Z,https://vahan.parivahan.gov.in/vahan4dashboard/vahan/view/reportview.xhtml
2026,7,INDIA TOTAL,All Vahan4 Running Office,PANESAR AGRO TECH,ALL,LIGHT MOTOR VEHICLE|LIGHT PASSENGER VEHICLE,ALL,ALL,0,2026-07-25T06:27:32.869Z,https://vahan.parivahan.gov.in/vahan4dashboard/vahan/view/reportview.xhtml
2026,7,INDIA TOTAL,All Vahan4 Running Office,PARAS AGRO PRODUCTS,ALL,LIGHT MOTOR VEHICLE|LIGHT PASSENGER VEHICLE,ALL,ALL,0,2026-07-25T06:27:32.869Z,https://vahan.parivahan.gov.in/vahan4dashboard/vahan/view/reportview.xhtml
2026,7,INDIA TOTAL,All Vahan4 Running Office,PARAS ENGG WORKS,ALL,LIGHT MOTOR VEHICLE|LIGHT PASSENGER VEHICLE,ALL,ALL,1,2026-07-25T06:27:32.869Z,https://vahan.parivahan.gov.in/vahan4dashboard/vahan/view/reportview.xhtml
2026,7,INDIA TOTAL,All Vahan4 Running Office,PARESH TRAILER,ALL,LIGHT MOTOR VEHICLE|LIGHT PASSENGER VEHICLE,ALL,ALL,2,2026-07-25T06:27:32.869Z,https://vahan.parivahan.gov.in/vahan4dashboard/vahan/view/reportview.xhtml
2026,7,INDIA TOTAL,All Vahan4 Running Office,PARVATHI ENGINEERING WORKS AP49760577,ALL,LIGHT MOTOR VEHICLE|LIGHT PASSENGER VEHICLE,ALL,ALL,0,2026-07-25T06:27:32.869Z,https://vahan.parivahan.gov.in/vahan4dashboard/vahan/view/reportview.xhtml
2026,7,INDIA TOTAL,All Vahan4 Running Office,PATEL AGRICULTURE WORKS,ALL,LIGHT MOTOR VEHICLE|LIGHT PASSENGER VEHICLE,ALL,ALL,2,2026-07-25T06:27:32.869Z,https://vahan.parivahan.gov.in/vahan4dashboard/vahan/view/reportview.xhtml
2026,7,INDIA TOTAL,All Vahan4 Running Office,PATEL ENGINEERING,ALL,LIGHT MOTOR VEHICLE|LIGHT PASSENGER VEHICLE,ALL,ALL,0,2026-07-25T06:27:32.869Z,https://vahan.parivahan.gov.in/vahan4dashboard/vahan/view/reportview.xhtml
2026,7,INDIA TOTAL,All Vahan4 Running Office,PAUNIYA TRACTORS AND FARM EQUIPMENT PVT LTD,ALL,LIGHT MOTOR VEHICLE|LIGHT PASSENGER VEHICLE,ALL,ALL,0,2026-07-25T06:27:32.869Z,https://vahan.parivahan.gov.in/vahan4dashboard/vahan/view/reportview.xhtml
2026,7,INDIA TOTAL,All Vahan4 Running Office,PAVANPUTRA INDUSTRIES,ALL,LIGHT MOTOR VEHICLE|LIGHT PASSENGER VEHICLE,ALL,ALL,0,2026-07-25T06:27:32.869Z,https://vahan.parivahan.gov.in/vahan4dashboard/vahan/view/reportview.xhtml
2026,7,INDIA TOTAL,All Vahan4 Running Office,PERFECT TRAILER,ALL,LIGHT MOTOR VEHICLE|LIGHT PASSENGER VEHICLE,ALL,ALL,1,2026-07-25T06:27:32.869Z,https://vahan.parivahan.gov.in/vahan4dashboard/vahan/view/reportview.xhtml
2026,7,INDIA TOTAL,All Vahan4 Running Office,PIAGGIO VEHICLES PVT LTD,ALL,LIGHT MOTOR VEHICLE|LIGHT PASSENGER VEHICLE,ALL,ALL,3,2026-07-25T06:27:32.869Z,https://vahan.parivahan.gov.in/vahan4dashboard/vahan/view/reportview.xhtml
2026,7,INDIA TOTAL,All Vahan4 Running Office,PINNACLE MOBILITY SOLUTIONS PVT LTD,ALL,LIGHT MOTOR VEHICLE|LIGHT PASSENGER VEHICLE,ALL,ALL,26,2026-07-25T06:27:32.869Z,https://vahan.parivahan.gov.in/vahan4dashboard/vahan/view/reportview.xhtml
2026,7,INDIA TOTAL,All Vahan4 Running Office,POLARIS INDIA PVT LTD,ALL,LIGHT MOTOR VEHICLE|LIGHT PASSENGER VEHICLE,ALL,ALL,3,2026-07-25T06:27:32.869Z,https://vahan.parivahan.gov.in/vahan4dashboard/vahan/view/reportview.xhtml
2026,7,INDIA TOTAL,All Vahan4 Running Office,POONAM AGRO INDUSTRIES,ALL,LIGHT MOTOR VEHICLE|LIGHT PASSENGER VEHICLE,ALL,ALL,0,2026-07-25T06:27:32.869Z,https://vahan.parivahan.gov.in/vahan4dashboard/vahan/view/reportview.xhtml
2026,7,INDIA TOTAL,All Vahan4 Running Office,PORSCHE AG GERMANY,ALL,LIGHT MOTOR VEHICLE|LIGHT PASSENGER VEHICLE,ALL,ALL,17,2026-07-25T06:27:32.869Z,https://vahan.parivahan.gov.in/vahan4dashboard/vahan/view/reportview.xhtml
2026,7,INDIA TOTAL,All Vahan4 Running Office,POWERLAND AGRO TRACTOR VEHICLES PVT LTD,ALL,LIGHT MOTOR VEHICLE|LIGHT PASSENGER VEHICLE,ALL,ALL,0,2026-07-25T06:27:32.869Z,https://vahan.parivahan.gov.in/vahan4dashboard/vahan/view/reportview.xhtml
2026,7,INDIA TOTAL,All Vahan4 Running Office,PRAGATI ENGINEERING,ALL,LIGHT MOTOR VEHICLE|LIGHT PASSENGER VEHICLE,ALL,ALL,0,2026-07-25T06:27:32.869Z,https://vahan.parivahan.gov.in/vahan4dashboard/vahan/view/reportview.xhtml
2026,7,INDIA TOTAL,All Vahan4 Running Office,PREET AGRO INDUSTRIES PVT LTD,ALL,LIGHT MOTOR VEHICLE|LIGHT PASSENGER VEHICLE,ALL,ALL,0,2026-07-25T06:27:32.869Z,https://vahan.parivahan.gov.in/vahan4dashboard/vahan/view/reportview.xhtml
2026,7,INDIA TOTAL,All Vahan4 Running Office,PREET CONSRUCTION EQUIPMENTS PVT LTD,ALL,LIGHT MOTOR VEHICLE|LIGHT PASSENGER VEHICLE,ALL,ALL,0,2026-07-25T06:27:32.869Z,https://vahan.parivahan.gov.in/vahan4dashboard/vahan/view/reportview.xhtml
2026,7,INDIA TOTAL,All Vahan4 Running Office,PREET TRACTORS PVT LTD,ALL,LIGHT MOTOR VEHICLE|LIGHT PASSENGER VEHICLE,ALL,ALL,119,2026-07-25T06:27:32.869Z,https://vahan.parivahan.gov.in/vahan4dashboard/vahan/view/reportview.xhtml
2026,7,INDIA TOTAL,All Vahan4 Running Office,PROPUS INC,ALL,LIGHT MOTOR VEHICLE|LIGHT PASSENGER VEHICLE,ALL,ALL,1,2026-07-25T06:27:32.869Z,https://vahan.parivahan.gov.in/vahan4dashboard/vahan/view/reportview.xhtml
2026,7,INDIA TOTAL,All Vahan4 Running Office,PUSHKAR INDUSTRIES,ALL,LIGHT MOTOR VEHICLE|LIGHT PASSENGER VEHICLE,ALL,ALL,1,2026-07-25T06:27:32.869Z,https://vahan.parivahan.gov.in/vahan4dashboard/vahan/view/reportview.xhtml
2026,7,INDIA TOTAL,All Vahan4 Running Office,R.P.ENGINEERING WORKS AP28910533,ALL,LIGHT MOTOR VEHICLE|LIGHT PASSENGER VEHICLE,ALL,ALL,2,2026-07-25T06:27:32.870Z,https://vahan.parivahan.gov.in/vahan4dashboard/vahan/view/reportview.xhtml
2026,7,INDIA TOTAL,All Vahan4 Running Office,RADHE KISAN ENGG WORKS,ALL,LIGHT MOTOR VEHICLE|LIGHT PASSENGER VEHICLE,ALL,ALL,0,2026-07-25T06:27:32.869Z,https://vahan.parivahan.gov.in/vahan4dashboard/vahan/view/reportview.xhtml
2026,7,INDIA TOTAL,All Vahan4 Running Office,RADHESHYAM TRAILOR,ALL,LIGHT MOTOR VEHICLE|LIGHT PASSENGER VEHICLE,ALL,ALL,0,2026-07-25T06:27:32.869Z,https://vahan.parivahan.gov.in/vahan4dashboard/vahan/view/reportview.xhtml
2026,7,INDIA TOTAL,All Vahan4 Running Office,RAHEEM AGRO WELDING WORKS AP1510204097,ALL,LIGHT MOTOR VEHICLE|LIGHT PASSENGER VEHICLE,ALL,ALL,0,2026-07-25T06:27:32.869Z,https://vahan.parivahan.gov.in/vahan4dashboard/vahan/view/reportview.xhtml
2026,7,INDIA TOTAL,All Vahan4 Running Office,RAJ ENGINEERING WORKS AP21V00001,ALL,LIGHT MOTOR VEHICLE|LIGHT PASSENGER VEHICLE,ALL,ALL,0,2026-07-25T06:27:32.869Z,https://vahan.parivahan.gov.in/vahan4dashboard/vahan/view/reportview.xhtml
2026,7,INDIA TOTAL,All Vahan4 Running Office,RAJ SHAKTI AGRO INDUSTRIES,ALL,LIGHT MOTOR VEHICLE|LIGHT PASSENGER VEHICLE,ALL,ALL,0,2026-07-25T06:27:32.869Z,https://vahan.parivahan.gov.in/vahan4dashboard/vahan/view/reportview.xhtml
2026,7,INDIA TOTAL,All Vahan4 Running Office,RAJA ENG WORK,ALL,LIGHT MOTOR VEHICLE|LIGHT PASSENGER VEHICLE,ALL,ALL,1,2026-07-25T06:27:32.869Z,https://vahan.parivahan.gov.in/vahan4dashboard/vahan/view/reportview.xhtml
2026,7,INDIA TOTAL,All Vahan4 Running Office,RAJU AGRO ENGG.WORKS,ALL,LIGHT MOTOR VEHICLE|LIGHT PASSENGER VEHICLE,ALL,ALL,0,2026-07-25T06:27:32.869Z,https://vahan.parivahan.gov.in/vahan4dashboard/vahan/view/reportview.xhtml
2026,7,INDIA TOTAL,All Vahan4 Running Office,RAM AGRO INDUSTRIES,ALL,LIGHT MOTOR VEHICLE|LIGHT PASSENGER VEHICLE,ALL,ALL,3,2026-07-25T06:27:32.869Z,https://vahan.parivahan.gov.in/vahan4dashboard/vahan/view/reportview.xhtml
2026,7,INDIA TOTAL,All Vahan4 Running Office,RAM VIJAY AGRO INDUSTRIES,ALL,LIGHT MOTOR VEHICLE|LIGHT PASSENGER VEHICLE,ALL,ALL,0,2026-07-25T06:27:32.869Z,https://vahan.parivahan.gov.in/vahan4dashboard/vahan/view/reportview.xhtml
2026,7,INDIA TOTAL,All Vahan4 Running Office,RANGE AUTOMOBILES PVT LTD,ALL,LIGHT MOTOR VEHICLE|LIGHT PASSENGER VEHICLE,ALL,ALL,0,2026-07-25T06:27:32.869Z,https://vahan.parivahan.gov.in/vahan4dashboard/vahan/view/reportview.xhtml
2026,7,INDIA TOTAL,All Vahan4 Running Office,RATAN ENGINEERING WORKS,ALL,LIGHT MOTOR VEHICLE|LIGHT PASSENGER VEHICLE,ALL,ALL,0,2026-07-25T06:27:32.869Z,https://vahan.parivahan.gov.in/vahan4dashboard/vahan/view/reportview.xhtml
2026,7,INDIA TOTAL,All Vahan4 Running Office,RAVI ENGINEERING WORKS,ALL,LIGHT MOTOR VEHICLE|LIGHT PASSENGER VEHICLE,ALL,ALL,0,2026-07-25T06:27:32.869Z,https://vahan.parivahan.gov.in/vahan4dashboard/vahan/view/reportview.xhtml
2026,7,INDIA TOTAL,All Vahan4 Running Office,REDDY AGRO ENGG WORKS,ALL,LIGHT MOTOR VEHICLE|LIGHT PASSENGER VEHICLE,ALL,ALL,0,2026-07-25T06:27:32.869Z,https://vahan.parivahan.gov.in/vahan4dashboard/vahan/view/reportview.xhtml
2026,7,INDIA TOTAL,All Vahan4 Running Office,REDDY ENGINEERING AND CO,ALL,LIGHT MOTOR VEHICLE|LIGHT PASSENGER VEHICLE,ALL,ALL,0,2026-07-25T06:27:32.869Z,https://vahan.parivahan.gov.in/vahan4dashboard/vahan/view/reportview.xhtml
2026,7,INDIA TOTAL,All Vahan4 Running Office,RENAULT INDIA PVT LTD,ALL,LIGHT MOTOR VEHICLE|LIGHT PASSENGER VEHICLE,ALL,ALL,2636,2026-07-25T06:27:32.869Z,https://vahan.parivahan.gov.in/vahan4dashboard/vahan/view/reportview.xhtml
2026,7,INDIA TOTAL,All Vahan4 Running Office,RENAULT NISSAN AUTOMOTIVE INDIA PRIVATE LIMITED,ALL,LIGHT MOTOR VEHICLE|LIGHT PASSENGER VEHICLE,ALL,ALL,1,2026-07-25T06:27:32.869Z,https://vahan.parivahan.gov.in/vahan4dashboard/vahan/view/reportview.xhtml
2026,7,INDIA TOTAL,All Vahan4 Running Office,REVOLT INTELLICORP PVT LTD,ALL,LIGHT MOTOR VEHICLE|LIGHT PASSENGER VEHICLE,ALL,ALL,0,2026-07-25T06:27:32.869Z,https://vahan.parivahan.gov.in/vahan4dashboard/vahan/view/reportview.xhtml
2026,7,INDIA TOTAL,All Vahan4 Running Office,RK TRACTOR,ALL,LIGHT MOTOR VEHICLE|LIGHT PASSENGER VEHICLE,ALL,ALL,0,2026-07-25T06:27:32.869Z,https://vahan.parivahan.gov.in/vahan4dashboard/vahan/view/reportview.xhtml
2026,7,INDIA TOTAL,All Vahan4 Running Office,ROLLS ROYCE,ALL,LIGHT MOTOR VEHICLE|LIGHT PASSENGER VEHICLE,ALL,ALL,0,2026-07-25T06:27:32.870Z,https://vahan.parivahan.gov.in/vahan4dashboard/vahan/view/reportview.xhtml
2026,7,INDIA TOTAL,All Vahan4 Running Office,ROLLS ROYCE MOTOR (IMPORTER: KUN MOTOR),ALL,LIGHT MOTOR VEHICLE|LIGHT PASSENGER VEHICLE,ALL,ALL,0,2026-07-25T06:27:32.870Z,https://vahan.parivahan.gov.in/vahan4dashboard/vahan/view/reportview.xhtml
2026,7,INDIA TOTAL,All Vahan4 Running Office,ROLLS-ROYCE MOTOR CARS(IMPORTER:SELECT CARS P LTD),ALL,LIGHT MOTOR VEHICLE|LIGHT PASSENGER VEHICLE,ALL,ALL,0,2026-07-25T06:27:32.870Z,https://vahan.parivahan.gov.in/vahan4dashboard/vahan/view/reportview.xhtml
2026,7,INDIA TOTAL,All Vahan4 Running Office,ROYAL-ENFIELD (UNIT OF EICHER LTD),ALL,LIGHT MOTOR VEHICLE|LIGHT PASSENGER VEHICLE,ALL,ALL,1,2026-07-25T06:27:32.870Z,https://vahan.parivahan.gov.in/vahan4dashboard/vahan/view/reportview.xhtml
2026,7,INDIA TOTAL,All Vahan4 Running Office,ROYCE EV PVT LTD,ALL,LIGHT MOTOR VEHICLE|LIGHT PASSENGER VEHICLE,ALL,ALL,0,2026-07-25T06:27:32.870Z,https://vahan.parivahan.gov.in/vahan4dashboard/vahan/view/reportview.xhtml
2026,7,INDIA TOTAL,All Vahan4 Running Office,RUDRA NARAYAN ENGINEERING WORKS,ALL,LIGHT MOTOR VEHICLE|LIGHT PASSENGER VEHICLE,ALL,ALL,2,2026-07-25T06:27:32.870Z,https://vahan.parivahan.gov.in/vahan4dashboard/vahan/view/reportview.xhtml
2026,7,INDIA TOTAL,All Vahan4 Running Office,RYTHU MITHRA ENGINEERING WORKS AP29074323,ALL,LIGHT MOTOR VEHICLE|LIGHT PASSENGER VEHICLE,ALL,ALL,0,2026-07-25T06:27:32.870Z,https://vahan.parivahan.gov.in/vahan4dashboard/vahan/view/reportview.xhtml
2026,7,INDIA TOTAL,All Vahan4 Running Office,S S ENGINEERING WORKS AP67583423,ALL,LIGHT MOTOR VEHICLE|LIGHT PASSENGER VEHICLE,ALL,ALL,0,2026-07-25T06:27:32.870Z,https://vahan.parivahan.gov.in/vahan4dashboard/vahan/view/reportview.xhtml
2026,7,INDIA TOTAL,All Vahan4 Running Office,SACHITANAND ENGINEERING WORKS,ALL,LIGHT MOTOR VEHICLE|LIGHT PASSENGER VEHICLE,ALL,ALL,0,2026-07-25T06:27:32.870Z,https://vahan.parivahan.gov.in/vahan4dashboard/vahan/view/reportview.xhtml
2026,7,INDIA TOTAL,All Vahan4 Running Office,SADGURU AGRO INDUSTRIES,ALL,LIGHT MOTOR VEHICLE|LIGHT PASSENGER VEHICLE,ALL,ALL,0,2026-07-25T06:27:32.870Z,https://vahan.parivahan.gov.in/vahan4dashboard/vahan/view/reportview.xhtml
2026,7,INDIA TOTAL,All Vahan4 Running Office,SADGURU TRAILER & AGRI EQUIP,ALL,LIGHT MOTOR VEHICLE|LIGHT PASSENGER VEHICLE,ALL,ALL,0,2026-07-25T06:27:32.870Z,https://vahan.parivahan.gov.in/vahan4dashboard/vahan/view/reportview.xhtml
2026,7,INDIA TOTAL,All Vahan4 Running Office,SAERA ELECTRIC AUTO PVT LTD,ALL,LIGHT MOTOR VEHICLE|LIGHT PASSENGER VEHICLE,ALL,ALL,0,2026-07-25T06:27:32.870Z,https://vahan.parivahan.gov.in/vahan4dashboard/vahan/view/reportview.xhtml
2026,7,INDIA TOTAL,All Vahan4 Running Office,SAGAR AGRO STEEL INDUSTRIES,ALL,LIGHT MOTOR VEHICLE|LIGHT PASSENGER VEHICLE,ALL,ALL,2,2026-07-25T06:27:32.870Z,https://vahan.parivahan.gov.in/vahan4dashboard/vahan/view/reportview.xhtml
2026,7,INDIA TOTAL,All Vahan4 Running Office,SAHARA TRALIORS,ALL,LIGHT MOTOR VEHICLE|LIGHT PASSENGER VEHICLE,ALL,ALL,0,2026-07-25T06:27:32.870Z,https://vahan.parivahan.gov.in/vahan4dashboard/vahan/view/reportview.xhtml
2026,7,INDIA TOTAL,All Vahan4 Running Office,SAI DURGA ARC WELDING WORKS AP105383655,ALL,LIGHT MOTOR VEHICLE|LIGHT PASSENGER VEHICLE,ALL,ALL,0,2026-07-25T06:27:32.870Z,https://vahan.parivahan.gov.in/vahan4dashboard/vahan/view/reportview.xhtml
2026,7,INDIA TOTAL,All Vahan4 Running Office,SAI DURGA ENGINEERING WORKS AP213243533,ALL,LIGHT MOTOR VEHICLE|LIGHT PASSENGER VEHICLE,ALL,ALL,0,2026-07-25T06:27:32.870Z,https://vahan.parivahan.gov.in/vahan4dashboard/vahan/view/reportview.xhtml
2026,7,INDIA TOTAL,All Vahan4 Running Office,SAI ENGINEERING,ALL,LIGHT MOTOR VEHICLE|LIGHT PASSENGER VEHICLE,ALL,ALL,0,2026-07-25T06:27:32.870Z,https://vahan.parivahan.gov.in/vahan4dashboard/vahan/view/reportview.xhtml
2026,7,INDIA TOTAL,All Vahan4 Running Office,SAI ENGINEERING AND WELDING WORKS,ALL,LIGHT MOTOR VEHICLE|LIGHT PASSENGER VEHICLE,ALL,ALL,0,2026-07-25T06:27:32.870Z,https://vahan.parivahan.gov.in/vahan4dashboard/vahan/view/reportview.xhtml
2026,7,INDIA TOTAL,All Vahan4 Running Office,SAI RAJ AGRO INDUSTRIES,ALL,LIGHT MOTOR VEHICLE|LIGHT PASSENGER VEHICLE,ALL,ALL,5,2026-07-25T06:27:32.870Z,https://vahan.parivahan.gov.in/vahan4dashboard/vahan/view/reportview.xhtml
2026,7,INDIA TOTAL,All Vahan4 Running Office,SAI RAM AGRO INDUSTRIES AP67540865,ALL,LIGHT MOTOR VEHICLE|LIGHT PASSENGER VEHICLE,ALL,ALL,0,2026-07-25T06:27:32.870Z,https://vahan.parivahan.gov.in/vahan4dashboard/vahan/view/reportview.xhtml
2026,7,INDIA TOTAL,All Vahan4 Running Office,SAI TRAILERS,ALL,LIGHT MOTOR VEHICLE|LIGHT PASSENGER VEHICLE,ALL,ALL,0,2026-07-25T06:27:32.870Z,https://vahan.parivahan.gov.in/vahan4dashboard/vahan/view/reportview.xhtml
2026,7,INDIA TOTAL,All Vahan4 Running Office,SAINATH AGRO IND,ALL,LIGHT MOTOR VEHICLE|LIGHT PASSENGER VEHICLE,ALL,ALL,0,2026-07-25T06:27:32.870Z,https://vahan.parivahan.gov.in/vahan4dashboard/vahan/view/reportview.xhtml
2026,7,INDIA TOTAL,All Vahan4 Running Office,SAMAY AGRO INDUSTRIES,ALL,LIGHT MOTOR VEHICLE|LIGHT PASSENGER VEHICLE,ALL,ALL,2,2026-07-25T06:27:32.870Z,https://vahan.parivahan.gov.in/vahan4dashboard/vahan/view/reportview.xhtml
2026,7,INDIA TOTAL,All Vahan4 Running Office,SAMBASIVA MODERN INDUSTRIES AP67631075,ALL,LIGHT MOTOR VEHICLE|LIGHT PASSENGER VEHICLE,ALL,ALL,1,2026-07-25T06:27:32.870Z,https://vahan.parivahan.gov.in/vahan4dashboard/vahan/view/reportview.xhtml
2026,7,INDIA TOTAL,All Vahan4 Running Office,SAME DEUTZ - FAHR INDIA (P) LTD.,ALL,LIGHT MOTOR VEHICLE|LIGHT PASSENGER VEHICLE,ALL,ALL,63,2026-07-25T06:27:32.870Z,https://vahan.parivahan.gov.in/vahan4dashboard/vahan/view/reportview.xhtml
2026,7,INDIA TOTAL,All Vahan4 Running Office,SANDEEP INDUSTRIES,ALL,LIGHT MOTOR VEHICLE|LIGHT PASSENGER VEHICLE,ALL,ALL,0,2026-07-25T06:27:32.870Z,https://vahan.parivahan.gov.in/vahan4dashboard/vahan/view/reportview.xhtml
2026,7,INDIA TOTAL,All Vahan4 Running Office,SANTKRUPA ENGINEERING WORKS,ALL,LIGHT MOTOR VEHICLE|LIGHT PASSENGER VEHICLE,ALL,ALL,0,2026-07-25T06:27:32.870Z,https://vahan.parivahan.gov.in/vahan4dashboard/vahan/view/reportview.xhtml
2026,7,INDIA TOTAL,All Vahan4 Running Office,SANTKRUPA MACHINE TOOLS,ALL,LIGHT MOTOR VEHICLE|LIGHT PASSENGER VEHICLE,ALL,ALL,8,2026-07-25T06:27:32.870Z,https://vahan.parivahan.gov.in/vahan4dashboard/vahan/view/reportview.xhtml
2026,7,INDIA TOTAL,All Vahan4 Running Office,SATGURU AGRO INDUSTRIES,ALL,LIGHT MOTOR VEHICLE|LIGHT PASSENGER VEHICLE,ALL,ALL,2,2026-07-25T06:27:32.870Z,https://vahan.parivahan.gov.in/vahan4dashboard/vahan/view/reportview.xhtml
2026,7,INDIA TOTAL,All Vahan4 Running Office,SATGURU ENGINEERING WORKS,ALL,LIGHT MOTOR VEHICLE|LIGHT PASSENGER VEHICLE,ALL,ALL,1,2026-07-25T06:27:32.870Z,https://vahan.parivahan.gov.in/vahan4dashboard/vahan/view/reportview.xhtml
2026,7,INDIA TOTAL,All Vahan4 Running Office,SATHI MOTORS ELECTRIC VEHICLE PVT LTD,ALL,LIGHT MOTOR VEHICLE|LIGHT PASSENGER VEHICLE,ALL,ALL,3,2026-07-25T06:27:32.870Z,https://vahan.parivahan.gov.in/vahan4dashboard/vahan/view/reportview.xhtml
2026,7,INDIA TOTAL,All Vahan4 Running Office,SAYA AGRO INDUSTRIES,ALL,LIGHT MOTOR VEHICLE|LIGHT PASSENGER VEHICLE,ALL,ALL,0,2026-07-25T06:27:32.870Z,https://vahan.parivahan.gov.in/vahan4dashboard/vahan/view/reportview.xhtml
2026,7,INDIA TOTAL,All Vahan4 Running Office,SHAKTI ENGG WORKS,ALL,LIGHT MOTOR VEHICLE|LIGHT PASSENGER VEHICLE,ALL,ALL,3,2026-07-25T06:27:32.870Z,https://vahan.parivahan.gov.in/vahan4dashboard/vahan/view/reportview.xhtml
2026,7,INDIA TOTAL,All Vahan4 Running Office,SHAKTI ENGINEERING WORK,ALL,LIGHT MOTOR VEHICLE|LIGHT PASSENGER VEHICLE,ALL,ALL,4,2026-07-25T06:27:32.870Z,https://vahan.parivahan.gov.in/vahan4dashboard/vahan/view/reportview.xhtml
2026,7,INDIA TOTAL,All Vahan4 Running Office,SHAKTI ENGINEERING WORKS,ALL,LIGHT MOTOR VEHICLE|LIGHT PASSENGER VEHICLE,ALL,ALL,1,2026-07-25T06:27:32.870Z,https://vahan.parivahan.gov.in/vahan4dashboard/vahan/view/reportview.xhtml
2026,7,INDIA TOTAL,All Vahan4 Running Office,SHAKTI INDUSTRIES,ALL,LIGHT MOTOR VEHICLE|LIGHT PASSENGER VEHICLE,ALL,ALL,0,2026-07-25T06:27:32.870Z,https://vahan.parivahan.gov.in/vahan4dashboard/vahan/view/reportview.xhtml
2026,7,INDIA TOTAL,All Vahan4 Running Office,SHAKTIMAN AGRO INDUSTRIES,ALL,LIGHT MOTOR VEHICLE|LIGHT PASSENGER VEHICLE,ALL,ALL,1,2026-07-25T06:27:32.870Z,https://vahan.parivahan.gov.in/vahan4dashboard/vahan/view/reportview.xhtml
2026,7,INDIA TOTAL,All Vahan4 Running Office,SHAKTIMINING EQUIPMENT,ALL,LIGHT MOTOR VEHICLE|LIGHT PASSENGER VEHICLE,ALL,ALL,0,2026-07-25T06:27:32.870Z,https://vahan.parivahan.gov.in/vahan4dashboard/vahan/view/reportview.xhtml
2026,7,INDIA TOTAL,All Vahan4 Running Office,SHANKAR INDUSTRIES,ALL,LIGHT MOTOR VEHICLE|LIGHT PASSENGER VEHICLE,ALL,ALL,0,2026-07-25T06:27:32.870Z,https://vahan.parivahan.gov.in/vahan4dashboard/vahan/view/reportview.xhtml
2026,7,INDIA TOTAL,All Vahan4 Running Office,SHIRIDI SAI ENGINEERING WORKS AP107V00001,ALL,LIGHT MOTOR VEHICLE|LIGHT PASSENGER VEHICLE,ALL,ALL,0,2026-07-25T06:27:32.870Z,https://vahan.parivahan.gov.in/vahan4dashboard/vahan/view/reportview.xhtml
2026,7,INDIA TOTAL,All Vahan4 Running Office,SHIV AGRICULTURE,ALL,LIGHT MOTOR VEHICLE|LIGHT PASSENGER VEHICLE,ALL,ALL,0,2026-07-25T06:27:32.870Z,https://vahan.parivahan.gov.in/vahan4dashboard/vahan/view/reportview.xhtml
2026,7,INDIA TOTAL,All Vahan4 Running Office,SHIV AGRO IND,ALL,LIGHT MOTOR VEHICLE|LIGHT PASSENGER VEHICLE,ALL,ALL,4,2026-07-25T06:27:32.870Z,https://vahan.parivahan.gov.in/vahan4dashboard/vahan/view/reportview.xhtml
2026,7,INDIA TOTAL,All Vahan4 Running Office,SHIV AGRO INDUSTRIES,ALL,LIGHT MOTOR VEHICLE|LIGHT PASSENGER VEHICLE,ALL,ALL,5,2026-07-25T06:27:32.870Z,https://vahan.parivahan.gov.in/vahan4dashboard/vahan/view/reportview.xhtml
2026,7,INDIA TOTAL,All Vahan4 Running Office,SHIV SHAKTI AGRO INDUSTRIES,ALL,LIGHT MOTOR VEHICLE|LIGHT PASSENGER VEHICLE,ALL,ALL,0,2026-07-25T06:27:32.870Z,https://vahan.parivahan.gov.in/vahan4dashboard/vahan/view/reportview.xhtml
2026,7,INDIA TOTAL,All Vahan4 Running Office,SHIV SHAKTI ENG. WORKS,ALL,LIGHT MOTOR VEHICLE|LIGHT PASSENGER VEHICLE,ALL,ALL,0,2026-07-25T06:27:32.870Z,https://vahan.parivahan.gov.in/vahan4dashboard/vahan/view/reportview.xhtml
2026,7,INDIA TOTAL,All Vahan4 Running Office,SHIV SHAKTI FABRICATION,ALL,LIGHT MOTOR VEHICLE|LIGHT PASSENGER VEHICLE,ALL,ALL,0,2026-07-25T06:27:32.870Z,https://vahan.parivahan.gov.in/vahan4dashboard/vahan/view/reportview.xhtml
2026,7,INDIA TOTAL,All Vahan4 Running Office,SHIV SHAKTI MECHANICAL WORKS,ALL,LIGHT MOTOR VEHICLE|LIGHT PASSENGER VEHICLE,ALL,ALL,0,2026-07-25T06:27:32.870Z,https://vahan.parivahan.gov.in/vahan4dashboard/vahan/view/reportview.xhtml
2026,7,INDIA TOTAL,All Vahan4 Running Office,SHIVA GAYATRI ENGG WORKS,ALL,LIGHT MOTOR VEHICLE|LIGHT PASSENGER VEHICLE,ALL,ALL,0,2026-07-25T06:27:32.870Z,https://vahan.parivahan.gov.in/vahan4dashboard/vahan/view/reportview.xhtml
2026,7,INDIA TOTAL,All Vahan4 Running Office,SHIVAJI AGRO INDUSTRIES,ALL,LIGHT MOTOR VEHICLE|LIGHT PASSENGER VEHICLE,ALL,ALL,0,2026-07-25T06:27:32.870Z,https://vahan.parivahan.gov.in/vahan4dashboard/vahan/view/reportview.xhtml
2026,7,INDIA TOTAL,All Vahan4 Running Office,SHIVAM AGRICULTURE WORKS,ALL,LIGHT MOTOR VEHICLE|LIGHT PASSENGER VEHICLE,ALL,ALL,10,2026-07-25T06:27:32.870Z,https://vahan.parivahan.gov.in/vahan4dashboard/vahan/view/reportview.xhtml
2026,7,INDIA TOTAL,All Vahan4 Running Office,SHIVAM ENGINEERING WORKS,ALL,LIGHT MOTOR VEHICLE|LIGHT PASSENGER VEHICLE,ALL,ALL,0,2026-07-25T06:27:32.870Z,https://vahan.parivahan.gov.in/vahan4dashboard/vahan/view/reportview.xhtml
2026,7,INDIA TOTAL,All Vahan4 Running Office,SHIVAM TRAILER,ALL,LIGHT MOTOR VEHICLE|LIGHT PASSENGER VEHICLE,ALL,ALL,12,2026-07-25T06:27:32.870Z,https://vahan.parivahan.gov.in/vahan4dashboard/vahan/view/reportview.xhtml
2026,7,INDIA TOTAL,All Vahan4 Running Office,SHIVASHAKTHI ENG WORKS,ALL,LIGHT MOTOR VEHICLE|LIGHT PASSENGER VEHICLE,ALL,ALL,1,2026-07-25T06:27:32.870Z,https://vahan.parivahan.gov.in/vahan4dashboard/vahan/view/reportview.xhtml
2026,7,INDIA TOTAL,All Vahan4 Running Office,SHIVKRUPA TRAILOR,ALL,LIGHT MOTOR VEHICLE|LIGHT PASSENGER VEHICLE,ALL,ALL,1,2026-07-25T06:27:32.870Z,https://vahan.parivahan.gov.in/vahan4dashboard/vahan/view/reportview.xhtml
2026,7,INDIA TOTAL,All Vahan4 Running Office,SHIVRAJ TRAILOR,ALL,LIGHT MOTOR VEHICLE|LIGHT PASSENGER VEHICLE,ALL,ALL,2,2026-07-25T06:27:32.870Z,https://vahan.parivahan.gov.in/vahan4dashboard/vahan/view/reportview.xhtml
2026,7,INDIA TOTAL,All Vahan4 Running Office,SHIVSHAKTI STEEL INDUSTRIES LATUR,ALL,LIGHT MOTOR VEHICLE|LIGHT PASSENGER VEHICLE,ALL,ALL,0,2026-07-25T06:27:32.870Z,https://vahan.parivahan.gov.in/vahan4dashboard/vahan/view/reportview.xhtml
2026,7,INDIA TOTAL,All Vahan4 Running Office,SHOBHA ENG WORKS,ALL,LIGHT MOTOR VEHICLE|LIGHT PASSENGER VEHICLE,ALL,ALL,0,2026-07-25T06:27:32.870Z,https://vahan.parivahan.gov.in/vahan4dashboard/vahan/view/reportview.xhtml
2026,7,INDIA TOTAL,All Vahan4 Running Office,SHREE AMBIKA ENGG WORKS,ALL,LIGHT MOTOR VEHICLE|LIGHT PASSENGER VEHICLE,ALL,ALL,0,2026-07-25T06:27:32.870Z,https://vahan.parivahan.gov.in/vahan4dashboard/vahan/view/reportview.xhtml
2026,7,INDIA TOTAL,All Vahan4 Running Office,SHREE ASHAPURI TRAILER WORKS,ALL,LIGHT MOTOR VEHICLE|LIGHT PASSENGER VEHICLE,ALL,ALL,0,2026-07-25T06:27:32.870Z,https://vahan.parivahan.gov.in/vahan4dashboard/vahan/view/reportview.xhtml
2026,7,INDIA TOTAL,All Vahan4 Running Office,SHREE BHOJAL INDUSTRIES,ALL,LIGHT MOTOR VEHICLE|LIGHT PASSENGER VEHICLE,ALL,ALL,1,2026-07-25T06:27:32.870Z,https://vahan.parivahan.gov.in/vahan4dashboard/vahan/view/reportview.xhtml
2026,7,INDIA TOTAL,All Vahan4 Running Office,SHREE CHAMUNDA WELDING WORKS,ALL,LIGHT MOTOR VEHICLE|LIGHT PASSENGER VEHICLE,ALL,ALL,0,2026-07-25T06:27:32.870Z,https://vahan.parivahan.gov.in/vahan4dashboard/vahan/view/reportview.xhtml
2026,7,INDIA TOTAL,All Vahan4 Running Office,SHREE DHARTI AGRICULTURE WORKS,ALL,LIGHT MOTOR VEHICLE|LIGHT PASSENGER VEHICLE,ALL,ALL,0,2026-07-25T06:27:32.870Z,https://vahan.parivahan.gov.in/vahan4dashboard/vahan/view/reportview.xhtml
2026,7,INDIA TOTAL,All Vahan4 Running Office,SHREE DIPESHWARI INDUSTRIES,ALL,LIGHT MOTOR VEHICLE|LIGHT PASSENGER VEHICLE,ALL,ALL,0,2026-07-25T06:27:32.870Z,https://vahan.parivahan.gov.in/vahan4dashboard/vahan/view/reportview.xhtml
2026,7,INDIA TOTAL,All Vahan4 Running Office,SHREE GOKUL INDUSTRIES,ALL,LIGHT MOTOR VEHICLE|LIGHT PASSENGER VEHICLE,ALL,ALL,3,2026-07-25T06:27:32.870Z,https://vahan.parivahan.gov.in/vahan4dashboard/vahan/view/reportview.xhtml
2026,7,INDIA TOTAL,All Vahan4 Running Office,SHREE GURUKRUPA AGRO INDUSTRIES,ALL,LIGHT MOTOR VEHICLE|LIGHT PASSENGER VEHICLE,ALL,ALL,0,2026-07-25T06:27:32.870Z,https://vahan.parivahan.gov.in/vahan4dashboard/vahan/view/reportview.xhtml
2026,7,INDIA TOTAL,All Vahan4 Running Office,SHREE KHODAL AGRO INDUSTRIES,ALL,LIGHT MOTOR VEHICLE|LIGHT PASSENGER VEHICLE,ALL,ALL,36,2026-07-25T06:27:32.870Z,https://vahan.parivahan.gov.in/vahan4dashboard/vahan/view/reportview.xhtml
2026,7,INDIA TOTAL,All Vahan4 Running Office,SHREE KRISHNA ENTERPRISE,ALL,LIGHT MOTOR VEHICLE|LIGHT PASSENGER VEHICLE,ALL,ALL,0,2026-07-25T06:27:32.870Z,https://vahan.parivahan.gov.in/vahan4dashboard/vahan/view/reportview.xhtml
2026,7,INDIA TOTAL,All Vahan4 Running Office,SHREE KULDEVI AGRO INDUSTRIES,ALL,LIGHT MOTOR VEHICLE|LIGHT PASSENGER VEHICLE,ALL,ALL,8,2026-07-25T06:27:32.870Z,https://vahan.parivahan.gov.in/vahan4dashboard/vahan/view/reportview.xhtml
2026,7,INDIA TOTAL,All Vahan4 Running Office,SHREE MAHALAXMI AGRO INDUSTRIES,ALL,LIGHT MOTOR VEHICLE|LIGHT PASSENGER VEHICLE,ALL,ALL,2,2026-07-25T06:27:32.870Z,https://vahan.parivahan.gov.in/vahan4dashboard/vahan/view/reportview.xhtml
2026,7,INDIA TOTAL,All Vahan4 Running Office,SHREE MAHALAXMI AGRO WORKS,ALL,LIGHT MOTOR VEHICLE|LIGHT PASSENGER VEHICLE,ALL,ALL,2,2026-07-25T06:27:32.870Z,https://vahan.parivahan.gov.in/vahan4dashboard/vahan/view/reportview.xhtml
2026,7,INDIA TOTAL,All Vahan4 Running Office,SHREE MARUTI AGRO EQUIPMENT,ALL,LIGHT MOTOR VEHICLE|LIGHT PASSENGER VEHICLE,ALL,ALL,15,2026-07-25T06:27:32.870Z,https://vahan.parivahan.gov.in/vahan4dashboard/vahan/view/reportview.xhtml
2026,7,INDIA TOTAL,All Vahan4 Running Office,SHREE MARUTI AGRO INDUSTRIES,ALL,LIGHT MOTOR VEHICLE|LIGHT PASSENGER VEHICLE,ALL,ALL,1,2026-07-25T06:27:32.870Z,https://vahan.parivahan.gov.in/vahan4dashboard/vahan/view/reportview.xhtml
2026,7,INDIA TOTAL,All Vahan4 Running Office,SHREE MELADI WELDING WORKS,ALL,LIGHT MOTOR VEHICLE|LIGHT PASSENGER VEHICLE,ALL,ALL,4,2026-07-25T06:27:32.870Z,https://vahan.parivahan.gov.in/vahan4dashboard/vahan/view/reportview.xhtml
2026,7,INDIA TOTAL,All Vahan4 Running Office,SHREE NAVDURGA INDUSTRIES,ALL,LIGHT MOTOR VEHICLE|LIGHT PASSENGER VEHICLE,ALL,ALL,5,2026-07-25T06:27:32.870Z,https://vahan.parivahan.gov.in/vahan4dashboard/vahan/view/reportview.xhtml
2026,7,INDIA TOTAL,All Vahan4 Running Office,SHREE ORSANG FARM EQUIPMENT,ALL,LIGHT MOTOR VEHICLE|LIGHT PASSENGER VEHICLE,ALL,ALL,21,2026-07-25T06:27:32.870Z,https://vahan.parivahan.gov.in/vahan4dashboard/vahan/view/reportview.xhtml
2026,7,INDIA TOTAL,All Vahan4 Running Office,SHREE PRABHAT AGRO INDUSTRIES,ALL,LIGHT MOTOR VEHICLE|LIGHT PASSENGER VEHICLE,ALL,ALL,1,2026-07-25T06:27:32.870Z,https://vahan.parivahan.gov.in/vahan4dashboard/vahan/view/reportview.xhtml
2026,7,INDIA TOTAL,All Vahan4 Running Office,SHREE RAGHURAMKRUPA STEEL,ALL,LIGHT MOTOR VEHICLE|LIGHT PASSENGER VEHICLE,ALL,ALL,86,2026-07-25T06:27:32.870Z,https://vahan.parivahan.gov.in/vahan4dashboard/vahan/view/reportview.xhtml
2026,7,INDIA TOTAL,All Vahan4 Running Office,SHREE RAM AGRO INDUSTRIES,ALL,LIGHT MOTOR VEHICLE|LIGHT PASSENGER VEHICLE,ALL,ALL,7,2026-07-25T06:27:32.870Z,https://vahan.parivahan.gov.in/vahan4dashboard/vahan/view/reportview.xhtml
2026,7,INDIA TOTAL,All Vahan4 Running Office,SHREE SAI AGRO ENGINEERING WORKS,ALL,LIGHT MOTOR VEHICLE|LIGHT PASSENGER VEHICLE,ALL,ALL,0,2026-07-25T06:27:32.870Z,https://vahan.parivahan.gov.in/vahan4dashboard/vahan/view/reportview.xhtml
2026,7,INDIA TOTAL,All Vahan4 Running Office,SHREE SHYAM AGROTECH,ALL,LIGHT MOTOR VEHICLE|LIGHT PASSENGER VEHICLE,ALL,ALL,2,2026-07-25T06:27:32.870Z,https://vahan.parivahan.gov.in/vahan4dashboard/vahan/view/reportview.xhtml
2026,7,INDIA TOTAL,All Vahan4 Running Office,SHREE VISHNU KRUSHISADHAN WORKS,ALL,LIGHT MOTOR VEHICLE|LIGHT PASSENGER VEHICLE,ALL,ALL,4,2026-07-25T06:27:32.870Z,https://vahan.parivahan.gov.in/vahan4dashboard/vahan/view/reportview.xhtml
2026,7,INDIA TOTAL,All Vahan4 Running Office,SHREE VISHWAKARMA ENGG WORKS,ALL,LIGHT MOTOR VEHICLE|LIGHT PASSENGER VEHICLE,ALL,ALL,1,2026-07-25T06:27:32.870Z,https://vahan.parivahan.gov.in/vahan4dashboard/vahan/view/reportview.xhtml
2026,7,INDIA TOTAL,All Vahan4 Running Office,SHREE VISHWAKARMA TRAILER WORK,ALL,LIGHT MOTOR VEHICLE|LIGHT PASSENGER VEHICLE,ALL,ALL,6,2026-07-25T06:27:32.870Z,https://vahan.parivahan.gov.in/vahan4dashboard/vahan/view/reportview.xhtml
2026,7,INDIA TOTAL,All Vahan4 Running Office,SHREEJI INDUSTRIES,ALL,LIGHT MOTOR VEHICLE|LIGHT PASSENGER VEHICLE,ALL,ALL,0,2026-07-25T06:27:32.870Z,https://vahan.parivahan.gov.in/vahan4dashboard/vahan/view/reportview.xhtml
2026,7,INDIA TOTAL,All Vahan4 Running Office,SHRI DATTA AGRO INDUSTRIES,ALL,LIGHT MOTOR VEHICLE|LIGHT PASSENGER VEHICLE,ALL,ALL,10,2026-07-25T06:27:32.870Z,https://vahan.parivahan.gov.in/vahan4dashboard/vahan/view/reportview.xhtml
2026,7,INDIA TOTAL,All Vahan4 Running Office,SHRI MAHALAXMI AGRO IND,ALL,LIGHT MOTOR VEHICLE|LIGHT PASSENGER VEHICLE,ALL,ALL,0,2026-07-25T06:27:32.870Z,https://vahan.parivahan.gov.in/vahan4dashboard/vahan/view/reportview.xhtml
2026,7,INDIA TOTAL,All Vahan4 Running Office,SHRI RAM ENGINEERING WORKS,ALL,LIGHT MOTOR VEHICLE|LIGHT PASSENGER VEHICLE,ALL,ALL,0,2026-07-25T06:27:32.870Z,https://vahan.parivahan.gov.in/vahan4dashboard/vahan/view/reportview.xhtml
2026,7,INDIA TOTAL,All Vahan4 Running Office,SHRI SHIVAJI ENG WORKS,ALL,LIGHT MOTOR VEHICLE|LIGHT PASSENGER VEHICLE,ALL,ALL,7,2026-07-25T06:27:32.870Z,https://vahan.parivahan.gov.in/vahan4dashboard/vahan/view/reportview.xhtml
2026,7,INDIA TOTAL,All Vahan4 Running Office,SHRI SHYAM ENGG WORKS,ALL,LIGHT MOTOR VEHICLE|LIGHT PASSENGER VEHICLE,ALL,ALL,0,2026-07-25T06:27:32.870Z,https://vahan.parivahan.gov.in/vahan4dashboard/vahan/view/reportview.xhtml
2026,7,INDIA TOTAL,All Vahan4 Running Office,SHRI VADESHWAR TRAILORS,ALL,LIGHT MOTOR VEHICLE|LIGHT PASSENGER VEHICLE,ALL,ALL,0,2026-07-25T06:27:32.870Z,https://vahan.parivahan.gov.in/vahan4dashboard/vahan/view/reportview.xhtml
2026,7,INDIA TOTAL,All Vahan4 Running Office,SHRI VENKATESHWAR AGRO INDUSTRIES,ALL,LIGHT MOTOR VEHICLE|LIGHT PASSENGER VEHICLE,ALL,ALL,0,2026-07-25T06:27:32.870Z,https://vahan.parivahan.gov.in/vahan4dashboard/vahan/view/reportview.xhtml
2026,7,INDIA TOTAL,All Vahan4 Running Office,SHRI VISHWAKARMA AUTOMOBILE,ALL,LIGHT MOTOR VEHICLE|LIGHT PASSENGER VEHICLE,ALL,ALL,3,2026-07-25T06:27:32.870Z,https://vahan.parivahan.gov.in/vahan4dashboard/vahan/view/reportview.xhtml
2026,7,INDIA TOTAL,All Vahan4 Running Office,SHRINIWAS AGRO INDUSTRIES,ALL,LIGHT MOTOR VEHICLE|LIGHT PASSENGER VEHICLE,ALL,ALL,0,2026-07-25T06:27:32.870Z,https://vahan.parivahan.gov.in/vahan4dashboard/vahan/view/reportview.xhtml
2026,7,INDIA TOTAL,All Vahan4 Running Office,SHUBHAM AGRO INDUSTRY,ALL,LIGHT MOTOR VEHICLE|LIGHT PASSENGER VEHICLE,ALL,ALL,0,2026-07-25T06:27:32.870Z,https://vahan.parivahan.gov.in/vahan4dashboard/vahan/view/reportview.xhtml
2026,7,INDIA TOTAL,All Vahan4 Running Office,SHUBHLAKSHMI AGRO INDUSTRIES,ALL,LIGHT MOTOR VEHICLE|LIGHT PASSENGER VEHICLE,ALL,ALL,1,2026-07-25T06:27:32.870Z,https://vahan.parivahan.gov.in/vahan4dashboard/vahan/view/reportview.xhtml
2026,7,INDIA TOTAL,All Vahan4 Running Office,SHYAM AGRO INDUSTRIES,ALL,LIGHT MOTOR VEHICLE|LIGHT PASSENGER VEHICLE,ALL,ALL,0,2026-07-25T06:27:32.870Z,https://vahan.parivahan.gov.in/vahan4dashboard/vahan/view/reportview.xhtml
2026,7,INDIA TOTAL,All Vahan4 Running Office,SHYAM ENGG WORKS,ALL,LIGHT MOTOR VEHICLE|LIGHT PASSENGER VEHICLE,ALL,ALL,2,2026-07-25T06:27:32.870Z,https://vahan.parivahan.gov.in/vahan4dashboard/vahan/view/reportview.xhtml
2026,7,INDIA TOTAL,All Vahan4 Running Office,SHYAM ENGINEERING WORKS,ALL,LIGHT MOTOR VEHICLE|LIGHT PASSENGER VEHICLE,ALL,ALL,3,2026-07-25T06:27:32.870Z,https://vahan.parivahan.gov.in/vahan4dashboard/vahan/view/reportview.xhtml
2026,7,INDIA TOTAL,All Vahan4 Running Office,SIDDHAKALA ENGINEERING AND WELDING WORKS,ALL,LIGHT MOTOR VEHICLE|LIGHT PASSENGER VEHICLE,ALL,ALL,0,2026-07-25T06:27:32.870Z,https://vahan.parivahan.gov.in/vahan4dashboard/vahan/view/reportview.xhtml
2026,7,INDIA TOTAL,All Vahan4 Running Office,SIDDHESHWAR AGRO INDUSTRIES,ALL,LIGHT MOTOR VEHICLE|LIGHT PASSENGER VEHICLE,ALL,ALL,0,2026-07-25T06:27:32.870Z,https://vahan.parivahan.gov.in/vahan4dashboard/vahan/view/reportview.xhtml
2026,7,INDIA TOTAL,All Vahan4 Running Office,SIDDHI ENGINEERING WORKS,ALL,LIGHT MOTOR VEHICLE|LIGHT PASSENGER VEHICLE,ALL,ALL,0,2026-07-25T06:27:32.870Z,https://vahan.parivahan.gov.in/vahan4dashboard/vahan/view/reportview.xhtml
2026,7,INDIA TOTAL,All Vahan4 Running Office,SITARAM ENGINEERING WORKS,ALL,LIGHT MOTOR VEHICLE|LIGHT PASSENGER VEHICLE,ALL,ALL,2,2026-07-25T06:27:32.870Z,https://vahan.parivahan.gov.in/vahan4dashboard/vahan/view/reportview.xhtml
2026,7,INDIA TOTAL,All Vahan4 Running Office,SIYARAM TRAILORS,ALL,LIGHT MOTOR VEHICLE|LIGHT PASSENGER VEHICLE,ALL,ALL,0,2026-07-25T06:27:32.870Z,https://vahan.parivahan.gov.in/vahan4dashboard/vahan/view/reportview.xhtml
2026,7,INDIA TOTAL,All Vahan4 Running Office,SKODA AUTO AS,ALL,LIGHT MOTOR VEHICLE|LIGHT PASSENGER VEHICLE,ALL,ALL,5,2026-07-25T06:27:32.870Z,https://vahan.parivahan.gov.in/vahan4dashboard/vahan/view/reportview.xhtml
2026,7,INDIA TOTAL,All Vahan4 Running Office,SKODA AUTO INDIA PVT LTD,ALL,LIGHT MOTOR VEHICLE|LIGHT PASSENGER VEHICLE,ALL,ALL,0,2026-07-25T06:27:32.870Z,https://vahan.parivahan.gov.in/vahan4dashboard/vahan/view/reportview.xhtml
2026,7,INDIA TOTAL,All Vahan4 Running Office,SKODA AUTO VOLKSWAGEN INDIA PVT LTD,ALL,LIGHT MOTOR VEHICLE|LIGHT PASSENGER VEHICLE,ALL,ALL,6228,2026-07-25T06:27:32.870Z,https://vahan.parivahan.gov.in/vahan4dashboard/vahan/view/reportview.xhtml
2026,7,INDIA TOTAL,All Vahan4 Running Office,SML MAHINDRA LTD,ALL,LIGHT MOTOR VEHICLE|LIGHT PASSENGER VEHICLE,ALL,ALL,820,2026-07-25T06:27:32.870Z,https://vahan.parivahan.gov.in/vahan4dashboard/vahan/view/reportview.xhtml
2026,7,INDIA TOTAL,All Vahan4 Running Office,SOLANKE ENGINEERING WORKS,ALL,LIGHT MOTOR VEHICLE|LIGHT PASSENGER VEHICLE,ALL,ALL,1,2026-07-25T06:27:32.870Z,https://vahan.parivahan.gov.in/vahan4dashboard/vahan/view/reportview.xhtml
2026,7,INDIA TOTAL,All Vahan4 Running Office,SOLANKI MECHANICAL WORKS,ALL,LIGHT MOTOR VEHICLE|LIGHT PASSENGER VEHICLE,ALL,ALL,0,2026-07-25T06:27:32.870Z,https://vahan.parivahan.gov.in/vahan4dashboard/vahan/view/reportview.xhtml
2026,7,INDIA TOTAL,All Vahan4 Running Office,SONAL INDUSTRIES,ALL,LIGHT MOTOR VEHICLE|LIGHT PASSENGER VEHICLE,ALL,ALL,2,2026-07-25T06:27:32.870Z,https://vahan.parivahan.gov.in/vahan4dashboard/vahan/view/reportview.xhtml
2026,7,INDIA TOTAL,All Vahan4 Running Office,SONALIKA INTERNATIONAL TRACTORS LIMITED,ALL,LIGHT MOTOR VEHICLE|LIGHT PASSENGER VEHICLE,ALL,ALL,0,2026-07-25T06:27:32.870Z,https://vahan.parivahan.gov.in/vahan4dashboard/vahan/view/reportview.xhtml
2026,7,INDIA TOTAL,All Vahan4 Running Office,SRI AYYAPPA AGRO INDUSTRIES AP1713672081,ALL,LIGHT MOTOR VEHICLE|LIGHT PASSENGER VEHICLE,ALL,ALL,0,2026-07-25T06:27:32.870Z,https://vahan.parivahan.gov.in/vahan4dashboard/vahan/view/reportview.xhtml
2026,7,INDIA TOTAL,All Vahan4 Running Office,SRI BALAJI ENGINEERING WORKS AP35060002020,ALL,LIGHT MOTOR VEHICLE|LIGHT PASSENGER VEHICLE,ALL,ALL,2,2026-07-25T06:27:32.870Z,https://vahan.parivahan.gov.in/vahan4dashboard/vahan/view/reportview.xhtml
2026,7,INDIA TOTAL,All Vahan4 Running Office,SRI BHAVANI ENGINEERING WORKS AP178270824,ALL,LIGHT MOTOR VEHICLE|LIGHT PASSENGER VEHICLE,ALL,ALL,1,2026-07-25T06:27:32.870Z,https://vahan.parivahan.gov.in/vahan4dashboard/vahan/view/reportview.xhtml
2026,7,INDIA TOTAL,All Vahan4 Running Office,SRI DURGA MANIKANTA WELDING WORKS AP1913662909,ALL,LIGHT MOTOR VEHICLE|LIGHT PASSENGER VEHICLE,ALL,ALL,0,2026-07-25T06:27:32.870Z,https://vahan.parivahan.gov.in/vahan4dashboard/vahan/view/reportview.xhtml
2026,7,INDIA TOTAL,All Vahan4 Running Office,SRI DURGA TRAILERS AP315794156,ALL,LIGHT MOTOR VEHICLE|LIGHT PASSENGER VEHICLE,ALL,ALL,1,2026-07-25T06:27:32.870Z,https://vahan.parivahan.gov.in/vahan4dashboard/vahan/view/reportview.xhtml
2026,7,INDIA TOTAL,All Vahan4 Running Office,SRI GAYATHRI ENGINEERING WORKS AP1014203799,ALL,LIGHT MOTOR VEHICLE|LIGHT PASSENGER VEHICLE,ALL,ALL,0,2026-07-25T06:27:32.870Z,https://vahan.parivahan.gov.in/vahan4dashboard/vahan/view/reportview.xhtml
2026,7,INDIA TOTAL,All Vahan4 Running Office,SRI GAYATRI ENGINEERING WORKS AP235532582,ALL,LIGHT MOTOR VEHICLE|LIGHT PASSENGER VEHICLE,ALL,ALL,0,2026-07-25T06:27:32.870Z,https://vahan.parivahan.gov.in/vahan4dashboard/vahan/view/reportview.xhtml
2026,7,INDIA TOTAL,All Vahan4 Running Office,SRI KRISHNA ENGINEERING WORKS AP56120542,ALL,LIGHT MOTOR VEHICLE|LIGHT PASSENGER VEHICLE,ALL,ALL,0,2026-07-25T06:27:32.870Z,https://vahan.parivahan.gov.in/vahan4dashboard/vahan/view/reportview.xhtml
2026,7,INDIA TOTAL,All Vahan4 Running Office,SRI LAKSHMI ENGINEERING INDUSTRIES,ALL,LIGHT MOTOR VEHICLE|LIGHT PASSENGER VEHICLE,ALL,ALL,0,2026-07-25T06:27:32.870Z,https://vahan.parivahan.gov.in/vahan4dashboard/vahan/view/reportview.xhtml
2026,7,INDIA TOTAL,All Vahan4 Running Office,SRI LAKSHMI ENGINEERING WORKS AP29073576,ALL,LIGHT MOTOR VEHICLE|LIGHT PASSENGER VEHICLE,ALL,ALL,1,2026-07-25T06:27:32.870Z,https://vahan.parivahan.gov.in/vahan4dashboard/vahan/view/reportview.xhtml
2026,7,INDIA TOTAL,All Vahan4 Running Office,SRI LAKSHMI GANAPATHI ENGG WORKS AP235601381,ALL,LIGHT MOTOR VEHICLE|LIGHT PASSENGER VEHICLE,ALL,ALL,1,2026-07-25T06:27:32.870Z,https://vahan.parivahan.gov.in/vahan4dashboard/vahan/view/reportview.xhtml
2026,7,INDIA TOTAL,All Vahan4 Running Office,SRI LAKSHMI GANESH ENGINEERING WORKS AP105023461,ALL,LIGHT MOTOR VEHICLE|LIGHT PASSENGER VEHICLE,ALL,ALL,0,2026-07-25T06:27:32.870Z,https://vahan.parivahan.gov.in/vahan4dashboard/vahan/view/reportview.xhtml
2026,7,INDIA TOTAL,All Vahan4 Running Office,SRI LAKSHMI SRINIVASA AGRO INDUSTRIES AP235640702,ALL,LIGHT MOTOR VEHICLE|LIGHT PASSENGER VEHICLE,ALL,ALL,0,2026-07-25T06:27:32.870Z,https://vahan.parivahan.gov.in/vahan4dashboard/vahan/view/reportview.xhtml
2026,7,INDIA TOTAL,All Vahan4 Running Office,SRI LAKSHMI TRADERS AP02V0001,ALL,LIGHT MOTOR VEHICLE|LIGHT PASSENGER VEHICLE,ALL,ALL,2,2026-07-25T06:27:32.870Z,https://vahan.parivahan.gov.in/vahan4dashboard/vahan/view/reportview.xhtml
2026,7,INDIA TOTAL,All Vahan4 Running Office,"SRI MANIKANTA ENGINEERING WORKS,KADAPA AP49604028",ALL,LIGHT MOTOR VEHICLE|LIGHT PASSENGER VEHICLE,ALL,ALL,1,2026-07-25T06:27:32.870Z,https://vahan.parivahan.gov.in/vahan4dashboard/vahan/view/reportview.xhtml
2026,7,INDIA TOTAL,All Vahan4 Running Office,SRI PADMAVATHI ENGINEERING WORKS AP203572915,ALL,LIGHT MOTOR VEHICLE|LIGHT PASSENGER VEHICLE,ALL,ALL,0,2026-07-25T06:27:32.870Z,https://vahan.parivahan.gov.in/vahan4dashboard/vahan/view/reportview.xhtml
2026,7,INDIA TOTAL,All Vahan4 Running Office,SRI RAVI ENGINEERING WORKS AP117792684,ALL,LIGHT MOTOR VEHICLE|LIGHT PASSENGER VEHICLE,ALL,ALL,0,2026-07-25T06:27:32.870Z,https://vahan.parivahan.gov.in/vahan4dashboard/vahan/view/reportview.xhtml
2026,7,INDIA TOTAL,All Vahan4 Running Office,SRI SAI AGRO INDUSTRIES AP105380115,ALL,LIGHT MOTOR VEHICLE|LIGHT PASSENGER VEHICLE,ALL,ALL,1,2026-07-25T06:27:32.870Z,https://vahan.parivahan.gov.in/vahan4dashboard/vahan/view/reportview.xhtml
2026,7,INDIA TOTAL,All Vahan4 Running Office,SRI SAI ENGINEERING WORKS AP105381063,ALL,LIGHT MOTOR VEHICLE|LIGHT PASSENGER VEHICLE,ALL,ALL,0,2026-07-25T06:27:32.870Z,https://vahan.parivahan.gov.in/vahan4dashboard/vahan/view/reportview.xhtml
2026,7,INDIA TOTAL,All Vahan4 Running Office,SRI SAI ENGINEERING WORKS AP235640703,ALL,LIGHT MOTOR VEHICLE|LIGHT PASSENGER VEHICLE,ALL,ALL,2,2026-07-25T06:27:32.870Z,https://vahan.parivahan.gov.in/vahan4dashboard/vahan/view/reportview.xhtml
2026,7,INDIA TOTAL,All Vahan4 Running Office,SRI SAI KIRAN ENGG WORKS AP203622972,ALL,LIGHT MOTOR VEHICLE|LIGHT PASSENGER VEHICLE,ALL,ALL,0,2026-07-25T06:27:32.870Z,https://vahan.parivahan.gov.in/vahan4dashboard/vahan/view/reportview.xhtml
2026,7,INDIA TOTAL,All Vahan4 Running Office,SRI SAI VISAKHA ENGG WORKS AP105450271,ALL,LIGHT MOTOR VEHICLE|LIGHT PASSENGER VEHICLE,ALL,ALL,0,2026-07-25T06:27:32.870Z,https://vahan.parivahan.gov.in/vahan4dashboard/vahan/view/reportview.xhtml
2026,7,INDIA TOTAL,All Vahan4 Running Office,SRI SAMBA SIVA ENGINEERING WORKS AP105090893,ALL,LIGHT MOTOR VEHICLE|LIGHT PASSENGER VEHICLE,ALL,ALL,0,2026-07-25T06:27:32.870Z,https://vahan.parivahan.gov.in/vahan4dashboard/vahan/view/reportview.xhtml
2026,7,INDIA TOTAL,All Vahan4 Running Office,SRI SATYA AGRO INDUSTRIES AP105441870,ALL,LIGHT MOTOR VEHICLE|LIGHT PASSENGER VEHICLE,ALL,ALL,0,2026-07-25T06:27:32.870Z,https://vahan.parivahan.gov.in/vahan4dashboard/vahan/view/reportview.xhtml
2026,7,INDIA TOTAL,All Vahan4 Running Office,SRI SEETHA RAMA INDUSTRIES AP67301326,ALL,LIGHT MOTOR VEHICLE|LIGHT PASSENGER VEHICLE,ALL,ALL,0,2026-07-25T06:27:32.870Z,https://vahan.parivahan.gov.in/vahan4dashboard/vahan/view/reportview.xhtml
2026,7,INDIA TOTAL,All Vahan4 Running Office,SRI SEETHA RAMA SMALL SCALE INDUSTRIES AP56151245,ALL,LIGHT MOTOR VEHICLE|LIGHT PASSENGER VEHICLE,ALL,ALL,0,2026-07-25T06:27:32.870Z,https://vahan.parivahan.gov.in/vahan4dashboard/vahan/view/reportview.xhtml
2026,7,INDIA TOTAL,All Vahan4 Running Office,SRI SRI MARUTHI ENGINEERING WORKS AP235744011,ALL,LIGHT MOTOR VEHICLE|LIGHT PASSENGER VEHICLE,ALL,ALL,0,2026-07-25T06:27:32.870Z,https://vahan.parivahan.gov.in/vahan4dashboard/vahan/view/reportview.xhtml
2026,7,INDIA TOTAL,All Vahan4 Running Office,SRI SRINIVASA AUTO ENGNEERING WORKS AP105381065,ALL,LIGHT MOTOR VEHICLE|LIGHT PASSENGER VEHICLE,ALL,ALL,3,2026-07-25T06:27:32.870Z,https://vahan.parivahan.gov.in/vahan4dashboard/vahan/view/reportview.xhtml
2026,7,INDIA TOTAL,All Vahan4 Running Office,SRI SRINIVASA ENGINEERING WORKS AP213071506,ALL,LIGHT MOTOR VEHICLE|LIGHT PASSENGER VEHICLE,ALL,ALL,0,2026-07-25T06:27:32.870Z,https://vahan.parivahan.gov.in/vahan4dashboard/vahan/view/reportview.xhtml
2026,7,INDIA TOTAL,All Vahan4 Running Office,SRI SURYA ENGINEERING AP514581410,ALL,LIGHT MOTOR VEHICLE|LIGHT PASSENGER VEHICLE,ALL,ALL,0,2026-07-25T06:27:32.870Z,https://vahan.parivahan.gov.in/vahan4dashboard/vahan/view/reportview.xhtml
2026,7,INDIA TOTAL,All Vahan4 Running Office,SRI VENKATA DURGA AGRO WORKS AP193671591,ALL,LIGHT MOTOR VEHICLE|LIGHT PASSENGER VEHICLE,ALL,ALL,0,2026-07-25T06:27:32.870Z,https://vahan.parivahan.gov.in/vahan4dashboard/vahan/view/reportview.xhtml
2026,7,INDIA TOTAL,All Vahan4 Running Office,SRI VENKATA RAMANA ENGINEERING WORKS AP56240488,ALL,LIGHT MOTOR VEHICLE|LIGHT PASSENGER VEHICLE,ALL,ALL,1,2026-07-25T06:27:32.870Z,https://vahan.parivahan.gov.in/vahan4dashboard/vahan/view/reportview.xhtml
2026,7,INDIA TOTAL,All Vahan4 Running Office,SRI VENKATA SAI ENGINEERING WORKS AP203513559,ALL,LIGHT MOTOR VEHICLE|LIGHT PASSENGER VEHICLE,ALL,ALL,0,2026-07-25T06:27:32.870Z,https://vahan.parivahan.gov.in/vahan4dashboard/vahan/view/reportview.xhtml
2026,7,INDIA TOTAL,All Vahan4 Running Office,SRI VENKATALAKSHMI ENGINEERING WORKS AP203570431,ALL,LIGHT MOTOR VEHICLE|LIGHT PASSENGER VEHICLE,ALL,ALL,0,2026-07-25T06:27:32.870Z,https://vahan.parivahan.gov.in/vahan4dashboard/vahan/view/reportview.xhtml
2026,7,INDIA TOTAL,All Vahan4 Running Office,SRI VENKATESWARA ENGINEERING WORKS AP105380358,ALL,LIGHT MOTOR VEHICLE|LIGHT PASSENGER VEHICLE,ALL,ALL,5,2026-07-25T06:27:32.870Z,https://vahan.parivahan.gov.in/vahan4dashboard/vahan/view/reportview.xhtml
2026,7,INDIA TOTAL,All Vahan4 Running Office,SRI VENKATESWARA ENGINEERING WORKS AP235660207,ALL,LIGHT MOTOR VEHICLE|LIGHT PASSENGER VEHICLE,ALL,ALL,0,2026-07-25T06:27:32.870Z,https://vahan.parivahan.gov.in/vahan4dashboard/vahan/view/reportview.xhtml
2026,7,INDIA TOTAL,All Vahan4 Running Office,SRI VENKATESWARA ENGINEERING WORKS AP313381731,ALL,LIGHT MOTOR VEHICLE|LIGHT PASSENGER VEHICLE,ALL,ALL,0,2026-07-25T06:27:32.870Z,https://vahan.parivahan.gov.in/vahan4dashboard/vahan/view/reportview.xhtml
2026,7,INDIA TOTAL,All Vahan4 Running Office,SRI VIJAYALAKSHMI AGRO INDUSTRIES AP235531371,ALL,LIGHT MOTOR VEHICLE|LIGHT PASSENGER VEHICLE,ALL,ALL,0,2026-07-25T06:27:32.870Z,https://vahan.parivahan.gov.in/vahan4dashboard/vahan/view/reportview.xhtml
2026,7,INDIA TOTAL,All Vahan4 Running Office,SRI VINAYAKA ENGINEERING WORKS AP56120493,ALL,LIGHT MOTOR VEHICLE|LIGHT PASSENGER VEHICLE,ALL,ALL,2,2026-07-25T06:27:32.870Z,https://vahan.parivahan.gov.in/vahan4dashboard/vahan/view/reportview.xhtml
2026,7,INDIA TOTAL,All Vahan4 Running Office,SRINIVAS ENGINEERING WORKS RAYAGADA,ALL,LIGHT MOTOR VEHICLE|LIGHT PASSENGER VEHICLE,ALL,ALL,0,2026-07-25T06:27:32.870Z,https://vahan.parivahan.gov.in/vahan4dashboard/vahan/view/reportview.xhtml
2026,7,INDIA TOTAL,All Vahan4 Running Office,SRIRAGHAVAKRISHNASMALLSCALEENGINEERING AP213033561,ALL,LIGHT MOTOR VEHICLE|LIGHT PASSENGER VEHICLE,ALL,ALL,0,2026-07-25T06:27:32.870Z,https://vahan.parivahan.gov.in/vahan4dashboard/vahan/view/reportview.xhtml
2026,7,INDIA TOTAL,All Vahan4 Running Office,SRISAILESWARA PRODDATUR TROLLEYWORKSAP44060012024,ALL,LIGHT MOTOR VEHICLE|LIGHT PASSENGER VEHICLE,ALL,ALL,0,2026-07-25T06:27:32.870Z,https://vahan.parivahan.gov.in/vahan4dashboard/vahan/view/reportview.xhtml
2026,7,INDIA TOTAL,All Vahan4 Running Office,SRISAIVISAKHAAGROINDUSTRIESKRISHNAAP105384286,ALL,LIGHT MOTOR VEHICLE|LIGHT PASSENGER VEHICLE,ALL,ALL,0,2026-07-25T06:27:32.870Z,https://vahan.parivahan.gov.in/vahan4dashboard/vahan/view/reportview.xhtml
2026,7,INDIA TOTAL,All Vahan4 Running Office,SRIVENKATESWARAENGINEERINGWORKS AP315793529,ALL,LIGHT MOTOR VEHICLE|LIGHT PASSENGER VEHICLE,ALL,ALL,0,2026-07-25T06:27:32.870Z,https://vahan.parivahan.gov.in/vahan4dashboard/vahan/view/reportview.xhtml
2026,7,INDIA TOTAL,All Vahan4 Running Office,STANDARD AGRICULTURE WORKS(R),ALL,LIGHT MOTOR VEHICLE|LIGHT PASSENGER VEHICLE,ALL,ALL,0,2026-07-25T06:27:32.870Z,https://vahan.parivahan.gov.in/vahan4dashboard/vahan/view/reportview.xhtml
2026,7,INDIA TOTAL,All Vahan4 Running Office,STANDARD CORPORATION INDIA LTD,ALL,LIGHT MOTOR VEHICLE|LIGHT PASSENGER VEHICLE,ALL,ALL,3,2026-07-25T06:27:32.870Z,https://vahan.parivahan.gov.in/vahan4dashboard/vahan/view/reportview.xhtml
2026,7,INDIA TOTAL,All Vahan4 Running Office,STAR WELDING WORKS,ALL,LIGHT MOTOR VEHICLE|LIGHT PASSENGER VEHICLE,ALL,ALL,0,2026-07-25T06:27:32.870Z,https://vahan.parivahan.gov.in/vahan4dashboard/vahan/view/reportview.xhtml
2026,7,INDIA TOTAL,All Vahan4 Running Office,STELLANTIS AUTOMOBILES INDIA PVT LTD,ALL,LIGHT MOTOR VEHICLE|LIGHT PASSENGER VEHICLE,ALL,ALL,754,2026-07-25T06:27:32.870Z,https://vahan.parivahan.gov.in/vahan4dashboard/vahan/view/reportview.xhtml
2026,7,INDIA TOTAL,All Vahan4 Running Office,STELLANTIS INDIA PVT LTD,ALL,LIGHT MOTOR VEHICLE|LIGHT PASSENGER VEHICLE,ALL,ALL,172,2026-07-25T06:27:32.870Z,https://vahan.parivahan.gov.in/vahan4dashboard/vahan/view/reportview.xhtml
2026,7,INDIA TOTAL,All Vahan4 Running Office,SUBRAHMANYESWARA AGRO INDUSTRIES AP105380107,ALL,LIGHT MOTOR VEHICLE|LIGHT PASSENGER VEHICLE,ALL,ALL,2,2026-07-25T06:27:32.870Z,https://vahan.parivahan.gov.in/vahan4dashboard/vahan/view/reportview.xhtml
2026,7,INDIA TOTAL,All Vahan4 Running Office,SUBRAHMANYESWARA ENGG WORKS AP235530208,ALL,LIGHT MOTOR VEHICLE|LIGHT PASSENGER VEHICLE,ALL,ALL,0,2026-07-25T06:27:32.870Z,https://vahan.parivahan.gov.in/vahan4dashboard/vahan/view/reportview.xhtml
2026,7,INDIA TOTAL,All Vahan4 Running Office,SUNRISE ENTERPRISE,ALL,LIGHT MOTOR VEHICLE|LIGHT PASSENGER VEHICLE,ALL,ALL,0,2026-07-25T06:27:32.870Z,https://vahan.parivahan.gov.in/vahan4dashboard/vahan/view/reportview.xhtml
2026,7,INDIA TOTAL,All Vahan4 Running Office,SURAJ ENGINEERING WORKS,ALL,LIGHT MOTOR VEHICLE|LIGHT PASSENGER VEHICLE,ALL,ALL,0,2026-07-25T06:27:32.870Z,https://vahan.parivahan.gov.in/vahan4dashboard/vahan/view/reportview.xhtml
2026,7,INDIA TOTAL,All Vahan4 Running Office,SURESH AGRO PROODUCTS AP105381068,ALL,LIGHT MOTOR VEHICLE|LIGHT PASSENGER VEHICLE,ALL,ALL,4,2026-07-25T06:27:32.870Z,https://vahan.parivahan.gov.in/vahan4dashboard/vahan/view/reportview.xhtml
2026,7,INDIA TOTAL,All Vahan4 Running Office,SWARAJ AUTOMOTIVES LTD,ALL,LIGHT MOTOR VEHICLE|LIGHT PASSENGER VEHICLE,ALL,ALL,0,2026-07-25T06:27:32.870Z,https://vahan.parivahan.gov.in/vahan4dashboard/vahan/view/reportview.xhtml
2026,7,INDIA TOTAL,All Vahan4 Running Office,SWARNALATHA ENGINEERING WORKS AP49764388,ALL,LIGHT MOTOR VEHICLE|LIGHT PASSENGER VEHICLE,ALL,ALL,0,2026-07-25T06:27:32.870Z,https://vahan.parivahan.gov.in/vahan4dashboard/vahan/view/reportview.xhtml
2026,7,INDIA TOTAL,All Vahan4 Running Office,SWASTIK ENGINEERING WORKS,ALL,LIGHT MOTOR VEHICLE|LIGHT PASSENGER VEHICLE,ALL,ALL,0,2026-07-25T06:27:32.870Z,https://vahan.parivahan.gov.in/vahan4dashboard/vahan/view/reportview.xhtml
2026,7,INDIA TOTAL,All Vahan4 Running Office,SWASTIK INDUSTRIES,ALL,LIGHT MOTOR VEHICLE|LIGHT PASSENGER VEHICLE,ALL,ALL,0,2026-07-25T06:27:32.870Z,https://vahan.parivahan.gov.in/vahan4dashboard/vahan/view/reportview.xhtml
2026,7,INDIA TOTAL,All Vahan4 Running Office,TAFE LIMITED,ALL,LIGHT MOTOR VEHICLE|LIGHT PASSENGER VEHICLE,ALL,ALL,10564,2026-07-25T06:27:32.870Z,https://vahan.parivahan.gov.in/vahan4dashboard/vahan/view/reportview.xhtml
2026,7,INDIA TOTAL,All Vahan4 Running Office,TATA ADVANCED SYSTEMS LTD,ALL,LIGHT MOTOR VEHICLE|LIGHT PASSENGER VEHICLE,ALL,ALL,26,2026-07-25T06:27:32.870Z,https://vahan.parivahan.gov.in/vahan4dashboard/vahan/view/reportview.xhtml
2026,7,INDIA TOTAL,All Vahan4 Running Office,TATA MOTORS LTD,ALL,LIGHT MOTOR VEHICLE|LIGHT PASSENGER VEHICLE,ALL,ALL,4359,2026-07-25T06:27:32.870Z,https://vahan.parivahan.gov.in/vahan4dashboard/vahan/view/reportview.xhtml
2026,7,INDIA TOTAL,All Vahan4 Running Office,TATA MOTORS PASSENGER VEHICLES LTD,ALL,LIGHT MOTOR VEHICLE|LIGHT PASSENGER VEHICLE,ALL,ALL,30471,2026-07-25T06:27:32.870Z,https://vahan.parivahan.gov.in/vahan4dashboard/vahan/view/reportview.xhtml
2026,7,INDIA TOTAL,All Vahan4 Running Office,TATA PASSENGER ELECTRIC MOBILITY LTD,ALL,LIGHT MOTOR VEHICLE|LIGHT PASSENGER VEHICLE,ALL,ALL,9478,2026-07-25T06:27:32.870Z,https://vahan.parivahan.gov.in/vahan4dashboard/vahan/view/reportview.xhtml
2026,7,INDIA TOTAL,All Vahan4 Running Office,TESLA INDIA MOTORS AND ENERGY PVT LTD,ALL,LIGHT MOTOR VEHICLE|LIGHT PASSENGER VEHICLE,ALL,ALL,84,2026-07-25T06:27:32.870Z,https://vahan.parivahan.gov.in/vahan4dashboard/vahan/view/reportview.xhtml
2026,7,INDIA TOTAL,All Vahan4 Running Office,THIRUMALA ENGG WORKS,ALL,LIGHT MOTOR VEHICLE|LIGHT PASSENGER VEHICLE,ALL,ALL,0,2026-07-25T06:27:32.870Z,https://vahan.parivahan.gov.in/vahan4dashboard/vahan/view/reportview.xhtml
2026,7,INDIA TOTAL,All Vahan4 Running Office,THIRUMALA ENGINEERING WORKS AP29071505,ALL,LIGHT MOTOR VEHICLE|LIGHT PASSENGER VEHICLE,ALL,ALL,7,2026-07-25T06:27:32.870Z,https://vahan.parivahan.gov.in/vahan4dashboard/vahan/view/reportview.xhtml
2026,7,INDIA TOTAL,All Vahan4 Running Office,THUKRAL ELECTRIC BIKES PVT LTD,ALL,LIGHT MOTOR VEHICLE|LIGHT PASSENGER VEHICLE,ALL,ALL,0,2026-07-25T06:27:32.870Z,https://vahan.parivahan.gov.in/vahan4dashboard/vahan/view/reportview.xhtml
2026,7,INDIA TOTAL,All Vahan4 Running Office,TI CLEAN MOBILITY PVT LTD,ALL,LIGHT MOTOR VEHICLE|LIGHT PASSENGER VEHICLE,ALL,ALL,3,2026-07-25T06:27:32.870Z,https://vahan.parivahan.gov.in/vahan4dashboard/vahan/view/reportview.xhtml
2026,7,INDIA TOTAL,All Vahan4 Running Office,TIRTH AGRO TECHNOLOGY PVT LTD,ALL,LIGHT MOTOR VEHICLE|LIGHT PASSENGER VEHICLE,ALL,ALL,4,2026-07-25T06:27:32.870Z,https://vahan.parivahan.gov.in/vahan4dashboard/vahan/view/reportview.xhtml
2026,7,INDIA TOTAL,All Vahan4 Running Office,TIVOLT ELECTRIC VEHICLES PVT LTD,ALL,LIGHT MOTOR VEHICLE|LIGHT PASSENGER VEHICLE,ALL,ALL,0,2026-07-25T06:27:32.870Z,https://vahan.parivahan.gov.in/vahan4dashboard/vahan/view/reportview.xhtml
2026,7,INDIA TOTAL,All Vahan4 Running Office,TOYOTA KIRLOSKAR MOTOR PVT LTD,ALL,LIGHT MOTOR VEHICLE|LIGHT PASSENGER VEHICLE,ALL,ALL,21654,2026-07-25T06:27:32.870Z,https://vahan.parivahan.gov.in/vahan4dashboard/vahan/view/reportview.xhtml
2026,7,INDIA TOTAL,All Vahan4 Running Office,TRACTOR VANDANA GREEN,ALL,LIGHT MOTOR VEHICLE|LIGHT PASSENGER VEHICLE,ALL,ALL,0,2026-07-25T06:27:32.870Z,https://vahan.parivahan.gov.in/vahan4dashboard/vahan/view/reportview.xhtml
2026,7,INDIA TOTAL,All Vahan4 Running Office,TRANS MECH SYSTEMS,ALL,LIGHT MOTOR VEHICLE|LIGHT PASSENGER VEHICLE,ALL,ALL,2,2026-07-25T06:27:32.870Z,https://vahan.parivahan.gov.in/vahan4dashboard/vahan/view/reportview.xhtml
2026,7,INDIA TOTAL,All Vahan4 Running Office,TRIMURTI AGRO INDUSTRIES,ALL,LIGHT MOTOR VEHICLE|LIGHT PASSENGER VEHICLE,ALL,ALL,0,2026-07-25T06:27:32.870Z,https://vahan.parivahan.gov.in/vahan4dashboard/vahan/view/reportview.xhtml
2026,7,INDIA TOTAL,All Vahan4 Running Office,TRIMURTI INDUSTRIES,ALL,LIGHT MOTOR VEHICLE|LIGHT PASSENGER VEHICLE,ALL,ALL,0,2026-07-25T06:27:32.870Z,https://vahan.parivahan.gov.in/vahan4dashboard/vahan/view/reportview.xhtml
2026,7,INDIA TOTAL,All Vahan4 Running Office,TRIMURTI TRAILER,ALL,LIGHT MOTOR VEHICLE|LIGHT PASSENGER VEHICLE,ALL,ALL,3,2026-07-25T06:27:32.870Z,https://vahan.parivahan.gov.in/vahan4dashboard/vahan/view/reportview.xhtml
2026,7,INDIA TOTAL,All Vahan4 Running Office,TULJABHAWANI AGRO INDUSTRIES,ALL,LIGHT MOTOR VEHICLE|LIGHT PASSENGER VEHICLE,ALL,ALL,1,2026-07-25T06:27:32.870Z,https://vahan.parivahan.gov.in/vahan4dashboard/vahan/view/reportview.xhtml
2026,7,INDIA TOTAL,All Vahan4 Running Office,TULSI TRAILER,ALL,LIGHT MOTOR VEHICLE|LIGHT PASSENGER VEHICLE,ALL,ALL,0,2026-07-25T06:27:32.870Z,https://vahan.parivahan.gov.in/vahan4dashboard/vahan/view/reportview.xhtml
2026,7,INDIA TOTAL,All Vahan4 Running Office,TVS MOTOR COMPANY LTD,ALL,LIGHT MOTOR VEHICLE|LIGHT PASSENGER VEHICLE,ALL,ALL,2,2026-07-25T06:27:32.870Z,https://vahan.parivahan.gov.in/vahan4dashboard/vahan/view/reportview.xhtml
2026,7,INDIA TOTAL,All Vahan4 Running Office,UMIYA VIJAY AGRO INDUSTRIES,ALL,LIGHT MOTOR VEHICLE|LIGHT PASSENGER VEHICLE,ALL,ALL,1,2026-07-25T06:27:32.870Z,https://vahan.parivahan.gov.in/vahan4dashboard/vahan/view/reportview.xhtml
2026,7,INDIA TOTAL,All Vahan4 Running Office,UNIVERSAL ENGINEERING,ALL,LIGHT MOTOR VEHICLE|LIGHT PASSENGER VEHICLE,ALL,ALL,0,2026-07-25T06:27:32.870Z,https://vahan.parivahan.gov.in/vahan4dashboard/vahan/view/reportview.xhtml
2026,7,INDIA TOTAL,All Vahan4 Running Office,V P AUTOMOBILES,ALL,LIGHT MOTOR VEHICLE|LIGHT PASSENGER VEHICLE,ALL,ALL,10,2026-07-25T06:27:32.870Z,https://vahan.parivahan.gov.in/vahan4dashboard/vahan/view/reportview.xhtml
2026,7,INDIA TOTAL,All Vahan4 Running Office,V R WELDING WORKS,ALL,LIGHT MOTOR VEHICLE|LIGHT PASSENGER VEHICLE,ALL,ALL,0,2026-07-25T06:27:32.870Z,https://vahan.parivahan.gov.in/vahan4dashboard/vahan/view/reportview.xhtml
2026,7,INDIA TOTAL,All Vahan4 Running Office,V.S.T. TILLERS TRACTORS LIMITED,ALL,LIGHT MOTOR VEHICLE|LIGHT PASSENGER VEHICLE,ALL,ALL,260,2026-07-25T06:27:32.870Z,https://vahan.parivahan.gov.in/vahan4dashboard/vahan/view/reportview.xhtml
2026,7,INDIA TOTAL,All Vahan4 Running Office,VAGHESHWARI FABRICATION,ALL,LIGHT MOTOR VEHICLE|LIGHT PASSENGER VEHICLE,ALL,ALL,1,2026-07-25T06:27:32.870Z,https://vahan.parivahan.gov.in/vahan4dashboard/vahan/view/reportview.xhtml
2026,7,INDIA TOTAL,All Vahan4 Running Office,VAIBHAV AGRO INDUSTRIES,ALL,LIGHT MOTOR VEHICLE|LIGHT PASSENGER VEHICLE,ALL,ALL,0,2026-07-25T06:27:32.870Z,https://vahan.parivahan.gov.in/vahan4dashboard/vahan/view/reportview.xhtml
2026,7,INDIA TOTAL,All Vahan4 Running Office,VAIBHAV ENGG. WORKS,ALL,LIGHT MOTOR VEHICLE|LIGHT PASSENGER VEHICLE,ALL,ALL,0,2026-07-25T06:27:32.870Z,https://vahan.parivahan.gov.in/vahan4dashboard/vahan/view/reportview.xhtml
2026,7,INDIA TOTAL,All Vahan4 Running Office,VALDO TRACTORS PVT LTD,ALL,LIGHT MOTOR VEHICLE|LIGHT PASSENGER VEHICLE,ALL,ALL,0,2026-07-25T06:27:32.870Z,https://vahan.parivahan.gov.in/vahan4dashboard/vahan/view/reportview.xhtml
2026,7,INDIA TOTAL,All Vahan4 Running Office,VE COMMERCIAL VEHICLES LTD,ALL,LIGHT MOTOR VEHICLE|LIGHT PASSENGER VEHICLE,ALL,ALL,384,2026-07-25T06:27:32.870Z,https://vahan.parivahan.gov.in/vahan4dashboard/vahan/view/reportview.xhtml
2026,7,INDIA TOTAL,All Vahan4 Running Office,VEERBHADRA ENGINEERING WORKS,ALL,LIGHT MOTOR VEHICLE|LIGHT PASSENGER VEHICLE,ALL,ALL,2,2026-07-25T06:27:32.870Z,https://vahan.parivahan.gov.in/vahan4dashboard/vahan/view/reportview.xhtml
2026,7,INDIA TOTAL,All Vahan4 Running Office,VEGAD ENTERPRISE,ALL,LIGHT MOTOR VEHICLE|LIGHT PASSENGER VEHICLE,ALL,ALL,0,2026-07-25T06:27:32.870Z,https://vahan.parivahan.gov.in/vahan4dashboard/vahan/view/reportview.xhtml
2026,7,INDIA TOTAL,All Vahan4 Running Office,VELOCIFERO (IMPORTER: KAWVELOCE MOTORS PVT LTD),ALL,LIGHT MOTOR VEHICLE|LIGHT PASSENGER VEHICLE,ALL,ALL,0,2026-07-25T06:27:32.870Z,https://vahan.parivahan.gov.in/vahan4dashboard/vahan/view/reportview.xhtml
2026,7,INDIA TOTAL,All Vahan4 Running Office,VENKATESHWARA ENGINEERING WORK,ALL,LIGHT MOTOR VEHICLE|LIGHT PASSENGER VEHICLE,ALL,ALL,0,2026-07-25T06:27:32.870Z,https://vahan.parivahan.gov.in/vahan4dashboard/vahan/view/reportview.xhtml
2026,7,INDIA TOTAL,All Vahan4 Running Office,VICTORY ELECTRIC VEHICLES INTERNATIONAL LTD,ALL,LIGHT MOTOR VEHICLE|LIGHT PASSENGER VEHICLE,ALL,ALL,1,2026-07-25T06:27:32.870Z,https://vahan.parivahan.gov.in/vahan4dashboard/vahan/view/reportview.xhtml
2026,7,INDIA TOTAL,All Vahan4 Running Office,VIDARBHA TRAILERS,ALL,LIGHT MOTOR VEHICLE|LIGHT PASSENGER VEHICLE,ALL,ALL,0,2026-07-25T06:27:32.870Z,https://vahan.parivahan.gov.in/vahan4dashboard/vahan/view/reportview.xhtml
2026,7,INDIA TOTAL,All Vahan4 Running Office,VIJAY ENGINEERING WORKS,ALL,LIGHT MOTOR VEHICLE|LIGHT PASSENGER VEHICLE,ALL,ALL,0,2026-07-25T06:27:32.870Z,https://vahan.parivahan.gov.in/vahan4dashboard/vahan/view/reportview.xhtml
2026,7,INDIA TOTAL,All Vahan4 Running Office,VIJAY TROLLY WORKS,ALL,LIGHT MOTOR VEHICLE|LIGHT PASSENGER VEHICLE,ALL,ALL,0,2026-07-25T06:27:32.870Z,https://vahan.parivahan.gov.in/vahan4dashboard/vahan/view/reportview.xhtml
2026,7,INDIA TOTAL,All Vahan4 Running Office,VIJAYALAKSHIMI ENGG WORKS,ALL,LIGHT MOTOR VEHICLE|LIGHT PASSENGER VEHICLE,ALL,ALL,0,2026-07-25T06:27:32.870Z,https://vahan.parivahan.gov.in/vahan4dashboard/vahan/view/reportview.xhtml
2026,7,INDIA TOTAL,All Vahan4 Running Office,VIKAS ENGG WORKS,ALL,LIGHT MOTOR VEHICLE|LIGHT PASSENGER VEHICLE,ALL,ALL,0,2026-07-25T06:27:32.870Z,https://vahan.parivahan.gov.in/vahan4dashboard/vahan/view/reportview.xhtml
2026,7,INDIA TOTAL,All Vahan4 Running Office,VIKAS INDUSTRIES,ALL,LIGHT MOTOR VEHICLE|LIGHT PASSENGER VEHICLE,ALL,ALL,1,2026-07-25T06:27:32.870Z,https://vahan.parivahan.gov.in/vahan4dashboard/vahan/view/reportview.xhtml
2026,7,INDIA TOTAL,All Vahan4 Running Office,VIKASH TRAILERS,ALL,LIGHT MOTOR VEHICLE|LIGHT PASSENGER VEHICLE,ALL,ALL,0,2026-07-25T06:27:32.870Z,https://vahan.parivahan.gov.in/vahan4dashboard/vahan/view/reportview.xhtml
2026,7,INDIA TOTAL,All Vahan4 Running Office,VINA ENGINEERING WORKS,ALL,LIGHT MOTOR VEHICLE|LIGHT PASSENGER VEHICLE,ALL,ALL,1,2026-07-25T06:27:32.870Z,https://vahan.parivahan.gov.in/vahan4dashboard/vahan/view/reportview.xhtml
2026,7,INDIA TOTAL,All Vahan4 Running Office,VINAYAK AGRO INDUSTRIES,ALL,LIGHT MOTOR VEHICLE|LIGHT PASSENGER VEHICLE,ALL,ALL,4,2026-07-25T06:27:32.870Z,https://vahan.parivahan.gov.in/vahan4dashboard/vahan/view/reportview.xhtml
2026,7,INDIA TOTAL,All Vahan4 Running Office,VINFAST AUTO INDIA PVT LTD,ALL,LIGHT MOTOR VEHICLE|LIGHT PASSENGER VEHICLE,ALL,ALL,1076,2026-07-25T06:27:32.870Z,https://vahan.parivahan.gov.in/vahan4dashboard/vahan/view/reportview.xhtml
2026,7,INDIA TOTAL,All Vahan4 Running Office,VINTAGE VEHICLES,ALL,LIGHT MOTOR VEHICLE|LIGHT PASSENGER VEHICLE,ALL,ALL,0,2026-07-25T06:27:32.870Z,https://vahan.parivahan.gov.in/vahan4dashboard/vahan/view/reportview.xhtml
2026,7,INDIA TOTAL,All Vahan4 Running Office,VISAKHA AUTO GRAGE AP203572501,ALL,LIGHT MOTOR VEHICLE|LIGHT PASSENGER VEHICLE,ALL,ALL,0,2026-07-25T06:27:32.870Z,https://vahan.parivahan.gov.in/vahan4dashboard/vahan/view/reportview.xhtml
2026,7,INDIA TOTAL,All Vahan4 Running Office,VISHNU AGRO ENGINEERING WORKS AP315793502,ALL,LIGHT MOTOR VEHICLE|LIGHT PASSENGER VEHICLE,ALL,ALL,0,2026-07-25T06:27:32.870Z,https://vahan.parivahan.gov.in/vahan4dashboard/vahan/view/reportview.xhtml
2026,7,INDIA TOTAL,All Vahan4 Running Office,VISHWA SANJAY TRAILOR,ALL,LIGHT MOTOR VEHICLE|LIGHT PASSENGER VEHICLE,ALL,ALL,0,2026-07-25T06:27:32.870Z,https://vahan.parivahan.gov.in/vahan4dashboard/vahan/view/reportview.xhtml
2026,7,INDIA TOTAL,All Vahan4 Running Office,VISWAKARMA AGRO INDUSTRIES,ALL,LIGHT MOTOR VEHICLE|LIGHT PASSENGER VEHICLE,ALL,ALL,0,2026-07-25T06:27:32.870Z,https://vahan.parivahan.gov.in/vahan4dashboard/vahan/view/reportview.xhtml
2026,7,INDIA TOTAL,All Vahan4 Running Office,VIVEK ENGG. WORKS,ALL,LIGHT MOTOR VEHICLE|LIGHT PASSENGER VEHICLE,ALL,ALL,7,2026-07-25T06:27:32.870Z,https://vahan.parivahan.gov.in/vahan4dashboard/vahan/view/reportview.xhtml
2026,7,INDIA TOTAL,All Vahan4 Running Office,VOLKSWAGEN AG,ALL,LIGHT MOTOR VEHICLE|LIGHT PASSENGER VEHICLE,ALL,ALL,34,2026-07-25T06:27:32.870Z,https://vahan.parivahan.gov.in/vahan4dashboard/vahan/view/reportview.xhtml
2026,7,INDIA TOTAL,All Vahan4 Running Office,VOLKSWAGEN INDIA PVT LTD,ALL,LIGHT MOTOR VEHICLE|LIGHT PASSENGER VEHICLE,ALL,ALL,0,2026-07-25T06:27:32.870Z,https://vahan.parivahan.gov.in/vahan4dashboard/vahan/view/reportview.xhtml
2026,7,INDIA TOTAL,All Vahan4 Running Office,VOLVO,ALL,LIGHT MOTOR VEHICLE|LIGHT PASSENGER VEHICLE,ALL,ALL,0,2026-07-25T06:27:32.870Z,https://vahan.parivahan.gov.in/vahan4dashboard/vahan/view/reportview.xhtml
2026,7,INDIA TOTAL,All Vahan4 Running Office,VOLVO AUTO INDIA PVT LTD,ALL,LIGHT MOTOR VEHICLE|LIGHT PASSENGER VEHICLE,ALL,ALL,107,2026-07-25T06:27:32.870Z,https://vahan.parivahan.gov.in/vahan4dashboard/vahan/view/reportview.xhtml
2026,7,INDIA TOTAL,All Vahan4 Running Office,VRUNDAVAN ENGG WORKS,ALL,LIGHT MOTOR VEHICLE|LIGHT PASSENGER VEHICLE,ALL,ALL,0,2026-07-25T06:27:32.870Z,https://vahan.parivahan.gov.in/vahan4dashboard/vahan/view/reportview.xhtml
2026,7,INDIA TOTAL,All Vahan4 Running Office,VST TILLER TRACTOR LTD,ALL,LIGHT MOTOR VEHICLE|LIGHT PASSENGER VEHICLE,ALL,ALL,0,2026-07-25T06:27:32.870Z,https://vahan.parivahan.gov.in/vahan4dashboard/vahan/view/reportview.xhtml
2026,7,INDIA TOTAL,All Vahan4 Running Office,VST ZETOR PVT LTD,ALL,LIGHT MOTOR VEHICLE|LIGHT PASSENGER VEHICLE,ALL,ALL,16,2026-07-25T06:27:32.870Z,https://vahan.parivahan.gov.in/vahan4dashboard/vahan/view/reportview.xhtml
2026,7,INDIA TOTAL,All Vahan4 Running Office,VYOMEV MOTORS PVT LTD,ALL,LIGHT MOTOR VEHICLE|LIGHT PASSENGER VEHICLE,ALL,ALL,0,2026-07-25T06:27:32.870Z,https://vahan.parivahan.gov.in/vahan4dashboard/vahan/view/reportview.xhtml
2026,7,INDIA TOTAL,All Vahan4 Running Office,WILLYS INDIA LTD,ALL,LIGHT MOTOR VEHICLE|LIGHT PASSENGER VEHICLE,ALL,ALL,0,2026-07-25T06:27:32.870Z,https://vahan.parivahan.gov.in/vahan4dashboard/vahan/view/reportview.xhtml
2026,7,INDIA TOTAL,All Vahan4 Running Office,WUHAN LOTUS (IMPORTER: EXCLUSIVE MOTORS PVT LTD),ALL,LIGHT MOTOR VEHICLE|LIGHT PASSENGER VEHICLE,ALL,ALL,0,2026-07-25T06:27:32.870Z,https://vahan.parivahan.gov.in/vahan4dashboard/vahan/view/reportview.xhtml
2026,7,INDIA TOTAL,All Vahan4 Running Office,"XUZHOU CONSTRUCTION MACHINERY GROUP CO. LTD, CHINA",ALL,LIGHT MOTOR VEHICLE|LIGHT PASSENGER VEHICLE,ALL,ALL,0,2026-07-25T06:27:32.870Z,https://vahan.parivahan.gov.in/vahan4dashboard/vahan/view/reportview.xhtml
2026,7,INDIA TOTAL,All Vahan4 Running Office,XYZ1,ALL,LIGHT MOTOR VEHICLE|LIGHT PASSENGER VEHICLE,ALL,ALL,0,2026-07-25T06:27:32.870Z,https://vahan.parivahan.gov.in/vahan4dashboard/vahan/view/reportview.xhtml
2026,7,INDIA TOTAL,All Vahan4 Running Office,YASH AGRO ENGINEERING WORKS,ALL,LIGHT MOTOR VEHICLE|LIGHT PASSENGER VEHICLE,ALL,ALL,0,2026-07-25T06:27:32.870Z,https://vahan.parivahan.gov.in/vahan4dashboard/vahan/view/reportview.xhtml
2026,7,INDIA TOTAL,All Vahan4 Running Office,YOGI AGRO INDUSTRIES,ALL,LIGHT MOTOR VEHICLE|LIGHT PASSENGER VEHICLE,ALL,ALL,7,2026-07-25T06:27:32.870Z,https://vahan.parivahan.gov.in/vahan4dashboard/vahan/view/reportview.xhtml
2026,7,INDIA TOTAL,All Vahan4 Running Office,3EV INDUSTRIES PVT LTD,ALL,THREE WHEELER(NT)|THREE WHEELER(T),ALL,ALL,0,2026-07-05T12:41:10.819Z,https://vahan.parivahan.gov.in/vahan4dashboard/vahan/view/reportview.xhtml
2026,7,INDIA TOTAL,All Vahan4 Running Office,3S INDUSTRIES PRIVATE LIMITED,ALL,THREE WHEELER(NT)|THREE WHEELER(T),ALL,ALL,10,2026-07-05T12:41:10.819Z,https://vahan.parivahan.gov.in/vahan4dashboard/vahan/view/reportview.xhtml
2026,7,INDIA TOTAL,All Vahan4 Running Office,A K GUPTA & CO.,ALL,THREE WHEELER(NT)|THREE WHEELER(T),ALL,ALL,5,2026-07-05T12:41:10.819Z,https://vahan.parivahan.gov.in/vahan4dashboard/vahan/view/reportview.xhtml
2026,7,INDIA TOTAL,All Vahan4 Running Office,A N ENTERPRISES,ALL,THREE WHEELER(NT)|THREE WHEELER(T),ALL,ALL,0,2026-07-05T12:41:10.819Z,https://vahan.parivahan.gov.in/vahan4dashboard/vahan/view/reportview.xhtml
2026,7,INDIA TOTAL,All Vahan4 Running Office,A P I MOTORS PVT LTD,ALL,THREE WHEELER(NT)|THREE WHEELER(T),ALL,ALL,15,2026-07-05T12:41:10.819Z,https://vahan.parivahan.gov.in/vahan4dashboard/vahan/view/reportview.xhtml
2026,7,INDIA TOTAL,All Vahan4 Running Office,A.J ENTERPRISES,ALL,THREE WHEELER(NT)|THREE WHEELER(T),ALL,ALL,5,2026-07-05T12:41:10.819Z,https://vahan.parivahan.gov.in/vahan4dashboard/vahan/view/reportview.xhtml
2026,7,INDIA TOTAL,All Vahan4 Running Office,A.R. MOTOR,ALL,THREE WHEELER(NT)|THREE WHEELER(T),ALL,ALL,12,2026-07-05T12:41:10.820Z,https://vahan.parivahan.gov.in/vahan4dashboard/vahan/view/reportview.xhtml
2026,7,INDIA TOTAL,All Vahan4 Running Office,A.V.AUTOMOTIVES PVT LTD,ALL,THREE WHEELER(NT)|THREE WHEELER(T),ALL,ALL,8,2026-07-05T12:41:10.820Z,https://vahan.parivahan.gov.in/vahan4dashboard/vahan/view/reportview.xhtml
2026,7,INDIA TOTAL,All Vahan4 Running Office,AADHYA ENTERPRISES,ALL,THREE WHEELER(NT)|THREE WHEELER(T),ALL,ALL,2,2026-07-05T12:41:10.819Z,https://vahan.parivahan.gov.in/vahan4dashboard/vahan/view/reportview.xhtml
2026,7,INDIA TOTAL,All Vahan4 Running Office,AADITYA GARBAGE PRODUCTS PVT LTD,ALL,THREE WHEELER(NT)|THREE WHEELER(T),ALL,ALL,0,2026-07-05T12:41:10.819Z,https://vahan.parivahan.gov.in/vahan4dashboard/vahan/view/reportview.xhtml
2026,7,INDIA TOTAL,All Vahan4 Running Office,AAHANA COMMERCE PVT LTD,ALL,THREE WHEELER(NT)|THREE WHEELER(T),ALL,ALL,83,2026-07-05T12:41:10.819Z,https://vahan.parivahan.gov.in/vahan4dashboard/vahan/view/reportview.xhtml
2026,7,INDIA TOTAL,All Vahan4 Running Office,AAKK AUTO PVT LTD,ALL,THREE WHEELER(NT)|THREE WHEELER(T),ALL,ALL,10,2026-07-05T12:41:10.819Z,https://vahan.parivahan.gov.in/vahan4dashboard/vahan/view/reportview.xhtml
2026,7,INDIA TOTAL,All Vahan4 Running Office,AARON INDUSTRIES,ALL,THREE WHEELER(NT)|THREE WHEELER(T),ALL,ALL,0,2026-07-05T12:41:10.819Z,https://vahan.parivahan.gov.in/vahan4dashboard/vahan/view/reportview.xhtml
2026,7,INDIA TOTAL,All Vahan4 Running Office,ABV CARGO PVT LTD,ALL,THREE WHEELER(NT)|THREE WHEELER(T),ALL,ALL,3,2026-07-05T12:41:10.819Z,https://vahan.parivahan.gov.in/vahan4dashboard/vahan/view/reportview.xhtml
2026,7,INDIA TOTAL,All Vahan4 Running Office,ACCRETION POWER AUTOS,ALL,THREE WHEELER(NT)|THREE WHEELER(T),ALL,ALL,4,2026-07-05T12:41:10.819Z,https://vahan.parivahan.gov.in/vahan4dashboard/vahan/view/reportview.xhtml
2026,7,INDIA TOTAL,All Vahan4 Running Office,ADIDEV TECHNOA PVT LTD,ALL,THREE WHEELER(NT)|THREE WHEELER(T),ALL,ALL,46,2026-07-05T12:41:10.819Z,https://vahan.parivahan.gov.in/vahan4dashboard/vahan/view/reportview.xhtml
2026,7,INDIA TOTAL,All Vahan4 Running Office,ADIGURU MANUFACTURING PVT LTD,ALL,THREE WHEELER(NT)|THREE WHEELER(T),ALL,ALL,0,2026-07-05T12:41:10.819Z,https://vahan.parivahan.gov.in/vahan4dashboard/vahan/view/reportview.xhtml
2026,7,INDIA TOTAL,All Vahan4 Running Office,ADITYA SAI INDUSTRIES,ALL,THREE WHEELER(NT)|THREE WHEELER(T),ALL,ALL,0,2026-07-05T12:41:10.819Z,https://vahan.parivahan.gov.in/vahan4dashboard/vahan/view/reportview.xhtml
2026,7,INDIA TOTAL,All Vahan4 Running Office,ADM TECHNOLOGIES PVT. LTD.,ALL,THREE WHEELER(NT)|THREE WHEELER(T),ALL,ALL,0,2026-07-05T12:41:10.819Z,https://vahan.parivahan.gov.in/vahan4dashboard/vahan/view/reportview.xhtml
2026,7,INDIA TOTAL,All Vahan4 Running Office,AERODRIVE PVT LTD,ALL,THREE WHEELER(NT)|THREE WHEELER(T),ALL,ALL,5,2026-07-05T12:41:10.819Z,https://vahan.parivahan.gov.in/vahan4dashboard/vahan/view/reportview.xhtml
2026,7,INDIA TOTAL,All Vahan4 Running Office,AEROEAGLE AUTOMOBILES PVT LTD,ALL,THREE WHEELER(NT)|THREE WHEELER(T),ALL,ALL,0,2026-07-05T12:41:10.819Z,https://vahan.parivahan.gov.in/vahan4dashboard/vahan/view/reportview.xhtml
2026,7,INDIA TOTAL,All Vahan4 Running Office,AFKON AUTOMOTIVES PVT LTD,ALL,THREE WHEELER(NT)|THREE WHEELER(T),ALL,ALL,12,2026-07-05T12:41:10.819Z,https://vahan.parivahan.gov.in/vahan4dashboard/vahan/view/reportview.xhtml
2026,7,INDIA TOTAL,All Vahan4 Running Office,AGI AUTO INDUSTRIES,ALL,THREE WHEELER(NT)|THREE WHEELER(T),ALL,ALL,5,2026-07-05T12:41:10.819Z,https://vahan.parivahan.gov.in/vahan4dashboard/vahan/view/reportview.xhtml
2026,7,INDIA TOTAL,All Vahan4 Running Office,AJAY MOTORS PRIVATE LIMITED,ALL,THREE WHEELER(NT)|THREE WHEELER(T),ALL,ALL,2,2026-07-05T12:41:10.819Z,https://vahan.parivahan.gov.in/vahan4dashboard/vahan/view/reportview.xhtml
2026,7,INDIA TOTAL,All Vahan4 Running Office,AKG INTERNATIONAL,ALL,THREE WHEELER(NT)|THREE WHEELER(T),ALL,ALL,39,2026-07-05T12:41:10.819Z,https://vahan.parivahan.gov.in/vahan4dashboard/vahan/view/reportview.xhtml
2026,7,INDIA TOTAL,All Vahan4 Running Office,ALBEDO VISION PVT LTD,ALL,THREE WHEELER(NT)|THREE WHEELER(T),ALL,ALL,0,2026-07-05T12:41:10.819Z,https://vahan.parivahan.gov.in/vahan4dashboard/vahan/view/reportview.xhtml
2026,7,INDIA TOTAL,All Vahan4 Running Office,ALIED E MOBILITY PVT LTD,ALL,THREE WHEELER(NT)|THREE WHEELER(T),ALL,ALL,2,2026-07-05T12:41:10.819Z,https://vahan.parivahan.gov.in/vahan4dashboard/vahan/view/reportview.xhtml
2026,7,INDIA TOTAL,All Vahan4 Running Office,ALLENTTI MOTORS PVT LTD,ALL,THREE WHEELER(NT)|THREE WHEELER(T),ALL,ALL,0,2026-07-05T12:41:10.819Z,https://vahan.parivahan.gov.in/vahan4dashboard/vahan/view/reportview.xhtml
2026,7,INDIA TOTAL,All Vahan4 Running Office,ALLFINE INDUSTRIES PVT LTD,ALL,THREE WHEELER(NT)|THREE WHEELER(T),ALL,ALL,44,2026-07-05T12:41:10.819Z,https://vahan.parivahan.gov.in/vahan4dashboard/vahan/view/reportview.xhtml
2026,7,INDIA TOTAL,All Vahan4 Running Office,ALTIER ELECTRIC VEHICLES PVT LTD,ALL,THREE WHEELER(NT)|THREE WHEELER(T),ALL,ALL,37,2026-07-05T12:41:10.819Z,https://vahan.parivahan.gov.in/vahan4dashboard/vahan/view/reportview.xhtml
2026,7,INDIA TOTAL,All Vahan4 Running Office,ALTIGREEN PROPULSION LABS PVT LTD,ALL,THREE WHEELER(NT)|THREE WHEELER(T),ALL,ALL,0,2026-07-05T12:41:10.819Z,https://vahan.parivahan.gov.in/vahan4dashboard/vahan/view/reportview.xhtml
2026,7,INDIA TOTAL,All Vahan4 Running Office,ALTIUS TECHNOLOGIES,ALL,THREE WHEELER(NT)|THREE WHEELER(T),ALL,ALL,0,2026-07-05T12:41:10.819Z,https://vahan.parivahan.gov.in/vahan4dashboard/vahan/view/reportview.xhtml
2026,7,INDIA TOTAL,All Vahan4 Running Office,ALVI AUTO,ALL,THREE WHEELER(NT)|THREE WHEELER(T),ALL,ALL,4,2026-07-05T12:41:10.819Z,https://vahan.parivahan.gov.in/vahan4dashboard/vahan/view/reportview.xhtml
2026,7,INDIA TOTAL,All Vahan4 Running Office,AMAN AUTOMOBILES,ALL,THREE WHEELER(NT)|THREE WHEELER(T),ALL,ALL,3,2026-07-05T12:41:10.819Z,https://vahan.parivahan.gov.in/vahan4dashboard/vahan/view/reportview.xhtml
2026,7,INDIA TOTAL,All Vahan4 Running Office,AMAN ELECTRIC VEHICLES,ALL,THREE WHEELER(NT)|THREE WHEELER(T),ALL,ALL,11,2026-07-05T12:41:10.819Z,https://vahan.parivahan.gov.in/vahan4dashboard/vahan/view/reportview.xhtml
2026,7,INDIA TOTAL,All Vahan4 Running Office,AMBIKA ENTERPRISES,ALL,THREE WHEELER(NT)|THREE WHEELER(T),ALL,ALL,3,2026-07-05T12:41:10.819Z,https://vahan.parivahan.gov.in/vahan4dashboard/vahan/view/reportview.xhtml
2026,7,INDIA TOTAL,All Vahan4 Running Office,AMBIKA INDUSTRIES,ALL,THREE WHEELER(NT)|THREE WHEELER(T),ALL,ALL,10,2026-07-05T12:41:10.819Z,https://vahan.parivahan.gov.in/vahan4dashboard/vahan/view/reportview.xhtml
2026,7,INDIA TOTAL,All Vahan4 Running Office,AMIR KHAN SAIFI STEEL WORKS,ALL,THREE WHEELER(NT)|THREE WHEELER(T),ALL,ALL,0,2026-07-05T12:41:10.819Z,https://vahan.parivahan.gov.in/vahan4dashboard/vahan/view/reportview.xhtml
2026,7,INDIA TOTAL,All Vahan4 Running Office,ANJ TECH,ALL,THREE WHEELER(NT)|THREE WHEELER(T),ALL,ALL,1,2026-07-05T12:41:10.819Z,https://vahan.parivahan.gov.in/vahan4dashboard/vahan/view/reportview.xhtml
2026,7,INDIA TOTAL,All Vahan4 Running Office,ANJALI AUTO COMPONENTS,ALL,THREE WHEELER(NT)|THREE WHEELER(T),ALL,ALL,1,2026-07-05T12:41:10.819Z,https://vahan.parivahan.gov.in/vahan4dashboard/vahan/view/reportview.xhtml
2026,7,INDIA TOTAL,All Vahan4 Running Office,ANJALI TRADERS,ALL,THREE WHEELER(NT)|THREE WHEELER(T),ALL,ALL,4,2026-07-05T12:41:10.819Z,https://vahan.parivahan.gov.in/vahan4dashboard/vahan/view/reportview.xhtml
2026,7,INDIA TOTAL,All Vahan4 Running Office,ANTARK ENERGY,ALL,THREE WHEELER(NT)|THREE WHEELER(T),ALL,ALL,0,2026-07-05T12:41:10.819Z,https://vahan.parivahan.gov.in/vahan4dashboard/vahan/view/reportview.xhtml
2026,7,INDIA TOTAL,All Vahan4 Running Office,AOMBRAY ELECTRIC VEHICLE PVT LTD,ALL,THREE WHEELER(NT)|THREE WHEELER(T),ALL,ALL,0,2026-07-05T12:41:10.819Z,https://vahan.parivahan.gov.in/vahan4dashboard/vahan/view/reportview.xhtml
2026,7,INDIA TOTAL,All Vahan4 Running Office,APM AUTO SALES,ALL,THREE WHEELER(NT)|THREE WHEELER(T),ALL,ALL,17,2026-07-05T12:41:10.819Z,https://vahan.parivahan.gov.in/vahan4dashboard/vahan/view/reportview.xhtml
2026,7,INDIA TOTAL,All Vahan4 Running Office,APSARA ENTERPRISE,ALL,THREE WHEELER(NT)|THREE WHEELER(T),ALL,ALL,93,2026-07-05T12:41:10.819Z,https://vahan.parivahan.gov.in/vahan4dashboard/vahan/view/reportview.xhtml
2026,7,INDIA TOTAL,All Vahan4 Running Office,ARCHIT ENTERPRISES,ALL,THREE WHEELER(NT)|THREE WHEELER(T),ALL,ALL,25,2026-07-05T12:41:10.819Z,https://vahan.parivahan.gov.in/vahan4dashboard/vahan/view/reportview.xhtml
2026,7,INDIA TOTAL,All Vahan4 Running Office,ARIHANT ENTERPRISES,ALL,THREE WHEELER(NT)|THREE WHEELER(T),ALL,ALL,0,2026-07-05T12:41:10.820Z,https://vahan.parivahan.gov.in/vahan4dashboard/vahan/view/reportview.xhtml
2026,7,INDIA TOTAL,All Vahan4 Running Office,ARNA ELECTRIC AUTO PVT LTD,ALL,THREE WHEELER(NT)|THREE WHEELER(T),ALL,ALL,0,2026-07-05T12:41:10.820Z,https://vahan.parivahan.gov.in/vahan4dashboard/vahan/view/reportview.xhtml
2026,7,INDIA TOTAL,All Vahan4 Running Office,ARPITA E VEHICLES,ALL,THREE WHEELER(NT)|THREE WHEELER(T),ALL,ALL,4,2026-07-05T12:41:10.820Z,https://vahan.parivahan.gov.in/vahan4dashboard/vahan/view/reportview.xhtml
2026,7,INDIA TOTAL,All Vahan4 Running Office,ARROW AUTOMOTIVE,ALL,THREE WHEELER(NT)|THREE WHEELER(T),ALL,ALL,76,2026-07-05T12:41:10.820Z,https://vahan.parivahan.gov.in/vahan4dashboard/vahan/view/reportview.xhtml
2026,7,INDIA TOTAL,All Vahan4 Running Office,ARYAN INDUSTRIES,ALL,THREE WHEELER(NT)|THREE WHEELER(T),ALL,ALL,4,2026-07-05T12:41:10.820Z,https://vahan.parivahan.gov.in/vahan4dashboard/vahan/view/reportview.xhtml
2026,7,INDIA TOTAL,All Vahan4 Running Office,ASAV AUTOMOTIVE PVT LTD,ALL,THREE WHEELER(NT)|THREE WHEELER(T),ALL,ALL,0,2026-07-05T12:41:10.820Z,https://vahan.parivahan.gov.in/vahan4dashboard/vahan/view/reportview.xhtml
2026,7,INDIA TOTAL,All Vahan4 Running Office,ASHA IMPEX,ALL,THREE WHEELER(NT)|THREE WHEELER(T),ALL,ALL,5,2026-07-05T12:41:10.820Z,https://vahan.parivahan.gov.in/vahan4dashboard/vahan/view/reportview.xhtml
2026,7,INDIA TOTAL,All Vahan4 Running Office,ASHMA-MOTORS PVT LTD,ALL,THREE WHEELER(NT)|THREE WHEELER(T),ALL,ALL,20,2026-07-05T12:41:10.820Z,https://vahan.parivahan.gov.in/vahan4dashboard/vahan/view/reportview.xhtml
2026,7,INDIA TOTAL,All Vahan4 Running Office,ASTRO MOTORS PVT LTD,ALL,THREE WHEELER(NT)|THREE WHEELER(T),ALL,ALL,0,2026-07-05T12:41:10.820Z,https://vahan.parivahan.gov.in/vahan4dashboard/vahan/view/reportview.xhtml
2026,7,INDIA TOTAL,All Vahan4 Running Office,ATTOLENT AUTO GROUP PVT LTD,ALL,THREE WHEELER(NT)|THREE WHEELER(T),ALL,ALL,6,2026-07-05T12:41:10.820Z,https://vahan.parivahan.gov.in/vahan4dashboard/vahan/view/reportview.xhtml
2026,7,INDIA TOTAL,All Vahan4 Running Office,ATUL AUTO LTD,ALL,THREE WHEELER(NT)|THREE WHEELER(T),ALL,ALL,410,2026-07-05T12:41:10.820Z,https://vahan.parivahan.gov.in/vahan4dashboard/vahan/view/reportview.xhtml
2026,7,INDIA TOTAL,All Vahan4 Running Office,ATUL GREENTECH PRIVATE LIMITED,ALL,THREE WHEELER(NT)|THREE WHEELER(T),ALL,ALL,4,2026-07-05T12:41:10.820Z,https://vahan.parivahan.gov.in/vahan4dashboard/vahan/view/reportview.xhtml
2026,7,INDIA TOTAL,All Vahan4 Running Office,ATUT SANGAM,ALL,THREE WHEELER(NT)|THREE WHEELER(T),ALL,ALL,24,2026-07-05T12:41:10.820Z,https://vahan.parivahan.gov.in/vahan4dashboard/vahan/view/reportview.xhtml
2026,7,INDIA TOTAL,All Vahan4 Running Office,AUTO SUPREME INDUSTRIES,ALL,THREE WHEELER(NT)|THREE WHEELER(T),ALL,ALL,0,2026-07-05T12:41:10.820Z,https://vahan.parivahan.gov.in/vahan4dashboard/vahan/view/reportview.xhtml
2026,7,INDIA TOTAL,All Vahan4 Running Office,AUTOECO GREEN ENERGY PVT LTD,ALL,THREE WHEELER(NT)|THREE WHEELER(T),ALL,ALL,15,2026-07-05T12:41:10.820Z,https://vahan.parivahan.gov.in/vahan4dashboard/vahan/view/reportview.xhtml
2026,7,INDIA TOTAL,All Vahan4 Running Office,AUTOHAUS PRIVATE LIMITED,ALL,THREE WHEELER(NT)|THREE WHEELER(T),ALL,ALL,0,2026-07-05T12:41:10.820Z,https://vahan.parivahan.gov.in/vahan4dashboard/vahan/view/reportview.xhtml
2026,7,INDIA TOTAL,All Vahan4 Running Office,AUTOZONE IMPEX LLP,ALL,THREE WHEELER(NT)|THREE WHEELER(T),ALL,ALL,0,2026-07-05T12:41:10.820Z,https://vahan.parivahan.gov.in/vahan4dashboard/vahan/view/reportview.xhtml
2026,7,INDIA TOTAL,All Vahan4 Running Office,AVL ELECTRIC VEHICLES PVT LTD,ALL,THREE WHEELER(NT)|THREE WHEELER(T),ALL,ALL,23,2026-07-05T12:41:10.820Z,https://vahan.parivahan.gov.in/vahan4dashboard/vahan/view/reportview.xhtml
2026,7,INDIA TOTAL,All Vahan4 Running Office,AVON CYCLES LTD,ALL,THREE WHEELER(NT)|THREE WHEELER(T),ALL,ALL,2,2026-07-05T12:41:10.820Z,https://vahan.parivahan.gov.in/vahan4dashboard/vahan/view/reportview.xhtml
2026,7,INDIA TOTAL,All Vahan4 Running Office,AYUSH MOTORS,ALL,THREE WHEELER(NT)|THREE WHEELER(T),ALL,ALL,0,2026-07-05T12:41:10.820Z,https://vahan.parivahan.gov.in/vahan4dashboard/vahan/view/reportview.xhtml
2026,7,INDIA TOTAL,All Vahan4 Running Office,AZZURRO MOBILITY LLP,ALL,THREE WHEELER(NT)|THREE WHEELER(T),ALL,ALL,0,2026-07-05T12:41:10.820Z,https://vahan.parivahan.gov.in/vahan4dashboard/vahan/view/reportview.xhtml
2026,7,INDIA TOTAL,All Vahan4 Running Office,B24 ROKET EV,ALL,THREE WHEELER(NT)|THREE WHEELER(T),ALL,ALL,20,2026-07-05T12:41:10.820Z,https://vahan.parivahan.gov.in/vahan4dashboard/vahan/view/reportview.xhtml
2026,7,INDIA TOTAL,All Vahan4 Running Office,BABA E-VEHICLES,ALL,THREE WHEELER(NT)|THREE WHEELER(T),ALL,ALL,2,2026-07-05T12:41:10.820Z,https://vahan.parivahan.gov.in/vahan4dashboard/vahan/view/reportview.xhtml
2026,7,INDIA TOTAL,All Vahan4 Running Office,BADSHAH ENTERPRISES,ALL,THREE WHEELER(NT)|THREE WHEELER(T),ALL,ALL,13,2026-07-05T12:41:10.820Z,https://vahan.parivahan.gov.in/vahan4dashboard/vahan/view/reportview.xhtml
2026,7,INDIA TOTAL,All Vahan4 Running Office,BAGHWAN RIKSHAW UDYOG,ALL,THREE WHEELER(NT)|THREE WHEELER(T),ALL,ALL,0,2026-07-05T12:41:10.820Z,https://vahan.parivahan.gov.in/vahan4dashboard/vahan/view/reportview.xhtml
2026,7,INDIA TOTAL,All Vahan4 Running Office,BAJAJ AUTO LTD,ALL,THREE WHEELER(NT)|THREE WHEELER(T),ALL,ALL,5643,2026-07-05T12:41:10.820Z,https://vahan.parivahan.gov.in/vahan4dashboard/vahan/view/reportview.xhtml
2026,7,INDIA TOTAL,All Vahan4 Running Office,BAJAJ IMPLEMENTS PVT. LTD,ALL,THREE WHEELER(NT)|THREE WHEELER(T),ALL,ALL,0,2026-07-05T12:41:10.820Z,https://vahan.parivahan.gov.in/vahan4dashboard/vahan/view/reportview.xhtml
2026,7,INDIA TOTAL,All Vahan4 Running Office,BALAJI TRADING COMPANY,ALL,THREE WHEELER(NT)|THREE WHEELER(T),ALL,ALL,0,2026-07-05T12:41:10.820Z,https://vahan.parivahan.gov.in/vahan4dashboard/vahan/view/reportview.xhtml
2026,7,INDIA TOTAL,All Vahan4 Running Office,BALAN ENGINEERING PVT LTD,ALL,THREE WHEELER(NT)|THREE WHEELER(T),ALL,ALL,0,2026-07-05T12:41:10.820Z,https://vahan.parivahan.gov.in/vahan4dashboard/vahan/view/reportview.xhtml
2026,7,INDIA TOTAL,All Vahan4 Running Office,3EV INDUSTRIES PVT LTD,ALL,TWO WHEELER(NT)|TWO WHEELER(T),ALL,ALL,0,2026-07-05T12:40:22.454Z,https://vahan.parivahan.gov.in/vahan4dashboard/vahan/view/reportview.xhtml
2026,7,INDIA TOTAL,All Vahan4 Running Office,3S INDUSTRIES PRIVATE LIMITED,ALL,TWO WHEELER(NT)|TWO WHEELER(T),ALL,ALL,10,2026-07-05T12:40:22.457Z,https://vahan.parivahan.gov.in/vahan4dashboard/vahan/view/reportview.xhtml
2026,7,INDIA TOTAL,All Vahan4 Running Office,786 ENGINEERING WORKS AP105382023,ALL,TWO WHEELER(NT)|TWO WHEELER(T),ALL,ALL,0,2026-07-05T12:40:22.457Z,https://vahan.parivahan.gov.in/vahan4dashboard/vahan/view/reportview.xhtml
2026,7,INDIA TOTAL,All Vahan4 Running Office,A D AGRO WORKS,ALL,TWO WHEELER(NT)|TWO WHEELER(T),ALL,ALL,1,2026-07-05T12:40:22.457Z,https://vahan.parivahan.gov.in/vahan4dashboard/vahan/view/reportview.xhtml
2026,7,INDIA TOTAL,All Vahan4 Running Office,A-1 SUREJA INDUSTRIES,ALL,TWO WHEELER(NT)|TWO WHEELER(T),ALL,ALL,1,2026-07-25T06:25:34.021Z,https://vahan.parivahan.gov.in/vahan4dashboard/vahan/view/reportview.xhtml
2026,7,INDIA TOTAL,All Vahan4 Running Office,A. A. TRAILOR,ALL,TWO WHEELER(NT)|TWO WHEELER(T),ALL,ALL,0,2026-07-05T12:40:22.457Z,https://vahan.parivahan.gov.in/vahan4dashboard/vahan/view/reportview.xhtml
2026,7,INDIA TOTAL,All Vahan4 Running Office,A.B. AGRO ENGINEERING WORKS&ENTERPRISESAP11815428,ALL,TWO WHEELER(NT)|TWO WHEELER(T),ALL,ALL,0,2026-07-05T12:40:22.457Z,https://vahan.parivahan.gov.in/vahan4dashboard/vahan/view/reportview.xhtml
2026,7,INDIA TOTAL,All Vahan4 Running Office,A1 HEAVY EQUIPMENTS DEVELOPER,ALL,TWO WHEELER(NT)|TWO WHEELER(T),ALL,ALL,0,2026-07-05T12:40:22.457Z,https://vahan.parivahan.gov.in/vahan4dashboard/vahan/view/reportview.xhtml
2026,7,INDIA TOTAL,All Vahan4 Running Office,AADHYA ENTERPRISES,ALL,TWO WHEELER(NT)|TWO WHEELER(T),ALL,ALL,2,2026-07-05T12:40:22.457Z,https://vahan.parivahan.gov.in/vahan4dashboard/vahan/view/reportview.xhtml
2026,7,INDIA TOTAL,All Vahan4 Running Office,AADITYA GARBAGE PRODUCTS PVT LTD,ALL,TWO WHEELER(NT)|TWO WHEELER(T),ALL,ALL,0,2026-07-05T12:40:22.457Z,https://vahan.parivahan.gov.in/vahan4dashboard/vahan/view/reportview.xhtml
2026,7,INDIA TOTAL,All Vahan4 Running Office,AAHANA COMMERCE PVT LTD,ALL,TWO WHEELER(NT)|TWO WHEELER(T),ALL,ALL,83,2026-07-05T12:40:22.457Z,https://vahan.parivahan.gov.in/vahan4dashboard/vahan/view/reportview.xhtml
2026,7,INDIA TOTAL,All Vahan4 Running Office,AAKK AUTO PVT LTD,ALL,TWO WHEELER(NT)|TWO WHEELER(T),ALL,ALL,10,2026-07-05T12:40:22.457Z,https://vahan.parivahan.gov.in/vahan4dashboard/vahan/view/reportview.xhtml
2026,7,INDIA TOTAL,All Vahan4 Running Office,AARON INDUSTRIES,ALL,TWO WHEELER(NT)|TWO WHEELER(T),ALL,ALL,0,2026-07-05T12:40:22.457Z,https://vahan.parivahan.gov.in/vahan4dashboard/vahan/view/reportview.xhtml
2026,7,INDIA TOTAL,All Vahan4 Running Office,ABV CARGO PVT LTD,ALL,TWO WHEELER(NT)|TWO WHEELER(T),ALL,ALL,3,2026-07-05T12:40:22.457Z,https://vahan.parivahan.gov.in/vahan4dashboard/vahan/view/reportview.xhtml
2026,7,INDIA TOTAL,All Vahan4 Running Office,ABZO MOTORS PVT LTD,ALL,TWO WHEELER(NT)|TWO WHEELER(T),ALL,ALL,2,2026-07-25T06:25:34.023Z,https://vahan.parivahan.gov.in/vahan4dashboard/vahan/view/reportview.xhtml
2026,7,INDIA TOTAL,All Vahan4 Running Office,ACCRETION POWER AUTOS,ALL,TWO WHEELER(NT)|TWO WHEELER(T),ALL,ALL,4,2026-07-05T12:40:22.457Z,https://vahan.parivahan.gov.in/vahan4dashboard/vahan/view/reportview.xhtml
2026,7,INDIA TOTAL,All Vahan4 Running Office,ACTION CONSTRUCTION EQUIPMENT LTD.,ALL,TWO WHEELER(NT)|TWO WHEELER(T),ALL,ALL,166,2026-07-05T12:40:22.457Z,https://vahan.parivahan.gov.in/vahan4dashboard/vahan/view/reportview.xhtml
2026,7,INDIA TOTAL,All Vahan4 Running Office,ADARSH ROTAVATOR SALES,ALL,TWO WHEELER(NT)|TWO WHEELER(T),ALL,ALL,8,2026-07-05T12:40:22.457Z,https://vahan.parivahan.gov.in/vahan4dashboard/vahan/view/reportview.xhtml
2026,7,INDIA TOTAL,All Vahan4 Running Office,ADICO ESCORTS AGRI EQUIPMENTS PVT. LTD.,ALL,TWO WHEELER(NT)|TWO WHEELER(T),ALL,ALL,95,2026-07-05T12:40:22.457Z,https://vahan.parivahan.gov.in/vahan4dashboard/vahan/view/reportview.xhtml
2026,7,INDIA TOTAL,All Vahan4 Running Office,ADIDEV TECHNOA PVT LTD,ALL,TWO WHEELER(NT)|TWO WHEELER(T),ALL,ALL,46,2026-07-05T12:40:22.457Z,https://vahan.parivahan.gov.in/vahan4dashboard/vahan/view/reportview.xhtml
2026,7,INDIA TOTAL,All Vahan4 Running Office,ADIGURU MANUFACTURING PVT LTD,ALL,TWO WHEELER(NT)|TWO WHEELER(T),ALL,ALL,0,2026-07-05T12:40:22.457Z,https://vahan.parivahan.gov.in/vahan4dashboard/vahan/view/reportview.xhtml
2026,7,INDIA TOTAL,All Vahan4 Running Office,ADISHWAR AUTO RIDE INDIA PVT LTD,ALL,TWO WHEELER(NT)|TWO WHEELER(T),ALL,ALL,1,2026-07-25T06:25:34.023Z,https://vahan.parivahan.gov.in/vahan4dashboard/vahan/view/reportview.xhtml
2026,7,INDIA TOTAL,All Vahan4 Running Office,ADITYA AGRO INDUSTRIES,ALL,TWO WHEELER(NT)|TWO WHEELER(T),ALL,ALL,1,2026-07-05T12:40:22.457Z,https://vahan.parivahan.gov.in/vahan4dashboard/vahan/view/reportview.xhtml
2026,7,INDIA TOTAL,All Vahan4 Running Office,ADITYA SAI INDUSTRIES,ALL,TWO WHEELER(NT)|TWO WHEELER(T),ALL,ALL,0,2026-07-05T12:40:22.457Z,https://vahan.parivahan.gov.in/vahan4dashboard/vahan/view/reportview.xhtml
2026,7,INDIA TOTAL,All Vahan4 Running Office,ADM TECHNOLOGIES PVT. LTD.,ALL,TWO WHEELER(NT)|TWO WHEELER(T),ALL,ALL,0,2026-07-25T06:25:34.023Z,https://vahan.parivahan.gov.in/vahan4dashboard/vahan/view/reportview.xhtml
2026,7,INDIA TOTAL,All Vahan4 Running Office,ADRIS ELECTRIC PVT LTD,ALL,TWO WHEELER(NT)|TWO WHEELER(T),ALL,ALL,10,2026-07-25T06:25:34.023Z,https://vahan.parivahan.gov.in/vahan4dashboard/vahan/view/reportview.xhtml
2026,7,INDIA TOTAL,All Vahan4 Running Office,AFTEK MOTORS INDIA PVT LTD,ALL,TWO WHEELER(NT)|TWO WHEELER(T),ALL,ALL,1,2026-07-25T06:25:34.023Z,https://vahan.parivahan.gov.in/vahan4dashboard/vahan/view/reportview.xhtml
2026,7,INDIA TOTAL,All Vahan4 Running Office,ALTIUS EV TECH PVT LTD,ALL,TWO WHEELER(NT)|TWO WHEELER(T),ALL,ALL,0,2026-07-25T06:25:34.023Z,https://vahan.parivahan.gov.in/vahan4dashboard/vahan/view/reportview.xhtml
2026,7,INDIA TOTAL,All Vahan4 Running Office,AMO MOBILITY SOLUTIONS PVT LTD,ALL,TWO WHEELER(NT)|TWO WHEELER(T),ALL,ALL,0,2026-07-25T06:25:34.023Z,https://vahan.parivahan.gov.in/vahan4dashboard/vahan/view/reportview.xhtml
2026,7,INDIA TOTAL,All Vahan4 Running Office,AMPERE VEHICLES PRIVATE LIMITED,ALL,TWO WHEELER(NT)|TWO WHEELER(T),ALL,ALL,2,2026-07-25T06:25:34.023Z,https://vahan.parivahan.gov.in/vahan4dashboard/vahan/view/reportview.xhtml
2026,7,INDIA TOTAL,All Vahan4 Running Office,ANCHI MOTORCYCLE (IMPORTER: ECOTRINITY AUTOMOBILE,ALL,TWO WHEELER(NT)|TWO WHEELER(T),ALL,ALL,0,2026-07-25T06:25:34.023Z,https://vahan.parivahan.gov.in/vahan4dashboard/vahan/view/reportview.xhtml
2026,7,INDIA TOTAL,All Vahan4 Running Office,ANCHI MOTORCYCLE (IMPORTER: EVNEXUS PVT. LTD.),ALL,TWO WHEELER(NT)|TWO WHEELER(T),ALL,ALL,1,2026-07-25T06:25:34.023Z,https://vahan.parivahan.gov.in/vahan4dashboard/vahan/view/reportview.xhtml
2026,7,INDIA TOTAL,All Vahan4 Running Office,ANCHI MOTORCYCLE(IMPORTER:GREEN FUEL ALTERNATIVES),ALL,TWO WHEELER(NT)|TWO WHEELER(T),ALL,ALL,0,2026-07-25T06:25:34.023Z,https://vahan.parivahan.gov.in/vahan4dashboard/vahan/view/reportview.xhtml
2026,7,INDIA TOTAL,All Vahan4 Running Office,ANVITA AUTO TECH WORKS PVT LTD,ALL,TWO WHEELER(NT)|TWO WHEELER(T),ALL,ALL,0,2026-07-25T06:25:34.023Z,https://vahan.parivahan.gov.in/vahan4dashboard/vahan/view/reportview.xhtml
2026,7,INDIA TOTAL,All Vahan4 Running Office,APEIRON MOBILITY PVT LTD,ALL,TWO WHEELER(NT)|TWO WHEELER(T),ALL,ALL,1,2026-07-25T06:25:34.023Z,https://vahan.parivahan.gov.in/vahan4dashboard/vahan/view/reportview.xhtml
2026,7,INDIA TOTAL,All Vahan4 Running Office,ASHNNI MOTORS PVT LTD,ALL,TWO WHEELER(NT)|TWO WHEELER(T),ALL,ALL,0,2026-07-25T06:25:34.023Z,https://vahan.parivahan.gov.in/vahan4dashboard/vahan/view/reportview.xhtml
2026,7,INDIA TOTAL,All Vahan4 Running Office,ATHER ENERGY LTD,ALL,TWO WHEELER(NT)|TWO WHEELER(T),ALL,ALL,22288,2026-07-25T06:25:34.023Z,https://vahan.parivahan.gov.in/vahan4dashboard/vahan/view/reportview.xhtml
2026,7,INDIA TOTAL,All Vahan4 Running Office,AYAAN ELECTRONIC PVT LTD,ALL,TWO WHEELER(NT)|TWO WHEELER(T),ALL,ALL,0,2026-07-25T06:25:34.023Z,https://vahan.parivahan.gov.in/vahan4dashboard/vahan/view/reportview.xhtml
2026,7,INDIA TOTAL,All Vahan4 Running Office,BAJAJ AUTO LTD,ALL,TWO WHEELER(NT)|TWO WHEELER(T),ALL,ALL,141096,2026-07-25T06:25:34.023Z,https://vahan.parivahan.gov.in/vahan4dashboard/vahan/view/reportview.xhtml
2026,7,INDIA TOTAL,All Vahan4 Running Office,BATTRE ELECTRIC MOBLITY PVT LTD,ALL,TWO WHEELER(NT)|TWO WHEELER(T),ALL,ALL,26,2026-07-25T06:25:34.023Z,https://vahan.parivahan.gov.in/vahan4dashboard/vahan/view/reportview.xhtml
2026,7,INDIA TOTAL,All Vahan4 Running Office,BENLING INDIA ENERGY AND TECHNOLOGY PVT LTD,ALL,TWO WHEELER(NT)|TWO WHEELER(T),ALL,ALL,10,2026-07-25T06:25:34.023Z,https://vahan.parivahan.gov.in/vahan4dashboard/vahan/view/reportview.xhtml
2026,7,INDIA TOTAL,All Vahan4 Running Office,BGAUSS AUTO PRIVATE LIMITED,ALL,TWO WHEELER(NT)|TWO WHEELER(T),ALL,ALL,4234,2026-07-25T06:25:34.023Z,https://vahan.parivahan.gov.in/vahan4dashboard/vahan/view/reportview.xhtml
2026,7,INDIA TOTAL,All Vahan4 Running Office,BMR EV INDUSTRIES PVT LTD,ALL,TWO WHEELER(NT)|TWO WHEELER(T),ALL,ALL,2,2026-07-25T06:25:34.023Z,https://vahan.parivahan.gov.in/vahan4dashboard/vahan/view/reportview.xhtml
2026,7,INDIA TOTAL,All Vahan4 Running Office,BMW INDIA PVT LTD,ALL,TWO WHEELER(NT)|TWO WHEELER(T),ALL,ALL,303,2026-07-25T06:25:34.023Z,https://vahan.parivahan.gov.in/vahan4dashboard/vahan/view/reportview.xhtml
2026,7,INDIA TOTAL,All Vahan4 Running Office,BOOMA INNOVATIVE TRANSPORT SULUTIONS PVT LTD,ALL,TWO WHEELER(NT)|TWO WHEELER(T),ALL,ALL,171,2026-07-25T06:25:34.023Z,https://vahan.parivahan.gov.in/vahan4dashboard/vahan/view/reportview.xhtml
2026,7,INDIA TOTAL,All Vahan4 Running Office,BOUNCE ELECTRIC 1 PVT LTD,ALL,TWO WHEELER(NT)|TWO WHEELER(T),ALL,ALL,742,2026-07-25T06:25:34.023Z,https://vahan.parivahan.gov.in/vahan4dashboard/vahan/view/reportview.xhtml
2026,7,INDIA TOTAL,All Vahan4 Running Office,BU4 AUTO PVT LTD,ALL,TWO WHEELER(NT)|TWO WHEELER(T),ALL,ALL,1,2026-07-25T06:25:34.023Z,https://vahan.parivahan.gov.in/vahan4dashboard/vahan/view/reportview.xhtml
2026,7,INDIA TOTAL,All Vahan4 Running Office,CHANDANA CORPORATION,ALL,TWO WHEELER(NT)|TWO WHEELER(T),ALL,ALL,2,2026-07-25T06:25:34.023Z,https://vahan.parivahan.gov.in/vahan4dashboard/vahan/view/reportview.xhtml
2026,7,INDIA TOTAL,All Vahan4 Running Office,CHINA HAOCHEN (IMPORTER: ADMS MARKETING),ALL,TWO WHEELER(NT)|TWO WHEELER(T),ALL,ALL,2,2026-07-25T06:25:34.023Z,https://vahan.parivahan.gov.in/vahan4dashboard/vahan/view/reportview.xhtml
2026,7,INDIA TOTAL,All Vahan4 Running Office,CHINA HAOCHEN (IMPORTER:SLSR ELECTRO),ALL,TWO WHEELER(NT)|TWO WHEELER(T),ALL,ALL,0,2026-07-25T06:25:34.023Z,https://vahan.parivahan.gov.in/vahan4dashboard/vahan/view/reportview.xhtml
2026,7,INDIA TOTAL,All Vahan4 Running Office,CLASSIC LEGENDS PVT LTD,ALL,TWO WHEELER(NT)|TWO WHEELER(T),ALL,ALL,3607,2026-07-25T06:25:34.023Z,https://vahan.parivahan.gov.in/vahan4dashboard/vahan/view/reportview.xhtml
2026,7,INDIA TOTAL,All Vahan4 Running Office,DAO EVTECH PRIVATE LIMITED,ALL,TWO WHEELER(NT)|TWO WHEELER(T),ALL,ALL,0,2026-07-25T06:25:34.023Z,https://vahan.parivahan.gov.in/vahan4dashboard/vahan/view/reportview.xhtml
2026,7,INDIA TOTAL,All Vahan4 Running Office,DUCATI INDIA PVT LTD,ALL,TWO WHEELER(NT)|TWO WHEELER(T),ALL,ALL,19,2026-07-25T06:25:34.024Z,https://vahan.parivahan.gov.in/vahan4dashboard/vahan/view/reportview.xhtml
2026,7,INDIA TOTAL,All Vahan4 Running Office,DUCATI MOTOR HOLDING S.P.A,ALL,TWO WHEELER(NT)|TWO WHEELER(T),ALL,ALL,0,2026-07-25T06:25:34.024Z,https://vahan.parivahan.gov.in/vahan4dashboard/vahan/view/reportview.xhtml
2026,7,INDIA TOTAL,All Vahan4 Running Office,E ROYCE MOTORS INDIA PVT LTD,ALL,TWO WHEELER(NT)|TWO WHEELER(T),ALL,ALL,1,2026-07-25T06:25:34.024Z,https://vahan.parivahan.gov.in/vahan4dashboard/vahan/view/reportview.xhtml
2026,7,INDIA TOTAL,All Vahan4 Running Office,E-SPRINTO GREEN ENERGY PVT LTD,ALL,TWO WHEELER(NT)|TWO WHEELER(T),ALL,ALL,445,2026-07-25T06:25:34.024Z,https://vahan.parivahan.gov.in/vahan4dashboard/vahan/view/reportview.xhtml
2026,7,INDIA TOTAL,All Vahan4 Running Office,ECOBIT INTERNATIONAL(IMPORTER: JHEV MOTORS),ALL,TWO WHEELER(NT)|TWO WHEELER(T),ALL,ALL,1,2026-07-25T06:25:34.024Z,https://vahan.parivahan.gov.in/vahan4dashboard/vahan/view/reportview.xhtml
2026,7,INDIA TOTAL,All Vahan4 Running Office,ECOPLANET MOTORS PVT LTD,ALL,TWO WHEELER(NT)|TWO WHEELER(T),ALL,ALL,0,2026-07-25T06:25:34.024Z,https://vahan.parivahan.gov.in/vahan4dashboard/vahan/view/reportview.xhtml
2026,7,INDIA TOTAL,All Vahan4 Running Office,ELECTRIC ALLIANCE(IMPORTER: ELLYSIUM AUTOMOTIVES),ALL,TWO WHEELER(NT)|TWO WHEELER(T),ALL,ALL,2,2026-07-25T06:25:34.024Z,https://vahan.parivahan.gov.in/vahan4dashboard/vahan/view/reportview.xhtml
2026,7,INDIA TOTAL,All Vahan4 Running Office,ELECTROTHERM (INDIA) LIMITED,ALL,TWO WHEELER(NT)|TWO WHEELER(T),ALL,ALL,0,2026-07-25T06:25:34.024Z,https://vahan.parivahan.gov.in/vahan4dashboard/vahan/view/reportview.xhtml
2026,7,INDIA TOTAL,All Vahan4 Running Office,ELEGO MOTORS PVT LTD,ALL,TWO WHEELER(NT)|TWO WHEELER(T),ALL,ALL,0,2026-07-25T06:25:34.024Z,https://vahan.parivahan.gov.in/vahan4dashboard/vahan/view/reportview.xhtml
2026,7,INDIA TOTAL,All Vahan4 Running Office,ELTHOR ENERGY PRIVATE LIMITED,ALL,TWO WHEELER(NT)|TWO WHEELER(T),ALL,ALL,2,2026-07-25T06:25:34.024Z,https://vahan.parivahan.gov.in/vahan4dashboard/vahan/view/reportview.xhtml
2026,7,INDIA TOTAL,All Vahan4 Running Office,EMOBI MANUFACTURY PRIVATE LIMITED,ALL,TWO WHEELER(NT)|TWO WHEELER(T),ALL,ALL,12,2026-07-25T06:25:34.024Z,https://vahan.parivahan.gov.in/vahan4dashboard/vahan/view/reportview.xhtml
2026,7,INDIA TOTAL,All Vahan4 Running Office,ENIGMA AUTOMOBILES PVT LTD,ALL,TWO WHEELER(NT)|TWO WHEELER(T),ALL,ALL,1,2026-07-25T06:25:34.024Z,https://vahan.parivahan.gov.in/vahan4dashboard/vahan/view/reportview.xhtml
2026,7,INDIA TOTAL,All Vahan4 Running Office,ESCORTS LTD,ALL,TWO WHEELER(NT)|TWO WHEELER(T),ALL,ALL,0,2026-07-25T06:25:34.024Z,https://vahan.parivahan.gov.in/vahan4dashboard/vahan/view/reportview.xhtml
2026,7,INDIA TOTAL,All Vahan4 Running Office,ESSEL ENERGY INFRA PVT LTD,ALL,TWO WHEELER(NT)|TWO WHEELER(T),ALL,ALL,0,2026-07-25T06:25:34.024Z,https://vahan.parivahan.gov.in/vahan4dashboard/vahan/view/reportview.xhtml
2026,7,INDIA TOTAL,All Vahan4 Running Office,EVTRIC MOTORS PVT LTD,ALL,TWO WHEELER(NT)|TWO WHEELER(T),ALL,ALL,0,2026-07-25T06:25:34.024Z,https://vahan.parivahan.gov.in/vahan4dashboard/vahan/view/reportview.xhtml
2026,7,INDIA TOTAL,All Vahan4 Running Office,EYAMAUTO MOBILITY PVT LTD,ALL,TWO WHEELER(NT)|TWO WHEELER(T),ALL,ALL,0,2026-07-25T06:25:34.024Z,https://vahan.parivahan.gov.in/vahan4dashboard/vahan/view/reportview.xhtml
2026,7,INDIA TOTAL,All Vahan4 Running Office,GAURA ELECTRIC VEHICLES PVT LTD,ALL,TWO WHEELER(NT)|TWO WHEELER(T),ALL,ALL,200,2026-07-25T06:25:34.024Z,https://vahan.parivahan.gov.in/vahan4dashboard/vahan/view/reportview.xhtml
2026,7,INDIA TOTAL,All Vahan4 Running Office,GODAWARI ELECTRIC MOTORS PVT LTD,ALL,TWO WHEELER(NT)|TWO WHEELER(T),ALL,ALL,4,2026-07-25T06:25:34.024Z,https://vahan.parivahan.gov.in/vahan4dashboard/vahan/view/reportview.xhtml
2026,7,INDIA TOTAL,All Vahan4 Running Office,GOREEN E-MOBILITY PVT LTD,ALL,TWO WHEELER(NT)|TWO WHEELER(T),ALL,ALL,7,2026-07-25T06:25:34.024Z,https://vahan.parivahan.gov.in/vahan4dashboard/vahan/view/reportview.xhtml
2026,7,INDIA TOTAL,All Vahan4 Running Office,GOWITH GREEN E-VEHICLES PVT LTD,ALL,TWO WHEELER(NT)|TWO WHEELER(T),ALL,ALL,0,2026-07-25T06:25:34.024Z,https://vahan.parivahan.gov.in/vahan4dashboard/vahan/view/reportview.xhtml
2026,7,INDIA TOTAL,All Vahan4 Running Office,GRAVTON MOTORS PVT LTD,ALL,TWO WHEELER(NT)|TWO WHEELER(T),ALL,ALL,2,2026-07-25T06:25:34.024Z,https://vahan.parivahan.gov.in/vahan4dashboard/vahan/view/reportview.xhtml
2026,7,INDIA TOTAL,All Vahan4 Running Office,GREAVES ELECTRIC MOBILITY LTD,ALL,TWO WHEELER(NT)|TWO WHEELER(T),ALL,ALL,7638,2026-07-25T06:25:34.024Z,https://vahan.parivahan.gov.in/vahan4dashboard/vahan/view/reportview.xhtml
2026,7,INDIA TOTAL,All Vahan4 Running Office,GUANGDONG TAYO (IMPORTER: ADISHWAR AUTO),ALL,TWO WHEELER(NT)|TWO WHEELER(T),ALL,ALL,0,2026-07-25T06:25:34.024Z,https://vahan.parivahan.gov.in/vahan4dashboard/vahan/view/reportview.xhtml
2026,7,INDIA TOTAL,All Vahan4 Running Office,H-D MOTOR COMPANY INDIA PVT LTD,ALL,TWO WHEELER(NT)|TWO WHEELER(T),ALL,ALL,0,2026-07-25T06:25:34.024Z,https://vahan.parivahan.gov.in/vahan4dashboard/vahan/view/reportview.xhtml
2026,7,INDIA TOTAL,All Vahan4 Running Office,HARLEY DAVIDSON (IMPORTER: HERO MOTOCORP),ALL,TWO WHEELER(NT)|TWO WHEELER(T),ALL,ALL,19,2026-07-25T06:25:34.024Z,https://vahan.parivahan.gov.in/vahan4dashboard/vahan/view/reportview.xhtml
2026,7,INDIA TOTAL,All Vahan4 Running Office,HAYASA E-MOBILITY (INDIA) PVT LTD,ALL,TWO WHEELER(NT)|TWO WHEELER(T),ALL,ALL,0,2026-07-25T06:25:34.024Z,https://vahan.parivahan.gov.in/vahan4dashboard/vahan/view/reportview.xhtml
2026,7,INDIA TOTAL,All Vahan4 Running Office,HERO ELECTRIC VEHICLES PVT. LTD,ALL,TWO WHEELER(NT)|TWO WHEELER(T),ALL,ALL,6,2026-07-25T06:25:34.024Z,https://vahan.parivahan.gov.in/vahan4dashboard/vahan/view/reportview.xhtml
2026,7,INDIA TOTAL,All Vahan4 Running Office,HERO HONDA MOTORS LTD,ALL,TWO WHEELER(NT)|TWO WHEELER(T),ALL,ALL,0,2026-07-25T06:25:34.024Z,https://vahan.parivahan.gov.in/vahan4dashboard/vahan/view/reportview.xhtml
2026,7,INDIA TOTAL,All Vahan4 Running Office,HERO MOTOCORP LTD,ALL,TWO WHEELER(NT)|TWO WHEELER(T),ALL,ALL,343366,2026-07-25T06:25:34.024Z,https://vahan.parivahan.gov.in/vahan4dashboard/vahan/view/reportview.xhtml
2026,7,INDIA TOTAL,All Vahan4 Running Office,HOMFEEL VEGH AUTOMOBILES PVT LTD,ALL,TWO WHEELER(NT)|TWO WHEELER(T),ALL,ALL,0,2026-07-25T06:25:34.024Z,https://vahan.parivahan.gov.in/vahan4dashboard/vahan/view/reportview.xhtml
2026,7,INDIA TOTAL,All Vahan4 Running Office,HONDA CARS INDIA LTD,ALL,TWO WHEELER(NT)|TWO WHEELER(T),ALL,ALL,0,2026-07-25T06:25:34.024Z,https://vahan.parivahan.gov.in/vahan4dashboard/vahan/view/reportview.xhtml
2026,7,INDIA TOTAL,All Vahan4 Running Office,HONDA MOTORCYCLE AND SCOOTER INDIA (P) LTD,ALL,TWO WHEELER(NT)|TWO WHEELER(T),ALL,ALL,371358,2026-07-25T06:25:34.024Z,https://vahan.parivahan.gov.in/vahan4dashboard/vahan/view/reportview.xhtml
2026,7,INDIA TOTAL,All Vahan4 Running Office,HONGKONG RUIQUE (IMPORTER: DAO EVTECH),ALL,TWO WHEELER(NT)|TWO WHEELER(T),ALL,ALL,5,2026-07-25T06:25:34.024Z,https://vahan.parivahan.gov.in/vahan4dashboard/vahan/view/reportview.xhtml
2026,7,INDIA TOTAL,All Vahan4 Running Office,HONGKONG WANGYUAN (IMPORTER: GBB E MOBILITY),ALL,TWO WHEELER(NT)|TWO WHEELER(T),ALL,ALL,1,2026-07-25T06:25:34.024Z,https://vahan.parivahan.gov.in/vahan4dashboard/vahan/view/reportview.xhtml
2026,7,INDIA TOTAL,All Vahan4 Running Office,HONGKONG WANGYUAN (IMPORTER:INDI ELECTRIC EELS),ALL,TWO WHEELER(NT)|TWO WHEELER(T),ALL,ALL,5,2026-07-25T06:25:34.024Z,https://vahan.parivahan.gov.in/vahan4dashboard/vahan/view/reportview.xhtml
2026,7,INDIA TOTAL,All Vahan4 Running Office,HONGKONG YIXING (IMPORTER: ADMS MARKETING),ALL,TWO WHEELER(NT)|TWO WHEELER(T),ALL,ALL,3,2026-07-25T06:25:34.024Z,https://vahan.parivahan.gov.in/vahan4dashboard/vahan/view/reportview.xhtml
2026,7,INDIA TOTAL,All Vahan4 Running Office,HOP ELECTRIC MOBILITY PVT LTD,ALL,TWO WHEELER(NT)|TWO WHEELER(T),ALL,ALL,1,2026-07-25T06:25:34.024Z,https://vahan.parivahan.gov.in/vahan4dashboard/vahan/view/reportview.xhtml
2026,7,INDIA TOTAL,All Vahan4 Running Office,HSU DRAGON (IMPORTER: BMR ELECTRIC),ALL,TWO WHEELER(NT)|TWO WHEELER(T),ALL,ALL,31,2026-07-25T06:25:34.024Z,https://vahan.parivahan.gov.in/vahan4dashboard/vahan/view/reportview.xhtml
2026,7,INDIA TOTAL,All Vahan4 Running Office,HSU DRAGON (IMPORTER: BMR EV INDUSTRIES),ALL,TWO WHEELER(NT)|TWO WHEELER(T),ALL,ALL,0,2026-07-25T06:25:34.024Z,https://vahan.parivahan.gov.in/vahan4dashboard/vahan/view/reportview.xhtml
2026,7,INDIA TOTAL,All Vahan4 Running Office,HSU DRAGON (IMPORTER: HUMAN CENTERED),ALL,TWO WHEELER(NT)|TWO WHEELER(T),ALL,ALL,0,2026-07-25T06:25:34.024Z,https://vahan.parivahan.gov.in/vahan4dashboard/vahan/view/reportview.xhtml
2026,7,INDIA TOTAL,All Vahan4 Running Office,HSU DRAGON (IMPORTER:SKANDAA AUTOMOTIVE),ALL,TWO WHEELER(NT)|TWO WHEELER(T),ALL,ALL,9,2026-07-25T06:25:34.024Z,https://vahan.parivahan.gov.in/vahan4dashboard/vahan/view/reportview.xhtml
2026,7,INDIA TOTAL,All Vahan4 Running Office,INDIA KAWASAKI MOTORS PVT LTD,ALL,TWO WHEELER(NT)|TWO WHEELER(T),ALL,ALL,391,2026-07-25T06:25:34.024Z,https://vahan.parivahan.gov.in/vahan4dashboard/vahan/view/reportview.xhtml
2026,7,INDIA TOTAL,All Vahan4 Running Office,INDIA YAMAHA MOTOR PVT LTD,ALL,TWO WHEELER(NT)|TWO WHEELER(T),ALL,ALL,53671,2026-07-25T06:25:34.024Z,https://vahan.parivahan.gov.in/vahan4dashboard/vahan/view/reportview.xhtml
2026,7,INDIA TOTAL,All Vahan4 Running Office,IRA EDUTECH PVT LTD,ALL,TWO WHEELER(NT)|TWO WHEELER(T),ALL,ALL,0,2026-07-25T06:25:34.024Z,https://vahan.parivahan.gov.in/vahan4dashboard/vahan/view/reportview.xhtml
2026,7,INDIA TOTAL,All Vahan4 Running Office,ISUZU MOTORS INDIA PVT LTD,ALL,TWO WHEELER(NT)|TWO WHEELER(T),ALL,ALL,0,2026-07-25T06:25:34.024Z,https://vahan.parivahan.gov.in/vahan4dashboard/vahan/view/reportview.xhtml
2026,7,INDIA TOTAL,All Vahan4 Running Office,IVOOMI INNOVATION PVT LTD,ALL,TWO WHEELER(NT)|TWO WHEELER(T),ALL,ALL,28,2026-07-25T06:25:34.024Z,https://vahan.parivahan.gov.in/vahan4dashboard/vahan/view/reportview.xhtml
2026,7,INDIA TOTAL,All Vahan4 Running Office,IZANAU ELECTRIC LLP,ALL,TWO WHEELER(NT)|TWO WHEELER(T),ALL,ALL,0,2026-07-25T06:25:34.024Z,https://vahan.parivahan.gov.in/vahan4dashboard/vahan/view/reportview.xhtml
2026,7,INDIA TOTAL,All Vahan4 Running Office,JIANGSU AIMA (IMPORTER: QUANTUM ENERGY),ALL,TWO WHEELER(NT)|TWO WHEELER(T),ALL,ALL,0,2026-07-25T06:25:34.024Z,https://vahan.parivahan.gov.in/vahan4dashboard/vahan/view/reportview.xhtml
2026,7,INDIA TOTAL,All Vahan4 Running Office,JIANGSU DALONG (IMPORTER: ENGTIAN ELECTRIC),ALL,TWO WHEELER(NT)|TWO WHEELER(T),ALL,ALL,0,2026-07-25T06:25:34.024Z,https://vahan.parivahan.gov.in/vahan4dashboard/vahan/view/reportview.xhtml
2026,7,INDIA TOTAL,All Vahan4 Running Office,JIANGSU DALONG (IMPORTER: RILOX EV PVT LTD),ALL,TWO WHEELER(NT)|TWO WHEELER(T),ALL,ALL,0,2026-07-25T06:25:34.024Z,https://vahan.parivahan.gov.in/vahan4dashboard/vahan/view/reportview.xhtml
2026,7,INDIA TOTAL,All Vahan4 Running Office,JIANGSU DALONG (IMPORTER: SABOO TOR),ALL,TWO WHEELER(NT)|TWO WHEELER(T),ALL,ALL,0,2026-07-25T06:25:34.024Z,https://vahan.parivahan.gov.in/vahan4dashboard/vahan/view/reportview.xhtml
2026,7,INDIA TOTAL,All Vahan4 Running Office,JIANGSU DALONG JIANHAO (IMPORTER: MK FLYING),ALL,TWO WHEELER(NT)|TWO WHEELER(T),ALL,ALL,1,2026-07-25T06:25:34.024Z,https://vahan.parivahan.gov.in/vahan4dashboard/vahan/view/reportview.xhtml
2026,7,INDIA TOTAL,All Vahan4 Running Office,JIANGSU SUNHOU (IMPORTER: KAGDI TECH SOLUTIONS),ALL,TWO WHEELER(NT)|TWO WHEELER(T),ALL,ALL,5,2026-07-25T06:25:34.024Z,https://vahan.parivahan.gov.in/vahan4dashboard/vahan/view/reportview.xhtml
2026,7,INDIA TOTAL,All Vahan4 Running Office,JIANGSU SUNHOU (IMPORTER: SABOO TOR),ALL,TWO WHEELER(NT)|TWO WHEELER(T),ALL,ALL,0,2026-07-25T06:25:34.024Z,https://vahan.parivahan.gov.in/vahan4dashboard/vahan/view/reportview.xhtml
2026,7,INDIA TOTAL,All Vahan4 Running Office,JIANGSU XINRI (IMPORTER: ECO FUEL SYSTEMS LTD),ALL,TWO WHEELER(NT)|TWO WHEELER(T),ALL,ALL,15,2026-07-25T06:25:34.024Z,https://vahan.parivahan.gov.in/vahan4dashboard/vahan/view/reportview.xhtml
2026,7,INDIA TOTAL,All Vahan4 Running Office,JIANGSU ZHEENAIDA (IMPORTER: KLB GLOBAL),ALL,TWO WHEELER(NT)|TWO WHEELER(T),ALL,ALL,1,2026-07-25T06:25:34.024Z,https://vahan.parivahan.gov.in/vahan4dashboard/vahan/view/reportview.xhtml
2026,7,INDIA TOTAL,All Vahan4 Running Office,JIANGSU ZHONGXING (IMPORTER:SKANDAA AUTOMOTIVE),ALL,TWO WHEELER(NT)|TWO WHEELER(T),ALL,ALL,1,2026-07-25T06:25:34.024Z,https://vahan.parivahan.gov.in/vahan4dashboard/vahan/view/reportview.xhtml
2026,7,INDIA TOTAL,All Vahan4 Running Office,JITENDRA NEW EV-TECH PVT. LTD,ALL,TWO WHEELER(NT)|TWO WHEELER(T),ALL,ALL,84,2026-07-25T06:25:34.024Z,https://vahan.parivahan.gov.in/vahan4dashboard/vahan/view/reportview.xhtml
2026,7,INDIA TOTAL,All Vahan4 Running Office,JUNENG MOTORCYCLE (IMPORTER: ADMS MARKETING),ALL,TWO WHEELER(NT)|TWO WHEELER(T),ALL,ALL,0,2026-07-25T06:25:34.024Z,https://vahan.parivahan.gov.in/vahan4dashboard/vahan/view/reportview.xhtml
2026,7,INDIA TOTAL,All Vahan4 Running Office,JUNENG MOTORCYCLE (IMPORTER: ISCOOT MOTERS),ALL,TWO WHEELER(NT)|TWO WHEELER(T),ALL,ALL,0,2026-07-25T06:25:34.024Z,https://vahan.parivahan.gov.in/vahan4dashboard/vahan/view/reportview.xhtml
2026,7,INDIA TOTAL,All Vahan4 Running Office,JUNENG MOTORCYCLE (IMPORTER: JHEV MOTORS PVT LTD),ALL,TWO WHEELER(NT)|TWO WHEELER(T),ALL,ALL,10,2026-07-25T06:25:34.024Z,https://vahan.parivahan.gov.in/vahan4dashboard/vahan/view/reportview.xhtml
2026,7,INDIA TOTAL,All Vahan4 Running Office,JUNENG MOTORCYCLE TECH. (IMPORTER: DELTA AUTOCORP),ALL,TWO WHEELER(NT)|TWO WHEELER(T),ALL,ALL,0,2026-07-25T06:25:34.024Z,https://vahan.parivahan.gov.in/vahan4dashboard/vahan/view/reportview.xhtml
2026,7,INDIA TOTAL,All Vahan4 Running Office,JVK MOTORS PVT LTD,ALL,TWO WHEELER(NT)|TWO WHEELER(T),ALL,ALL,0,2026-07-25T06:25:34.024Z,https://vahan.parivahan.gov.in/vahan4dashboard/vahan/view/reportview.xhtml
2026,7,INDIA TOTAL,All Vahan4 Running Office,KABIRA MOBILITY LLP,ALL,TWO WHEELER(NT)|TWO WHEELER(T),ALL,ALL,0,2026-07-25T06:25:34.024Z,https://vahan.parivahan.gov.in/vahan4dashboard/vahan/view/reportview.xhtml
2026,7,INDIA TOTAL,All Vahan4 Running Office,KAINING (HONGKONG) (IMPORTER: BEST EV MOBILITY),ALL,TWO WHEELER(NT)|TWO WHEELER(T),ALL,ALL,0,2026-07-25T06:25:34.024Z,https://vahan.parivahan.gov.in/vahan4dashboard/vahan/view/reportview.xhtml
2026,7,INDIA TOTAL,All Vahan4 Running Office,KAINING (HONGKONG) (IMPORTER: BMR EV INDUSTRIES),ALL,TWO WHEELER(NT)|TWO WHEELER(T),ALL,ALL,1,2026-07-25T06:25:34.024Z,https://vahan.parivahan.gov.in/vahan4dashboard/vahan/view/reportview.xhtml
2026,7,INDIA TOTAL,All Vahan4 Running Office,KAINING (HONGKONG) (IMPORTER: COMPTECH MOTOCORP),ALL,TWO WHEELER(NT)|TWO WHEELER(T),ALL,ALL,95,2026-07-25T06:25:34.024Z,https://vahan.parivahan.gov.in/vahan4dashboard/vahan/view/reportview.xhtml
2026,7,INDIA TOTAL,All Vahan4 Running Office,KAINING (HONGKONG) (IMPORTER: ENIGMA AUTOMOBILES),ALL,TWO WHEELER(NT)|TWO WHEELER(T),ALL,ALL,80,2026-07-25T06:25:34.024Z,https://vahan.parivahan.gov.in/vahan4dashboard/vahan/view/reportview.xhtml
2026,7,INDIA TOTAL,All Vahan4 Running Office,KAINING (HONGKONG) (IMPORTER: SEEKA E MOTORS),ALL,TWO WHEELER(NT)|TWO WHEELER(T),ALL,ALL,14,2026-07-25T06:25:34.024Z,https://vahan.parivahan.gov.in/vahan4dashboard/vahan/view/reportview.xhtml
2026,7,INDIA TOTAL,All Vahan4 Running Office,KAINING (HONGKONG) (IMPORTER: VOLTA EV PVT LTD),ALL,TWO WHEELER(NT)|TWO WHEELER(T),ALL,ALL,0,2026-07-25T06:25:34.024Z,https://vahan.parivahan.gov.in/vahan4dashboard/vahan/view/reportview.xhtml
2026,7,INDIA TOTAL,All Vahan4 Running Office,KAINING (HONGKONG) (IMPORTER:M/S IZANAU ELECTRIC),ALL,TWO WHEELER(NT)|TWO WHEELER(T),ALL,ALL,0,2026-07-25T06:25:34.024Z,https://vahan.parivahan.gov.in/vahan4dashboard/vahan/view/reportview.xhtml
2026,7,INDIA TOTAL,All Vahan4 Running Office,KAINING (HONGKONG) (IMPORTER:RAILIES MOTO),ALL,TWO WHEELER(NT)|TWO WHEELER(T),ALL,ALL,0,2026-07-25T06:25:34.024Z,https://vahan.parivahan.gov.in/vahan4dashboard/vahan/view/reportview.xhtml
2026,7,INDIA TOTAL,All Vahan4 Running Office,KAINING (HONGKONG)(IMPORTER: TRIVOLT AUTOMOBILES),ALL,TWO WHEELER(NT)|TWO WHEELER(T),ALL,ALL,1,2026-07-25T06:25:34.024Z,https://vahan.parivahan.gov.in/vahan4dashboard/vahan/view/reportview.xhtml
2026,7,INDIA TOTAL,All Vahan4 Running Office,KAWASAKI HEAVY INDUSTRIES LTD,ALL,TWO WHEELER(NT)|TWO WHEELER(T),ALL,ALL,0,2026-07-25T06:25:34.024Z,https://vahan.parivahan.gov.in/vahan4dashboard/vahan/view/reportview.xhtml
2026,7,INDIA TOTAL,All Vahan4 Running Office,KINETIC GREEN ENERGY & POWER SOLUTIONS LTD,ALL,TWO WHEELER(NT)|TWO WHEELER(T),ALL,ALL,508,2026-07-25T06:25:34.024Z,https://vahan.parivahan.gov.in/vahan4dashboard/vahan/view/reportview.xhtml
2026,7,INDIA TOTAL,All Vahan4 Running Office,KINETIC GREEN ENERGY P SOL LTD,ALL,TWO WHEELER(NT)|TWO WHEELER(T),ALL,ALL,0,2026-07-25T06:25:34.024Z,https://vahan.parivahan.gov.in/vahan4dashboard/vahan/view/reportview.xhtml
2026,7,INDIA TOTAL,All Vahan4 Running Office,KINETIC MOTOR COMPANY LIMITED,ALL,TWO WHEELER(NT)|TWO WHEELER(T),ALL,ALL,51,2026-07-25T06:25:34.024Z,https://vahan.parivahan.gov.in/vahan4dashboard/vahan/view/reportview.xhtml
2026,7,INDIA TOTAL,All Vahan4 Running Office,KINETIC WATTS AND VOLTS LTD,ALL,TWO WHEELER(NT)|TWO WHEELER(T),ALL,ALL,331,2026-07-25T06:25:34.024Z,https://vahan.parivahan.gov.in/vahan4dashboard/vahan/view/reportview.xhtml
2026,7,INDIA TOTAL,All Vahan4 Running Office,KLB KOMAKI PVT LTD,ALL,TWO WHEELER(NT)|TWO WHEELER(T),ALL,ALL,410,2026-07-25T06:25:34.024Z,https://vahan.parivahan.gov.in/vahan4dashboard/vahan/view/reportview.xhtml
2026,7,INDIA TOTAL,All Vahan4 Running Office,KSR SOLUTION (IMPORTER: KAWVELOCE MOTORS PVT LTD),ALL,TWO WHEELER(NT)|TWO WHEELER(T),ALL,ALL,0,2026-07-25T06:25:34.024Z,https://vahan.parivahan.gov.in/vahan4dashboard/vahan/view/reportview.xhtml
2026,7,INDIA TOTAL,All Vahan4 Running Office,KTM MOTORRAD AG,ALL,TWO WHEELER(NT)|TWO WHEELER(T),ALL,ALL,1,2026-07-25T06:25:34.024Z,https://vahan.parivahan.gov.in/vahan4dashboard/vahan/view/reportview.xhtml
2026,7,INDIA TOTAL,All Vahan4 Running Office,KYTE ENERGY PVT. LTD.,ALL,TWO WHEELER(NT)|TWO WHEELER(T),ALL,ALL,0,2026-07-25T06:25:34.024Z,https://vahan.parivahan.gov.in/vahan4dashboard/vahan/view/reportview.xhtml
2026,7,INDIA TOTAL,All Vahan4 Running Office,LECTRIX E VEHICLES PVT LTD,ALL,TWO WHEELER(NT)|TWO WHEELER(T),ALL,ALL,962,2026-07-25T06:25:34.024Z,https://vahan.parivahan.gov.in/vahan4dashboard/vahan/view/reportview.xhtml
2026,7,INDIA TOTAL,All Vahan4 Running Office,LIMA VEHICLE (IMPORTER: SARAOGI E-VENTURES),ALL,TWO WHEELER(NT)|TWO WHEELER(T),ALL,ALL,1,2026-07-25T06:25:34.024Z,https://vahan.parivahan.gov.in/vahan4dashboard/vahan/view/reportview.xhtml
2026,7,INDIA TOTAL,All Vahan4 Running Office,MAC INTERNATIONAL (IMPORTER: JHEV MOTORS PVT LTD),ALL,TWO WHEELER(NT)|TWO WHEELER(T),ALL,ALL,3,2026-07-25T06:25:34.024Z,https://vahan.parivahan.gov.in/vahan4dashboard/vahan/view/reportview.xhtml
2026,7,INDIA TOTAL,All Vahan4 Running Office,MAGNIOUS E MOBILITY PVT LTD,ALL,TWO WHEELER(NT)|TWO WHEELER(T),ALL,ALL,3,2026-07-25T06:25:34.024Z,https://vahan.parivahan.gov.in/vahan4dashboard/vahan/view/reportview.xhtml
2026,7,INDIA TOTAL,All Vahan4 Running Office,MARUTHISAN PVT LTD,ALL,TWO WHEELER(NT)|TWO WHEELER(T),ALL,ALL,1,2026-07-25T06:25:34.024Z,https://vahan.parivahan.gov.in/vahan4dashboard/vahan/view/reportview.xhtml
2026,7,INDIA TOTAL,All Vahan4 Running Office,MATTER MOTOR WORKS PVT LTD,ALL,TWO WHEELER(NT)|TWO WHEELER(T),ALL,ALL,42,2026-07-25T06:25:34.024Z,https://vahan.parivahan.gov.in/vahan4dashboard/vahan/view/reportview.xhtml
2026,7,INDIA TOTAL,All Vahan4 Running Office,MECPOWER MOBILITY PVT. LTD.,ALL,TWO WHEELER(NT)|TWO WHEELER(T),ALL,ALL,3,2026-07-25T06:25:34.024Z,https://vahan.parivahan.gov.in/vahan4dashboard/vahan/view/reportview.xhtml
2026,7,INDIA TOTAL,All Vahan4 Running Office,MERCURY EV TECH LTD,ALL,TWO WHEELER(NT)|TWO WHEELER(T),ALL,ALL,6,2026-07-25T06:25:34.024Z,https://vahan.parivahan.gov.in/vahan4dashboard/vahan/view/reportview.xhtml
2026,7,INDIA TOTAL,All Vahan4 Running Office,MICROAUTOTECH PVT. LTD.,ALL,TWO WHEELER(NT)|TWO WHEELER(T),ALL,ALL,1,2026-07-25T06:25:34.024Z,https://vahan.parivahan.gov.in/vahan4dashboard/vahan/view/reportview.xhtml
2026,7,INDIA TOTAL,All Vahan4 Running Office,MITSUBISHI MOTORS CORPORATION,ALL,TWO WHEELER(NT)|TWO WHEELER(T),ALL,ALL,4,2026-07-25T06:25:34.024Z,https://vahan.parivahan.gov.in/vahan4dashboard/vahan/view/reportview.xhtml
2026,7,INDIA TOTAL,All Vahan4 Running Office,MOTOVOLT MOBILITY PVT LTD,ALL,TWO WHEELER(NT)|TWO WHEELER(T),ALL,ALL,503,2026-07-25T06:25:34.024Z,https://vahan.parivahan.gov.in/vahan4dashboard/vahan/view/reportview.xhtml
2026,7,INDIA TOTAL,All Vahan4 Running Office,NANJING VMOTO (IMPORTER: FORTUNEV),ALL,TWO WHEELER(NT)|TWO WHEELER(T),ALL,ALL,1,2026-07-25T06:25:34.024Z,https://vahan.parivahan.gov.in/vahan4dashboard/vahan/view/reportview.xhtml
2026,7,INDIA TOTAL,All Vahan4 Running Office,NANJING VMOTO (IMPORTER: VAJRAM ELECTRIC MOBILITY),ALL,TWO WHEELER(NT)|TWO WHEELER(T),ALL,ALL,3,2026-07-25T06:25:34.024Z,https://vahan.parivahan.gov.in/vahan4dashboard/vahan/view/reportview.xhtml
2026,7,INDIA TOTAL,All Vahan4 Running Office,NDS ECO MOTORS PVT LTD,ALL,TWO WHEELER(NT)|TWO WHEELER(T),ALL,ALL,0,2026-07-25T06:25:34.024Z,https://vahan.parivahan.gov.in/vahan4dashboard/vahan/view/reportview.xhtml
2026,7,INDIA TOTAL,All Vahan4 Running Office,NIA EV MOTORS PVT LTD,ALL,TWO WHEELER(NT)|TWO WHEELER(T),ALL,ALL,2,2026-07-25T06:25:34.024Z,https://vahan.parivahan.gov.in/vahan4dashboard/vahan/view/reportview.xhtml
2026,7,INDIA TOTAL,All Vahan4 Running Office,NINGBO LONGJIA (IMPORTER: ADISHWAR AUTO),ALL,TWO WHEELER(NT)|TWO WHEELER(T),ALL,ALL,0,2026-07-25T06:25:34.024Z,https://vahan.parivahan.gov.in/vahan4dashboard/vahan/view/reportview.xhtml
2026,7,INDIA TOTAL,All Vahan4 Running Office,NINGBO SANJIANG (IMPORTER: VABRO EVTECH),ALL,TWO WHEELER(NT)|TWO WHEELER(T),ALL,ALL,0,2026-07-25T06:25:34.024Z,https://vahan.parivahan.gov.in/vahan4dashboard/vahan/view/reportview.xhtml
2026,7,INDIA TOTAL,All Vahan4 Running Office,NUMEROS MOTORS PVT LTD,ALL,TWO WHEELER(NT)|TWO WHEELER(T),ALL,ALL,47,2026-07-25T06:25:34.024Z,https://vahan.parivahan.gov.in/vahan4dashboard/vahan/view/reportview.xhtml
2026,7,INDIA TOTAL,All Vahan4 Running Office,OBEN ELECTRIC VEHICLES PVT LTD,ALL,TWO WHEELER(NT)|TWO WHEELER(T),ALL,ALL,299,2026-07-25T06:25:34.024Z,https://vahan.parivahan.gov.in/vahan4dashboard/vahan/view/reportview.xhtml
2026,7,INDIA TOTAL,All Vahan4 Running Office,ODYSSE ELECTRIC VEHICLES PVT LTD,ALL,TWO WHEELER(NT)|TWO WHEELER(T),ALL,ALL,192,2026-07-25T06:25:34.024Z,https://vahan.parivahan.gov.in/vahan4dashboard/vahan/view/reportview.xhtml
2026,7,INDIA TOTAL,All Vahan4 Running Office,OKAYA POWER PVT LTD,ALL,TWO WHEELER(NT)|TWO WHEELER(T),ALL,ALL,0,2026-07-25T06:25:34.024Z,https://vahan.parivahan.gov.in/vahan4dashboard/vahan/view/reportview.xhtml
2026,7,INDIA TOTAL,All Vahan4 Running Office,OKINAWA AUTOTECH PVT LTD,ALL,TWO WHEELER(NT)|TWO WHEELER(T),ALL,ALL,95,2026-07-25T06:25:34.024Z,https://vahan.parivahan.gov.in/vahan4dashboard/vahan/view/reportview.xhtml
2026,7,INDIA TOTAL,All Vahan4 Running Office,OLA ELECTRIC TECHNOLOGIES PVT LTD,ALL,TWO WHEELER(NT)|TWO WHEELER(T),ALL,ALL,9813,2026-07-25T06:25:34.024Z,https://vahan.parivahan.gov.in/vahan4dashboard/vahan/view/reportview.xhtml
2026,7,INDIA TOTAL,All Vahan4 Running Office,OPG MOBILITY AND POWER PVT LTD,ALL,TWO WHEELER(NT)|TWO WHEELER(T),ALL,ALL,102,2026-07-25T06:25:34.024Z,https://vahan.parivahan.gov.in/vahan4dashboard/vahan/view/reportview.xhtml
2026,7,INDIA TOTAL,All Vahan4 Running Office,ORA GROUP (IMPORTER: VAKRA TUNDAYA NAMAHA PVT LTD),ALL,TWO WHEELER(NT)|TWO WHEELER(T),ALL,ALL,0,2026-07-25T06:25:34.024Z,https://vahan.parivahan.gov.in/vahan4dashboard/vahan/view/reportview.xhtml
2026,7,INDIA TOTAL,All Vahan4 Running Office,OTHERS,ALL,TWO WHEELER(NT)|TWO WHEELER(T),ALL,ALL,2,2026-07-25T06:25:34.024Z,https://vahan.parivahan.gov.in/vahan4dashboard/vahan/view/reportview.xhtml
2026,7,INDIA TOTAL,All Vahan4 Running Office,OZOTEC AUTOMOBILE PRIVATE LIMITED,ALL,TWO WHEELER(NT)|TWO WHEELER(T),ALL,ALL,3,2026-07-25T06:25:34.024Z,https://vahan.parivahan.gov.in/vahan4dashboard/vahan/view/reportview.xhtml
2026,7,INDIA TOTAL,All Vahan4 Running Office,PIAGGIO VEHICLES PVT LTD,ALL,TWO WHEELER(NT)|TWO WHEELER(T),ALL,ALL,2876,2026-07-25T06:25:34.024Z,https://vahan.parivahan.gov.in/vahan4dashboard/vahan/view/reportview.xhtml
2026,7,INDIA TOTAL,All Vahan4 Running Office,POLARIS INDIA PVT LTD,ALL,TWO WHEELER(NT)|TWO WHEELER(T),ALL,ALL,3,2026-07-25T06:25:34.024Z,https://vahan.parivahan.gov.in/vahan4dashboard/vahan/view/reportview.xhtml
2026,7,INDIA TOTAL,All Vahan4 Running Office,PORFITEL TECHNOLOGY (IMPORTER: AERORIDE),ALL,TWO WHEELER(NT)|TWO WHEELER(T),ALL,ALL,0,2026-07-25T06:25:34.024Z,https://vahan.parivahan.gov.in/vahan4dashboard/vahan/view/reportview.xhtml
2026,7,INDIA TOTAL,All Vahan4 Running Office,PORWAL ELECTRIC,ALL,TWO WHEELER(NT)|TWO WHEELER(T),ALL,ALL,2,2026-07-25T06:25:34.024Z,https://vahan.parivahan.gov.in/vahan4dashboard/vahan/view/reportview.xhtml
2026,7,INDIA TOTAL,All Vahan4 Running Office,PUR ENERGY PVT LTD,ALL,TWO WHEELER(NT)|TWO WHEELER(T),ALL,ALL,171,2026-07-25T06:25:34.024Z,https://vahan.parivahan.gov.in/vahan4dashboard/vahan/view/reportview.xhtml
2026,7,INDIA TOTAL,All Vahan4 Running Office,QIANJIANG-KEEWAY (IMPORTER: ADISHWAR AUTO),ALL,TWO WHEELER(NT)|TWO WHEELER(T),ALL,ALL,33,2026-07-25T06:25:34.024Z,https://vahan.parivahan.gov.in/vahan4dashboard/vahan/view/reportview.xhtml
2026,7,INDIA TOTAL,All Vahan4 Running Office,QUANTUM ENERGY LTD.,ALL,TWO WHEELER(NT)|TWO WHEELER(T),ALL,ALL,793,2026-07-25T06:25:34.024Z,https://vahan.parivahan.gov.in/vahan4dashboard/vahan/view/reportview.xhtml
2026,7,INDIA TOTAL,All Vahan4 Running Office,RAPTEE ENERGY PVT LTD,ALL,TWO WHEELER(NT)|TWO WHEELER(T),ALL,ALL,2,2026-07-25T06:25:34.024Z,https://vahan.parivahan.gov.in/vahan4dashboard/vahan/view/reportview.xhtml
2026,7,INDIA TOTAL,All Vahan4 Running Office,REVOLT INTELLICORP PVT LTD,ALL,TWO WHEELER(NT)|TWO WHEELER(T),ALL,ALL,864,2026-07-25T06:25:34.024Z,https://vahan.parivahan.gov.in/vahan4dashboard/vahan/view/reportview.xhtml
2026,7,INDIA TOTAL,All Vahan4 Running Office,RGM BUSINESS PLUS PVT LTD,ALL,TWO WHEELER(NT)|TWO WHEELER(T),ALL,ALL,0,2026-07-25T06:25:34.024Z,https://vahan.parivahan.gov.in/vahan4dashboard/vahan/view/reportview.xhtml
2026,7,INDIA TOTAL,All Vahan4 Running Office,RIVER MOBILITY PVT LTD,ALL,TWO WHEELER(NT)|TWO WHEELER(T),ALL,ALL,4283,2026-07-25T06:25:34.024Z,https://vahan.parivahan.gov.in/vahan4dashboard/vahan/view/reportview.xhtml
2026,7,INDIA TOTAL,All Vahan4 Running Office,RIVOT MOTORS INDIA PVT LTD,ALL,TWO WHEELER(NT)|TWO WHEELER(T),ALL,ALL,2,2026-07-25T06:25:34.024Z,https://vahan.parivahan.gov.in/vahan4dashboard/vahan/view/reportview.xhtml
2026,7,INDIA TOTAL,All Vahan4 Running Office,ROYAL-ENFIELD (UNIT OF EICHER LTD),ALL,TWO WHEELER(NT)|TWO WHEELER(T),ALL,ALL,74349,2026-07-25T06:25:34.024Z,https://vahan.parivahan.gov.in/vahan4dashboard/vahan/view/reportview.xhtml
2026,7,INDIA TOTAL,All Vahan4 Running Office,SBTEK E MOTO PVT LTD,ALL,TWO WHEELER(NT)|TWO WHEELER(T),ALL,ALL,2,2026-07-25T06:25:34.024Z,https://vahan.parivahan.gov.in/vahan4dashboard/vahan/view/reportview.xhtml
2026,7,INDIA TOTAL,All Vahan4 Running Office,SEEKA E MOTORS PVT LTD,ALL,TWO WHEELER(NT)|TWO WHEELER(T),ALL,ALL,2,2026-07-25T06:25:34.024Z,https://vahan.parivahan.gov.in/vahan4dashboard/vahan/view/reportview.xhtml
2026,7,INDIA TOTAL,All Vahan4 Running Office,SIMPLEENERGY PVT LTD,ALL,TWO WHEELER(NT)|TWO WHEELER(T),ALL,ALL,1160,2026-07-25T06:25:34.024Z,https://vahan.parivahan.gov.in/vahan4dashboard/vahan/view/reportview.xhtml
2026,7,INDIA TOTAL,All Vahan4 Running Office,SMAP VEHICLES (IMPORTER: ELEGO MOTORS),ALL,TWO WHEELER(NT)|TWO WHEELER(T),ALL,ALL,0,2026-07-25T06:25:34.024Z,https://vahan.parivahan.gov.in/vahan4dashboard/vahan/view/reportview.xhtml
2026,7,INDIA TOTAL,All Vahan4 Running Office,SOKUDO ELECTRIC INDIA PVT LTD,ALL,TWO WHEELER(NT)|TWO WHEELER(T),ALL,ALL,113,2026-07-25T06:25:34.024Z,https://vahan.parivahan.gov.in/vahan4dashboard/vahan/view/reportview.xhtml
2026,7,INDIA TOTAL,All Vahan4 Running Office,SRIVARU MOTORS PVT LTD,ALL,TWO WHEELER(NT)|TWO WHEELER(T),ALL,ALL,2,2026-07-25T06:25:34.024Z,https://vahan.parivahan.gov.in/vahan4dashboard/vahan/view/reportview.xhtml
2026,7,INDIA TOTAL,All Vahan4 Running Office,SRIVIJAY E-VEHICLES PVT LTD,ALL,TWO WHEELER(NT)|TWO WHEELER(T),ALL,ALL,1,2026-07-25T06:25:34.024Z,https://vahan.parivahan.gov.in/vahan4dashboard/vahan/view/reportview.xhtml
2026,7,INDIA TOTAL,All Vahan4 Running Office,SUPERECO AUTOMOTIVE CO,ALL,TWO WHEELER(NT)|TWO WHEELER(T),ALL,ALL,0,2026-07-25T06:25:34.024Z,https://vahan.parivahan.gov.in/vahan4dashboard/vahan/view/reportview.xhtml
2026,7,INDIA TOTAL,All Vahan4 Running Office,SUZUKI MOTORCYCLE INDIA PVT LTD,ALL,TWO WHEELER(NT)|TWO WHEELER(T),ALL,ALL,77777,2026-07-25T06:25:34.024Z,https://vahan.parivahan.gov.in/vahan4dashboard/vahan/view/reportview.xhtml
2026,7,INDIA TOTAL,All Vahan4 Running Office,SVITCH MOTOCORP PVT LTD,ALL,TWO WHEELER(NT)|TWO WHEELER(T),ALL,ALL,0,2026-07-25T06:25:34.024Z,https://vahan.parivahan.gov.in/vahan4dashboard/vahan/view/reportview.xhtml
2026,7,INDIA TOTAL,All Vahan4 Running Office,TAIZHOU CITY (IMPORTER: NXTMOBILITY ENERGY),ALL,TWO WHEELER(NT)|TWO WHEELER(T),ALL,ALL,2,2026-07-25T06:25:34.026Z,https://vahan.parivahan.gov.in/vahan4dashboard/vahan/view/reportview.xhtml
2026,7,INDIA TOTAL,All Vahan4 Running Office,TATA MOTORS LTD,ALL,TWO WHEELER(NT)|TWO WHEELER(T),ALL,ALL,0,2026-07-25T06:25:34.026Z,https://vahan.parivahan.gov.in/vahan4dashboard/vahan/view/reportview.xhtml
2026,7,INDIA TOTAL,All Vahan4 Running Office,TORK MOTORS PVT LTD,ALL,TWO WHEELER(NT)|TWO WHEELER(T),ALL,ALL,0,2026-07-25T06:25:34.026Z,https://vahan.parivahan.gov.in/vahan4dashboard/vahan/view/reportview.xhtml
2026,7,INDIA TOTAL,All Vahan4 Running Office,TRIUMPH MOTORCYCLES (INDIA) PVT LTD,ALL,TWO WHEELER(NT)|TWO WHEELER(T),ALL,ALL,89,2026-07-25T06:25:34.026Z,https://vahan.parivahan.gov.in/vahan4dashboard/vahan/view/reportview.xhtml
2026,7,INDIA TOTAL,All Vahan4 Running Office,TVS MOTOR COMPANY LTD,ALL,TWO WHEELER(NT)|TWO WHEELER(T),ALL,ALL,291851,2026-07-25T06:25:34.026Z,https://vahan.parivahan.gov.in/vahan4dashboard/vahan/view/reportview.xhtml
2026,7,INDIA TOTAL,All Vahan4 Running Office,ULTRAVIOLETTE AUTOMOTIVE PVT LTD,ALL,TWO WHEELER(NT)|TWO WHEELER(T),ALL,ALL,534,2026-07-25T06:25:34.026Z,https://vahan.parivahan.gov.in/vahan4dashboard/vahan/view/reportview.xhtml
2026,7,INDIA TOTAL,All Vahan4 Running Office,VELOCIFERO (IMPORTER: KAWVELOCE MOTORS PVT LTD),ALL,TWO WHEELER(NT)|TWO WHEELER(T),ALL,ALL,55,2026-07-25T06:25:34.026Z,https://vahan.parivahan.gov.in/vahan4dashboard/vahan/view/reportview.xhtml
2026,7,INDIA TOTAL,All Vahan4 Running Office,WARDWIZARD INNOVATIONS & MOBILITY LIMITED,ALL,TWO WHEELER(NT)|TWO WHEELER(T),ALL,ALL,92,2026-07-25T06:25:34.026Z,https://vahan.parivahan.gov.in/vahan4dashboard/vahan/view/reportview.xhtml
2026,7,INDIA TOTAL,All Vahan4 Running Office,WARIVO MOTOR INDIA PVT LTD,ALL,TWO WHEELER(NT)|TWO WHEELER(T),ALL,ALL,17,2026-07-25T06:25:34.026Z,https://vahan.parivahan.gov.in/vahan4dashboard/vahan/view/reportview.xhtml
2026,7,INDIA TOTAL,All Vahan4 Running Office,WUXI DAYANG ELECTRIC (IMPORTER: ABZO MOTORS),ALL,TWO WHEELER(NT)|TWO WHEELER(T),ALL,ALL,3,2026-07-25T06:25:34.026Z,https://vahan.parivahan.gov.in/vahan4dashboard/vahan/view/reportview.xhtml
2026,7,INDIA TOTAL,All Vahan4 Running Office,WUXI JIYAYI (IMPORTER: IZANAU ELECTRIC LLP),ALL,TWO WHEELER(NT)|TWO WHEELER(T),ALL,ALL,8,2026-07-25T06:25:34.026Z,https://vahan.parivahan.gov.in/vahan4dashboard/vahan/view/reportview.xhtml
2026,7,INDIA TOTAL,All Vahan4 Running Office,WUXI MAYA (IMPORTER: DYNAMO ELECTRIC P. LTD.),ALL,TWO WHEELER(NT)|TWO WHEELER(T),ALL,ALL,0,2026-07-25T06:25:34.026Z,https://vahan.parivahan.gov.in/vahan4dashboard/vahan/view/reportview.xhtml
2026,7,INDIA TOTAL,All Vahan4 Running Office,WUXI MDKA NEW ENERGY (IMPORTER: HESTUR ENERGY),ALL,TWO WHEELER(NT)|TWO WHEELER(T),ALL,ALL,42,2026-07-25T06:25:34.026Z,https://vahan.parivahan.gov.in/vahan4dashboard/vahan/view/reportview.xhtml
2026,7,INDIA TOTAL,All Vahan4 Running Office,WUXI SAIGE (IMPORTER: CITIZEN CARE),ALL,TWO WHEELER(NT)|TWO WHEELER(T),ALL,ALL,0,2026-07-25T06:25:34.026Z,https://vahan.parivahan.gov.in/vahan4dashboard/vahan/view/reportview.xhtml
2026,7,INDIA TOTAL,All Vahan4 Running Office,WUXI SAIGE (IMPORTER: DM GREEN ENERGY),ALL,TWO WHEELER(NT)|TWO WHEELER(T),ALL,ALL,0,2026-07-25T06:25:34.026Z,https://vahan.parivahan.gov.in/vahan4dashboard/vahan/view/reportview.xhtml
2026,7,INDIA TOTAL,All Vahan4 Running Office,WUXI SAIGE (IMPORTER: KKL HITECH EV),ALL,TWO WHEELER(NT)|TWO WHEELER(T),ALL,ALL,1,2026-07-25T06:25:34.026Z,https://vahan.parivahan.gov.in/vahan4dashboard/vahan/view/reportview.xhtml
2026,7,INDIA TOTAL,All Vahan4 Running Office,WUXI SAIGE (IMPORTER: WARIVO MOTOR),ALL,TWO WHEELER(NT)|TWO WHEELER(T),ALL,ALL,0,2026-07-25T06:25:34.026Z,https://vahan.parivahan.gov.in/vahan4dashboard/vahan/view/reportview.xhtml
2026,7,INDIA TOTAL,All Vahan4 Running Office,WUXI SAIGE (IMPORTER: ZELIO AUTO PVT.LTD.),ALL,TWO WHEELER(NT)|TWO WHEELER(T),ALL,ALL,0,2026-07-25T06:25:34.026Z,https://vahan.parivahan.gov.in/vahan4dashboard/vahan/view/reportview.xhtml
2026,7,INDIA TOTAL,All Vahan4 Running Office,WUXI SAIGE ELECTRIC (IMPORTER: DELTA AUTOCORP LLP),ALL,TWO WHEELER(NT)|TWO WHEELER(T),ALL,ALL,0,2026-07-25T06:25:34.026Z,https://vahan.parivahan.gov.in/vahan4dashboard/vahan/view/reportview.xhtml
2026,7,INDIA TOTAL,All Vahan4 Running Office,WUXI SHENGBAO (IMPORTER:ELECTRIC ONE ENERGY),ALL,TWO WHEELER(NT)|TWO WHEELER(T),ALL,ALL,0,2026-07-25T06:25:34.026Z,https://vahan.parivahan.gov.in/vahan4dashboard/vahan/view/reportview.xhtml
2026,7,INDIA TOTAL,All Vahan4 Running Office,WUXI TENGHUI (IMPORTER: FEZORA INDIA),ALL,TWO WHEELER(NT)|TWO WHEELER(T),ALL,ALL,2,2026-07-25T06:25:34.026Z,https://vahan.parivahan.gov.in/vahan4dashboard/vahan/view/reportview.xhtml
2026,7,INDIA TOTAL,All Vahan4 Running Office,WUXI TENGHUI (IMPORTER: FLYCON MOTORS),ALL,TWO WHEELER(NT)|TWO WHEELER(T),ALL,ALL,0,2026-07-25T06:25:34.026Z,https://vahan.parivahan.gov.in/vahan4dashboard/vahan/view/reportview.xhtml
2026,7,INDIA TOTAL,All Vahan4 Running Office,WUXI TENGHUI (IMPORTER: JOZHI SERVICES),ALL,TWO WHEELER(NT)|TWO WHEELER(T),ALL,ALL,1,2026-07-25T06:25:34.026Z,https://vahan.parivahan.gov.in/vahan4dashboard/vahan/view/reportview.xhtml
2026,7,INDIA TOTAL,All Vahan4 Running Office,WUXI TENGHUI (IMPORTER: NXTMOBILITY ENERGY),ALL,TWO WHEELER(NT)|TWO WHEELER(T),ALL,ALL,0,2026-07-25T06:25:34.026Z,https://vahan.parivahan.gov.in/vahan4dashboard/vahan/view/reportview.xhtml
2026,7,INDIA TOTAL,All Vahan4 Running Office,WUXI TENGHUI (IMPORTER: RADHA MOBILITIES LLP),ALL,TWO WHEELER(NT)|TWO WHEELER(T),ALL,ALL,0,2026-07-25T06:25:34.026Z,https://vahan.parivahan.gov.in/vahan4dashboard/vahan/view/reportview.xhtml
2026,7,INDIA TOTAL,All Vahan4 Running Office,WUXI TENGHUI (IMPORTER: RAFT MOTORS LIMITED),ALL,TWO WHEELER(NT)|TWO WHEELER(T),ALL,ALL,1,2026-07-25T06:25:34.026Z,https://vahan.parivahan.gov.in/vahan4dashboard/vahan/view/reportview.xhtml
2026,7,INDIA TOTAL,All Vahan4 Running Office,WUXI TENGHUI (IMPORTER: SEEKA E MOTORS),ALL,TWO WHEELER(NT)|TWO WHEELER(T),ALL,ALL,1,2026-07-25T06:25:34.026Z,https://vahan.parivahan.gov.in/vahan4dashboard/vahan/view/reportview.xhtml
2026,7,INDIA TOTAL,All Vahan4 Running Office,WUXI TENGHUI (IMPORTER: SUSHAMA MOTORS),ALL,TWO WHEELER(NT)|TWO WHEELER(T),ALL,ALL,0,2026-07-25T06:25:34.026Z,https://vahan.parivahan.gov.in/vahan4dashboard/vahan/view/reportview.xhtml
2026,7,INDIA TOTAL,All Vahan4 Running Office,WUXI TENGHUI INTERNATIONAL (IMPORTER: FEZORA),ALL,TWO WHEELER(NT)|TWO WHEELER(T),ALL,ALL,0,2026-07-25T06:25:34.026Z,https://vahan.parivahan.gov.in/vahan4dashboard/vahan/view/reportview.xhtml
2026,7,INDIA TOTAL,All Vahan4 Running Office,WUXI YIZHILING (IMPORTER: BMR EV INDUSTRIES),ALL,TWO WHEELER(NT)|TWO WHEELER(T),ALL,ALL,2,2026-07-25T06:25:34.026Z,https://vahan.parivahan.gov.in/vahan4dashboard/vahan/view/reportview.xhtml
2026,7,INDIA TOTAL,All Vahan4 Running Office,WUXI YIZHILING (IMPORTER: HOMFEEL VEGH),ALL,TWO WHEELER(NT)|TWO WHEELER(T),ALL,ALL,0,2026-07-25T06:25:34.026Z,https://vahan.parivahan.gov.in/vahan4dashboard/vahan/view/reportview.xhtml
2026,7,INDIA TOTAL,All Vahan4 Running Office,YANGGUANG LINGMU (IMPORTER: FLYCON MOTORS),ALL,TWO WHEELER(NT)|TWO WHEELER(T),ALL,ALL,1,2026-07-25T06:25:34.026Z,https://vahan.parivahan.gov.in/vahan4dashboard/vahan/view/reportview.xhtml
2026,7,INDIA TOTAL,All Vahan4 Running Office,YOUYAKU ELECTRIC (IMPORTER: HAYASA E-MOBILITY),ALL,TWO WHEELER(NT)|TWO WHEELER(T),ALL,ALL,0,2026-07-25T06:25:34.026Z,https://vahan.parivahan.gov.in/vahan4dashboard/vahan/view/reportview.xhtml
2026,7,INDIA TOTAL,All Vahan4 Running Office,YOUYAKU ELECTRIC (IMPORTER: HOUSTAN INNOVATION),ALL,TWO WHEELER(NT)|TWO WHEELER(T),ALL,ALL,0,2026-07-25T06:25:34.026Z,https://vahan.parivahan.gov.in/vahan4dashboard/vahan/view/reportview.xhtml
2026,7,INDIA TOTAL,All Vahan4 Running Office,YOUYAKU ELECTRIC (IMPORTER: POWORO PVT LTD),ALL,TWO WHEELER(NT)|TWO WHEELER(T),ALL,ALL,29,2026-07-25T06:25:34.026Z,https://vahan.parivahan.gov.in/vahan4dashboard/vahan/view/reportview.xhtml
2026,7,INDIA TOTAL,All Vahan4 Running Office,YOUYAKU ELECTRIC (IMPORTER:KRISHIKA EV INDIA),ALL,TWO WHEELER(NT)|TWO WHEELER(T),ALL,ALL,1,2026-07-25T06:25:34.026Z,https://vahan.parivahan.gov.in/vahan4dashboard/vahan/view/reportview.xhtml
2026,7,INDIA TOTAL,All Vahan4 Running Office,YOUYAKU ELECTRIC (IMPORTER:ONZO EV),ALL,TWO WHEELER(NT)|TWO WHEELER(T),ALL,ALL,0,2026-07-25T06:25:34.026Z,https://vahan.parivahan.gov.in/vahan4dashboard/vahan/view/reportview.xhtml
2026,7,INDIA TOTAL,All Vahan4 Running Office,ZAP (HK) (IMPORTER: IZANAU ELECTRIC),ALL,TWO WHEELER(NT)|TWO WHEELER(T),ALL,ALL,1,2026-07-25T06:25:34.026Z,https://vahan.parivahan.gov.in/vahan4dashboard/vahan/view/reportview.xhtml
2026,7,INDIA TOTAL,All Vahan4 Running Office,ZAP (IMPORTER:ELLYSIUM AUTOMOTIVES PVT LTD),ALL,TWO WHEELER(NT)|TWO WHEELER(T),ALL,ALL,1,2026-07-25T06:25:34.026Z,https://vahan.parivahan.gov.in/vahan4dashboard/vahan/view/reportview.xhtml
2026,7,INDIA TOTAL,All Vahan4 Running Office,ZELIO E-MOBILITY LTD,ALL,TWO WHEELER(NT)|TWO WHEELER(T),ALL,ALL,1,2026-07-25T06:25:34.026Z,https://vahan.parivahan.gov.in/vahan4dashboard/vahan/view/reportview.xhtml
2026,7,INDIA TOTAL,All Vahan4 Running Office,ZENIAK INNOVATION INDIA LTD,ALL,TWO WHEELER(NT)|TWO WHEELER(T),ALL,ALL,0,2026-07-25T06:25:34.026Z,https://vahan.parivahan.gov.in/vahan4dashboard/vahan/view/reportview.xhtml
2026,7,INDIA TOTAL,All Vahan4 Running Office,ZHEJIANG CFMOTO (IMPORTER: ADISHWAR AUTO),ALL,TWO WHEELER(NT)|TWO WHEELER(T),ALL,ALL,0,2026-07-25T06:25:34.026Z,https://vahan.parivahan.gov.in/vahan4dashboard/vahan/view/reportview.xhtml
2026,7,INDIA TOTAL,All Vahan4 Running Office,ZHEJIANG CHANGLING (IMPORTER: ADISHWAR AUTO),ALL,TWO WHEELER(NT)|TWO WHEELER(T),ALL,ALL,20,2026-07-25T06:25:34.026Z,https://vahan.parivahan.gov.in/vahan4dashboard/vahan/view/reportview.xhtml
2026,7,INDIA TOTAL,All Vahan4 Running Office,ZHEJIANG LUYUAN (IMPORTER: DYNAM EV TECH),ALL,TWO WHEELER(NT)|TWO WHEELER(T),ALL,ALL,0,2026-07-25T06:25:34.026Z,https://vahan.parivahan.gov.in/vahan4dashboard/vahan/view/reportview.xhtml
2026,7,INDIA TOTAL,All Vahan4 Running Office,ZHEJIANG MORNI (IMPORTER: ADISHWAR AUTO),ALL,TWO WHEELER(NT)|TWO WHEELER(T),ALL,ALL,7,2026-07-25T06:25:34.026Z,https://vahan.parivahan.gov.in/vahan4dashboard/vahan/view/reportview.xhtml
2026,7,INDIA TOTAL,All Vahan4 Running Office,ZHEJIANG QIANJIANG (IMPORTER: ADISHWAR AUTO),ALL,TWO WHEELER(NT)|TWO WHEELER(T),ALL,ALL,12,2026-07-25T06:25:34.026Z,https://vahan.parivahan.gov.in/vahan4dashboard/vahan/view/reportview.xhtml
2026,7,INDIA TOTAL,All Vahan4 Running Office,ZHEJIANG TIANBEN (IMPORTER: SLSR ELECTRO),ALL,TWO WHEELER(NT)|TWO WHEELER(T),ALL,ALL,2,2026-07-25T06:25:34.026Z,https://vahan.parivahan.gov.in/vahan4dashboard/vahan/view/reportview.xhtml
2026,7,INDIA TOTAL,All Vahan4 Running Office,ZHEJIANG ZUBOO (IMPORTER: KLCS MOTORS PVT LTD),ALL,TWO WHEELER(NT)|TWO WHEELER(T),ALL,ALL,7,2026-07-25T06:25:34.026Z,https://vahan.parivahan.gov.in/vahan4dashboard/vahan/view/reportview.xhtml
2026,7,INDIA TOTAL,All Vahan4 Running Office,ZHONGHUALONG (IMPORTER: POWORO PVT LTD),ALL,TWO WHEELER(NT)|TWO WHEELER(T),ALL,ALL,1,2026-07-25T06:25:34.026Z,https://vahan.parivahan.gov.in/vahan4dashboard/vahan/view/reportview.xhtml
