year,month,state,rto,fuel_segment,fuel_type,fuel_filter,vehicle_category_filter,norms_filter,vehicle_class_filter,vehicle_count,scraped_at,source_url
2024,1,Gujarat,All Vahan4 Running Office,NON_EV,CNG ONLY,ALL,ALL,ALL,ALL,7098,2026-05-15T12:43:25.292Z,https://vahan.parivahan.gov.in/vahan4dashboard/vahan/view/reportview.xhtml
2024,1,Gujarat,All Vahan4 Running Office,NON_EV,DIESEL,ALL,ALL,ALL,ALL,29088,2026-05-15T12:43:25.293Z,https://vahan.parivahan.gov.in/vahan4dashboard/vahan/view/reportview.xhtml
2024,1,Gujarat,All Vahan4 Running Office,NON_EV,DIESEL/HYBRID,ALL,ALL,ALL,ALL,80,2026-05-15T12:43:25.293Z,https://vahan.parivahan.gov.in/vahan4dashboard/vahan/view/reportview.xhtml
2024,1,Gujarat,All Vahan4 Running Office,EV,ELECTRIC(BOV),ALL,ALL,ALL,ALL,6289,2026-05-15T12:43:25.293Z,https://vahan.parivahan.gov.in/vahan4dashboard/vahan/view/reportview.xhtml
2024,1,Gujarat,All Vahan4 Running Office,NON_EV,ETHANOL(E100),ALL,ALL,ALL,ALL,0,2026-05-15T12:43:25.293Z,https://vahan.parivahan.gov.in/vahan4dashboard/vahan/view/reportview.xhtml
2024,1,Gujarat,All Vahan4 Running Office,NON_EV,FUEL CELL HYDROGEN,ALL,ALL,ALL,ALL,0,2026-05-15T12:43:25.293Z,https://vahan.parivahan.gov.in/vahan4dashboard/vahan/view/reportview.xhtml
2024,1,Gujarat,All Vahan4 Running Office,NON_EV,LNG,ALL,ALL,ALL,ALL,0,2026-05-15T12:43:25.293Z,https://vahan.parivahan.gov.in/vahan4dashboard/vahan/view/reportview.xhtml
2024,1,Gujarat,All Vahan4 Running Office,NON_EV,NOT APPLICABLE,ALL,ALL,ALL,ALL,442,2026-05-15T12:43:25.293Z,https://vahan.parivahan.gov.in/vahan4dashboard/vahan/view/reportview.xhtml
2024,1,Gujarat,All Vahan4 Running Office,NON_EV,PETROL,ALL,ALL,ALL,ALL,97834,2026-05-15T12:43:25.293Z,https://vahan.parivahan.gov.in/vahan4dashboard/vahan/view/reportview.xhtml
2024,1,Gujarat,All Vahan4 Running Office,NON_EV,PETROL(E20),ALL,ALL,ALL,ALL,1802,2026-05-15T12:43:25.293Z,https://vahan.parivahan.gov.in/vahan4dashboard/vahan/view/reportview.xhtml
2024,1,Gujarat,All Vahan4 Running Office,NON_EV,PETROL(E20)/CNG,ALL,ALL,ALL,ALL,0,2026-05-15T12:43:25.293Z,https://vahan.parivahan.gov.in/vahan4dashboard/vahan/view/reportview.xhtml
2024,1,Gujarat,All Vahan4 Running Office,NON_EV,PETROL/CNG,ALL,ALL,ALL,ALL,12210,2026-05-15T12:43:25.293Z,https://vahan.parivahan.gov.in/vahan4dashboard/vahan/view/reportview.xhtml
2024,1,Gujarat,All Vahan4 Running Office,NON_EV,PETROL/HYBRID,ALL,ALL,ALL,ALL,1785,2026-05-15T12:43:25.293Z,https://vahan.parivahan.gov.in/vahan4dashboard/vahan/view/reportview.xhtml
2024,1,Gujarat,All Vahan4 Running Office,NON_EV,PETROL/HYBRID/CNG,ALL,ALL,ALL,ALL,6,2026-05-15T12:43:25.293Z,https://vahan.parivahan.gov.in/vahan4dashboard/vahan/view/reportview.xhtml
2024,1,Gujarat,All Vahan4 Running Office,NON_EV,PETROL/LPG,ALL,ALL,ALL,ALL,0,2026-05-15T12:43:25.293Z,https://vahan.parivahan.gov.in/vahan4dashboard/vahan/view/reportview.xhtml
2024,1,Gujarat,All Vahan4 Running Office,EV,PLUG-IN HYBRID EV,ALL,ALL,ALL,ALL,0,2026-05-15T12:43:25.293Z,https://vahan.parivahan.gov.in/vahan4dashboard/vahan/view/reportview.xhtml
2024,1,Gujarat,All Vahan4 Running Office,EV,PURE EV,ALL,ALL,ALL,ALL,0,2026-05-15T12:43:25.293Z,https://vahan.parivahan.gov.in/vahan4dashboard/vahan/view/reportview.xhtml
2024,1,Gujarat,All Vahan4 Running Office,EV,STRONG HYBRID EV,ALL,ALL,ALL,ALL,0,2026-05-15T12:43:25.293Z,https://vahan.parivahan.gov.in/vahan4dashboard/vahan/view/reportview.xhtml
2024,1,Karnataka,All Vahan4 Running Office,NON_EV,CNG ONLY,ALL,ALL,ALL,ALL,4190,2026-05-15T12:41:04.323Z,https://vahan.parivahan.gov.in/vahan4dashboard/vahan/view/reportview.xhtml
2024,1,Karnataka,All Vahan4 Running Office,NON_EV,DIESEL,ALL,ALL,ALL,ALL,17268,2026-05-15T12:41:04.324Z,https://vahan.parivahan.gov.in/vahan4dashboard/vahan/view/reportview.xhtml
2024,1,Karnataka,All Vahan4 Running Office,NON_EV,DIESEL/HYBRID,ALL,ALL,ALL,ALL,40,2026-05-15T12:41:04.324Z,https://vahan.parivahan.gov.in/vahan4dashboard/vahan/view/reportview.xhtml
2024,1,Karnataka,All Vahan4 Running Office,NON_EV,DUAL DIESEL/LNG,ALL,ALL,ALL,ALL,0,2026-05-15T12:41:04.324Z,https://vahan.parivahan.gov.in/vahan4dashboard/vahan/view/reportview.xhtml
2024,1,Karnataka,All Vahan4 Running Office,EV,ELECTRIC(BOV),ALL,ALL,ALL,ALL,14462,2026-05-15T12:41:04.324Z,https://vahan.parivahan.gov.in/vahan4dashboard/vahan/view/reportview.xhtml
2024,1,Karnataka,All Vahan4 Running Office,NON_EV,ETHANOL(E100),ALL,ALL,ALL,ALL,0,2026-05-15T12:41:04.324Z,https://vahan.parivahan.gov.in/vahan4dashboard/vahan/view/reportview.xhtml
2024,1,Karnataka,All Vahan4 Running Office,NON_EV,LPG ONLY,ALL,ALL,ALL,ALL,368,2026-05-15T12:41:04.324Z,https://vahan.parivahan.gov.in/vahan4dashboard/vahan/view/reportview.xhtml
2024,1,Karnataka,All Vahan4 Running Office,NON_EV,NOT APPLICABLE,ALL,ALL,ALL,ALL,1119,2026-05-15T12:41:04.324Z,https://vahan.parivahan.gov.in/vahan4dashboard/vahan/view/reportview.xhtml
2024,1,Karnataka,All Vahan4 Running Office,NON_EV,PETROL,ALL,ALL,ALL,ALL,119868,2026-05-15T12:41:04.324Z,https://vahan.parivahan.gov.in/vahan4dashboard/vahan/view/reportview.xhtml
2024,1,Karnataka,All Vahan4 Running Office,NON_EV,PETROL(E20),ALL,ALL,ALL,ALL,4508,2026-05-15T12:41:04.324Z,https://vahan.parivahan.gov.in/vahan4dashboard/vahan/view/reportview.xhtml
2024,1,Karnataka,All Vahan4 Running Office,NON_EV,PETROL(E20)/CNG,ALL,ALL,ALL,ALL,0,2026-05-15T12:41:04.324Z,https://vahan.parivahan.gov.in/vahan4dashboard/vahan/view/reportview.xhtml
2024,1,Karnataka,All Vahan4 Running Office,NON_EV,PETROL(E20)/HYBRID/CNG,ALL,ALL,ALL,ALL,0,2026-05-15T12:41:04.324Z,https://vahan.parivahan.gov.in/vahan4dashboard/vahan/view/reportview.xhtml
2024,1,Karnataka,All Vahan4 Running Office,NON_EV,PETROL/CNG,ALL,ALL,ALL,ALL,3365,2026-05-15T12:41:04.324Z,https://vahan.parivahan.gov.in/vahan4dashboard/vahan/view/reportview.xhtml
2024,1,Karnataka,All Vahan4 Running Office,NON_EV,PETROL/HYBRID,ALL,ALL,ALL,ALL,2844,2026-05-15T12:41:04.324Z,https://vahan.parivahan.gov.in/vahan4dashboard/vahan/view/reportview.xhtml
2024,1,Karnataka,All Vahan4 Running Office,NON_EV,PETROL/HYBRID/CNG,ALL,ALL,ALL,ALL,0,2026-05-15T12:41:04.324Z,https://vahan.parivahan.gov.in/vahan4dashboard/vahan/view/reportview.xhtml
2024,1,Karnataka,All Vahan4 Running Office,NON_EV,PETROL/LPG,ALL,ALL,ALL,ALL,2,2026-05-15T12:41:04.324Z,https://vahan.parivahan.gov.in/vahan4dashboard/vahan/view/reportview.xhtml
2024,1,Karnataka,All Vahan4 Running Office,EV,PURE EV,ALL,ALL,ALL,ALL,0,2026-05-15T12:41:04.324Z,https://vahan.parivahan.gov.in/vahan4dashboard/vahan/view/reportview.xhtml
2024,1,Karnataka,All Vahan4 Running Office,EV,STRONG HYBRID EV,ALL,ALL,ALL,ALL,0,2026-05-15T12:41:04.324Z,https://vahan.parivahan.gov.in/vahan4dashboard/vahan/view/reportview.xhtml
2024,1,Maharashtra,All Vahan4 Running Office,NON_EV,CNG ONLY,ALL,ALL,ALL,ALL,6876,2026-05-15T09:03:21.120Z,https://vahan.parivahan.gov.in/vahan4dashboard/vahan/view/reportview.xhtml
2024,1,Maharashtra,All Vahan4 Running Office,NON_EV,DIESEL,ALL,ALL,ALL,ALL,30075,2026-05-15T09:03:21.121Z,https://vahan.parivahan.gov.in/vahan4dashboard/vahan/view/reportview.xhtml
2024,1,Maharashtra,All Vahan4 Running Office,NON_EV,DIESEL/HYBRID,ALL,ALL,ALL,ALL,103,2026-05-15T09:03:21.121Z,https://vahan.parivahan.gov.in/vahan4dashboard/vahan/view/reportview.xhtml
2024,1,Maharashtra,All Vahan4 Running Office,EV,ELECTRIC(BOV),ALL,ALL,ALL,ALL,18892,2026-05-15T09:03:21.121Z,https://vahan.parivahan.gov.in/vahan4dashboard/vahan/view/reportview.xhtml
2024,1,Maharashtra,All Vahan4 Running Office,NON_EV,ETHANOL(E100),ALL,ALL,ALL,ALL,0,2026-05-15T09:03:21.121Z,https://vahan.parivahan.gov.in/vahan4dashboard/vahan/view/reportview.xhtml
2024,1,Maharashtra,All Vahan4 Running Office,NON_EV,LNG,ALL,ALL,ALL,ALL,0,2026-05-15T09:03:21.121Z,https://vahan.parivahan.gov.in/vahan4dashboard/vahan/view/reportview.xhtml
2024,1,Maharashtra,All Vahan4 Running Office,NON_EV,LPG ONLY,ALL,ALL,ALL,ALL,730,2026-05-15T09:03:21.121Z,https://vahan.parivahan.gov.in/vahan4dashboard/vahan/view/reportview.xhtml
2024,1,Maharashtra,All Vahan4 Running Office,NON_EV,NOT APPLICABLE,ALL,ALL,ALL,ALL,1133,2026-05-15T09:03:21.121Z,https://vahan.parivahan.gov.in/vahan4dashboard/vahan/view/reportview.xhtml
2024,1,Maharashtra,All Vahan4 Running Office,NON_EV,PETROL,ALL,ALL,ALL,ALL,172553,2026-05-15T09:03:21.121Z,https://vahan.parivahan.gov.in/vahan4dashboard/vahan/view/reportview.xhtml
2024,1,Maharashtra,All Vahan4 Running Office,NON_EV,PETROL(E20),ALL,ALL,ALL,ALL,4815,2026-05-15T09:03:21.121Z,https://vahan.parivahan.gov.in/vahan4dashboard/vahan/view/reportview.xhtml
2024,1,Maharashtra,All Vahan4 Running Office,NON_EV,PETROL(E20)/CNG,ALL,ALL,ALL,ALL,0,2026-05-15T09:03:21.121Z,https://vahan.parivahan.gov.in/vahan4dashboard/vahan/view/reportview.xhtml
2024,1,Maharashtra,All Vahan4 Running Office,NON_EV,PETROL(E20)/LPG,ALL,ALL,ALL,ALL,0,2026-05-15T09:03:21.121Z,https://vahan.parivahan.gov.in/vahan4dashboard/vahan/view/reportview.xhtml
2024,1,Maharashtra,All Vahan4 Running Office,NON_EV,PETROL/CNG,ALL,ALL,ALL,ALL,16295,2026-05-15T09:03:21.121Z,https://vahan.parivahan.gov.in/vahan4dashboard/vahan/view/reportview.xhtml
2024,1,Maharashtra,All Vahan4 Running Office,NON_EV,PETROL/HYBRID,ALL,ALL,ALL,ALL,3531,2026-05-15T09:03:21.121Z,https://vahan.parivahan.gov.in/vahan4dashboard/vahan/view/reportview.xhtml
2024,1,Maharashtra,All Vahan4 Running Office,NON_EV,PETROL/HYBRID/CNG,ALL,ALL,ALL,ALL,2,2026-05-15T09:03:21.121Z,https://vahan.parivahan.gov.in/vahan4dashboard/vahan/view/reportview.xhtml
2024,1,Maharashtra,All Vahan4 Running Office,NON_EV,PETROL/LPG,ALL,ALL,ALL,ALL,51,2026-05-15T09:03:21.121Z,https://vahan.parivahan.gov.in/vahan4dashboard/vahan/view/reportview.xhtml
2024,1,Maharashtra,All Vahan4 Running Office,EV,PLUG-IN HYBRID EV,ALL,ALL,ALL,ALL,0,2026-05-15T09:03:21.121Z,https://vahan.parivahan.gov.in/vahan4dashboard/vahan/view/reportview.xhtml
2024,1,Maharashtra,All Vahan4 Running Office,EV,PURE EV,ALL,ALL,ALL,ALL,0,2026-05-15T09:03:21.121Z,https://vahan.parivahan.gov.in/vahan4dashboard/vahan/view/reportview.xhtml
2024,1,Maharashtra,All Vahan4 Running Office,EV,STRONG HYBRID EV,ALL,ALL,ALL,ALL,0,2026-05-15T09:03:21.121Z,https://vahan.parivahan.gov.in/vahan4dashboard/vahan/view/reportview.xhtml
2024,1,Maharashtra,All Vahan4 Running Office,NON_EV,DIESEL,ALL,ALL,ALL,AMBULANCE,27,2026-05-18T10:29:22.913Z,https://vahan.parivahan.gov.in/vahan4dashboard/vahan/view/reportview.xhtml
2024,1,Maharashtra,All Vahan4 Running Office,NON_EV,PETROL,ALL,ALL,ALL,AMBULANCE,57,2026-05-18T10:29:22.914Z,https://vahan.parivahan.gov.in/vahan4dashboard/vahan/view/reportview.xhtml
2024,1,Maharashtra,All Vahan4 Running Office,NON_EV,PETROL/CNG,ALL,ALL,ALL,AMBULANCE,0,2026-05-18T10:29:22.914Z,https://vahan.parivahan.gov.in/vahan4dashboard/vahan/view/reportview.xhtml
2024,1,Maharashtra,All Vahan4 Running Office,NON_EV,CNG ONLY,ALL,ALL,ALL,BUS,28,2026-05-18T10:34:00.649Z,https://vahan.parivahan.gov.in/vahan4dashboard/vahan/view/reportview.xhtml
2024,1,Maharashtra,All Vahan4 Running Office,NON_EV,DIESEL,ALL,ALL,ALL,BUS,681,2026-05-18T10:34:00.652Z,https://vahan.parivahan.gov.in/vahan4dashboard/vahan/view/reportview.xhtml
2024,1,Maharashtra,All Vahan4 Running Office,EV,ELECTRIC(BOV),ALL,ALL,ALL,BUS,94,2026-05-18T10:34:00.652Z,https://vahan.parivahan.gov.in/vahan4dashboard/vahan/view/reportview.xhtml
2024,1,Maharashtra,All Vahan4 Running Office,NON_EV,PETROL,ALL,ALL,ALL,BUS,0,2026-05-18T10:34:00.652Z,https://vahan.parivahan.gov.in/vahan4dashboard/vahan/view/reportview.xhtml
2024,1,Maharashtra,All Vahan4 Running Office,EV,PURE EV,ALL,ALL,ALL,BUS,0,2026-05-18T10:34:00.652Z,https://vahan.parivahan.gov.in/vahan4dashboard/vahan/view/reportview.xhtml
2024,1,Punjab,All Vahan4 Running Office,NON_EV,CNG ONLY,ALL,ALL,ALL,ALL,373,2026-05-15T12:50:40.024Z,https://vahan.parivahan.gov.in/vahan4dashboard/vahan/view/reportview.xhtml
2024,1,Punjab,All Vahan4 Running Office,NON_EV,DIESEL,ALL,ALL,ALL,ALL,7997,2026-05-15T12:50:40.027Z,https://vahan.parivahan.gov.in/vahan4dashboard/vahan/view/reportview.xhtml
2024,1,Punjab,All Vahan4 Running Office,NON_EV,DIESEL/HYBRID,ALL,ALL,ALL,ALL,14,2026-05-15T12:50:40.027Z,https://vahan.parivahan.gov.in/vahan4dashboard/vahan/view/reportview.xhtml
2024,1,Punjab,All Vahan4 Running Office,EV,ELECTRIC(BOV),ALL,ALL,ALL,ALL,2457,2026-05-15T12:50:40.027Z,https://vahan.parivahan.gov.in/vahan4dashboard/vahan/view/reportview.xhtml
2024,1,Punjab,All Vahan4 Running Office,NON_EV,NOT APPLICABLE,ALL,ALL,ALL,ALL,0,2026-05-15T12:50:40.027Z,https://vahan.parivahan.gov.in/vahan4dashboard/vahan/view/reportview.xhtml
2024,1,Punjab,All Vahan4 Running Office,NON_EV,PETROL,ALL,ALL,ALL,ALL,41493,2026-05-15T12:50:40.027Z,https://vahan.parivahan.gov.in/vahan4dashboard/vahan/view/reportview.xhtml
2024,1,Punjab,All Vahan4 Running Office,NON_EV,PETROL(E20),ALL,ALL,ALL,ALL,123,2026-05-15T12:50:40.027Z,https://vahan.parivahan.gov.in/vahan4dashboard/vahan/view/reportview.xhtml
2024,1,Punjab,All Vahan4 Running Office,NON_EV,PETROL(E20)/HYBRID/CNG,ALL,ALL,ALL,ALL,0,2026-05-15T12:50:40.027Z,https://vahan.parivahan.gov.in/vahan4dashboard/vahan/view/reportview.xhtml
2024,1,Punjab,All Vahan4 Running Office,NON_EV,PETROL/CNG,ALL,ALL,ALL,ALL,933,2026-05-15T12:50:40.027Z,https://vahan.parivahan.gov.in/vahan4dashboard/vahan/view/reportview.xhtml
2024,1,Punjab,All Vahan4 Running Office,NON_EV,PETROL/HYBRID,ALL,ALL,ALL,ALL,1358,2026-05-15T12:50:40.027Z,https://vahan.parivahan.gov.in/vahan4dashboard/vahan/view/reportview.xhtml
2024,1,Punjab,All Vahan4 Running Office,NON_EV,PETROL/HYBRID/CNG,ALL,ALL,ALL,ALL,1,2026-05-15T12:50:40.027Z,https://vahan.parivahan.gov.in/vahan4dashboard/vahan/view/reportview.xhtml
2024,1,Punjab,All Vahan4 Running Office,EV,PURE EV,ALL,ALL,ALL,ALL,0,2026-05-15T12:50:40.027Z,https://vahan.parivahan.gov.in/vahan4dashboard/vahan/view/reportview.xhtml
2024,1,Punjab,All Vahan4 Running Office,EV,STRONG HYBRID EV,ALL,ALL,ALL,ALL,0,2026-05-15T12:50:40.027Z,https://vahan.parivahan.gov.in/vahan4dashboard/vahan/view/reportview.xhtml
2024,1,Uttar Pradesh,Noida - UP16( 13-NOV-2017 ),NON_EV,CNG ONLY,ALL,ALL,ALL,ALL,545,2026-05-15T11:59:54.754Z,https://vahan.parivahan.gov.in/vahan4dashboard/vahan/view/reportview.xhtml
2024,1,Uttar Pradesh,Noida - UP16( 13-NOV-2017 ),NON_EV,DIESEL,ALL,ALL,ALL,ALL,1113,2026-05-15T11:59:54.755Z,https://vahan.parivahan.gov.in/vahan4dashboard/vahan/view/reportview.xhtml
2024,1,Uttar Pradesh,Noida - UP16( 13-NOV-2017 ),NON_EV,DIESEL/HYBRID,ALL,ALL,ALL,ALL,4,2026-05-15T11:59:54.755Z,https://vahan.parivahan.gov.in/vahan4dashboard/vahan/view/reportview.xhtml
2024,1,Uttar Pradesh,Noida - UP16( 13-NOV-2017 ),EV,ELECTRIC(BOV),ALL,ALL,ALL,ALL,1357,2026-05-15T11:59:54.755Z,https://vahan.parivahan.gov.in/vahan4dashboard/vahan/view/reportview.xhtml
2024,1,Uttar Pradesh,Noida - UP16( 13-NOV-2017 ),NON_EV,ETHANOL(E100),ALL,ALL,ALL,ALL,0,2026-05-15T11:59:54.755Z,https://vahan.parivahan.gov.in/vahan4dashboard/vahan/view/reportview.xhtml
2024,1,Uttar Pradesh,Noida - UP16( 13-NOV-2017 ),NON_EV,PETROL,ALL,ALL,ALL,ALL,9013,2026-05-15T11:59:54.755Z,https://vahan.parivahan.gov.in/vahan4dashboard/vahan/view/reportview.xhtml
2024,1,Uttar Pradesh,Noida - UP16( 13-NOV-2017 ),NON_EV,PETROL(E20),ALL,ALL,ALL,ALL,100,2026-05-15T11:59:54.755Z,https://vahan.parivahan.gov.in/vahan4dashboard/vahan/view/reportview.xhtml
2024,1,Uttar Pradesh,Noida - UP16( 13-NOV-2017 ),NON_EV,PETROL/CNG,ALL,ALL,ALL,ALL,1481,2026-05-15T11:59:54.755Z,https://vahan.parivahan.gov.in/vahan4dashboard/vahan/view/reportview.xhtml
2024,1,Uttar Pradesh,Noida - UP16( 13-NOV-2017 ),NON_EV,PETROL/HYBRID,ALL,ALL,ALL,ALL,509,2026-05-15T11:59:54.755Z,https://vahan.parivahan.gov.in/vahan4dashboard/vahan/view/reportview.xhtml
2024,1,Uttar Pradesh,Noida - UP16( 13-NOV-2017 ),EV,PLUG-IN HYBRID EV,ALL,ALL,ALL,ALL,0,2026-05-15T11:59:54.755Z,https://vahan.parivahan.gov.in/vahan4dashboard/vahan/view/reportview.xhtml
2024,1,Uttar Pradesh,Noida - UP16( 13-NOV-2017 ),EV,PURE EV,ALL,ALL,ALL,ALL,0,2026-05-15T11:59:54.755Z,https://vahan.parivahan.gov.in/vahan4dashboard/vahan/view/reportview.xhtml
2024,1,Uttar Pradesh,Noida - UP16( 13-NOV-2017 ),EV,STRONG HYBRID EV,ALL,ALL,ALL,ALL,0,2026-05-15T11:59:54.755Z,https://vahan.parivahan.gov.in/vahan4dashboard/vahan/view/reportview.xhtml
2024,1,Uttarakhand,haridwar,NON_EV,CNG ONLY,ALL,ALL,ALL,ALL,23,2026-05-15T11:12:30.192Z,https://vahan.parivahan.gov.in/vahan4dashboard/vahan/view/reportview.xhtml
2024,1,Uttarakhand,haridwar,NON_EV,DIESEL,ALL,ALL,ALL,ALL,151,2026-05-15T11:12:30.193Z,https://vahan.parivahan.gov.in/vahan4dashboard/vahan/view/reportview.xhtml
2024,1,Uttarakhand,haridwar,NON_EV,DIESEL/HYBRID,ALL,ALL,ALL,ALL,0,2026-05-15T11:12:30.193Z,https://vahan.parivahan.gov.in/vahan4dashboard/vahan/view/reportview.xhtml
2024,1,Uttarakhand,haridwar,EV,ELECTRIC(BOV),ALL,ALL,ALL,ALL,201,2026-05-15T11:12:30.193Z,https://vahan.parivahan.gov.in/vahan4dashboard/vahan/view/reportview.xhtml
2024,1,Uttarakhand,haridwar,NON_EV,NOT APPLICABLE,ALL,ALL,ALL,ALL,2,2026-05-15T11:12:30.193Z,https://vahan.parivahan.gov.in/vahan4dashboard/vahan/view/reportview.xhtml
2024,1,Uttarakhand,haridwar,NON_EV,PETROL,ALL,ALL,ALL,ALL,1495,2026-05-15T11:12:30.193Z,https://vahan.parivahan.gov.in/vahan4dashboard/vahan/view/reportview.xhtml
2024,1,Uttarakhand,haridwar,NON_EV,PETROL(E20),ALL,ALL,ALL,ALL,40,2026-05-15T11:12:30.193Z,https://vahan.parivahan.gov.in/vahan4dashboard/vahan/view/reportview.xhtml
2024,1,Uttarakhand,haridwar,NON_EV,PETROL/CNG,ALL,ALL,ALL,ALL,38,2026-05-15T11:12:30.193Z,https://vahan.parivahan.gov.in/vahan4dashboard/vahan/view/reportview.xhtml
2024,1,Uttarakhand,haridwar,NON_EV,PETROL/HYBRID,ALL,ALL,ALL,ALL,30,2026-05-15T11:12:30.193Z,https://vahan.parivahan.gov.in/vahan4dashboard/vahan/view/reportview.xhtml
2024,1,Uttarakhand,haridwar,EV,PURE EV,ALL,ALL,ALL,ALL,0,2026-05-15T11:12:30.193Z,https://vahan.parivahan.gov.in/vahan4dashboard/vahan/view/reportview.xhtml
2024,1,Uttarakhand,haridwar,EV,STRONG HYBRID EV,ALL,ALL,ALL,ALL,0,2026-05-15T11:12:30.193Z,https://vahan.parivahan.gov.in/vahan4dashboard/vahan/view/reportview.xhtml
2024,2,Maharashtra,All Vahan4 Running Office,NON_EV,CNG ONLY,ALL,ALL,ALL,ALL,6179,2026-05-15T13:17:28.363Z,https://vahan.parivahan.gov.in/vahan4dashboard/vahan/view/reportview.xhtml
2024,2,Maharashtra,All Vahan4 Running Office,NON_EV,DIESEL,ALL,ALL,ALL,ALL,26801,2026-05-15T13:17:28.364Z,https://vahan.parivahan.gov.in/vahan4dashboard/vahan/view/reportview.xhtml
2024,2,Maharashtra,All Vahan4 Running Office,NON_EV,DIESEL/HYBRID,ALL,ALL,ALL,ALL,65,2026-05-15T13:17:28.364Z,https://vahan.parivahan.gov.in/vahan4dashboard/vahan/view/reportview.xhtml
2024,2,Maharashtra,All Vahan4 Running Office,EV,ELECTRIC(BOV),ALL,ALL,ALL,ALL,18027,2026-05-15T13:17:28.364Z,https://vahan.parivahan.gov.in/vahan4dashboard/vahan/view/reportview.xhtml
2024,2,Maharashtra,All Vahan4 Running Office,NON_EV,ETHANOL(E100),ALL,ALL,ALL,ALL,0,2026-05-15T13:17:28.364Z,https://vahan.parivahan.gov.in/vahan4dashboard/vahan/view/reportview.xhtml
2024,2,Maharashtra,All Vahan4 Running Office,NON_EV,LNG,ALL,ALL,ALL,ALL,24,2026-05-15T13:17:28.364Z,https://vahan.parivahan.gov.in/vahan4dashboard/vahan/view/reportview.xhtml
2024,2,Maharashtra,All Vahan4 Running Office,NON_EV,LPG ONLY,ALL,ALL,ALL,ALL,626,2026-05-15T13:17:28.364Z,https://vahan.parivahan.gov.in/vahan4dashboard/vahan/view/reportview.xhtml
2024,2,Maharashtra,All Vahan4 Running Office,NON_EV,NOT APPLICABLE,ALL,ALL,ALL,ALL,1123,2026-05-15T13:17:28.364Z,https://vahan.parivahan.gov.in/vahan4dashboard/vahan/view/reportview.xhtml
2024,2,Maharashtra,All Vahan4 Running Office,NON_EV,PETROL,ALL,ALL,ALL,ALL,142763,2026-05-15T13:17:28.364Z,https://vahan.parivahan.gov.in/vahan4dashboard/vahan/view/reportview.xhtml
2024,2,Maharashtra,All Vahan4 Running Office,NON_EV,PETROL(E20),ALL,ALL,ALL,ALL,4212,2026-05-15T13:17:28.364Z,https://vahan.parivahan.gov.in/vahan4dashboard/vahan/view/reportview.xhtml
2024,2,Maharashtra,All Vahan4 Running Office,NON_EV,PETROL(E20)/CNG,ALL,ALL,ALL,ALL,0,2026-05-15T13:17:28.364Z,https://vahan.parivahan.gov.in/vahan4dashboard/vahan/view/reportview.xhtml
2024,2,Maharashtra,All Vahan4 Running Office,NON_EV,PETROL(E20)/LPG,ALL,ALL,ALL,ALL,1,2026-05-15T13:17:28.364Z,https://vahan.parivahan.gov.in/vahan4dashboard/vahan/view/reportview.xhtml
2024,2,Maharashtra,All Vahan4 Running Office,NON_EV,PETROL/CNG,ALL,ALL,ALL,ALL,11355,2026-05-15T13:17:28.364Z,https://vahan.parivahan.gov.in/vahan4dashboard/vahan/view/reportview.xhtml
2024,2,Maharashtra,All Vahan4 Running Office,NON_EV,PETROL/HYBRID,ALL,ALL,ALL,ALL,3025,2026-05-15T13:17:28.364Z,https://vahan.parivahan.gov.in/vahan4dashboard/vahan/view/reportview.xhtml
2024,2,Maharashtra,All Vahan4 Running Office,NON_EV,PETROL/HYBRID/CNG,ALL,ALL,ALL,ALL,6,2026-05-15T13:17:28.364Z,https://vahan.parivahan.gov.in/vahan4dashboard/vahan/view/reportview.xhtml
2024,2,Maharashtra,All Vahan4 Running Office,NON_EV,PETROL/LPG,ALL,ALL,ALL,ALL,31,2026-05-15T13:17:28.364Z,https://vahan.parivahan.gov.in/vahan4dashboard/vahan/view/reportview.xhtml
2024,2,Maharashtra,All Vahan4 Running Office,EV,PLUG-IN HYBRID EV,ALL,ALL,ALL,ALL,0,2026-05-15T13:17:28.364Z,https://vahan.parivahan.gov.in/vahan4dashboard/vahan/view/reportview.xhtml
2024,2,Maharashtra,All Vahan4 Running Office,EV,PURE EV,ALL,ALL,ALL,ALL,0,2026-05-15T13:17:28.364Z,https://vahan.parivahan.gov.in/vahan4dashboard/vahan/view/reportview.xhtml
2024,2,Maharashtra,All Vahan4 Running Office,EV,STRONG HYBRID EV,ALL,ALL,ALL,ALL,0,2026-05-15T13:17:28.364Z,https://vahan.parivahan.gov.in/vahan4dashboard/vahan/view/reportview.xhtml
2024,2,Maharashtra,All Vahan4 Running Office,NON_EV,DIESEL,ALL,ALL,ALL,AMBULANCE,61,2026-05-18T10:30:37.966Z,https://vahan.parivahan.gov.in/vahan4dashboard/vahan/view/reportview.xhtml
2024,2,Maharashtra,All Vahan4 Running Office,NON_EV,PETROL,ALL,ALL,ALL,AMBULANCE,46,2026-05-18T10:30:37.967Z,https://vahan.parivahan.gov.in/vahan4dashboard/vahan/view/reportview.xhtml
2024,2,Maharashtra,All Vahan4 Running Office,NON_EV,PETROL/CNG,ALL,ALL,ALL,AMBULANCE,0,2026-05-18T10:30:37.967Z,https://vahan.parivahan.gov.in/vahan4dashboard/vahan/view/reportview.xhtml
2024,2,Maharashtra,All Vahan4 Running Office,NON_EV,CNG ONLY,ALL,ALL,ALL,BUS,32,2026-05-18T10:34:00.652Z,https://vahan.parivahan.gov.in/vahan4dashboard/vahan/view/reportview.xhtml
2024,2,Maharashtra,All Vahan4 Running Office,NON_EV,DIESEL,ALL,ALL,ALL,BUS,587,2026-05-18T10:34:00.652Z,https://vahan.parivahan.gov.in/vahan4dashboard/vahan/view/reportview.xhtml
2024,2,Maharashtra,All Vahan4 Running Office,EV,ELECTRIC(BOV),ALL,ALL,ALL,BUS,100,2026-05-18T10:34:00.652Z,https://vahan.parivahan.gov.in/vahan4dashboard/vahan/view/reportview.xhtml
2024,2,Maharashtra,All Vahan4 Running Office,NON_EV,PETROL,ALL,ALL,ALL,BUS,5,2026-05-18T10:34:00.652Z,https://vahan.parivahan.gov.in/vahan4dashboard/vahan/view/reportview.xhtml
2024,2,Maharashtra,All Vahan4 Running Office,EV,PURE EV,ALL,ALL,ALL,BUS,0,2026-05-18T10:34:00.652Z,https://vahan.parivahan.gov.in/vahan4dashboard/vahan/view/reportview.xhtml
2024,2,Uttar Pradesh,Noida - UP16( 13-NOV-2017 ),NON_EV,CNG ONLY,ALL,ALL,ALL,ALL,395,2026-05-15T12:06:02.415Z,https://vahan.parivahan.gov.in/vahan4dashboard/vahan/view/reportview.xhtml
2024,2,Uttar Pradesh,Noida - UP16( 13-NOV-2017 ),NON_EV,DIESEL,ALL,ALL,ALL,ALL,982,2026-05-15T12:06:02.417Z,https://vahan.parivahan.gov.in/vahan4dashboard/vahan/view/reportview.xhtml
2024,2,Uttar Pradesh,Noida - UP16( 13-NOV-2017 ),NON_EV,DIESEL/HYBRID,ALL,ALL,ALL,ALL,1,2026-05-15T12:06:02.417Z,https://vahan.parivahan.gov.in/vahan4dashboard/vahan/view/reportview.xhtml
2024,2,Uttar Pradesh,Noida - UP16( 13-NOV-2017 ),EV,ELECTRIC(BOV),ALL,ALL,ALL,ALL,1111,2026-05-15T12:06:02.417Z,https://vahan.parivahan.gov.in/vahan4dashboard/vahan/view/reportview.xhtml
2024,2,Uttar Pradesh,Noida - UP16( 13-NOV-2017 ),NON_EV,ETHANOL(E100),ALL,ALL,ALL,ALL,0,2026-05-15T12:06:02.417Z,https://vahan.parivahan.gov.in/vahan4dashboard/vahan/view/reportview.xhtml
2024,2,Uttar Pradesh,Noida - UP16( 13-NOV-2017 ),NON_EV,PETROL,ALL,ALL,ALL,ALL,7194,2026-05-15T12:06:02.417Z,https://vahan.parivahan.gov.in/vahan4dashboard/vahan/view/reportview.xhtml
2024,2,Uttar Pradesh,Noida - UP16( 13-NOV-2017 ),NON_EV,PETROL(E20),ALL,ALL,ALL,ALL,90,2026-05-15T12:06:02.417Z,https://vahan.parivahan.gov.in/vahan4dashboard/vahan/view/reportview.xhtml
2024,2,Uttar Pradesh,Noida - UP16( 13-NOV-2017 ),NON_EV,PETROL/CNG,ALL,ALL,ALL,ALL,1112,2026-05-15T12:06:02.417Z,https://vahan.parivahan.gov.in/vahan4dashboard/vahan/view/reportview.xhtml
2024,2,Uttar Pradesh,Noida - UP16( 13-NOV-2017 ),NON_EV,PETROL/HYBRID,ALL,ALL,ALL,ALL,463,2026-05-15T12:06:02.417Z,https://vahan.parivahan.gov.in/vahan4dashboard/vahan/view/reportview.xhtml
2024,2,Uttar Pradesh,Noida - UP16( 13-NOV-2017 ),EV,PLUG-IN HYBRID EV,ALL,ALL,ALL,ALL,0,2026-05-15T12:06:02.417Z,https://vahan.parivahan.gov.in/vahan4dashboard/vahan/view/reportview.xhtml
2024,2,Uttar Pradesh,Noida - UP16( 13-NOV-2017 ),EV,PURE EV,ALL,ALL,ALL,ALL,0,2026-05-15T12:06:02.417Z,https://vahan.parivahan.gov.in/vahan4dashboard/vahan/view/reportview.xhtml
2024,2,Uttar Pradesh,Noida - UP16( 13-NOV-2017 ),EV,STRONG HYBRID EV,ALL,ALL,ALL,ALL,0,2026-05-15T12:06:02.417Z,https://vahan.parivahan.gov.in/vahan4dashboard/vahan/view/reportview.xhtml
2024,2,Uttarakhand,haridwar,NON_EV,CNG ONLY,ALL,ALL,ALL,ALL,23,2026-05-15T11:12:30.193Z,https://vahan.parivahan.gov.in/vahan4dashboard/vahan/view/reportview.xhtml
2024,2,Uttarakhand,haridwar,NON_EV,DIESEL,ALL,ALL,ALL,ALL,201,2026-05-15T11:12:30.193Z,https://vahan.parivahan.gov.in/vahan4dashboard/vahan/view/reportview.xhtml
2024,2,Uttarakhand,haridwar,NON_EV,DIESEL/HYBRID,ALL,ALL,ALL,ALL,1,2026-05-15T11:12:30.193Z,https://vahan.parivahan.gov.in/vahan4dashboard/vahan/view/reportview.xhtml
2024,2,Uttarakhand,haridwar,EV,ELECTRIC(BOV),ALL,ALL,ALL,ALL,250,2026-05-15T11:12:30.193Z,https://vahan.parivahan.gov.in/vahan4dashboard/vahan/view/reportview.xhtml
2024,2,Uttarakhand,haridwar,NON_EV,NOT APPLICABLE,ALL,ALL,ALL,ALL,1,2026-05-15T11:12:30.193Z,https://vahan.parivahan.gov.in/vahan4dashboard/vahan/view/reportview.xhtml
2024,2,Uttarakhand,haridwar,NON_EV,PETROL,ALL,ALL,ALL,ALL,1765,2026-05-15T11:12:30.193Z,https://vahan.parivahan.gov.in/vahan4dashboard/vahan/view/reportview.xhtml
2024,2,Uttarakhand,haridwar,NON_EV,PETROL(E20),ALL,ALL,ALL,ALL,30,2026-05-15T11:12:30.193Z,https://vahan.parivahan.gov.in/vahan4dashboard/vahan/view/reportview.xhtml
2024,2,Uttarakhand,haridwar,NON_EV,PETROL/CNG,ALL,ALL,ALL,ALL,38,2026-05-15T11:12:30.193Z,https://vahan.parivahan.gov.in/vahan4dashboard/vahan/view/reportview.xhtml
2024,2,Uttarakhand,haridwar,NON_EV,PETROL/HYBRID,ALL,ALL,ALL,ALL,49,2026-05-15T11:12:30.193Z,https://vahan.parivahan.gov.in/vahan4dashboard/vahan/view/reportview.xhtml
2024,2,Uttarakhand,haridwar,EV,PURE EV,ALL,ALL,ALL,ALL,0,2026-05-15T11:12:30.193Z,https://vahan.parivahan.gov.in/vahan4dashboard/vahan/view/reportview.xhtml
2024,2,Uttarakhand,haridwar,EV,STRONG HYBRID EV,ALL,ALL,ALL,ALL,0,2026-05-15T11:12:30.193Z,https://vahan.parivahan.gov.in/vahan4dashboard/vahan/view/reportview.xhtml
2024,3,Maharashtra,All Vahan4 Running Office,NON_EV,CNG ONLY,ALL,ALL,ALL,ALL,6011,2026-05-18T07:41:28.228Z,https://vahan.parivahan.gov.in/vahan4dashboard/vahan/view/reportview.xhtml
2024,3,Maharashtra,All Vahan4 Running Office,NON_EV,DIESEL,ALL,ALL,ALL,ALL,28020,2026-05-18T07:41:28.229Z,https://vahan.parivahan.gov.in/vahan4dashboard/vahan/view/reportview.xhtml
2024,3,Maharashtra,All Vahan4 Running Office,NON_EV,DIESEL/HYBRID,ALL,ALL,ALL,ALL,181,2026-05-18T07:41:28.229Z,https://vahan.parivahan.gov.in/vahan4dashboard/vahan/view/reportview.xhtml
2024,3,Maharashtra,All Vahan4 Running Office,EV,ELECTRIC(BOV),ALL,ALL,ALL,ALL,29839,2026-05-18T07:41:28.229Z,https://vahan.parivahan.gov.in/vahan4dashboard/vahan/view/reportview.xhtml
2024,3,Maharashtra,All Vahan4 Running Office,NON_EV,ETHANOL(E100),ALL,ALL,ALL,ALL,0,2026-05-18T07:41:28.229Z,https://vahan.parivahan.gov.in/vahan4dashboard/vahan/view/reportview.xhtml
2024,3,Maharashtra,All Vahan4 Running Office,NON_EV,LNG,ALL,ALL,ALL,ALL,22,2026-05-18T07:41:28.229Z,https://vahan.parivahan.gov.in/vahan4dashboard/vahan/view/reportview.xhtml
2024,3,Maharashtra,All Vahan4 Running Office,NON_EV,LPG ONLY,ALL,ALL,ALL,ALL,623,2026-05-18T07:41:28.229Z,https://vahan.parivahan.gov.in/vahan4dashboard/vahan/view/reportview.xhtml
2024,3,Maharashtra,All Vahan4 Running Office,NON_EV,NOT APPLICABLE,ALL,ALL,ALL,ALL,1125,2026-05-18T07:41:28.229Z,https://vahan.parivahan.gov.in/vahan4dashboard/vahan/view/reportview.xhtml
2024,3,Maharashtra,All Vahan4 Running Office,NON_EV,PETROL,ALL,ALL,ALL,ALL,136191,2026-05-18T07:41:28.229Z,https://vahan.parivahan.gov.in/vahan4dashboard/vahan/view/reportview.xhtml
2024,3,Maharashtra,All Vahan4 Running Office,NON_EV,PETROL(E20),ALL,ALL,ALL,ALL,3937,2026-05-18T07:41:28.229Z,https://vahan.parivahan.gov.in/vahan4dashboard/vahan/view/reportview.xhtml
2024,3,Maharashtra,All Vahan4 Running Office,NON_EV,PETROL(E20)/CNG,ALL,ALL,ALL,ALL,0,2026-05-18T07:41:28.229Z,https://vahan.parivahan.gov.in/vahan4dashboard/vahan/view/reportview.xhtml
2024,3,Maharashtra,All Vahan4 Running Office,NON_EV,PETROL(E20)/LPG,ALL,ALL,ALL,ALL,0,2026-05-18T07:41:28.229Z,https://vahan.parivahan.gov.in/vahan4dashboard/vahan/view/reportview.xhtml
2024,3,Maharashtra,All Vahan4 Running Office,NON_EV,PETROL/CNG,ALL,ALL,ALL,ALL,11700,2026-05-18T07:41:28.229Z,https://vahan.parivahan.gov.in/vahan4dashboard/vahan/view/reportview.xhtml
2024,3,Maharashtra,All Vahan4 Running Office,NON_EV,PETROL/HYBRID,ALL,ALL,ALL,ALL,2688,2026-05-18T07:41:28.229Z,https://vahan.parivahan.gov.in/vahan4dashboard/vahan/view/reportview.xhtml
2024,3,Maharashtra,All Vahan4 Running Office,NON_EV,PETROL/HYBRID/CNG,ALL,ALL,ALL,ALL,0,2026-05-18T07:41:28.229Z,https://vahan.parivahan.gov.in/vahan4dashboard/vahan/view/reportview.xhtml
2024,3,Maharashtra,All Vahan4 Running Office,NON_EV,PETROL/LPG,ALL,ALL,ALL,ALL,36,2026-05-18T07:41:28.229Z,https://vahan.parivahan.gov.in/vahan4dashboard/vahan/view/reportview.xhtml
2024,3,Maharashtra,All Vahan4 Running Office,EV,PLUG-IN HYBRID EV,ALL,ALL,ALL,ALL,0,2026-05-18T07:41:28.229Z,https://vahan.parivahan.gov.in/vahan4dashboard/vahan/view/reportview.xhtml
2024,3,Maharashtra,All Vahan4 Running Office,EV,PURE EV,ALL,ALL,ALL,ALL,154,2026-05-18T07:41:28.229Z,https://vahan.parivahan.gov.in/vahan4dashboard/vahan/view/reportview.xhtml
2024,3,Maharashtra,All Vahan4 Running Office,EV,STRONG HYBRID EV,ALL,ALL,ALL,ALL,301,2026-05-18T07:41:28.229Z,https://vahan.parivahan.gov.in/vahan4dashboard/vahan/view/reportview.xhtml
2024,3,Maharashtra,All Vahan4 Running Office,NON_EV,DIESEL,ALL,ALL,ALL,AMBULANCE,113,2026-05-18T10:30:37.967Z,https://vahan.parivahan.gov.in/vahan4dashboard/vahan/view/reportview.xhtml
2024,3,Maharashtra,All Vahan4 Running Office,NON_EV,PETROL,ALL,ALL,ALL,AMBULANCE,41,2026-05-18T10:30:37.967Z,https://vahan.parivahan.gov.in/vahan4dashboard/vahan/view/reportview.xhtml
2024,3,Maharashtra,All Vahan4 Running Office,NON_EV,PETROL/CNG,ALL,ALL,ALL,AMBULANCE,1,2026-05-18T10:30:37.967Z,https://vahan.parivahan.gov.in/vahan4dashboard/vahan/view/reportview.xhtml
2024,3,Maharashtra,All Vahan4 Running Office,NON_EV,CNG ONLY,ALL,ALL,ALL,BUS,42,2026-05-18T10:34:00.652Z,https://vahan.parivahan.gov.in/vahan4dashboard/vahan/view/reportview.xhtml
2024,3,Maharashtra,All Vahan4 Running Office,NON_EV,DIESEL,ALL,ALL,ALL,BUS,715,2026-05-18T10:34:00.652Z,https://vahan.parivahan.gov.in/vahan4dashboard/vahan/view/reportview.xhtml
2024,3,Maharashtra,All Vahan4 Running Office,EV,ELECTRIC(BOV),ALL,ALL,ALL,BUS,34,2026-05-18T10:34:00.652Z,https://vahan.parivahan.gov.in/vahan4dashboard/vahan/view/reportview.xhtml
2024,3,Maharashtra,All Vahan4 Running Office,NON_EV,PETROL,ALL,ALL,ALL,BUS,1,2026-05-18T10:34:00.652Z,https://vahan.parivahan.gov.in/vahan4dashboard/vahan/view/reportview.xhtml
2024,3,Maharashtra,All Vahan4 Running Office,EV,PURE EV,ALL,ALL,ALL,BUS,0,2026-05-18T10:34:00.652Z,https://vahan.parivahan.gov.in/vahan4dashboard/vahan/view/reportview.xhtml
2024,3,Punjab,All Vahan4 Running Office,NON_EV,CNG ONLY,ALL,ALL,ALL,ALL,422,2026-05-15T12:52:33.190Z,https://vahan.parivahan.gov.in/vahan4dashboard/vahan/view/reportview.xhtml
2024,3,Punjab,All Vahan4 Running Office,NON_EV,DIESEL,ALL,ALL,ALL,ALL,9996,2026-05-15T12:52:33.193Z,https://vahan.parivahan.gov.in/vahan4dashboard/vahan/view/reportview.xhtml
2024,3,Punjab,All Vahan4 Running Office,NON_EV,DIESEL/HYBRID,ALL,ALL,ALL,ALL,24,2026-05-15T12:52:33.193Z,https://vahan.parivahan.gov.in/vahan4dashboard/vahan/view/reportview.xhtml
2024,3,Punjab,All Vahan4 Running Office,EV,ELECTRIC(BOV),ALL,ALL,ALL,ALL,4813,2026-05-15T12:52:33.193Z,https://vahan.parivahan.gov.in/vahan4dashboard/vahan/view/reportview.xhtml
2024,3,Punjab,All Vahan4 Running Office,NON_EV,NOT APPLICABLE,ALL,ALL,ALL,ALL,1,2026-05-15T12:52:33.193Z,https://vahan.parivahan.gov.in/vahan4dashboard/vahan/view/reportview.xhtml
2024,3,Punjab,All Vahan4 Running Office,NON_EV,PETROL,ALL,ALL,ALL,ALL,41756,2026-05-15T12:52:33.193Z,https://vahan.parivahan.gov.in/vahan4dashboard/vahan/view/reportview.xhtml
2024,3,Punjab,All Vahan4 Running Office,NON_EV,PETROL(E20),ALL,ALL,ALL,ALL,167,2026-05-15T12:52:33.193Z,https://vahan.parivahan.gov.in/vahan4dashboard/vahan/view/reportview.xhtml
2024,3,Punjab,All Vahan4 Running Office,NON_EV,PETROL(E20)/HYBRID/CNG,ALL,ALL,ALL,ALL,1,2026-05-15T12:52:33.193Z,https://vahan.parivahan.gov.in/vahan4dashboard/vahan/view/reportview.xhtml
2024,3,Punjab,All Vahan4 Running Office,NON_EV,PETROL/CNG,ALL,ALL,ALL,ALL,816,2026-05-15T12:52:33.193Z,https://vahan.parivahan.gov.in/vahan4dashboard/vahan/view/reportview.xhtml
2024,3,Punjab,All Vahan4 Running Office,NON_EV,PETROL/HYBRID,ALL,ALL,ALL,ALL,1375,2026-05-15T12:52:33.193Z,https://vahan.parivahan.gov.in/vahan4dashboard/vahan/view/reportview.xhtml
2024,3,Punjab,All Vahan4 Running Office,NON_EV,PETROL/HYBRID/CNG,ALL,ALL,ALL,ALL,1,2026-05-15T12:52:33.193Z,https://vahan.parivahan.gov.in/vahan4dashboard/vahan/view/reportview.xhtml
2024,3,Punjab,All Vahan4 Running Office,EV,PURE EV,ALL,ALL,ALL,ALL,3,2026-05-15T12:52:33.193Z,https://vahan.parivahan.gov.in/vahan4dashboard/vahan/view/reportview.xhtml
2024,3,Punjab,All Vahan4 Running Office,EV,STRONG HYBRID EV,ALL,ALL,ALL,ALL,107,2026-05-15T12:52:33.193Z,https://vahan.parivahan.gov.in/vahan4dashboard/vahan/view/reportview.xhtml
2024,3,Uttar Pradesh,Noida - UP16( 13-NOV-2017 ),NON_EV,CNG ONLY,ALL,ALL,ALL,ALL,447,2026-05-15T12:06:02.417Z,https://vahan.parivahan.gov.in/vahan4dashboard/vahan/view/reportview.xhtml
2024,3,Uttar Pradesh,Noida - UP16( 13-NOV-2017 ),NON_EV,DIESEL,ALL,ALL,ALL,ALL,1001,2026-05-15T12:06:02.417Z,https://vahan.parivahan.gov.in/vahan4dashboard/vahan/view/reportview.xhtml
2024,3,Uttar Pradesh,Noida - UP16( 13-NOV-2017 ),NON_EV,DIESEL/HYBRID,ALL,ALL,ALL,ALL,7,2026-05-15T12:06:02.417Z,https://vahan.parivahan.gov.in/vahan4dashboard/vahan/view/reportview.xhtml
2024,3,Uttar Pradesh,Noida - UP16( 13-NOV-2017 ),EV,ELECTRIC(BOV),ALL,ALL,ALL,ALL,1425,2026-05-15T12:06:02.417Z,https://vahan.parivahan.gov.in/vahan4dashboard/vahan/view/reportview.xhtml
2024,3,Uttar Pradesh,Noida - UP16( 13-NOV-2017 ),NON_EV,ETHANOL(E100),ALL,ALL,ALL,ALL,0,2026-05-15T12:06:02.417Z,https://vahan.parivahan.gov.in/vahan4dashboard/vahan/view/reportview.xhtml
2024,3,Uttar Pradesh,Noida - UP16( 13-NOV-2017 ),NON_EV,PETROL,ALL,ALL,ALL,ALL,7687,2026-05-15T12:06:02.417Z,https://vahan.parivahan.gov.in/vahan4dashboard/vahan/view/reportview.xhtml
2024,3,Uttar Pradesh,Noida - UP16( 13-NOV-2017 ),NON_EV,PETROL(E20),ALL,ALL,ALL,ALL,105,2026-05-15T12:06:02.417Z,https://vahan.parivahan.gov.in/vahan4dashboard/vahan/view/reportview.xhtml
2024,3,Uttar Pradesh,Noida - UP16( 13-NOV-2017 ),NON_EV,PETROL/CNG,ALL,ALL,ALL,ALL,1140,2026-05-15T12:06:02.417Z,https://vahan.parivahan.gov.in/vahan4dashboard/vahan/view/reportview.xhtml
2024,3,Uttar Pradesh,Noida - UP16( 13-NOV-2017 ),NON_EV,PETROL/HYBRID,ALL,ALL,ALL,ALL,441,2026-05-15T12:06:02.417Z,https://vahan.parivahan.gov.in/vahan4dashboard/vahan/view/reportview.xhtml
2024,3,Uttar Pradesh,Noida - UP16( 13-NOV-2017 ),EV,PLUG-IN HYBRID EV,ALL,ALL,ALL,ALL,0,2026-05-15T12:06:02.417Z,https://vahan.parivahan.gov.in/vahan4dashboard/vahan/view/reportview.xhtml
2024,3,Uttar Pradesh,Noida - UP16( 13-NOV-2017 ),EV,PURE EV,ALL,ALL,ALL,ALL,4,2026-05-15T12:06:02.417Z,https://vahan.parivahan.gov.in/vahan4dashboard/vahan/view/reportview.xhtml
2024,3,Uttar Pradesh,Noida - UP16( 13-NOV-2017 ),EV,STRONG HYBRID EV,ALL,ALL,ALL,ALL,48,2026-05-15T12:06:02.417Z,https://vahan.parivahan.gov.in/vahan4dashboard/vahan/view/reportview.xhtml
2024,3,Uttarakhand,haridwar,NON_EV,CNG ONLY,ALL,ALL,ALL,ALL,31,2026-05-15T11:12:30.193Z,https://vahan.parivahan.gov.in/vahan4dashboard/vahan/view/reportview.xhtml
2024,3,Uttarakhand,haridwar,NON_EV,DIESEL,ALL,ALL,ALL,ALL,201,2026-05-15T11:12:30.193Z,https://vahan.parivahan.gov.in/vahan4dashboard/vahan/view/reportview.xhtml
2024,3,Uttarakhand,haridwar,NON_EV,DIESEL/HYBRID,ALL,ALL,ALL,ALL,1,2026-05-15T11:12:30.193Z,https://vahan.parivahan.gov.in/vahan4dashboard/vahan/view/reportview.xhtml
2024,3,Uttarakhand,haridwar,EV,ELECTRIC(BOV),ALL,ALL,ALL,ALL,267,2026-05-15T11:12:30.193Z,https://vahan.parivahan.gov.in/vahan4dashboard/vahan/view/reportview.xhtml
2024,3,Uttarakhand,haridwar,NON_EV,NOT APPLICABLE,ALL,ALL,ALL,ALL,0,2026-05-15T11:12:30.193Z,https://vahan.parivahan.gov.in/vahan4dashboard/vahan/view/reportview.xhtml
2024,3,Uttarakhand,haridwar,NON_EV,PETROL,ALL,ALL,ALL,ALL,1521,2026-05-15T11:12:30.193Z,https://vahan.parivahan.gov.in/vahan4dashboard/vahan/view/reportview.xhtml
2024,3,Uttarakhand,haridwar,NON_EV,PETROL(E20),ALL,ALL,ALL,ALL,28,2026-05-15T11:12:30.193Z,https://vahan.parivahan.gov.in/vahan4dashboard/vahan/view/reportview.xhtml
2024,3,Uttarakhand,haridwar,NON_EV,PETROL/CNG,ALL,ALL,ALL,ALL,29,2026-05-15T11:12:30.193Z,https://vahan.parivahan.gov.in/vahan4dashboard/vahan/view/reportview.xhtml
2024,3,Uttarakhand,haridwar,NON_EV,PETROL/HYBRID,ALL,ALL,ALL,ALL,29,2026-05-15T11:12:30.193Z,https://vahan.parivahan.gov.in/vahan4dashboard/vahan/view/reportview.xhtml
2024,3,Uttarakhand,haridwar,EV,PURE EV,ALL,ALL,ALL,ALL,1,2026-05-15T11:12:30.193Z,https://vahan.parivahan.gov.in/vahan4dashboard/vahan/view/reportview.xhtml
2024,3,Uttarakhand,haridwar,EV,STRONG HYBRID EV,ALL,ALL,ALL,ALL,0,2026-05-15T11:12:30.193Z,https://vahan.parivahan.gov.in/vahan4dashboard/vahan/view/reportview.xhtml
2024,4,Maharashtra,All Vahan4 Running Office,NON_EV,CNG ONLY,ALL,ALL,ALL,ALL,6327,2026-05-18T07:41:28.229Z,https://vahan.parivahan.gov.in/vahan4dashboard/vahan/view/reportview.xhtml
2024,4,Maharashtra,All Vahan4 Running Office,NON_EV,DIESEL,ALL,ALL,ALL,ALL,27058,2026-05-18T07:41:28.229Z,https://vahan.parivahan.gov.in/vahan4dashboard/vahan/view/reportview.xhtml
2024,4,Maharashtra,All Vahan4 Running Office,NON_EV,DIESEL/HYBRID,ALL,ALL,ALL,ALL,128,2026-05-18T07:41:28.229Z,https://vahan.parivahan.gov.in/vahan4dashboard/vahan/view/reportview.xhtml
2024,4,Maharashtra,All Vahan4 Running Office,EV,ELECTRIC(BOV),ALL,ALL,ALL,ALL,13907,2026-05-18T07:41:28.229Z,https://vahan.parivahan.gov.in/vahan4dashboard/vahan/view/reportview.xhtml
2024,4,Maharashtra,All Vahan4 Running Office,NON_EV,ETHANOL(E100),ALL,ALL,ALL,ALL,0,2026-05-18T07:41:28.229Z,https://vahan.parivahan.gov.in/vahan4dashboard/vahan/view/reportview.xhtml
2024,4,Maharashtra,All Vahan4 Running Office,NON_EV,LNG,ALL,ALL,ALL,ALL,13,2026-05-18T07:41:28.229Z,https://vahan.parivahan.gov.in/vahan4dashboard/vahan/view/reportview.xhtml
2024,4,Maharashtra,All Vahan4 Running Office,NON_EV,LPG ONLY,ALL,ALL,ALL,ALL,569,2026-05-18T07:41:28.229Z,https://vahan.parivahan.gov.in/vahan4dashboard/vahan/view/reportview.xhtml
2024,4,Maharashtra,All Vahan4 Running Office,NON_EV,NOT APPLICABLE,ALL,ALL,ALL,ALL,1165,2026-05-18T07:41:28.229Z,https://vahan.parivahan.gov.in/vahan4dashboard/vahan/view/reportview.xhtml
2024,4,Maharashtra,All Vahan4 Running Office,NON_EV,PETROL,ALL,ALL,ALL,ALL,173467,2026-05-18T07:41:28.229Z,https://vahan.parivahan.gov.in/vahan4dashboard/vahan/view/reportview.xhtml
2024,4,Maharashtra,All Vahan4 Running Office,NON_EV,PETROL(E20),ALL,ALL,ALL,ALL,5328,2026-05-18T07:41:28.230Z,https://vahan.parivahan.gov.in/vahan4dashboard/vahan/view/reportview.xhtml
2024,4,Maharashtra,All Vahan4 Running Office,NON_EV,PETROL(E20)/CNG,ALL,ALL,ALL,ALL,0,2026-05-18T07:41:28.230Z,https://vahan.parivahan.gov.in/vahan4dashboard/vahan/view/reportview.xhtml
2024,4,Maharashtra,All Vahan4 Running Office,NON_EV,PETROL(E20)/LPG,ALL,ALL,ALL,ALL,1,2026-05-18T07:41:28.230Z,https://vahan.parivahan.gov.in/vahan4dashboard/vahan/view/reportview.xhtml
2024,4,Maharashtra,All Vahan4 Running Office,NON_EV,PETROL/CNG,ALL,ALL,ALL,ALL,15151,2026-05-18T07:41:28.229Z,https://vahan.parivahan.gov.in/vahan4dashboard/vahan/view/reportview.xhtml
2024,4,Maharashtra,All Vahan4 Running Office,NON_EV,PETROL/HYBRID,ALL,ALL,ALL,ALL,2757,2026-05-18T07:41:28.230Z,https://vahan.parivahan.gov.in/vahan4dashboard/vahan/view/reportview.xhtml
2024,4,Maharashtra,All Vahan4 Running Office,NON_EV,PETROL/HYBRID/CNG,ALL,ALL,ALL,ALL,0,2026-05-18T07:41:28.230Z,https://vahan.parivahan.gov.in/vahan4dashboard/vahan/view/reportview.xhtml
2024,4,Maharashtra,All Vahan4 Running Office,NON_EV,PETROL/LPG,ALL,ALL,ALL,ALL,18,2026-05-18T07:41:28.230Z,https://vahan.parivahan.gov.in/vahan4dashboard/vahan/view/reportview.xhtml
2024,4,Maharashtra,All Vahan4 Running Office,EV,PLUG-IN HYBRID EV,ALL,ALL,ALL,ALL,0,2026-05-18T07:41:28.230Z,https://vahan.parivahan.gov.in/vahan4dashboard/vahan/view/reportview.xhtml
2024,4,Maharashtra,All Vahan4 Running Office,EV,PURE EV,ALL,ALL,ALL,ALL,355,2026-05-18T07:41:28.230Z,https://vahan.parivahan.gov.in/vahan4dashboard/vahan/view/reportview.xhtml
2024,4,Maharashtra,All Vahan4 Running Office,EV,STRONG HYBRID EV,ALL,ALL,ALL,ALL,589,2026-05-18T07:41:28.230Z,https://vahan.parivahan.gov.in/vahan4dashboard/vahan/view/reportview.xhtml
2024,4,Maharashtra,All Vahan4 Running Office,NON_EV,DIESEL,ALL,ALL,ALL,AMBULANCE,43,2026-05-18T10:30:37.967Z,https://vahan.parivahan.gov.in/vahan4dashboard/vahan/view/reportview.xhtml
2024,4,Maharashtra,All Vahan4 Running Office,NON_EV,PETROL,ALL,ALL,ALL,AMBULANCE,47,2026-05-18T10:30:37.967Z,https://vahan.parivahan.gov.in/vahan4dashboard/vahan/view/reportview.xhtml
2024,4,Maharashtra,All Vahan4 Running Office,NON_EV,PETROL/CNG,ALL,ALL,ALL,AMBULANCE,2,2026-05-18T10:30:37.967Z,https://vahan.parivahan.gov.in/vahan4dashboard/vahan/view/reportview.xhtml
2024,4,Maharashtra,All Vahan4 Running Office,NON_EV,CNG ONLY,ALL,ALL,ALL,BUS,25,2026-05-18T10:34:00.652Z,https://vahan.parivahan.gov.in/vahan4dashboard/vahan/view/reportview.xhtml
2024,4,Maharashtra,All Vahan4 Running Office,NON_EV,DIESEL,ALL,ALL,ALL,BUS,853,2026-05-18T10:34:00.652Z,https://vahan.parivahan.gov.in/vahan4dashboard/vahan/view/reportview.xhtml
2024,4,Maharashtra,All Vahan4 Running Office,EV,ELECTRIC(BOV),ALL,ALL,ALL,BUS,56,2026-05-18T10:34:00.652Z,https://vahan.parivahan.gov.in/vahan4dashboard/vahan/view/reportview.xhtml
2024,4,Maharashtra,All Vahan4 Running Office,NON_EV,PETROL,ALL,ALL,ALL,BUS,5,2026-05-18T10:34:00.652Z,https://vahan.parivahan.gov.in/vahan4dashboard/vahan/view/reportview.xhtml
2024,4,Maharashtra,All Vahan4 Running Office,EV,PURE EV,ALL,ALL,ALL,BUS,9,2026-05-18T10:34:00.652Z,https://vahan.parivahan.gov.in/vahan4dashboard/vahan/view/reportview.xhtml
2024,4,Uttar Pradesh,Noida - UP16( 13-NOV-2017 ),NON_EV,CNG ONLY,ALL,ALL,ALL,ALL,468,2026-05-15T12:06:02.417Z,https://vahan.parivahan.gov.in/vahan4dashboard/vahan/view/reportview.xhtml
2024,4,Uttar Pradesh,Noida - UP16( 13-NOV-2017 ),NON_EV,DIESEL,ALL,ALL,ALL,ALL,910,2026-05-15T12:06:02.417Z,https://vahan.parivahan.gov.in/vahan4dashboard/vahan/view/reportview.xhtml
2024,4,Uttar Pradesh,Noida - UP16( 13-NOV-2017 ),NON_EV,DIESEL/HYBRID,ALL,ALL,ALL,ALL,8,2026-05-15T12:06:02.417Z,https://vahan.parivahan.gov.in/vahan4dashboard/vahan/view/reportview.xhtml
2024,4,Uttar Pradesh,Noida - UP16( 13-NOV-2017 ),EV,ELECTRIC(BOV),ALL,ALL,ALL,ALL,932,2026-05-15T12:06:02.417Z,https://vahan.parivahan.gov.in/vahan4dashboard/vahan/view/reportview.xhtml
2024,4,Uttar Pradesh,Noida - UP16( 13-NOV-2017 ),NON_EV,ETHANOL(E100),ALL,ALL,ALL,ALL,0,2026-05-15T12:06:02.417Z,https://vahan.parivahan.gov.in/vahan4dashboard/vahan/view/reportview.xhtml
2024,4,Uttar Pradesh,Noida - UP16( 13-NOV-2017 ),NON_EV,PETROL,ALL,ALL,ALL,ALL,8102,2026-05-15T12:06:02.417Z,https://vahan.parivahan.gov.in/vahan4dashboard/vahan/view/reportview.xhtml
2024,4,Uttar Pradesh,Noida - UP16( 13-NOV-2017 ),NON_EV,PETROL(E20),ALL,ALL,ALL,ALL,120,2026-05-15T12:06:02.417Z,https://vahan.parivahan.gov.in/vahan4dashboard/vahan/view/reportview.xhtml
2024,4,Uttar Pradesh,Noida - UP16( 13-NOV-2017 ),NON_EV,PETROL/CNG,ALL,ALL,ALL,ALL,1130,2026-05-15T12:06:02.417Z,https://vahan.parivahan.gov.in/vahan4dashboard/vahan/view/reportview.xhtml
2024,4,Uttar Pradesh,Noida - UP16( 13-NOV-2017 ),NON_EV,PETROL/HYBRID,ALL,ALL,ALL,ALL,394,2026-05-15T12:06:02.417Z,https://vahan.parivahan.gov.in/vahan4dashboard/vahan/view/reportview.xhtml
2024,4,Uttar Pradesh,Noida - UP16( 13-NOV-2017 ),EV,PLUG-IN HYBRID EV,ALL,ALL,ALL,ALL,0,2026-05-15T12:06:02.417Z,https://vahan.parivahan.gov.in/vahan4dashboard/vahan/view/reportview.xhtml
2024,4,Uttar Pradesh,Noida - UP16( 13-NOV-2017 ),EV,PURE EV,ALL,ALL,ALL,ALL,34,2026-05-15T12:06:02.417Z,https://vahan.parivahan.gov.in/vahan4dashboard/vahan/view/reportview.xhtml
2024,4,Uttar Pradesh,Noida - UP16( 13-NOV-2017 ),EV,STRONG HYBRID EV,ALL,ALL,ALL,ALL,71,2026-05-15T12:06:02.417Z,https://vahan.parivahan.gov.in/vahan4dashboard/vahan/view/reportview.xhtml
2024,4,Uttarakhand,haridwar,NON_EV,CNG ONLY,ALL,ALL,ALL,ALL,25,2026-05-15T11:12:30.193Z,https://vahan.parivahan.gov.in/vahan4dashboard/vahan/view/reportview.xhtml
2024,4,Uttarakhand,haridwar,NON_EV,DIESEL,ALL,ALL,ALL,ALL,169,2026-05-15T11:12:30.193Z,https://vahan.parivahan.gov.in/vahan4dashboard/vahan/view/reportview.xhtml
2024,4,Uttarakhand,haridwar,NON_EV,DIESEL/HYBRID,ALL,ALL,ALL,ALL,0,2026-05-15T11:12:30.193Z,https://vahan.parivahan.gov.in/vahan4dashboard/vahan/view/reportview.xhtml
2024,4,Uttarakhand,haridwar,EV,ELECTRIC(BOV),ALL,ALL,ALL,ALL,147,2026-05-15T11:12:30.193Z,https://vahan.parivahan.gov.in/vahan4dashboard/vahan/view/reportview.xhtml
2024,4,Uttarakhand,haridwar,NON_EV,NOT APPLICABLE,ALL,ALL,ALL,ALL,0,2026-05-15T11:12:30.193Z,https://vahan.parivahan.gov.in/vahan4dashboard/vahan/view/reportview.xhtml
2024,4,Uttarakhand,haridwar,NON_EV,PETROL,ALL,ALL,ALL,ALL,1783,2026-05-15T11:12:30.193Z,https://vahan.parivahan.gov.in/vahan4dashboard/vahan/view/reportview.xhtml
2024,4,Uttarakhand,haridwar,NON_EV,PETROL(E20),ALL,ALL,ALL,ALL,40,2026-05-15T11:12:30.193Z,https://vahan.parivahan.gov.in/vahan4dashboard/vahan/view/reportview.xhtml
2024,4,Uttarakhand,haridwar,NON_EV,PETROL/CNG,ALL,ALL,ALL,ALL,51,2026-05-15T11:12:30.193Z,https://vahan.parivahan.gov.in/vahan4dashboard/vahan/view/reportview.xhtml
2024,4,Uttarakhand,haridwar,NON_EV,PETROL/HYBRID,ALL,ALL,ALL,ALL,31,2026-05-15T11:12:30.193Z,https://vahan.parivahan.gov.in/vahan4dashboard/vahan/view/reportview.xhtml
2024,4,Uttarakhand,haridwar,EV,PURE EV,ALL,ALL,ALL,ALL,3,2026-05-15T11:12:30.193Z,https://vahan.parivahan.gov.in/vahan4dashboard/vahan/view/reportview.xhtml
2024,4,Uttarakhand,haridwar,EV,STRONG HYBRID EV,ALL,ALL,ALL,ALL,3,2026-05-15T11:12:30.193Z,https://vahan.parivahan.gov.in/vahan4dashboard/vahan/view/reportview.xhtml
2024,5,Maharashtra,All Vahan4 Running Office,NON_EV,CNG ONLY,ALL,ALL,ALL,ALL,5485,2026-05-18T07:41:28.230Z,https://vahan.parivahan.gov.in/vahan4dashboard/vahan/view/reportview.xhtml
2024,5,Maharashtra,All Vahan4 Running Office,NON_EV,DIESEL,ALL,ALL,ALL,ALL,23868,2026-05-18T07:41:28.230Z,https://vahan.parivahan.gov.in/vahan4dashboard/vahan/view/reportview.xhtml
2024,5,Maharashtra,All Vahan4 Running Office,NON_EV,DIESEL/HYBRID,ALL,ALL,ALL,ALL,110,2026-05-18T07:41:28.230Z,https://vahan.parivahan.gov.in/vahan4dashboard/vahan/view/reportview.xhtml
2024,5,Maharashtra,All Vahan4 Running Office,EV,ELECTRIC(BOV),ALL,ALL,ALL,ALL,13512,2026-05-18T07:41:28.230Z,https://vahan.parivahan.gov.in/vahan4dashboard/vahan/view/reportview.xhtml
2024,5,Maharashtra,All Vahan4 Running Office,NON_EV,ETHANOL(E100),ALL,ALL,ALL,ALL,0,2026-05-18T07:41:28.230Z,https://vahan.parivahan.gov.in/vahan4dashboard/vahan/view/reportview.xhtml
2024,5,Maharashtra,All Vahan4 Running Office,NON_EV,LNG,ALL,ALL,ALL,ALL,33,2026-05-18T07:41:28.230Z,https://vahan.parivahan.gov.in/vahan4dashboard/vahan/view/reportview.xhtml
2024,5,Maharashtra,All Vahan4 Running Office,NON_EV,LPG ONLY,ALL,ALL,ALL,ALL,534,2026-05-18T07:41:28.230Z,https://vahan.parivahan.gov.in/vahan4dashboard/vahan/view/reportview.xhtml
2024,5,Maharashtra,All Vahan4 Running Office,NON_EV,NOT APPLICABLE,ALL,ALL,ALL,ALL,1044,2026-05-18T07:41:28.230Z,https://vahan.parivahan.gov.in/vahan4dashboard/vahan/view/reportview.xhtml
2024,5,Maharashtra,All Vahan4 Running Office,NON_EV,PETROL,ALL,ALL,ALL,ALL,157166,2026-05-18T07:41:28.230Z,https://vahan.parivahan.gov.in/vahan4dashboard/vahan/view/reportview.xhtml
2024,5,Maharashtra,All Vahan4 Running Office,NON_EV,PETROL(E20),ALL,ALL,ALL,ALL,4623,2026-05-18T07:41:28.230Z,https://vahan.parivahan.gov.in/vahan4dashboard/vahan/view/reportview.xhtml
2024,5,Maharashtra,All Vahan4 Running Office,NON_EV,PETROL(E20)/CNG,ALL,ALL,ALL,ALL,1,2026-05-18T07:41:28.230Z,https://vahan.parivahan.gov.in/vahan4dashboard/vahan/view/reportview.xhtml
2024,5,Maharashtra,All Vahan4 Running Office,NON_EV,PETROL(E20)/LPG,ALL,ALL,ALL,ALL,0,2026-05-18T07:41:28.230Z,https://vahan.parivahan.gov.in/vahan4dashboard/vahan/view/reportview.xhtml
2024,5,Maharashtra,All Vahan4 Running Office,NON_EV,PETROL/CNG,ALL,ALL,ALL,ALL,13899,2026-05-18T07:41:28.230Z,https://vahan.parivahan.gov.in/vahan4dashboard/vahan/view/reportview.xhtml
2024,5,Maharashtra,All Vahan4 Running Office,NON_EV,PETROL/HYBRID,ALL,ALL,ALL,ALL,2248,2026-05-18T07:41:28.230Z,https://vahan.parivahan.gov.in/vahan4dashboard/vahan/view/reportview.xhtml
2024,5,Maharashtra,All Vahan4 Running Office,NON_EV,PETROL/HYBRID/CNG,ALL,ALL,ALL,ALL,3,2026-05-18T07:41:28.230Z,https://vahan.parivahan.gov.in/vahan4dashboard/vahan/view/reportview.xhtml
2024,5,Maharashtra,All Vahan4 Running Office,NON_EV,PETROL/LPG,ALL,ALL,ALL,ALL,27,2026-05-18T07:41:28.230Z,https://vahan.parivahan.gov.in/vahan4dashboard/vahan/view/reportview.xhtml
2024,5,Maharashtra,All Vahan4 Running Office,EV,PLUG-IN HYBRID EV,ALL,ALL,ALL,ALL,1,2026-05-18T07:41:28.230Z,https://vahan.parivahan.gov.in/vahan4dashboard/vahan/view/reportview.xhtml
2024,5,Maharashtra,All Vahan4 Running Office,EV,PURE EV,ALL,ALL,ALL,ALL,1816,2026-05-18T07:41:28.230Z,https://vahan.parivahan.gov.in/vahan4dashboard/vahan/view/reportview.xhtml
2024,5,Maharashtra,All Vahan4 Running Office,EV,STRONG HYBRID EV,ALL,ALL,ALL,ALL,660,2026-05-18T07:41:28.230Z,https://vahan.parivahan.gov.in/vahan4dashboard/vahan/view/reportview.xhtml
2024,5,Maharashtra,All Vahan4 Running Office,NON_EV,DIESEL,ALL,ALL,ALL,AMBULANCE,40,2026-05-18T10:30:37.967Z,https://vahan.parivahan.gov.in/vahan4dashboard/vahan/view/reportview.xhtml
2024,5,Maharashtra,All Vahan4 Running Office,NON_EV,PETROL,ALL,ALL,ALL,AMBULANCE,46,2026-05-18T10:30:37.967Z,https://vahan.parivahan.gov.in/vahan4dashboard/vahan/view/reportview.xhtml
2024,5,Maharashtra,All Vahan4 Running Office,NON_EV,PETROL/CNG,ALL,ALL,ALL,AMBULANCE,0,2026-05-18T10:30:37.967Z,https://vahan.parivahan.gov.in/vahan4dashboard/vahan/view/reportview.xhtml
2024,5,Maharashtra,All Vahan4 Running Office,NON_EV,CNG ONLY,ALL,ALL,ALL,BUS,33,2026-05-18T10:34:00.652Z,https://vahan.parivahan.gov.in/vahan4dashboard/vahan/view/reportview.xhtml
2024,5,Maharashtra,All Vahan4 Running Office,NON_EV,DIESEL,ALL,ALL,ALL,BUS,685,2026-05-18T10:34:00.652Z,https://vahan.parivahan.gov.in/vahan4dashboard/vahan/view/reportview.xhtml
2024,5,Maharashtra,All Vahan4 Running Office,EV,ELECTRIC(BOV),ALL,ALL,ALL,BUS,85,2026-05-18T10:34:00.652Z,https://vahan.parivahan.gov.in/vahan4dashboard/vahan/view/reportview.xhtml
2024,5,Maharashtra,All Vahan4 Running Office,NON_EV,PETROL,ALL,ALL,ALL,BUS,2,2026-05-18T10:34:00.652Z,https://vahan.parivahan.gov.in/vahan4dashboard/vahan/view/reportview.xhtml
2024,5,Maharashtra,All Vahan4 Running Office,EV,PURE EV,ALL,ALL,ALL,BUS,1,2026-05-18T10:34:00.652Z,https://vahan.parivahan.gov.in/vahan4dashboard/vahan/view/reportview.xhtml
2024,5,Uttar Pradesh,Noida - UP16( 13-NOV-2017 ),NON_EV,CNG ONLY,ALL,ALL,ALL,ALL,437,2026-05-15T11:03:42.196Z,https://vahan.parivahan.gov.in/vahan4dashboard/vahan/view/reportview.xhtml
2024,5,Uttar Pradesh,Noida - UP16( 13-NOV-2017 ),NON_EV,DIESEL,ALL,ALL,ALL,ALL,969,2026-05-15T11:03:42.197Z,https://vahan.parivahan.gov.in/vahan4dashboard/vahan/view/reportview.xhtml
2024,5,Uttar Pradesh,Noida - UP16( 13-NOV-2017 ),NON_EV,DIESEL/HYBRID,ALL,ALL,ALL,ALL,10,2026-05-15T11:03:42.197Z,https://vahan.parivahan.gov.in/vahan4dashboard/vahan/view/reportview.xhtml
2024,5,Uttar Pradesh,Noida - UP16( 13-NOV-2017 ),EV,ELECTRIC(BOV),ALL,ALL,ALL,ALL,1219,2026-05-15T11:03:42.197Z,https://vahan.parivahan.gov.in/vahan4dashboard/vahan/view/reportview.xhtml
2024,5,Uttar Pradesh,Noida - UP16( 13-NOV-2017 ),NON_EV,ETHANOL(E100),ALL,ALL,ALL,ALL,0,2026-05-15T11:03:42.197Z,https://vahan.parivahan.gov.in/vahan4dashboard/vahan/view/reportview.xhtml
2024,5,Uttar Pradesh,Noida - UP16( 13-NOV-2017 ),NON_EV,PETROL,ALL,ALL,ALL,ALL,8705,2026-05-15T11:03:42.197Z,https://vahan.parivahan.gov.in/vahan4dashboard/vahan/view/reportview.xhtml
2024,5,Uttar Pradesh,Noida - UP16( 13-NOV-2017 ),NON_EV,PETROL(E20),ALL,ALL,ALL,ALL,129,2026-05-15T11:03:42.197Z,https://vahan.parivahan.gov.in/vahan4dashboard/vahan/view/reportview.xhtml
2024,5,Uttar Pradesh,Noida - UP16( 13-NOV-2017 ),NON_EV,PETROL/CNG,ALL,ALL,ALL,ALL,1136,2026-05-15T11:03:42.197Z,https://vahan.parivahan.gov.in/vahan4dashboard/vahan/view/reportview.xhtml
2024,5,Uttar Pradesh,Noida - UP16( 13-NOV-2017 ),NON_EV,PETROL/HYBRID,ALL,ALL,ALL,ALL,338,2026-05-15T11:03:42.197Z,https://vahan.parivahan.gov.in/vahan4dashboard/vahan/view/reportview.xhtml
2024,5,Uttar Pradesh,Noida - UP16( 13-NOV-2017 ),EV,PLUG-IN HYBRID EV,ALL,ALL,ALL,ALL,0,2026-05-15T11:03:42.197Z,https://vahan.parivahan.gov.in/vahan4dashboard/vahan/view/reportview.xhtml
2024,5,Uttar Pradesh,Noida - UP16( 13-NOV-2017 ),EV,PURE EV,ALL,ALL,ALL,ALL,59,2026-05-15T11:03:42.197Z,https://vahan.parivahan.gov.in/vahan4dashboard/vahan/view/reportview.xhtml
2024,5,Uttar Pradesh,Noida - UP16( 13-NOV-2017 ),EV,STRONG HYBRID EV,ALL,ALL,ALL,ALL,72,2026-05-15T11:03:42.197Z,https://vahan.parivahan.gov.in/vahan4dashboard/vahan/view/reportview.xhtml
2024,5,Uttarakhand,haridwar,NON_EV,CNG ONLY,ALL,ALL,ALL,ALL,25,2026-05-15T11:12:30.193Z,https://vahan.parivahan.gov.in/vahan4dashboard/vahan/view/reportview.xhtml
2024,5,Uttarakhand,haridwar,NON_EV,DIESEL,ALL,ALL,ALL,ALL,226,2026-05-15T11:12:30.193Z,https://vahan.parivahan.gov.in/vahan4dashboard/vahan/view/reportview.xhtml
2024,5,Uttarakhand,haridwar,NON_EV,DIESEL/HYBRID,ALL,ALL,ALL,ALL,0,2026-05-15T11:12:30.193Z,https://vahan.parivahan.gov.in/vahan4dashboard/vahan/view/reportview.xhtml
2024,5,Uttarakhand,haridwar,EV,ELECTRIC(BOV),ALL,ALL,ALL,ALL,436,2026-05-15T11:12:30.193Z,https://vahan.parivahan.gov.in/vahan4dashboard/vahan/view/reportview.xhtml
2024,5,Uttarakhand,haridwar,NON_EV,NOT APPLICABLE,ALL,ALL,ALL,ALL,1,2026-05-15T11:12:30.193Z,https://vahan.parivahan.gov.in/vahan4dashboard/vahan/view/reportview.xhtml
2024,5,Uttarakhand,haridwar,NON_EV,PETROL,ALL,ALL,ALL,ALL,2039,2026-05-15T11:12:30.193Z,https://vahan.parivahan.gov.in/vahan4dashboard/vahan/view/reportview.xhtml
2024,5,Uttarakhand,haridwar,NON_EV,PETROL(E20),ALL,ALL,ALL,ALL,31,2026-05-15T11:12:30.193Z,https://vahan.parivahan.gov.in/vahan4dashboard/vahan/view/reportview.xhtml
2024,5,Uttarakhand,haridwar,NON_EV,PETROL/CNG,ALL,ALL,ALL,ALL,75,2026-05-15T11:12:30.193Z,https://vahan.parivahan.gov.in/vahan4dashboard/vahan/view/reportview.xhtml
2024,5,Uttarakhand,haridwar,NON_EV,PETROL/HYBRID,ALL,ALL,ALL,ALL,33,2026-05-15T11:12:30.193Z,https://vahan.parivahan.gov.in/vahan4dashboard/vahan/view/reportview.xhtml
2024,5,Uttarakhand,haridwar,EV,PURE EV,ALL,ALL,ALL,ALL,39,2026-05-15T11:12:30.193Z,https://vahan.parivahan.gov.in/vahan4dashboard/vahan/view/reportview.xhtml
2024,5,Uttarakhand,haridwar,EV,STRONG HYBRID EV,ALL,ALL,ALL,ALL,4,2026-05-15T11:12:30.193Z,https://vahan.parivahan.gov.in/vahan4dashboard/vahan/view/reportview.xhtml
2024,6,Maharashtra,All Vahan4 Running Office,NON_EV,CNG ONLY,ALL,ALL,ALL,ALL,5009,2026-05-18T07:41:28.230Z,https://vahan.parivahan.gov.in/vahan4dashboard/vahan/view/reportview.xhtml
2024,6,Maharashtra,All Vahan4 Running Office,NON_EV,DIESEL,ALL,ALL,ALL,ALL,21412,2026-05-18T07:41:28.230Z,https://vahan.parivahan.gov.in/vahan4dashboard/vahan/view/reportview.xhtml
2024,6,Maharashtra,All Vahan4 Running Office,NON_EV,DIESEL/HYBRID,ALL,ALL,ALL,ALL,73,2026-05-18T07:41:28.230Z,https://vahan.parivahan.gov.in/vahan4dashboard/vahan/view/reportview.xhtml
2024,6,Maharashtra,All Vahan4 Running Office,EV,ELECTRIC(BOV),ALL,ALL,ALL,ALL,11203,2026-05-18T07:41:28.230Z,https://vahan.parivahan.gov.in/vahan4dashboard/vahan/view/reportview.xhtml
2024,6,Maharashtra,All Vahan4 Running Office,NON_EV,ETHANOL(E100),ALL,ALL,ALL,ALL,0,2026-05-18T07:41:28.230Z,https://vahan.parivahan.gov.in/vahan4dashboard/vahan/view/reportview.xhtml
2024,6,Maharashtra,All Vahan4 Running Office,NON_EV,LNG,ALL,ALL,ALL,ALL,14,2026-05-18T07:41:28.230Z,https://vahan.parivahan.gov.in/vahan4dashboard/vahan/view/reportview.xhtml
2024,6,Maharashtra,All Vahan4 Running Office,NON_EV,LPG ONLY,ALL,ALL,ALL,ALL,541,2026-05-18T07:41:28.230Z,https://vahan.parivahan.gov.in/vahan4dashboard/vahan/view/reportview.xhtml
2024,6,Maharashtra,All Vahan4 Running Office,NON_EV,NOT APPLICABLE,ALL,ALL,ALL,ALL,782,2026-05-18T07:41:28.230Z,https://vahan.parivahan.gov.in/vahan4dashboard/vahan/view/reportview.xhtml
2024,6,Maharashtra,All Vahan4 Running Office,NON_EV,PETROL,ALL,ALL,ALL,ALL,131593,2026-05-18T07:41:28.230Z,https://vahan.parivahan.gov.in/vahan4dashboard/vahan/view/reportview.xhtml
2024,6,Maharashtra,All Vahan4 Running Office,NON_EV,PETROL(E20),ALL,ALL,ALL,ALL,4207,2026-05-18T07:41:28.230Z,https://vahan.parivahan.gov.in/vahan4dashboard/vahan/view/reportview.xhtml
2024,6,Maharashtra,All Vahan4 Running Office,NON_EV,PETROL(E20)/CNG,ALL,ALL,ALL,ALL,0,2026-05-18T07:41:28.230Z,https://vahan.parivahan.gov.in/vahan4dashboard/vahan/view/reportview.xhtml
2024,6,Maharashtra,All Vahan4 Running Office,NON_EV,PETROL(E20)/LPG,ALL,ALL,ALL,ALL,0,2026-05-18T07:41:28.230Z,https://vahan.parivahan.gov.in/vahan4dashboard/vahan/view/reportview.xhtml
2024,6,Maharashtra,All Vahan4 Running Office,NON_EV,PETROL/CNG,ALL,ALL,ALL,ALL,11303,2026-05-18T07:41:28.230Z,https://vahan.parivahan.gov.in/vahan4dashboard/vahan/view/reportview.xhtml
2024,6,Maharashtra,All Vahan4 Running Office,NON_EV,PETROL/HYBRID,ALL,ALL,ALL,ALL,1849,2026-05-18T07:41:28.230Z,https://vahan.parivahan.gov.in/vahan4dashboard/vahan/view/reportview.xhtml
2024,6,Maharashtra,All Vahan4 Running Office,NON_EV,PETROL/HYBRID/CNG,ALL,ALL,ALL,ALL,2,2026-05-18T07:41:28.230Z,https://vahan.parivahan.gov.in/vahan4dashboard/vahan/view/reportview.xhtml
2024,6,Maharashtra,All Vahan4 Running Office,NON_EV,PETROL/LPG,ALL,ALL,ALL,ALL,30,2026-05-18T07:41:28.230Z,https://vahan.parivahan.gov.in/vahan4dashboard/vahan/view/reportview.xhtml
2024,6,Maharashtra,All Vahan4 Running Office,EV,PLUG-IN HYBRID EV,ALL,ALL,ALL,ALL,0,2026-05-18T07:41:28.230Z,https://vahan.parivahan.gov.in/vahan4dashboard/vahan/view/reportview.xhtml
2024,6,Maharashtra,All Vahan4 Running Office,EV,PURE EV,ALL,ALL,ALL,ALL,4070,2026-05-18T07:41:28.230Z,https://vahan.parivahan.gov.in/vahan4dashboard/vahan/view/reportview.xhtml
2024,6,Maharashtra,All Vahan4 Running Office,EV,STRONG HYBRID EV,ALL,ALL,ALL,ALL,604,2026-05-18T07:41:28.230Z,https://vahan.parivahan.gov.in/vahan4dashboard/vahan/view/reportview.xhtml
2024,6,Maharashtra,All Vahan4 Running Office,NON_EV,DIESEL,ALL,ALL,ALL,AMBULANCE,13,2026-05-18T10:30:37.967Z,https://vahan.parivahan.gov.in/vahan4dashboard/vahan/view/reportview.xhtml
2024,6,Maharashtra,All Vahan4 Running Office,NON_EV,PETROL,ALL,ALL,ALL,AMBULANCE,68,2026-05-18T10:30:37.967Z,https://vahan.parivahan.gov.in/vahan4dashboard/vahan/view/reportview.xhtml
2024,6,Maharashtra,All Vahan4 Running Office,NON_EV,PETROL/CNG,ALL,ALL,ALL,AMBULANCE,3,2026-05-18T10:30:37.968Z,https://vahan.parivahan.gov.in/vahan4dashboard/vahan/view/reportview.xhtml
2024,6,Maharashtra,All Vahan4 Running Office,NON_EV,CNG ONLY,ALL,ALL,ALL,BUS,41,2026-05-18T10:34:00.652Z,https://vahan.parivahan.gov.in/vahan4dashboard/vahan/view/reportview.xhtml
2024,6,Maharashtra,All Vahan4 Running Office,NON_EV,DIESEL,ALL,ALL,ALL,BUS,956,2026-05-18T10:34:00.652Z,https://vahan.parivahan.gov.in/vahan4dashboard/vahan/view/reportview.xhtml
2024,6,Maharashtra,All Vahan4 Running Office,EV,ELECTRIC(BOV),ALL,ALL,ALL,BUS,38,2026-05-18T10:34:00.652Z,https://vahan.parivahan.gov.in/vahan4dashboard/vahan/view/reportview.xhtml
2024,6,Maharashtra,All Vahan4 Running Office,NON_EV,PETROL,ALL,ALL,ALL,BUS,1,2026-05-18T10:34:00.652Z,https://vahan.parivahan.gov.in/vahan4dashboard/vahan/view/reportview.xhtml
2024,6,Maharashtra,All Vahan4 Running Office,EV,PURE EV,ALL,ALL,ALL,BUS,1,2026-05-18T10:34:00.652Z,https://vahan.parivahan.gov.in/vahan4dashboard/vahan/view/reportview.xhtml
2024,6,Uttar Pradesh,Noida - UP16( 13-NOV-2017 ),NON_EV,CNG ONLY,ALL,ALL,ALL,ALL,561,2026-05-15T11:03:42.197Z,https://vahan.parivahan.gov.in/vahan4dashboard/vahan/view/reportview.xhtml
2024,6,Uttar Pradesh,Noida - UP16( 13-NOV-2017 ),NON_EV,DIESEL,ALL,ALL,ALL,ALL,901,2026-05-15T11:03:42.197Z,https://vahan.parivahan.gov.in/vahan4dashboard/vahan/view/reportview.xhtml
2024,6,Uttar Pradesh,Noida - UP16( 13-NOV-2017 ),NON_EV,DIESEL/HYBRID,ALL,ALL,ALL,ALL,11,2026-05-15T11:03:42.197Z,https://vahan.parivahan.gov.in/vahan4dashboard/vahan/view/reportview.xhtml
2024,6,Uttar Pradesh,Noida - UP16( 13-NOV-2017 ),EV,ELECTRIC(BOV),ALL,ALL,ALL,ALL,897,2026-05-15T11:03:42.197Z,https://vahan.parivahan.gov.in/vahan4dashboard/vahan/view/reportview.xhtml
2024,6,Uttar Pradesh,Noida - UP16( 13-NOV-2017 ),NON_EV,ETHANOL(E100),ALL,ALL,ALL,ALL,0,2026-05-15T11:03:42.197Z,https://vahan.parivahan.gov.in/vahan4dashboard/vahan/view/reportview.xhtml
2024,6,Uttar Pradesh,Noida - UP16( 13-NOV-2017 ),NON_EV,PETROL,ALL,ALL,ALL,ALL,7785,2026-05-15T11:03:42.197Z,https://vahan.parivahan.gov.in/vahan4dashboard/vahan/view/reportview.xhtml
2024,6,Uttar Pradesh,Noida - UP16( 13-NOV-2017 ),NON_EV,PETROL(E20),ALL,ALL,ALL,ALL,86,2026-05-15T11:03:42.197Z,https://vahan.parivahan.gov.in/vahan4dashboard/vahan/view/reportview.xhtml
2024,6,Uttar Pradesh,Noida - UP16( 13-NOV-2017 ),NON_EV,PETROL/CNG,ALL,ALL,ALL,ALL,1091,2026-05-15T11:03:42.197Z,https://vahan.parivahan.gov.in/vahan4dashboard/vahan/view/reportview.xhtml
2024,6,Uttar Pradesh,Noida - UP16( 13-NOV-2017 ),NON_EV,PETROL/HYBRID,ALL,ALL,ALL,ALL,291,2026-05-15T11:03:42.197Z,https://vahan.parivahan.gov.in/vahan4dashboard/vahan/view/reportview.xhtml
2024,6,Uttar Pradesh,Noida - UP16( 13-NOV-2017 ),EV,PLUG-IN HYBRID EV,ALL,ALL,ALL,ALL,0,2026-05-15T11:03:42.197Z,https://vahan.parivahan.gov.in/vahan4dashboard/vahan/view/reportview.xhtml
2024,6,Uttar Pradesh,Noida - UP16( 13-NOV-2017 ),EV,PURE EV,ALL,ALL,ALL,ALL,105,2026-05-15T11:03:42.197Z,https://vahan.parivahan.gov.in/vahan4dashboard/vahan/view/reportview.xhtml
2024,6,Uttar Pradesh,Noida - UP16( 13-NOV-2017 ),EV,STRONG HYBRID EV,ALL,ALL,ALL,ALL,133,2026-05-15T11:03:42.197Z,https://vahan.parivahan.gov.in/vahan4dashboard/vahan/view/reportview.xhtml
2024,6,Uttarakhand,haridwar,NON_EV,CNG ONLY,ALL,ALL,ALL,ALL,23,2026-05-15T11:12:30.193Z,https://vahan.parivahan.gov.in/vahan4dashboard/vahan/view/reportview.xhtml
2024,6,Uttarakhand,haridwar,NON_EV,DIESEL,ALL,ALL,ALL,ALL,207,2026-05-15T11:12:30.193Z,https://vahan.parivahan.gov.in/vahan4dashboard/vahan/view/reportview.xhtml
2024,6,Uttarakhand,haridwar,NON_EV,DIESEL/HYBRID,ALL,ALL,ALL,ALL,0,2026-05-15T11:12:30.193Z,https://vahan.parivahan.gov.in/vahan4dashboard/vahan/view/reportview.xhtml
2024,6,Uttarakhand,haridwar,EV,ELECTRIC(BOV),ALL,ALL,ALL,ALL,373,2026-05-15T11:12:30.193Z,https://vahan.parivahan.gov.in/vahan4dashboard/vahan/view/reportview.xhtml
2024,6,Uttarakhand,haridwar,NON_EV,NOT APPLICABLE,ALL,ALL,ALL,ALL,0,2026-05-15T11:12:30.193Z,https://vahan.parivahan.gov.in/vahan4dashboard/vahan/view/reportview.xhtml
2024,6,Uttarakhand,haridwar,NON_EV,PETROL,ALL,ALL,ALL,ALL,1639,2026-05-15T11:12:30.193Z,https://vahan.parivahan.gov.in/vahan4dashboard/vahan/view/reportview.xhtml
2024,6,Uttarakhand,haridwar,NON_EV,PETROL(E20),ALL,ALL,ALL,ALL,28,2026-05-15T11:12:30.193Z,https://vahan.parivahan.gov.in/vahan4dashboard/vahan/view/reportview.xhtml
2024,6,Uttarakhand,haridwar,NON_EV,PETROL/CNG,ALL,ALL,ALL,ALL,37,2026-05-15T11:12:30.193Z,https://vahan.parivahan.gov.in/vahan4dashboard/vahan/view/reportview.xhtml
2024,6,Uttarakhand,haridwar,NON_EV,PETROL/HYBRID,ALL,ALL,ALL,ALL,30,2026-05-15T11:12:30.193Z,https://vahan.parivahan.gov.in/vahan4dashboard/vahan/view/reportview.xhtml
2024,6,Uttarakhand,haridwar,EV,PURE EV,ALL,ALL,ALL,ALL,50,2026-05-15T11:12:30.193Z,https://vahan.parivahan.gov.in/vahan4dashboard/vahan/view/reportview.xhtml
2024,6,Uttarakhand,haridwar,EV,STRONG HYBRID EV,ALL,ALL,ALL,ALL,3,2026-05-15T11:12:30.193Z,https://vahan.parivahan.gov.in/vahan4dashboard/vahan/view/reportview.xhtml
2024,7,Maharashtra,All Vahan4 Running Office,NON_EV,CNG ONLY,ALL,ALL,ALL,ALL,6186,2026-05-18T07:41:28.230Z,https://vahan.parivahan.gov.in/vahan4dashboard/vahan/view/reportview.xhtml
2024,7,Maharashtra,All Vahan4 Running Office,NON_EV,DIESEL,ALL,ALL,ALL,ALL,24122,2026-05-18T07:41:28.230Z,https://vahan.parivahan.gov.in/vahan4dashboard/vahan/view/reportview.xhtml
2024,7,Maharashtra,All Vahan4 Running Office,NON_EV,DIESEL/HYBRID,ALL,ALL,ALL,ALL,70,2026-05-18T07:41:28.230Z,https://vahan.parivahan.gov.in/vahan4dashboard/vahan/view/reportview.xhtml
2024,7,Maharashtra,All Vahan4 Running Office,EV,ELECTRIC(BOV),ALL,ALL,ALL,ALL,12665,2026-05-18T07:41:28.230Z,https://vahan.parivahan.gov.in/vahan4dashboard/vahan/view/reportview.xhtml
2024,7,Maharashtra,All Vahan4 Running Office,NON_EV,ETHANOL(E100),ALL,ALL,ALL,ALL,0,2026-05-18T07:41:28.230Z,https://vahan.parivahan.gov.in/vahan4dashboard/vahan/view/reportview.xhtml
2024,7,Maharashtra,All Vahan4 Running Office,NON_EV,LNG,ALL,ALL,ALL,ALL,2,2026-05-18T07:41:28.230Z,https://vahan.parivahan.gov.in/vahan4dashboard/vahan/view/reportview.xhtml
2024,7,Maharashtra,All Vahan4 Running Office,NON_EV,LPG ONLY,ALL,ALL,ALL,ALL,587,2026-05-18T07:41:28.230Z,https://vahan.parivahan.gov.in/vahan4dashboard/vahan/view/reportview.xhtml
2024,7,Maharashtra,All Vahan4 Running Office,NON_EV,NOT APPLICABLE,ALL,ALL,ALL,ALL,802,2026-05-18T07:41:28.230Z,https://vahan.parivahan.gov.in/vahan4dashboard/vahan/view/reportview.xhtml
2024,7,Maharashtra,All Vahan4 Running Office,NON_EV,PETROL,ALL,ALL,ALL,ALL,133642,2026-05-18T07:41:28.230Z,https://vahan.parivahan.gov.in/vahan4dashboard/vahan/view/reportview.xhtml
2024,7,Maharashtra,All Vahan4 Running Office,NON_EV,PETROL(E20),ALL,ALL,ALL,ALL,3936,2026-05-18T07:41:28.230Z,https://vahan.parivahan.gov.in/vahan4dashboard/vahan/view/reportview.xhtml
2024,7,Maharashtra,All Vahan4 Running Office,NON_EV,PETROL(E20)/CNG,ALL,ALL,ALL,ALL,0,2026-05-18T07:41:28.230Z,https://vahan.parivahan.gov.in/vahan4dashboard/vahan/view/reportview.xhtml
2024,7,Maharashtra,All Vahan4 Running Office,NON_EV,PETROL(E20)/LPG,ALL,ALL,ALL,ALL,0,2026-05-18T07:41:28.230Z,https://vahan.parivahan.gov.in/vahan4dashboard/vahan/view/reportview.xhtml
2024,7,Maharashtra,All Vahan4 Running Office,NON_EV,PETROL/CNG,ALL,ALL,ALL,ALL,12926,2026-05-18T07:41:28.230Z,https://vahan.parivahan.gov.in/vahan4dashboard/vahan/view/reportview.xhtml
2024,7,Maharashtra,All Vahan4 Running Office,NON_EV,PETROL/HYBRID,ALL,ALL,ALL,ALL,1932,2026-05-18T07:41:28.230Z,https://vahan.parivahan.gov.in/vahan4dashboard/vahan/view/reportview.xhtml
2024,7,Maharashtra,All Vahan4 Running Office,NON_EV,PETROL/HYBRID/CNG,ALL,ALL,ALL,ALL,1,2026-05-18T07:41:28.230Z,https://vahan.parivahan.gov.in/vahan4dashboard/vahan/view/reportview.xhtml
2024,7,Maharashtra,All Vahan4 Running Office,NON_EV,PETROL/LPG,ALL,ALL,ALL,ALL,31,2026-05-18T07:41:28.230Z,https://vahan.parivahan.gov.in/vahan4dashboard/vahan/view/reportview.xhtml
2024,7,Maharashtra,All Vahan4 Running Office,EV,PLUG-IN HYBRID EV,ALL,ALL,ALL,ALL,0,2026-05-18T07:41:28.230Z,https://vahan.parivahan.gov.in/vahan4dashboard/vahan/view/reportview.xhtml
2024,7,Maharashtra,All Vahan4 Running Office,EV,PURE EV,ALL,ALL,ALL,ALL,8225,2026-05-18T07:41:28.230Z,https://vahan.parivahan.gov.in/vahan4dashboard/vahan/view/reportview.xhtml
2024,7,Maharashtra,All Vahan4 Running Office,EV,STRONG HYBRID EV,ALL,ALL,ALL,ALL,995,2026-05-18T07:41:28.230Z,https://vahan.parivahan.gov.in/vahan4dashboard/vahan/view/reportview.xhtml
2024,7,Maharashtra,All Vahan4 Running Office,NON_EV,DIESEL,ALL,ALL,ALL,AMBULANCE,43,2026-05-18T10:30:37.968Z,https://vahan.parivahan.gov.in/vahan4dashboard/vahan/view/reportview.xhtml
2024,7,Maharashtra,All Vahan4 Running Office,NON_EV,PETROL,ALL,ALL,ALL,AMBULANCE,53,2026-05-18T10:30:37.968Z,https://vahan.parivahan.gov.in/vahan4dashboard/vahan/view/reportview.xhtml
2024,7,Maharashtra,All Vahan4 Running Office,NON_EV,PETROL/CNG,ALL,ALL,ALL,AMBULANCE,0,2026-05-18T10:30:37.968Z,https://vahan.parivahan.gov.in/vahan4dashboard/vahan/view/reportview.xhtml
2024,7,Maharashtra,All Vahan4 Running Office,NON_EV,CNG ONLY,ALL,ALL,ALL,BUS,34,2026-05-18T10:34:00.652Z,https://vahan.parivahan.gov.in/vahan4dashboard/vahan/view/reportview.xhtml
2024,7,Maharashtra,All Vahan4 Running Office,NON_EV,DIESEL,ALL,ALL,ALL,BUS,1155,2026-05-18T10:34:00.652Z,https://vahan.parivahan.gov.in/vahan4dashboard/vahan/view/reportview.xhtml
2024,7,Maharashtra,All Vahan4 Running Office,EV,ELECTRIC(BOV),ALL,ALL,ALL,BUS,70,2026-05-18T10:34:00.652Z,https://vahan.parivahan.gov.in/vahan4dashboard/vahan/view/reportview.xhtml
2024,7,Maharashtra,All Vahan4 Running Office,NON_EV,PETROL,ALL,ALL,ALL,BUS,3,2026-05-18T10:34:00.653Z,https://vahan.parivahan.gov.in/vahan4dashboard/vahan/view/reportview.xhtml
2024,7,Maharashtra,All Vahan4 Running Office,EV,PURE EV,ALL,ALL,ALL,BUS,7,2026-05-18T10:34:00.653Z,https://vahan.parivahan.gov.in/vahan4dashboard/vahan/view/reportview.xhtml
2024,7,Uttar Pradesh,Noida - UP16( 13-NOV-2017 ),NON_EV,CNG ONLY,ALL,ALL,ALL,ALL,408,2026-05-15T11:03:42.197Z,https://vahan.parivahan.gov.in/vahan4dashboard/vahan/view/reportview.xhtml
2024,7,Uttar Pradesh,Noida - UP16( 13-NOV-2017 ),NON_EV,DIESEL,ALL,ALL,ALL,ALL,833,2026-05-15T11:03:42.197Z,https://vahan.parivahan.gov.in/vahan4dashboard/vahan/view/reportview.xhtml
2024,7,Uttar Pradesh,Noida - UP16( 13-NOV-2017 ),NON_EV,DIESEL/HYBRID,ALL,ALL,ALL,ALL,4,2026-05-15T11:03:42.197Z,https://vahan.parivahan.gov.in/vahan4dashboard/vahan/view/reportview.xhtml
2024,7,Uttar Pradesh,Noida - UP16( 13-NOV-2017 ),EV,ELECTRIC(BOV),ALL,ALL,ALL,ALL,1065,2026-05-15T11:03:42.197Z,https://vahan.parivahan.gov.in/vahan4dashboard/vahan/view/reportview.xhtml
2024,7,Uttar Pradesh,Noida - UP16( 13-NOV-2017 ),NON_EV,ETHANOL(E100),ALL,ALL,ALL,ALL,0,2026-05-15T11:03:42.197Z,https://vahan.parivahan.gov.in/vahan4dashboard/vahan/view/reportview.xhtml
2024,7,Uttar Pradesh,Noida - UP16( 13-NOV-2017 ),NON_EV,PETROL,ALL,ALL,ALL,ALL,8286,2026-05-15T11:03:42.197Z,https://vahan.parivahan.gov.in/vahan4dashboard/vahan/view/reportview.xhtml
2024,7,Uttar Pradesh,Noida - UP16( 13-NOV-2017 ),NON_EV,PETROL(E20),ALL,ALL,ALL,ALL,86,2026-05-15T11:03:42.197Z,https://vahan.parivahan.gov.in/vahan4dashboard/vahan/view/reportview.xhtml
2024,7,Uttar Pradesh,Noida - UP16( 13-NOV-2017 ),NON_EV,PETROL/CNG,ALL,ALL,ALL,ALL,1092,2026-05-15T11:03:42.197Z,https://vahan.parivahan.gov.in/vahan4dashboard/vahan/view/reportview.xhtml
2024,7,Uttar Pradesh,Noida - UP16( 13-NOV-2017 ),NON_EV,PETROL/HYBRID,ALL,ALL,ALL,ALL,258,2026-05-15T11:03:42.197Z,https://vahan.parivahan.gov.in/vahan4dashboard/vahan/view/reportview.xhtml
2024,7,Uttar Pradesh,Noida - UP16( 13-NOV-2017 ),EV,PLUG-IN HYBRID EV,ALL,ALL,ALL,ALL,0,2026-05-15T11:03:42.197Z,https://vahan.parivahan.gov.in/vahan4dashboard/vahan/view/reportview.xhtml
2024,7,Uttar Pradesh,Noida - UP16( 13-NOV-2017 ),EV,PURE EV,ALL,ALL,ALL,ALL,190,2026-05-15T11:03:42.197Z,https://vahan.parivahan.gov.in/vahan4dashboard/vahan/view/reportview.xhtml
2024,7,Uttar Pradesh,Noida - UP16( 13-NOV-2017 ),EV,STRONG HYBRID EV,ALL,ALL,ALL,ALL,439,2026-05-15T11:03:42.197Z,https://vahan.parivahan.gov.in/vahan4dashboard/vahan/view/reportview.xhtml
2024,7,Uttarakhand,haridwar,NON_EV,CNG ONLY,ALL,ALL,ALL,ALL,21,2026-05-15T11:12:30.193Z,https://vahan.parivahan.gov.in/vahan4dashboard/vahan/view/reportview.xhtml
2024,7,Uttarakhand,haridwar,NON_EV,DIESEL,ALL,ALL,ALL,ALL,223,2026-05-15T11:12:30.193Z,https://vahan.parivahan.gov.in/vahan4dashboard/vahan/view/reportview.xhtml
2024,7,Uttarakhand,haridwar,NON_EV,DIESEL/HYBRID,ALL,ALL,ALL,ALL,3,2026-05-15T11:12:30.193Z,https://vahan.parivahan.gov.in/vahan4dashboard/vahan/view/reportview.xhtml
2024,7,Uttarakhand,haridwar,EV,ELECTRIC(BOV),ALL,ALL,ALL,ALL,286,2026-05-15T11:12:30.193Z,https://vahan.parivahan.gov.in/vahan4dashboard/vahan/view/reportview.xhtml
2024,7,Uttarakhand,haridwar,NON_EV,NOT APPLICABLE,ALL,ALL,ALL,ALL,0,2026-05-15T11:12:30.193Z,https://vahan.parivahan.gov.in/vahan4dashboard/vahan/view/reportview.xhtml
2024,7,Uttarakhand,haridwar,NON_EV,PETROL,ALL,ALL,ALL,ALL,1941,2026-05-15T11:12:30.193Z,https://vahan.parivahan.gov.in/vahan4dashboard/vahan/view/reportview.xhtml
2024,7,Uttarakhand,haridwar,NON_EV,PETROL(E20),ALL,ALL,ALL,ALL,40,2026-05-15T11:12:30.193Z,https://vahan.parivahan.gov.in/vahan4dashboard/vahan/view/reportview.xhtml
2024,7,Uttarakhand,haridwar,NON_EV,PETROL/CNG,ALL,ALL,ALL,ALL,23,2026-05-15T11:12:30.193Z,https://vahan.parivahan.gov.in/vahan4dashboard/vahan/view/reportview.xhtml
2024,7,Uttarakhand,haridwar,NON_EV,PETROL/HYBRID,ALL,ALL,ALL,ALL,36,2026-05-15T11:12:30.193Z,https://vahan.parivahan.gov.in/vahan4dashboard/vahan/view/reportview.xhtml
2024,7,Uttarakhand,haridwar,EV,PURE EV,ALL,ALL,ALL,ALL,64,2026-05-15T11:12:30.193Z,https://vahan.parivahan.gov.in/vahan4dashboard/vahan/view/reportview.xhtml
2024,7,Uttarakhand,haridwar,EV,STRONG HYBRID EV,ALL,ALL,ALL,ALL,5,2026-05-15T11:12:30.193Z,https://vahan.parivahan.gov.in/vahan4dashboard/vahan/view/reportview.xhtml
2024,8,Maharashtra,All Vahan4 Running Office,NON_EV,CNG ONLY,ALL,ALL,ALL,ALL,7666,2026-05-18T07:41:28.230Z,https://vahan.parivahan.gov.in/vahan4dashboard/vahan/view/reportview.xhtml
2024,8,Maharashtra,All Vahan4 Running Office,NON_EV,DIESEL,ALL,ALL,ALL,ALL,22873,2026-05-18T07:41:28.230Z,https://vahan.parivahan.gov.in/vahan4dashboard/vahan/view/reportview.xhtml
2024,8,Maharashtra,All Vahan4 Running Office,NON_EV,DIESEL/HYBRID,ALL,ALL,ALL,ALL,68,2026-05-18T07:41:28.230Z,https://vahan.parivahan.gov.in/vahan4dashboard/vahan/view/reportview.xhtml
2024,8,Maharashtra,All Vahan4 Running Office,EV,ELECTRIC(BOV),ALL,ALL,ALL,ALL,9392,2026-05-18T07:41:28.230Z,https://vahan.parivahan.gov.in/vahan4dashboard/vahan/view/reportview.xhtml
2024,8,Maharashtra,All Vahan4 Running Office,NON_EV,ETHANOL(E100),ALL,ALL,ALL,ALL,0,2026-05-18T07:41:28.230Z,https://vahan.parivahan.gov.in/vahan4dashboard/vahan/view/reportview.xhtml
2024,8,Maharashtra,All Vahan4 Running Office,NON_EV,LNG,ALL,ALL,ALL,ALL,21,2026-05-18T07:41:28.230Z,https://vahan.parivahan.gov.in/vahan4dashboard/vahan/view/reportview.xhtml
2024,8,Maharashtra,All Vahan4 Running Office,NON_EV,LPG ONLY,ALL,ALL,ALL,ALL,607,2026-05-18T07:41:28.230Z,https://vahan.parivahan.gov.in/vahan4dashboard/vahan/view/reportview.xhtml
2024,8,Maharashtra,All Vahan4 Running Office,NON_EV,NOT APPLICABLE,ALL,ALL,ALL,ALL,832,2026-05-18T07:41:28.230Z,https://vahan.parivahan.gov.in/vahan4dashboard/vahan/view/reportview.xhtml
2024,8,Maharashtra,All Vahan4 Running Office,NON_EV,PETROL,ALL,ALL,ALL,ALL,132079,2026-05-18T07:41:28.230Z,https://vahan.parivahan.gov.in/vahan4dashboard/vahan/view/reportview.xhtml
2024,8,Maharashtra,All Vahan4 Running Office,NON_EV,PETROL(E20),ALL,ALL,ALL,ALL,4178,2026-05-18T07:41:28.230Z,https://vahan.parivahan.gov.in/vahan4dashboard/vahan/view/reportview.xhtml
2024,8,Maharashtra,All Vahan4 Running Office,NON_EV,PETROL(E20)/CNG,ALL,ALL,ALL,ALL,0,2026-05-18T07:41:28.230Z,https://vahan.parivahan.gov.in/vahan4dashboard/vahan/view/reportview.xhtml
2024,8,Maharashtra,All Vahan4 Running Office,NON_EV,PETROL(E20)/LPG,ALL,ALL,ALL,ALL,0,2026-05-18T07:41:28.230Z,https://vahan.parivahan.gov.in/vahan4dashboard/vahan/view/reportview.xhtml
2024,8,Maharashtra,All Vahan4 Running Office,NON_EV,PETROL/CNG,ALL,ALL,ALL,ALL,13965,2026-05-18T07:41:28.230Z,https://vahan.parivahan.gov.in/vahan4dashboard/vahan/view/reportview.xhtml
2024,8,Maharashtra,All Vahan4 Running Office,NON_EV,PETROL/HYBRID,ALL,ALL,ALL,ALL,2008,2026-05-18T07:41:28.230Z,https://vahan.parivahan.gov.in/vahan4dashboard/vahan/view/reportview.xhtml
2024,8,Maharashtra,All Vahan4 Running Office,NON_EV,PETROL/HYBRID/CNG,ALL,ALL,ALL,ALL,3,2026-05-18T07:41:28.230Z,https://vahan.parivahan.gov.in/vahan4dashboard/vahan/view/reportview.xhtml
2024,8,Maharashtra,All Vahan4 Running Office,NON_EV,PETROL/LPG,ALL,ALL,ALL,ALL,49,2026-05-18T07:41:28.230Z,https://vahan.parivahan.gov.in/vahan4dashboard/vahan/view/reportview.xhtml
2024,8,Maharashtra,All Vahan4 Running Office,EV,PLUG-IN HYBRID EV,ALL,ALL,ALL,ALL,0,2026-05-18T07:41:28.230Z,https://vahan.parivahan.gov.in/vahan4dashboard/vahan/view/reportview.xhtml
2024,8,Maharashtra,All Vahan4 Running Office,EV,PURE EV,ALL,ALL,ALL,ALL,7407,2026-05-18T07:41:28.230Z,https://vahan.parivahan.gov.in/vahan4dashboard/vahan/view/reportview.xhtml
2024,8,Maharashtra,All Vahan4 Running Office,EV,STRONG HYBRID EV,ALL,ALL,ALL,ALL,1156,2026-05-18T07:41:28.230Z,https://vahan.parivahan.gov.in/vahan4dashboard/vahan/view/reportview.xhtml
2024,8,Maharashtra,All Vahan4 Running Office,NON_EV,DIESEL,ALL,ALL,ALL,AMBULANCE,37,2026-05-18T10:30:37.968Z,https://vahan.parivahan.gov.in/vahan4dashboard/vahan/view/reportview.xhtml
2024,8,Maharashtra,All Vahan4 Running Office,NON_EV,PETROL,ALL,ALL,ALL,AMBULANCE,51,2026-05-18T10:30:37.968Z,https://vahan.parivahan.gov.in/vahan4dashboard/vahan/view/reportview.xhtml
2024,8,Maharashtra,All Vahan4 Running Office,NON_EV,PETROL/CNG,ALL,ALL,ALL,AMBULANCE,0,2026-05-18T10:30:37.968Z,https://vahan.parivahan.gov.in/vahan4dashboard/vahan/view/reportview.xhtml
2024,8,Maharashtra,All Vahan4 Running Office,NON_EV,CNG ONLY,ALL,ALL,ALL,BUS,18,2026-05-18T10:34:00.653Z,https://vahan.parivahan.gov.in/vahan4dashboard/vahan/view/reportview.xhtml
2024,8,Maharashtra,All Vahan4 Running Office,NON_EV,DIESEL,ALL,ALL,ALL,BUS,776,2026-05-18T10:34:00.653Z,https://vahan.parivahan.gov.in/vahan4dashboard/vahan/view/reportview.xhtml
2024,8,Maharashtra,All Vahan4 Running Office,EV,ELECTRIC(BOV),ALL,ALL,ALL,BUS,76,2026-05-18T10:34:00.653Z,https://vahan.parivahan.gov.in/vahan4dashboard/vahan/view/reportview.xhtml
2024,8,Maharashtra,All Vahan4 Running Office,NON_EV,PETROL,ALL,ALL,ALL,BUS,2,2026-05-18T10:34:00.653Z,https://vahan.parivahan.gov.in/vahan4dashboard/vahan/view/reportview.xhtml
2024,8,Maharashtra,All Vahan4 Running Office,EV,PURE EV,ALL,ALL,ALL,BUS,12,2026-05-18T10:34:00.653Z,https://vahan.parivahan.gov.in/vahan4dashboard/vahan/view/reportview.xhtml
2024,8,Uttar Pradesh,Noida - UP16( 13-NOV-2017 ),NON_EV,CNG ONLY,ALL,ALL,ALL,ALL,347,2026-05-15T11:03:42.197Z,https://vahan.parivahan.gov.in/vahan4dashboard/vahan/view/reportview.xhtml
2024,8,Uttar Pradesh,Noida - UP16( 13-NOV-2017 ),NON_EV,DIESEL,ALL,ALL,ALL,ALL,859,2026-05-15T11:03:42.197Z,https://vahan.parivahan.gov.in/vahan4dashboard/vahan/view/reportview.xhtml
2024,8,Uttar Pradesh,Noida - UP16( 13-NOV-2017 ),NON_EV,DIESEL/HYBRID,ALL,ALL,ALL,ALL,2,2026-05-15T11:03:42.197Z,https://vahan.parivahan.gov.in/vahan4dashboard/vahan/view/reportview.xhtml
2024,8,Uttar Pradesh,Noida - UP16( 13-NOV-2017 ),EV,ELECTRIC(BOV),ALL,ALL,ALL,ALL,1006,2026-05-15T11:03:42.197Z,https://vahan.parivahan.gov.in/vahan4dashboard/vahan/view/reportview.xhtml
2024,8,Uttar Pradesh,Noida - UP16( 13-NOV-2017 ),NON_EV,ETHANOL(E100),ALL,ALL,ALL,ALL,0,2026-05-15T11:03:42.197Z,https://vahan.parivahan.gov.in/vahan4dashboard/vahan/view/reportview.xhtml
2024,8,Uttar Pradesh,Noida - UP16( 13-NOV-2017 ),NON_EV,PETROL,ALL,ALL,ALL,ALL,8231,2026-05-15T11:03:42.197Z,https://vahan.parivahan.gov.in/vahan4dashboard/vahan/view/reportview.xhtml
2024,8,Uttar Pradesh,Noida - UP16( 13-NOV-2017 ),NON_EV,PETROL(E20),ALL,ALL,ALL,ALL,119,2026-05-15T11:03:42.197Z,https://vahan.parivahan.gov.in/vahan4dashboard/vahan/view/reportview.xhtml
2024,8,Uttar Pradesh,Noida - UP16( 13-NOV-2017 ),NON_EV,PETROL/CNG,ALL,ALL,ALL,ALL,932,2026-05-15T11:03:42.197Z,https://vahan.parivahan.gov.in/vahan4dashboard/vahan/view/reportview.xhtml
2024,8,Uttar Pradesh,Noida - UP16( 13-NOV-2017 ),NON_EV,PETROL/HYBRID,ALL,ALL,ALL,ALL,226,2026-05-15T11:03:42.197Z,https://vahan.parivahan.gov.in/vahan4dashboard/vahan/view/reportview.xhtml
2024,8,Uttar Pradesh,Noida - UP16( 13-NOV-2017 ),EV,PLUG-IN HYBRID EV,ALL,ALL,ALL,ALL,0,2026-05-15T11:03:42.197Z,https://vahan.parivahan.gov.in/vahan4dashboard/vahan/view/reportview.xhtml
2024,8,Uttar Pradesh,Noida - UP16( 13-NOV-2017 ),EV,PURE EV,ALL,ALL,ALL,ALL,237,2026-05-15T11:03:42.197Z,https://vahan.parivahan.gov.in/vahan4dashboard/vahan/view/reportview.xhtml
2024,8,Uttar Pradesh,Noida - UP16( 13-NOV-2017 ),EV,STRONG HYBRID EV,ALL,ALL,ALL,ALL,483,2026-05-15T11:03:42.197Z,https://vahan.parivahan.gov.in/vahan4dashboard/vahan/view/reportview.xhtml
2024,8,Uttarakhand,haridwar,NON_EV,CNG ONLY,ALL,ALL,ALL,ALL,19,2026-05-15T11:12:30.193Z,https://vahan.parivahan.gov.in/vahan4dashboard/vahan/view/reportview.xhtml
2024,8,Uttarakhand,haridwar,NON_EV,DIESEL,ALL,ALL,ALL,ALL,117,2026-05-15T11:12:30.193Z,https://vahan.parivahan.gov.in/vahan4dashboard/vahan/view/reportview.xhtml
2024,8,Uttarakhand,haridwar,NON_EV,DIESEL/HYBRID,ALL,ALL,ALL,ALL,0,2026-05-15T11:12:30.193Z,https://vahan.parivahan.gov.in/vahan4dashboard/vahan/view/reportview.xhtml
2024,8,Uttarakhand,haridwar,EV,ELECTRIC(BOV),ALL,ALL,ALL,ALL,192,2026-05-15T11:12:30.193Z,https://vahan.parivahan.gov.in/vahan4dashboard/vahan/view/reportview.xhtml
2024,8,Uttarakhand,haridwar,NON_EV,NOT APPLICABLE,ALL,ALL,ALL,ALL,0,2026-05-15T11:12:30.193Z,https://vahan.parivahan.gov.in/vahan4dashboard/vahan/view/reportview.xhtml
2024,8,Uttarakhand,haridwar,NON_EV,PETROL,ALL,ALL,ALL,ALL,1816,2026-05-15T11:12:30.193Z,https://vahan.parivahan.gov.in/vahan4dashboard/vahan/view/reportview.xhtml
2024,8,Uttarakhand,haridwar,NON_EV,PETROL(E20),ALL,ALL,ALL,ALL,41,2026-05-15T11:12:30.193Z,https://vahan.parivahan.gov.in/vahan4dashboard/vahan/view/reportview.xhtml
2024,8,Uttarakhand,haridwar,NON_EV,PETROL/CNG,ALL,ALL,ALL,ALL,22,2026-05-15T11:12:30.193Z,https://vahan.parivahan.gov.in/vahan4dashboard/vahan/view/reportview.xhtml
2024,8,Uttarakhand,haridwar,NON_EV,PETROL/HYBRID,ALL,ALL,ALL,ALL,15,2026-05-15T11:12:30.193Z,https://vahan.parivahan.gov.in/vahan4dashboard/vahan/view/reportview.xhtml
2024,8,Uttarakhand,haridwar,EV,PURE EV,ALL,ALL,ALL,ALL,81,2026-05-15T11:12:30.193Z,https://vahan.parivahan.gov.in/vahan4dashboard/vahan/view/reportview.xhtml
2024,8,Uttarakhand,haridwar,EV,STRONG HYBRID EV,ALL,ALL,ALL,ALL,4,2026-05-15T11:12:30.193Z,https://vahan.parivahan.gov.in/vahan4dashboard/vahan/view/reportview.xhtml
2024,9,Maharashtra,All Vahan4 Running Office,NON_EV,CNG ONLY,ALL,ALL,ALL,ALL,6717,2026-05-18T07:41:28.230Z,https://vahan.parivahan.gov.in/vahan4dashboard/vahan/view/reportview.xhtml
2024,9,Maharashtra,All Vahan4 Running Office,NON_EV,DIESEL,ALL,ALL,ALL,ALL,21435,2026-05-18T07:41:28.230Z,https://vahan.parivahan.gov.in/vahan4dashboard/vahan/view/reportview.xhtml
2024,9,Maharashtra,All Vahan4 Running Office,NON_EV,DIESEL/HYBRID,ALL,ALL,ALL,ALL,76,2026-05-18T07:41:28.230Z,https://vahan.parivahan.gov.in/vahan4dashboard/vahan/view/reportview.xhtml
2024,9,Maharashtra,All Vahan4 Running Office,EV,ELECTRIC(BOV),ALL,ALL,ALL,ALL,7146,2026-05-18T07:41:28.230Z,https://vahan.parivahan.gov.in/vahan4dashboard/vahan/view/reportview.xhtml
2024,9,Maharashtra,All Vahan4 Running Office,NON_EV,ETHANOL(E100),ALL,ALL,ALL,ALL,0,2026-05-18T07:41:28.230Z,https://vahan.parivahan.gov.in/vahan4dashboard/vahan/view/reportview.xhtml
2024,9,Maharashtra,All Vahan4 Running Office,NON_EV,LNG,ALL,ALL,ALL,ALL,38,2026-05-18T07:41:28.230Z,https://vahan.parivahan.gov.in/vahan4dashboard/vahan/view/reportview.xhtml
2024,9,Maharashtra,All Vahan4 Running Office,NON_EV,LPG ONLY,ALL,ALL,ALL,ALL,497,2026-05-18T07:41:28.230Z,https://vahan.parivahan.gov.in/vahan4dashboard/vahan/view/reportview.xhtml
2024,9,Maharashtra,All Vahan4 Running Office,NON_EV,NOT APPLICABLE,ALL,ALL,ALL,ALL,934,2026-05-18T07:41:28.230Z,https://vahan.parivahan.gov.in/vahan4dashboard/vahan/view/reportview.xhtml
2024,9,Maharashtra,All Vahan4 Running Office,NON_EV,PETROL,ALL,ALL,ALL,ALL,130208,2026-05-18T07:41:28.230Z,https://vahan.parivahan.gov.in/vahan4dashboard/vahan/view/reportview.xhtml
2024,9,Maharashtra,All Vahan4 Running Office,NON_EV,PETROL(E20),ALL,ALL,ALL,ALL,3834,2026-05-18T07:41:28.230Z,https://vahan.parivahan.gov.in/vahan4dashboard/vahan/view/reportview.xhtml
2024,9,Maharashtra,All Vahan4 Running Office,NON_EV,PETROL(E20)/CNG,ALL,ALL,ALL,ALL,0,2026-05-18T07:41:28.230Z,https://vahan.parivahan.gov.in/vahan4dashboard/vahan/view/reportview.xhtml
2024,9,Maharashtra,All Vahan4 Running Office,NON_EV,PETROL(E20)/LPG,ALL,ALL,ALL,ALL,1,2026-05-18T07:41:28.230Z,https://vahan.parivahan.gov.in/vahan4dashboard/vahan/view/reportview.xhtml
2024,9,Maharashtra,All Vahan4 Running Office,NON_EV,PETROL/CNG,ALL,ALL,ALL,ALL,12773,2026-05-18T07:41:28.230Z,https://vahan.parivahan.gov.in/vahan4dashboard/vahan/view/reportview.xhtml
2024,9,Maharashtra,All Vahan4 Running Office,NON_EV,PETROL/HYBRID,ALL,ALL,ALL,ALL,1771,2026-05-18T07:41:28.230Z,https://vahan.parivahan.gov.in/vahan4dashboard/vahan/view/reportview.xhtml
2024,9,Maharashtra,All Vahan4 Running Office,NON_EV,PETROL/HYBRID/CNG,ALL,ALL,ALL,ALL,1,2026-05-18T07:41:28.230Z,https://vahan.parivahan.gov.in/vahan4dashboard/vahan/view/reportview.xhtml
2024,9,Maharashtra,All Vahan4 Running Office,NON_EV,PETROL/LPG,ALL,ALL,ALL,ALL,47,2026-05-18T07:41:28.230Z,https://vahan.parivahan.gov.in/vahan4dashboard/vahan/view/reportview.xhtml
2024,9,Maharashtra,All Vahan4 Running Office,EV,PLUG-IN HYBRID EV,ALL,ALL,ALL,ALL,5,2026-05-18T07:41:28.230Z,https://vahan.parivahan.gov.in/vahan4dashboard/vahan/view/reportview.xhtml
2024,9,Maharashtra,All Vahan4 Running Office,EV,PURE EV,ALL,ALL,ALL,ALL,11035,2026-05-18T07:41:28.230Z,https://vahan.parivahan.gov.in/vahan4dashboard/vahan/view/reportview.xhtml
2024,9,Maharashtra,All Vahan4 Running Office,EV,STRONG HYBRID EV,ALL,ALL,ALL,ALL,992,2026-05-18T07:41:28.230Z,https://vahan.parivahan.gov.in/vahan4dashboard/vahan/view/reportview.xhtml
2024,9,Maharashtra,All Vahan4 Running Office,NON_EV,DIESEL,ALL,ALL,ALL,AMBULANCE,45,2026-05-18T10:30:37.968Z,https://vahan.parivahan.gov.in/vahan4dashboard/vahan/view/reportview.xhtml
2024,9,Maharashtra,All Vahan4 Running Office,NON_EV,PETROL,ALL,ALL,ALL,AMBULANCE,54,2026-05-18T10:30:37.968Z,https://vahan.parivahan.gov.in/vahan4dashboard/vahan/view/reportview.xhtml
2024,9,Maharashtra,All Vahan4 Running Office,NON_EV,PETROL/CNG,ALL,ALL,ALL,AMBULANCE,1,2026-05-18T10:30:37.968Z,https://vahan.parivahan.gov.in/vahan4dashboard/vahan/view/reportview.xhtml
2024,9,Maharashtra,All Vahan4 Running Office,NON_EV,CNG ONLY,ALL,ALL,ALL,BUS,17,2026-05-18T10:34:00.653Z,https://vahan.parivahan.gov.in/vahan4dashboard/vahan/view/reportview.xhtml
2024,9,Maharashtra,All Vahan4 Running Office,NON_EV,DIESEL,ALL,ALL,ALL,BUS,598,2026-05-18T10:34:00.653Z,https://vahan.parivahan.gov.in/vahan4dashboard/vahan/view/reportview.xhtml
2024,9,Maharashtra,All Vahan4 Running Office,EV,ELECTRIC(BOV),ALL,ALL,ALL,BUS,90,2026-05-18T10:34:00.653Z,https://vahan.parivahan.gov.in/vahan4dashboard/vahan/view/reportview.xhtml
2024,9,Maharashtra,All Vahan4 Running Office,NON_EV,PETROL,ALL,ALL,ALL,BUS,2,2026-05-18T10:34:00.653Z,https://vahan.parivahan.gov.in/vahan4dashboard/vahan/view/reportview.xhtml
2024,9,Maharashtra,All Vahan4 Running Office,EV,PURE EV,ALL,ALL,ALL,BUS,2,2026-05-18T10:34:00.653Z,https://vahan.parivahan.gov.in/vahan4dashboard/vahan/view/reportview.xhtml
2024,9,Uttar Pradesh,Noida - UP16( 13-NOV-2017 ),NON_EV,CNG ONLY,ALL,ALL,ALL,ALL,431,2026-05-15T11:03:42.197Z,https://vahan.parivahan.gov.in/vahan4dashboard/vahan/view/reportview.xhtml
2024,9,Uttar Pradesh,Noida - UP16( 13-NOV-2017 ),NON_EV,DIESEL,ALL,ALL,ALL,ALL,768,2026-05-15T11:03:42.197Z,https://vahan.parivahan.gov.in/vahan4dashboard/vahan/view/reportview.xhtml
2024,9,Uttar Pradesh,Noida - UP16( 13-NOV-2017 ),NON_EV,DIESEL/HYBRID,ALL,ALL,ALL,ALL,2,2026-05-15T11:03:42.197Z,https://vahan.parivahan.gov.in/vahan4dashboard/vahan/view/reportview.xhtml
2024,9,Uttar Pradesh,Noida - UP16( 13-NOV-2017 ),EV,ELECTRIC(BOV),ALL,ALL,ALL,ALL,1099,2026-05-15T11:03:42.197Z,https://vahan.parivahan.gov.in/vahan4dashboard/vahan/view/reportview.xhtml
2024,9,Uttar Pradesh,Noida - UP16( 13-NOV-2017 ),NON_EV,ETHANOL(E100),ALL,ALL,ALL,ALL,0,2026-05-15T11:03:42.197Z,https://vahan.parivahan.gov.in/vahan4dashboard/vahan/view/reportview.xhtml
2024,9,Uttar Pradesh,Noida - UP16( 13-NOV-2017 ),NON_EV,PETROL,ALL,ALL,ALL,ALL,7104,2026-05-15T11:03:42.197Z,https://vahan.parivahan.gov.in/vahan4dashboard/vahan/view/reportview.xhtml
2024,9,Uttar Pradesh,Noida - UP16( 13-NOV-2017 ),NON_EV,PETROL(E20),ALL,ALL,ALL,ALL,89,2026-05-15T11:03:42.197Z,https://vahan.parivahan.gov.in/vahan4dashboard/vahan/view/reportview.xhtml
2024,9,Uttar Pradesh,Noida - UP16( 13-NOV-2017 ),NON_EV,PETROL/CNG,ALL,ALL,ALL,ALL,767,2026-05-15T11:03:42.197Z,https://vahan.parivahan.gov.in/vahan4dashboard/vahan/view/reportview.xhtml
2024,9,Uttar Pradesh,Noida - UP16( 13-NOV-2017 ),NON_EV,PETROL/HYBRID,ALL,ALL,ALL,ALL,170,2026-05-15T11:03:42.197Z,https://vahan.parivahan.gov.in/vahan4dashboard/vahan/view/reportview.xhtml
2024,9,Uttar Pradesh,Noida - UP16( 13-NOV-2017 ),EV,PLUG-IN HYBRID EV,ALL,ALL,ALL,ALL,0,2026-05-15T11:03:42.197Z,https://vahan.parivahan.gov.in/vahan4dashboard/vahan/view/reportview.xhtml
2024,9,Uttar Pradesh,Noida - UP16( 13-NOV-2017 ),EV,PURE EV,ALL,ALL,ALL,ALL,698,2026-05-15T11:03:42.197Z,https://vahan.parivahan.gov.in/vahan4dashboard/vahan/view/reportview.xhtml
2024,9,Uttar Pradesh,Noida - UP16( 13-NOV-2017 ),EV,STRONG HYBRID EV,ALL,ALL,ALL,ALL,280,2026-05-15T11:03:42.197Z,https://vahan.parivahan.gov.in/vahan4dashboard/vahan/view/reportview.xhtml
2024,9,Uttarakhand,haridwar,NON_EV,CNG ONLY,ALL,ALL,ALL,ALL,20,2026-05-15T11:12:30.193Z,https://vahan.parivahan.gov.in/vahan4dashboard/vahan/view/reportview.xhtml
2024,9,Uttarakhand,haridwar,NON_EV,DIESEL,ALL,ALL,ALL,ALL,179,2026-05-15T11:12:30.193Z,https://vahan.parivahan.gov.in/vahan4dashboard/vahan/view/reportview.xhtml
2024,9,Uttarakhand,haridwar,NON_EV,DIESEL/HYBRID,ALL,ALL,ALL,ALL,0,2026-05-15T11:12:30.193Z,https://vahan.parivahan.gov.in/vahan4dashboard/vahan/view/reportview.xhtml
2024,9,Uttarakhand,haridwar,EV,ELECTRIC(BOV),ALL,ALL,ALL,ALL,262,2026-05-15T11:12:30.193Z,https://vahan.parivahan.gov.in/vahan4dashboard/vahan/view/reportview.xhtml
2024,9,Uttarakhand,haridwar,NON_EV,NOT APPLICABLE,ALL,ALL,ALL,ALL,3,2026-05-15T11:12:30.193Z,https://vahan.parivahan.gov.in/vahan4dashboard/vahan/view/reportview.xhtml
2024,9,Uttarakhand,haridwar,NON_EV,PETROL,ALL,ALL,ALL,ALL,1335,2026-05-15T11:12:30.193Z,https://vahan.parivahan.gov.in/vahan4dashboard/vahan/view/reportview.xhtml
2024,9,Uttarakhand,haridwar,NON_EV,PETROL(E20),ALL,ALL,ALL,ALL,30,2026-05-15T11:12:30.193Z,https://vahan.parivahan.gov.in/vahan4dashboard/vahan/view/reportview.xhtml
2024,9,Uttarakhand,haridwar,NON_EV,PETROL/CNG,ALL,ALL,ALL,ALL,31,2026-05-15T11:12:30.193Z,https://vahan.parivahan.gov.in/vahan4dashboard/vahan/view/reportview.xhtml
2024,9,Uttarakhand,haridwar,NON_EV,PETROL/HYBRID,ALL,ALL,ALL,ALL,30,2026-05-15T11:12:30.193Z,https://vahan.parivahan.gov.in/vahan4dashboard/vahan/view/reportview.xhtml
2024,9,Uttarakhand,haridwar,EV,PURE EV,ALL,ALL,ALL,ALL,115,2026-05-15T11:12:30.193Z,https://vahan.parivahan.gov.in/vahan4dashboard/vahan/view/reportview.xhtml
2024,9,Uttarakhand,haridwar,EV,STRONG HYBRID EV,ALL,ALL,ALL,ALL,3,2026-05-15T11:12:30.193Z,https://vahan.parivahan.gov.in/vahan4dashboard/vahan/view/reportview.xhtml
2024,10,Maharashtra,All Vahan4 Running Office,NON_EV,CNG ONLY,ALL,ALL,ALL,ALL,9739,2026-05-18T07:41:28.230Z,https://vahan.parivahan.gov.in/vahan4dashboard/vahan/view/reportview.xhtml
2024,10,Maharashtra,All Vahan4 Running Office,NON_EV,DIESEL,ALL,ALL,ALL,ALL,35952,2026-05-18T07:41:28.230Z,https://vahan.parivahan.gov.in/vahan4dashboard/vahan/view/reportview.xhtml
2024,10,Maharashtra,All Vahan4 Running Office,NON_EV,DIESEL/HYBRID,ALL,ALL,ALL,ALL,127,2026-05-18T07:41:28.230Z,https://vahan.parivahan.gov.in/vahan4dashboard/vahan/view/reportview.xhtml
2024,10,Maharashtra,All Vahan4 Running Office,EV,ELECTRIC(BOV),ALL,ALL,ALL,ALL,9899,2026-05-18T07:41:28.230Z,https://vahan.parivahan.gov.in/vahan4dashboard/vahan/view/reportview.xhtml
2024,10,Maharashtra,All Vahan4 Running Office,NON_EV,ETHANOL(E100),ALL,ALL,ALL,ALL,2,2026-05-18T07:41:28.230Z,https://vahan.parivahan.gov.in/vahan4dashboard/vahan/view/reportview.xhtml
2024,10,Maharashtra,All Vahan4 Running Office,NON_EV,LNG,ALL,ALL,ALL,ALL,21,2026-05-18T07:41:28.230Z,https://vahan.parivahan.gov.in/vahan4dashboard/vahan/view/reportview.xhtml
2024,10,Maharashtra,All Vahan4 Running Office,NON_EV,LPG ONLY,ALL,ALL,ALL,ALL,710,2026-05-18T07:41:28.230Z,https://vahan.parivahan.gov.in/vahan4dashboard/vahan/view/reportview.xhtml
2024,10,Maharashtra,All Vahan4 Running Office,NON_EV,NOT APPLICABLE,ALL,ALL,ALL,ALL,1997,2026-05-18T07:41:28.230Z,https://vahan.parivahan.gov.in/vahan4dashboard/vahan/view/reportview.xhtml
2024,10,Maharashtra,All Vahan4 Running Office,NON_EV,PETROL,ALL,ALL,ALL,ALL,246743,2026-05-18T07:41:28.230Z,https://vahan.parivahan.gov.in/vahan4dashboard/vahan/view/reportview.xhtml
2024,10,Maharashtra,All Vahan4 Running Office,NON_EV,PETROL(E20),ALL,ALL,ALL,ALL,8309,2026-05-18T07:41:28.230Z,https://vahan.parivahan.gov.in/vahan4dashboard/vahan/view/reportview.xhtml
2024,10,Maharashtra,All Vahan4 Running Office,NON_EV,PETROL(E20)/CNG,ALL,ALL,ALL,ALL,0,2026-05-18T07:41:28.230Z,https://vahan.parivahan.gov.in/vahan4dashboard/vahan/view/reportview.xhtml
2024,10,Maharashtra,All Vahan4 Running Office,NON_EV,PETROL(E20)/LPG,ALL,ALL,ALL,ALL,0,2026-05-18T07:41:28.230Z,https://vahan.parivahan.gov.in/vahan4dashboard/vahan/view/reportview.xhtml
2024,10,Maharashtra,All Vahan4 Running Office,NON_EV,PETROL/CNG,ALL,ALL,ALL,ALL,25005,2026-05-18T07:41:28.230Z,https://vahan.parivahan.gov.in/vahan4dashboard/vahan/view/reportview.xhtml
2024,10,Maharashtra,All Vahan4 Running Office,NON_EV,PETROL/HYBRID,ALL,ALL,ALL,ALL,3131,2026-05-18T07:41:28.230Z,https://vahan.parivahan.gov.in/vahan4dashboard/vahan/view/reportview.xhtml
2024,10,Maharashtra,All Vahan4 Running Office,NON_EV,PETROL/HYBRID/CNG,ALL,ALL,ALL,ALL,2,2026-05-18T07:41:28.230Z,https://vahan.parivahan.gov.in/vahan4dashboard/vahan/view/reportview.xhtml
2024,10,Maharashtra,All Vahan4 Running Office,NON_EV,PETROL/LPG,ALL,ALL,ALL,ALL,65,2026-05-18T07:41:28.230Z,https://vahan.parivahan.gov.in/vahan4dashboard/vahan/view/reportview.xhtml
2024,10,Maharashtra,All Vahan4 Running Office,EV,PLUG-IN HYBRID EV,ALL,ALL,ALL,ALL,3,2026-05-18T07:41:28.230Z,https://vahan.parivahan.gov.in/vahan4dashboard/vahan/view/reportview.xhtml
2024,10,Maharashtra,All Vahan4 Running Office,EV,PURE EV,ALL,ALL,ALL,ALL,22695,2026-05-18T07:41:28.230Z,https://vahan.parivahan.gov.in/vahan4dashboard/vahan/view/reportview.xhtml
2024,10,Maharashtra,All Vahan4 Running Office,EV,STRONG HYBRID EV,ALL,ALL,ALL,ALL,1618,2026-05-18T07:41:28.230Z,https://vahan.parivahan.gov.in/vahan4dashboard/vahan/view/reportview.xhtml
2024,10,Maharashtra,All Vahan4 Running Office,NON_EV,DIESEL,ALL,ALL,ALL,AMBULANCE,102,2026-05-18T10:30:37.968Z,https://vahan.parivahan.gov.in/vahan4dashboard/vahan/view/reportview.xhtml
2024,10,Maharashtra,All Vahan4 Running Office,NON_EV,PETROL,ALL,ALL,ALL,AMBULANCE,92,2026-05-18T10:30:37.968Z,https://vahan.parivahan.gov.in/vahan4dashboard/vahan/view/reportview.xhtml
2024,10,Maharashtra,All Vahan4 Running Office,NON_EV,PETROL/CNG,ALL,ALL,ALL,AMBULANCE,0,2026-05-18T10:30:37.968Z,https://vahan.parivahan.gov.in/vahan4dashboard/vahan/view/reportview.xhtml
2024,10,Maharashtra,All Vahan4 Running Office,NON_EV,CNG ONLY,ALL,ALL,ALL,BUS,13,2026-05-18T10:34:00.653Z,https://vahan.parivahan.gov.in/vahan4dashboard/vahan/view/reportview.xhtml
2024,10,Maharashtra,All Vahan4 Running Office,NON_EV,DIESEL,ALL,ALL,ALL,BUS,704,2026-05-18T10:34:00.653Z,https://vahan.parivahan.gov.in/vahan4dashboard/vahan/view/reportview.xhtml
2024,10,Maharashtra,All Vahan4 Running Office,EV,ELECTRIC(BOV),ALL,ALL,ALL,BUS,47,2026-05-18T10:34:00.653Z,https://vahan.parivahan.gov.in/vahan4dashboard/vahan/view/reportview.xhtml
2024,10,Maharashtra,All Vahan4 Running Office,NON_EV,PETROL,ALL,ALL,ALL,BUS,0,2026-05-18T10:34:00.653Z,https://vahan.parivahan.gov.in/vahan4dashboard/vahan/view/reportview.xhtml
2024,10,Maharashtra,All Vahan4 Running Office,EV,PURE EV,ALL,ALL,ALL,BUS,27,2026-05-18T10:34:00.653Z,https://vahan.parivahan.gov.in/vahan4dashboard/vahan/view/reportview.xhtml
2024,10,Uttar Pradesh,Noida - UP16( 13-NOV-2017 ),NON_EV,CNG ONLY,ALL,ALL,ALL,ALL,716,2026-05-15T11:03:42.197Z,https://vahan.parivahan.gov.in/vahan4dashboard/vahan/view/reportview.xhtml
2024,10,Uttar Pradesh,Noida - UP16( 13-NOV-2017 ),NON_EV,DIESEL,ALL,ALL,ALL,ALL,1097,2026-05-15T11:03:42.197Z,https://vahan.parivahan.gov.in/vahan4dashboard/vahan/view/reportview.xhtml
2024,10,Uttar Pradesh,Noida - UP16( 13-NOV-2017 ),NON_EV,DIESEL/HYBRID,ALL,ALL,ALL,ALL,2,2026-05-15T11:03:42.197Z,https://vahan.parivahan.gov.in/vahan4dashboard/vahan/view/reportview.xhtml
2024,10,Uttar Pradesh,Noida - UP16( 13-NOV-2017 ),EV,ELECTRIC(BOV),ALL,ALL,ALL,ALL,1456,2026-05-15T11:03:42.197Z,https://vahan.parivahan.gov.in/vahan4dashboard/vahan/view/reportview.xhtml
2024,10,Uttar Pradesh,Noida - UP16( 13-NOV-2017 ),NON_EV,ETHANOL(E100),ALL,ALL,ALL,ALL,0,2026-05-15T11:03:42.197Z,https://vahan.parivahan.gov.in/vahan4dashboard/vahan/view/reportview.xhtml
2024,10,Uttar Pradesh,Noida - UP16( 13-NOV-2017 ),NON_EV,PETROL,ALL,ALL,ALL,ALL,12294,2026-05-15T11:03:42.197Z,https://vahan.parivahan.gov.in/vahan4dashboard/vahan/view/reportview.xhtml
2024,10,Uttar Pradesh,Noida - UP16( 13-NOV-2017 ),NON_EV,PETROL(E20),ALL,ALL,ALL,ALL,154,2026-05-15T11:03:42.197Z,https://vahan.parivahan.gov.in/vahan4dashboard/vahan/view/reportview.xhtml
2024,10,Uttar Pradesh,Noida - UP16( 13-NOV-2017 ),NON_EV,PETROL/CNG,ALL,ALL,ALL,ALL,1694,2026-05-15T11:03:42.197Z,https://vahan.parivahan.gov.in/vahan4dashboard/vahan/view/reportview.xhtml
2024,10,Uttar Pradesh,Noida - UP16( 13-NOV-2017 ),NON_EV,PETROL/HYBRID,ALL,ALL,ALL,ALL,322,2026-05-15T11:03:42.197Z,https://vahan.parivahan.gov.in/vahan4dashboard/vahan/view/reportview.xhtml
2024,10,Uttar Pradesh,Noida - UP16( 13-NOV-2017 ),EV,PLUG-IN HYBRID EV,ALL,ALL,ALL,ALL,1,2026-05-15T11:03:42.197Z,https://vahan.parivahan.gov.in/vahan4dashboard/vahan/view/reportview.xhtml
2024,10,Uttar Pradesh,Noida - UP16( 13-NOV-2017 ),EV,PURE EV,ALL,ALL,ALL,ALL,761,2026-05-15T11:03:42.197Z,https://vahan.parivahan.gov.in/vahan4dashboard/vahan/view/reportview.xhtml
2024,10,Uttar Pradesh,Noida - UP16( 13-NOV-2017 ),EV,STRONG HYBRID EV,ALL,ALL,ALL,ALL,553,2026-05-15T11:03:42.197Z,https://vahan.parivahan.gov.in/vahan4dashboard/vahan/view/reportview.xhtml
2024,10,Uttarakhand,haridwar,NON_EV,CNG ONLY,ALL,ALL,ALL,ALL,30,2026-05-15T11:12:30.193Z,https://vahan.parivahan.gov.in/vahan4dashboard/vahan/view/reportview.xhtml
2024,10,Uttarakhand,haridwar,NON_EV,DIESEL,ALL,ALL,ALL,ALL,139,2026-05-15T11:12:30.193Z,https://vahan.parivahan.gov.in/vahan4dashboard/vahan/view/reportview.xhtml
2024,10,Uttarakhand,haridwar,NON_EV,DIESEL/HYBRID,ALL,ALL,ALL,ALL,1,2026-05-15T11:12:30.193Z,https://vahan.parivahan.gov.in/vahan4dashboard/vahan/view/reportview.xhtml
2024,10,Uttarakhand,haridwar,EV,ELECTRIC(BOV),ALL,ALL,ALL,ALL,211,2026-05-15T11:12:30.193Z,https://vahan.parivahan.gov.in/vahan4dashboard/vahan/view/reportview.xhtml
2024,10,Uttarakhand,haridwar,NON_EV,NOT APPLICABLE,ALL,ALL,ALL,ALL,0,2026-05-15T11:12:30.193Z,https://vahan.parivahan.gov.in/vahan4dashboard/vahan/view/reportview.xhtml
2024,10,Uttarakhand,haridwar,NON_EV,PETROL,ALL,ALL,ALL,ALL,2751,2026-05-15T11:12:30.193Z,https://vahan.parivahan.gov.in/vahan4dashboard/vahan/view/reportview.xhtml
2024,10,Uttarakhand,haridwar,NON_EV,PETROL(E20),ALL,ALL,ALL,ALL,26,2026-05-15T11:12:30.193Z,https://vahan.parivahan.gov.in/vahan4dashboard/vahan/view/reportview.xhtml
2024,10,Uttarakhand,haridwar,NON_EV,PETROL/CNG,ALL,ALL,ALL,ALL,27,2026-05-15T11:12:30.193Z,https://vahan.parivahan.gov.in/vahan4dashboard/vahan/view/reportview.xhtml
2024,10,Uttarakhand,haridwar,NON_EV,PETROL/HYBRID,ALL,ALL,ALL,ALL,23,2026-05-15T11:12:30.193Z,https://vahan.parivahan.gov.in/vahan4dashboard/vahan/view/reportview.xhtml
2024,10,Uttarakhand,haridwar,EV,PURE EV,ALL,ALL,ALL,ALL,108,2026-05-15T11:12:30.193Z,https://vahan.parivahan.gov.in/vahan4dashboard/vahan/view/reportview.xhtml
2024,10,Uttarakhand,haridwar,EV,STRONG HYBRID EV,ALL,ALL,ALL,ALL,3,2026-05-15T11:12:30.193Z,https://vahan.parivahan.gov.in/vahan4dashboard/vahan/view/reportview.xhtml
2024,11,Maharashtra,All Vahan4 Running Office,NON_EV,CNG ONLY,ALL,ALL,ALL,ALL,7402,2026-05-18T07:41:28.230Z,https://vahan.parivahan.gov.in/vahan4dashboard/vahan/view/reportview.xhtml
2024,11,Maharashtra,All Vahan4 Running Office,NON_EV,DIESEL,ALL,ALL,ALL,ALL,26066,2026-05-18T07:41:28.230Z,https://vahan.parivahan.gov.in/vahan4dashboard/vahan/view/reportview.xhtml
2024,11,Maharashtra,All Vahan4 Running Office,NON_EV,DIESEL/HYBRID,ALL,ALL,ALL,ALL,78,2026-05-18T07:41:28.230Z,https://vahan.parivahan.gov.in/vahan4dashboard/vahan/view/reportview.xhtml
2024,11,Maharashtra,All Vahan4 Running Office,EV,ELECTRIC(BOV),ALL,ALL,ALL,ALL,6605,2026-05-18T07:41:28.230Z,https://vahan.parivahan.gov.in/vahan4dashboard/vahan/view/reportview.xhtml
2024,11,Maharashtra,All Vahan4 Running Office,NON_EV,ETHANOL(E100),ALL,ALL,ALL,ALL,26,2026-05-18T07:41:28.230Z,https://vahan.parivahan.gov.in/vahan4dashboard/vahan/view/reportview.xhtml
2024,11,Maharashtra,All Vahan4 Running Office,NON_EV,LNG,ALL,ALL,ALL,ALL,0,2026-05-18T07:41:28.230Z,https://vahan.parivahan.gov.in/vahan4dashboard/vahan/view/reportview.xhtml
2024,11,Maharashtra,All Vahan4 Running Office,NON_EV,LPG ONLY,ALL,ALL,ALL,ALL,479,2026-05-18T07:41:28.230Z,https://vahan.parivahan.gov.in/vahan4dashboard/vahan/view/reportview.xhtml
2024,11,Maharashtra,All Vahan4 Running Office,NON_EV,NOT APPLICABLE,ALL,ALL,ALL,ALL,1361,2026-05-18T07:41:28.230Z,https://vahan.parivahan.gov.in/vahan4dashboard/vahan/view/reportview.xhtml
2024,11,Maharashtra,All Vahan4 Running Office,NON_EV,PETROL,ALL,ALL,ALL,ALL,250586,2026-05-18T07:41:28.230Z,https://vahan.parivahan.gov.in/vahan4dashboard/vahan/view/reportview.xhtml
2024,11,Maharashtra,All Vahan4 Running Office,NON_EV,PETROL(E20),ALL,ALL,ALL,ALL,7580,2026-05-18T07:41:28.230Z,https://vahan.parivahan.gov.in/vahan4dashboard/vahan/view/reportview.xhtml
2024,11,Maharashtra,All Vahan4 Running Office,NON_EV,PETROL(E20)/CNG,ALL,ALL,ALL,ALL,0,2026-05-18T07:41:28.230Z,https://vahan.parivahan.gov.in/vahan4dashboard/vahan/view/reportview.xhtml
2024,11,Maharashtra,All Vahan4 Running Office,NON_EV,PETROL(E20)/LPG,ALL,ALL,ALL,ALL,0,2026-05-18T07:41:28.230Z,https://vahan.parivahan.gov.in/vahan4dashboard/vahan/view/reportview.xhtml
2024,11,Maharashtra,All Vahan4 Running Office,NON_EV,PETROL/CNG,ALL,ALL,ALL,ALL,13077,2026-05-18T07:41:28.230Z,https://vahan.parivahan.gov.in/vahan4dashboard/vahan/view/reportview.xhtml
2024,11,Maharashtra,All Vahan4 Running Office,NON_EV,PETROL/HYBRID,ALL,ALL,ALL,ALL,1473,2026-05-18T07:41:28.230Z,https://vahan.parivahan.gov.in/vahan4dashboard/vahan/view/reportview.xhtml
2024,11,Maharashtra,All Vahan4 Running Office,NON_EV,PETROL/HYBRID/CNG,ALL,ALL,ALL,ALL,1,2026-05-18T07:41:28.230Z,https://vahan.parivahan.gov.in/vahan4dashboard/vahan/view/reportview.xhtml
2024,11,Maharashtra,All Vahan4 Running Office,NON_EV,PETROL/LPG,ALL,ALL,ALL,ALL,42,2026-05-18T07:41:28.230Z,https://vahan.parivahan.gov.in/vahan4dashboard/vahan/view/reportview.xhtml
2024,11,Maharashtra,All Vahan4 Running Office,EV,PLUG-IN HYBRID EV,ALL,ALL,ALL,ALL,3,2026-05-18T07:41:28.230Z,https://vahan.parivahan.gov.in/vahan4dashboard/vahan/view/reportview.xhtml
2024,11,Maharashtra,All Vahan4 Running Office,EV,PURE EV,ALL,ALL,ALL,ALL,17132,2026-05-18T07:41:28.231Z,https://vahan.parivahan.gov.in/vahan4dashboard/vahan/view/reportview.xhtml
2024,11,Maharashtra,All Vahan4 Running Office,EV,STRONG HYBRID EV,ALL,ALL,ALL,ALL,929,2026-05-18T07:41:28.231Z,https://vahan.parivahan.gov.in/vahan4dashboard/vahan/view/reportview.xhtml
2024,11,Maharashtra,All Vahan4 Running Office,NON_EV,DIESEL,ALL,ALL,ALL,AMBULANCE,354,2026-05-18T10:30:37.968Z,https://vahan.parivahan.gov.in/vahan4dashboard/vahan/view/reportview.xhtml
2024,11,Maharashtra,All Vahan4 Running Office,NON_EV,PETROL,ALL,ALL,ALL,AMBULANCE,49,2026-05-18T10:30:37.968Z,https://vahan.parivahan.gov.in/vahan4dashboard/vahan/view/reportview.xhtml
2024,11,Maharashtra,All Vahan4 Running Office,NON_EV,PETROL/CNG,ALL,ALL,ALL,AMBULANCE,0,2026-05-18T10:30:37.968Z,https://vahan.parivahan.gov.in/vahan4dashboard/vahan/view/reportview.xhtml
2024,11,Maharashtra,All Vahan4 Running Office,NON_EV,CNG ONLY,ALL,ALL,ALL,BUS,3,2026-05-18T10:34:00.653Z,https://vahan.parivahan.gov.in/vahan4dashboard/vahan/view/reportview.xhtml
2024,11,Maharashtra,All Vahan4 Running Office,NON_EV,DIESEL,ALL,ALL,ALL,BUS,489,2026-05-18T10:34:00.653Z,https://vahan.parivahan.gov.in/vahan4dashboard/vahan/view/reportview.xhtml
2024,11,Maharashtra,All Vahan4 Running Office,EV,ELECTRIC(BOV),ALL,ALL,ALL,BUS,43,2026-05-18T10:34:00.653Z,https://vahan.parivahan.gov.in/vahan4dashboard/vahan/view/reportview.xhtml
2024,11,Maharashtra,All Vahan4 Running Office,NON_EV,PETROL,ALL,ALL,ALL,BUS,0,2026-05-18T10:34:00.653Z,https://vahan.parivahan.gov.in/vahan4dashboard/vahan/view/reportview.xhtml
2024,11,Maharashtra,All Vahan4 Running Office,EV,PURE EV,ALL,ALL,ALL,BUS,25,2026-05-18T10:34:00.653Z,https://vahan.parivahan.gov.in/vahan4dashboard/vahan/view/reportview.xhtml
2024,11,Uttar Pradesh,Noida - UP16( 13-NOV-2017 ),NON_EV,CNG ONLY,ALL,ALL,ALL,ALL,563,2026-05-15T11:03:42.197Z,https://vahan.parivahan.gov.in/vahan4dashboard/vahan/view/reportview.xhtml
2024,11,Uttar Pradesh,Noida - UP16( 13-NOV-2017 ),NON_EV,DIESEL,ALL,ALL,ALL,ALL,898,2026-05-15T11:03:42.197Z,https://vahan.parivahan.gov.in/vahan4dashboard/vahan/view/reportview.xhtml
2024,11,Uttar Pradesh,Noida - UP16( 13-NOV-2017 ),NON_EV,DIESEL/HYBRID,ALL,ALL,ALL,ALL,7,2026-05-15T11:03:42.197Z,https://vahan.parivahan.gov.in/vahan4dashboard/vahan/view/reportview.xhtml
2024,11,Uttar Pradesh,Noida - UP16( 13-NOV-2017 ),EV,ELECTRIC(BOV),ALL,ALL,ALL,ALL,1395,2026-05-15T11:03:42.197Z,https://vahan.parivahan.gov.in/vahan4dashboard/vahan/view/reportview.xhtml
2024,11,Uttar Pradesh,Noida - UP16( 13-NOV-2017 ),NON_EV,ETHANOL(E100),ALL,ALL,ALL,ALL,1,2026-05-15T11:03:42.197Z,https://vahan.parivahan.gov.in/vahan4dashboard/vahan/view/reportview.xhtml
2024,11,Uttar Pradesh,Noida - UP16( 13-NOV-2017 ),NON_EV,PETROL,ALL,ALL,ALL,ALL,13261,2026-05-15T11:03:42.197Z,https://vahan.parivahan.gov.in/vahan4dashboard/vahan/view/reportview.xhtml
2024,11,Uttar Pradesh,Noida - UP16( 13-NOV-2017 ),NON_EV,PETROL(E20),ALL,ALL,ALL,ALL,134,2026-05-15T11:03:42.197Z,https://vahan.parivahan.gov.in/vahan4dashboard/vahan/view/reportview.xhtml
2024,11,Uttar Pradesh,Noida - UP16( 13-NOV-2017 ),NON_EV,PETROL/CNG,ALL,ALL,ALL,ALL,1033,2026-05-15T11:03:42.197Z,https://vahan.parivahan.gov.in/vahan4dashboard/vahan/view/reportview.xhtml
2024,11,Uttar Pradesh,Noida - UP16( 13-NOV-2017 ),NON_EV,PETROL/HYBRID,ALL,ALL,ALL,ALL,233,2026-05-15T11:03:42.197Z,https://vahan.parivahan.gov.in/vahan4dashboard/vahan/view/reportview.xhtml
2024,11,Uttar Pradesh,Noida - UP16( 13-NOV-2017 ),EV,PLUG-IN HYBRID EV,ALL,ALL,ALL,ALL,0,2026-05-15T11:03:42.197Z,https://vahan.parivahan.gov.in/vahan4dashboard/vahan/view/reportview.xhtml
2024,11,Uttar Pradesh,Noida - UP16( 13-NOV-2017 ),EV,PURE EV,ALL,ALL,ALL,ALL,795,2026-05-15T11:03:42.197Z,https://vahan.parivahan.gov.in/vahan4dashboard/vahan/view/reportview.xhtml
2024,11,Uttar Pradesh,Noida - UP16( 13-NOV-2017 ),EV,STRONG HYBRID EV,ALL,ALL,ALL,ALL,308,2026-05-15T11:03:42.197Z,https://vahan.parivahan.gov.in/vahan4dashboard/vahan/view/reportview.xhtml
2024,11,Uttarakhand,haridwar,NON_EV,CNG ONLY,ALL,ALL,ALL,ALL,38,2026-05-15T11:12:30.193Z,https://vahan.parivahan.gov.in/vahan4dashboard/vahan/view/reportview.xhtml
2024,11,Uttarakhand,haridwar,NON_EV,DIESEL,ALL,ALL,ALL,ALL,230,2026-05-15T11:12:30.193Z,https://vahan.parivahan.gov.in/vahan4dashboard/vahan/view/reportview.xhtml
2024,11,Uttarakhand,haridwar,NON_EV,DIESEL/HYBRID,ALL,ALL,ALL,ALL,0,2026-05-15T11:12:30.193Z,https://vahan.parivahan.gov.in/vahan4dashboard/vahan/view/reportview.xhtml
2024,11,Uttarakhand,haridwar,EV,ELECTRIC(BOV),ALL,ALL,ALL,ALL,260,2026-05-15T11:12:30.193Z,https://vahan.parivahan.gov.in/vahan4dashboard/vahan/view/reportview.xhtml
2024,11,Uttarakhand,haridwar,NON_EV,NOT APPLICABLE,ALL,ALL,ALL,ALL,5,2026-05-15T11:12:30.193Z,https://vahan.parivahan.gov.in/vahan4dashboard/vahan/view/reportview.xhtml
2024,11,Uttarakhand,haridwar,NON_EV,PETROL,ALL,ALL,ALL,ALL,3973,2026-05-15T11:12:30.193Z,https://vahan.parivahan.gov.in/vahan4dashboard/vahan/view/reportview.xhtml
2024,11,Uttarakhand,haridwar,NON_EV,PETROL(E20),ALL,ALL,ALL,ALL,57,2026-05-15T11:12:30.193Z,https://vahan.parivahan.gov.in/vahan4dashboard/vahan/view/reportview.xhtml
2024,11,Uttarakhand,haridwar,NON_EV,PETROL/CNG,ALL,ALL,ALL,ALL,30,2026-05-15T11:12:30.193Z,https://vahan.parivahan.gov.in/vahan4dashboard/vahan/view/reportview.xhtml
2024,11,Uttarakhand,haridwar,NON_EV,PETROL/HYBRID,ALL,ALL,ALL,ALL,34,2026-05-15T11:12:30.193Z,https://vahan.parivahan.gov.in/vahan4dashboard/vahan/view/reportview.xhtml
2024,11,Uttarakhand,haridwar,EV,PURE EV,ALL,ALL,ALL,ALL,173,2026-05-15T11:12:30.193Z,https://vahan.parivahan.gov.in/vahan4dashboard/vahan/view/reportview.xhtml
2024,11,Uttarakhand,haridwar,EV,STRONG HYBRID EV,ALL,ALL,ALL,ALL,6,2026-05-15T11:12:30.193Z,https://vahan.parivahan.gov.in/vahan4dashboard/vahan/view/reportview.xhtml
2024,12,Maharashtra,All Vahan4 Running Office,NON_EV,CNG ONLY,ALL,ALL,ALL,ALL,6795,2026-05-18T07:41:28.231Z,https://vahan.parivahan.gov.in/vahan4dashboard/vahan/view/reportview.xhtml
2024,12,Maharashtra,All Vahan4 Running Office,NON_EV,DIESEL,ALL,ALL,ALL,ALL,25940,2026-05-18T07:41:28.231Z,https://vahan.parivahan.gov.in/vahan4dashboard/vahan/view/reportview.xhtml
2024,12,Maharashtra,All Vahan4 Running Office,NON_EV,DIESEL/HYBRID,ALL,ALL,ALL,ALL,93,2026-05-18T07:41:28.231Z,https://vahan.parivahan.gov.in/vahan4dashboard/vahan/view/reportview.xhtml
2024,12,Maharashtra,All Vahan4 Running Office,EV,ELECTRIC(BOV),ALL,ALL,ALL,ALL,3900,2026-05-18T07:41:28.231Z,https://vahan.parivahan.gov.in/vahan4dashboard/vahan/view/reportview.xhtml
2024,12,Maharashtra,All Vahan4 Running Office,NON_EV,ETHANOL(E100),ALL,ALL,ALL,ALL,24,2026-05-18T07:41:28.231Z,https://vahan.parivahan.gov.in/vahan4dashboard/vahan/view/reportview.xhtml
2024,12,Maharashtra,All Vahan4 Running Office,NON_EV,LNG,ALL,ALL,ALL,ALL,2,2026-05-18T07:41:28.231Z,https://vahan.parivahan.gov.in/vahan4dashboard/vahan/view/reportview.xhtml
2024,12,Maharashtra,All Vahan4 Running Office,NON_EV,LPG ONLY,ALL,ALL,ALL,ALL,463,2026-05-18T07:41:28.231Z,https://vahan.parivahan.gov.in/vahan4dashboard/vahan/view/reportview.xhtml
2024,12,Maharashtra,All Vahan4 Running Office,NON_EV,NOT APPLICABLE,ALL,ALL,ALL,ALL,1394,2026-05-18T07:41:28.231Z,https://vahan.parivahan.gov.in/vahan4dashboard/vahan/view/reportview.xhtml
2024,12,Maharashtra,All Vahan4 Running Office,NON_EV,PETROL,ALL,ALL,ALL,ALL,157736,2026-05-18T07:41:28.231Z,https://vahan.parivahan.gov.in/vahan4dashboard/vahan/view/reportview.xhtml
2024,12,Maharashtra,All Vahan4 Running Office,NON_EV,PETROL(E20),ALL,ALL,ALL,ALL,4117,2026-05-18T07:41:28.231Z,https://vahan.parivahan.gov.in/vahan4dashboard/vahan/view/reportview.xhtml
2024,12,Maharashtra,All Vahan4 Running Office,NON_EV,PETROL(E20)/CNG,ALL,ALL,ALL,ALL,0,2026-05-18T07:41:28.231Z,https://vahan.parivahan.gov.in/vahan4dashboard/vahan/view/reportview.xhtml
2024,12,Maharashtra,All Vahan4 Running Office,NON_EV,PETROL(E20)/LPG,ALL,ALL,ALL,ALL,0,2026-05-18T07:41:28.231Z,https://vahan.parivahan.gov.in/vahan4dashboard/vahan/view/reportview.xhtml
2024,12,Maharashtra,All Vahan4 Running Office,NON_EV,PETROL/CNG,ALL,ALL,ALL,ALL,10961,2026-05-18T07:41:28.231Z,https://vahan.parivahan.gov.in/vahan4dashboard/vahan/view/reportview.xhtml
2024,12,Maharashtra,All Vahan4 Running Office,NON_EV,PETROL/HYBRID,ALL,ALL,ALL,ALL,1585,2026-05-18T07:41:28.231Z,https://vahan.parivahan.gov.in/vahan4dashboard/vahan/view/reportview.xhtml
2024,12,Maharashtra,All Vahan4 Running Office,NON_EV,PETROL/HYBRID/CNG,ALL,ALL,ALL,ALL,0,2026-05-18T07:41:28.231Z,https://vahan.parivahan.gov.in/vahan4dashboard/vahan/view/reportview.xhtml
2024,12,Maharashtra,All Vahan4 Running Office,NON_EV,PETROL/LPG,ALL,ALL,ALL,ALL,32,2026-05-18T07:41:28.231Z,https://vahan.parivahan.gov.in/vahan4dashboard/vahan/view/reportview.xhtml
2024,12,Maharashtra,All Vahan4 Running Office,EV,PLUG-IN HYBRID EV,ALL,ALL,ALL,ALL,0,2026-05-18T07:41:28.231Z,https://vahan.parivahan.gov.in/vahan4dashboard/vahan/view/reportview.xhtml
2024,12,Maharashtra,All Vahan4 Running Office,EV,PURE EV,ALL,ALL,ALL,ALL,13958,2026-05-18T07:41:28.231Z,https://vahan.parivahan.gov.in/vahan4dashboard/vahan/view/reportview.xhtml
2024,12,Maharashtra,All Vahan4 Running Office,EV,STRONG HYBRID EV,ALL,ALL,ALL,ALL,1089,2026-05-18T07:41:28.231Z,https://vahan.parivahan.gov.in/vahan4dashboard/vahan/view/reportview.xhtml
2024,12,Maharashtra,All Vahan4 Running Office,NON_EV,DIESEL,ALL,ALL,ALL,AMBULANCE,115,2026-05-18T10:30:37.968Z,https://vahan.parivahan.gov.in/vahan4dashboard/vahan/view/reportview.xhtml
2024,12,Maharashtra,All Vahan4 Running Office,NON_EV,PETROL,ALL,ALL,ALL,AMBULANCE,52,2026-05-18T10:30:37.968Z,https://vahan.parivahan.gov.in/vahan4dashboard/vahan/view/reportview.xhtml
2024,12,Maharashtra,All Vahan4 Running Office,NON_EV,PETROL/CNG,ALL,ALL,ALL,AMBULANCE,0,2026-05-18T10:30:37.968Z,https://vahan.parivahan.gov.in/vahan4dashboard/vahan/view/reportview.xhtml
2024,12,Maharashtra,All Vahan4 Running Office,NON_EV,CNG ONLY,ALL,ALL,ALL,BUS,25,2026-05-18T10:34:00.653Z,https://vahan.parivahan.gov.in/vahan4dashboard/vahan/view/reportview.xhtml
2024,12,Maharashtra,All Vahan4 Running Office,NON_EV,DIESEL,ALL,ALL,ALL,BUS,398,2026-05-18T10:34:00.653Z,https://vahan.parivahan.gov.in/vahan4dashboard/vahan/view/reportview.xhtml
2024,12,Maharashtra,All Vahan4 Running Office,EV,ELECTRIC(BOV),ALL,ALL,ALL,BUS,42,2026-05-18T10:34:00.653Z,https://vahan.parivahan.gov.in/vahan4dashboard/vahan/view/reportview.xhtml
2024,12,Maharashtra,All Vahan4 Running Office,NON_EV,PETROL,ALL,ALL,ALL,BUS,2,2026-05-18T10:34:00.653Z,https://vahan.parivahan.gov.in/vahan4dashboard/vahan/view/reportview.xhtml
2024,12,Maharashtra,All Vahan4 Running Office,EV,PURE EV,ALL,ALL,ALL,BUS,20,2026-05-18T10:34:00.653Z,https://vahan.parivahan.gov.in/vahan4dashboard/vahan/view/reportview.xhtml
2024,12,Uttar Pradesh,Noida - UP16( 13-NOV-2017 ),NON_EV,CNG ONLY,ALL,ALL,ALL,ALL,433,2026-05-15T11:03:42.197Z,https://vahan.parivahan.gov.in/vahan4dashboard/vahan/view/reportview.xhtml
2024,12,Uttar Pradesh,Noida - UP16( 13-NOV-2017 ),NON_EV,DIESEL,ALL,ALL,ALL,ALL,810,2026-05-15T11:03:42.197Z,https://vahan.parivahan.gov.in/vahan4dashboard/vahan/view/reportview.xhtml
2024,12,Uttar Pradesh,Noida - UP16( 13-NOV-2017 ),NON_EV,DIESEL/HYBRID,ALL,ALL,ALL,ALL,5,2026-05-15T11:03:42.197Z,https://vahan.parivahan.gov.in/vahan4dashboard/vahan/view/reportview.xhtml
2024,12,Uttar Pradesh,Noida - UP16( 13-NOV-2017 ),EV,ELECTRIC(BOV),ALL,ALL,ALL,ALL,695,2026-05-15T11:03:42.197Z,https://vahan.parivahan.gov.in/vahan4dashboard/vahan/view/reportview.xhtml
2024,12,Uttar Pradesh,Noida - UP16( 13-NOV-2017 ),NON_EV,ETHANOL(E100),ALL,ALL,ALL,ALL,1,2026-05-15T11:03:42.197Z,https://vahan.parivahan.gov.in/vahan4dashboard/vahan/view/reportview.xhtml
2024,12,Uttar Pradesh,Noida - UP16( 13-NOV-2017 ),NON_EV,PETROL,ALL,ALL,ALL,ALL,6262,2026-05-15T11:03:42.197Z,https://vahan.parivahan.gov.in/vahan4dashboard/vahan/view/reportview.xhtml
2024,12,Uttar Pradesh,Noida - UP16( 13-NOV-2017 ),NON_EV,PETROL(E20),ALL,ALL,ALL,ALL,66,2026-05-15T11:03:42.197Z,https://vahan.parivahan.gov.in/vahan4dashboard/vahan/view/reportview.xhtml
2024,12,Uttar Pradesh,Noida - UP16( 13-NOV-2017 ),NON_EV,PETROL/CNG,ALL,ALL,ALL,ALL,837,2026-05-15T11:03:42.197Z,https://vahan.parivahan.gov.in/vahan4dashboard/vahan/view/reportview.xhtml
2024,12,Uttar Pradesh,Noida - UP16( 13-NOV-2017 ),NON_EV,PETROL/HYBRID,ALL,ALL,ALL,ALL,256,2026-05-15T11:03:42.197Z,https://vahan.parivahan.gov.in/vahan4dashboard/vahan/view/reportview.xhtml
2024,12,Uttar Pradesh,Noida - UP16( 13-NOV-2017 ),EV,PLUG-IN HYBRID EV,ALL,ALL,ALL,ALL,0,2026-05-15T11:03:42.197Z,https://vahan.parivahan.gov.in/vahan4dashboard/vahan/view/reportview.xhtml
2024,12,Uttar Pradesh,Noida - UP16( 13-NOV-2017 ),EV,PURE EV,ALL,ALL,ALL,ALL,464,2026-05-15T11:03:42.197Z,https://vahan.parivahan.gov.in/vahan4dashboard/vahan/view/reportview.xhtml
2024,12,Uttar Pradesh,Noida - UP16( 13-NOV-2017 ),EV,STRONG HYBRID EV,ALL,ALL,ALL,ALL,454,2026-05-15T11:03:42.197Z,https://vahan.parivahan.gov.in/vahan4dashboard/vahan/view/reportview.xhtml
2024,12,Uttarakhand,haridwar,NON_EV,CNG ONLY,ALL,ALL,ALL,ALL,21,2026-05-15T11:12:30.193Z,https://vahan.parivahan.gov.in/vahan4dashboard/vahan/view/reportview.xhtml
2024,12,Uttarakhand,haridwar,NON_EV,DIESEL,ALL,ALL,ALL,ALL,149,2026-05-15T11:12:30.193Z,https://vahan.parivahan.gov.in/vahan4dashboard/vahan/view/reportview.xhtml
2024,12,Uttarakhand,haridwar,NON_EV,DIESEL/HYBRID,ALL,ALL,ALL,ALL,1,2026-05-15T11:12:30.193Z,https://vahan.parivahan.gov.in/vahan4dashboard/vahan/view/reportview.xhtml
2024,12,Uttarakhand,haridwar,EV,ELECTRIC(BOV),ALL,ALL,ALL,ALL,131,2026-05-15T11:12:30.193Z,https://vahan.parivahan.gov.in/vahan4dashboard/vahan/view/reportview.xhtml
2024,12,Uttarakhand,haridwar,NON_EV,NOT APPLICABLE,ALL,ALL,ALL,ALL,9,2026-05-15T11:12:30.193Z,https://vahan.parivahan.gov.in/vahan4dashboard/vahan/view/reportview.xhtml
2024,12,Uttarakhand,haridwar,NON_EV,PETROL,ALL,ALL,ALL,ALL,1528,2026-05-15T11:12:30.193Z,https://vahan.parivahan.gov.in/vahan4dashboard/vahan/view/reportview.xhtml
2024,12,Uttarakhand,haridwar,NON_EV,PETROL(E20),ALL,ALL,ALL,ALL,41,2026-05-15T11:12:30.193Z,https://vahan.parivahan.gov.in/vahan4dashboard/vahan/view/reportview.xhtml
2024,12,Uttarakhand,haridwar,NON_EV,PETROL/CNG,ALL,ALL,ALL,ALL,29,2026-05-15T11:12:30.193Z,https://vahan.parivahan.gov.in/vahan4dashboard/vahan/view/reportview.xhtml
2024,12,Uttarakhand,haridwar,NON_EV,PETROL/HYBRID,ALL,ALL,ALL,ALL,19,2026-05-15T11:12:30.193Z,https://vahan.parivahan.gov.in/vahan4dashboard/vahan/view/reportview.xhtml
2024,12,Uttarakhand,haridwar,EV,PURE EV,ALL,ALL,ALL,ALL,81,2026-05-15T11:12:30.193Z,https://vahan.parivahan.gov.in/vahan4dashboard/vahan/view/reportview.xhtml
2024,12,Uttarakhand,haridwar,EV,STRONG HYBRID EV,ALL,ALL,ALL,ALL,5,2026-05-15T11:12:30.193Z,https://vahan.parivahan.gov.in/vahan4dashboard/vahan/view/reportview.xhtml
2025,1,Assam,All Vahan4 Running Office,NON_EV,CNG ONLY,ALL,ALL,ALL,ALL,71,2026-05-16T07:59:44.109Z,https://vahan.parivahan.gov.in/vahan4dashboard/vahan/view/reportview.xhtml
2025,1,Assam,All Vahan4 Running Office,NON_EV,DIESEL,ALL,ALL,ALL,ALL,2669,2026-05-16T07:59:44.110Z,https://vahan.parivahan.gov.in/vahan4dashboard/vahan/view/reportview.xhtml
2025,1,Assam,All Vahan4 Running Office,NON_EV,DIESEL/HYBRID,ALL,ALL,ALL,ALL,1,2026-05-16T07:59:44.110Z,https://vahan.parivahan.gov.in/vahan4dashboard/vahan/view/reportview.xhtml
2025,1,Assam,All Vahan4 Running Office,EV,ELECTRIC(BOV),ALL,ALL,ALL,ALL,4237,2026-05-16T07:59:44.110Z,https://vahan.parivahan.gov.in/vahan4dashboard/vahan/view/reportview.xhtml
2025,1,Assam,All Vahan4 Running Office,NON_EV,ETHANOL(E100),ALL,ALL,ALL,ALL,1,2026-05-16T07:59:44.110Z,https://vahan.parivahan.gov.in/vahan4dashboard/vahan/view/reportview.xhtml
2025,1,Assam,All Vahan4 Running Office,NON_EV,NOT APPLICABLE,ALL,ALL,ALL,ALL,34,2026-05-16T07:59:44.110Z,https://vahan.parivahan.gov.in/vahan4dashboard/vahan/view/reportview.xhtml
2025,1,Assam,All Vahan4 Running Office,NON_EV,PETROL,ALL,ALL,ALL,ALL,49025,2026-05-16T07:59:44.110Z,https://vahan.parivahan.gov.in/vahan4dashboard/vahan/view/reportview.xhtml
2025,1,Assam,All Vahan4 Running Office,NON_EV,PETROL(E20),ALL,ALL,ALL,ALL,2604,2026-05-16T07:59:44.110Z,https://vahan.parivahan.gov.in/vahan4dashboard/vahan/view/reportview.xhtml
2025,1,Assam,All Vahan4 Running Office,NON_EV,PETROL(E20)/CNG,ALL,ALL,ALL,ALL,0,2026-05-16T07:59:44.110Z,https://vahan.parivahan.gov.in/vahan4dashboard/vahan/view/reportview.xhtml
2025,1,Assam,All Vahan4 Running Office,NON_EV,PETROL(E20)/HYBRID,ALL,ALL,ALL,ALL,0,2026-05-16T07:59:44.110Z,https://vahan.parivahan.gov.in/vahan4dashboard/vahan/view/reportview.xhtml
2025,1,Assam,All Vahan4 Running Office,NON_EV,PETROL/CNG,ALL,ALL,ALL,ALL,15,2026-05-16T07:59:44.110Z,https://vahan.parivahan.gov.in/vahan4dashboard/vahan/view/reportview.xhtml
2025,1,Assam,All Vahan4 Running Office,NON_EV,PETROL/HYBRID,ALL,ALL,ALL,ALL,632,2026-05-16T07:59:44.110Z,https://vahan.parivahan.gov.in/vahan4dashboard/vahan/view/reportview.xhtml
2025,1,Assam,All Vahan4 Running Office,EV,PURE EV,ALL,ALL,ALL,ALL,887,2026-05-16T07:59:44.110Z,https://vahan.parivahan.gov.in/vahan4dashboard/vahan/view/reportview.xhtml
2025,1,Assam,All Vahan4 Running Office,EV,STRONG HYBRID EV,ALL,ALL,ALL,ALL,32,2026-05-16T07:59:44.110Z,https://vahan.parivahan.gov.in/vahan4dashboard/vahan/view/reportview.xhtml
2025,1,Delhi,delhi,NON_EV,CNG ONLY,ALL,ALL,ALL,ALL,58,2026-05-16T08:00:02.988Z,https://vahan.parivahan.gov.in/vahan4dashboard/vahan/view/reportview.xhtml
2025,1,Delhi,delhi,NON_EV,DIESEL,ALL,ALL,ALL,ALL,176,2026-05-16T08:00:02.992Z,https://vahan.parivahan.gov.in/vahan4dashboard/vahan/view/reportview.xhtml
2025,1,Delhi,delhi,NON_EV,DIESEL/HYBRID,ALL,ALL,ALL,ALL,0,2026-05-16T08:00:02.992Z,https://vahan.parivahan.gov.in/vahan4dashboard/vahan/view/reportview.xhtml
2025,1,Delhi,delhi,EV,ELECTRIC(BOV),ALL,ALL,ALL,ALL,228,2026-05-16T08:00:02.992Z,https://vahan.parivahan.gov.in/vahan4dashboard/vahan/view/reportview.xhtml
2025,1,Delhi,delhi,NON_EV,ETHANOL(E100),ALL,ALL,ALL,ALL,3,2026-05-16T08:00:02.992Z,https://vahan.parivahan.gov.in/vahan4dashboard/vahan/view/reportview.xhtml
2025,1,Delhi,delhi,NON_EV,PETROL,ALL,ALL,ALL,ALL,8020,2026-05-16T08:00:02.992Z,https://vahan.parivahan.gov.in/vahan4dashboard/vahan/view/reportview.xhtml
2025,1,Delhi,delhi,NON_EV,PETROL(E20),ALL,ALL,ALL,ALL,193,2026-05-16T08:00:02.992Z,https://vahan.parivahan.gov.in/vahan4dashboard/vahan/view/reportview.xhtml
2025,1,Delhi,delhi,NON_EV,PETROL(E20)/CNG,ALL,ALL,ALL,ALL,0,2026-05-16T08:00:02.992Z,https://vahan.parivahan.gov.in/vahan4dashboard/vahan/view/reportview.xhtml
2025,1,Delhi,delhi,NON_EV,PETROL(E20)/HYBRID,ALL,ALL,ALL,ALL,0,2026-05-16T08:00:02.993Z,https://vahan.parivahan.gov.in/vahan4dashboard/vahan/view/reportview.xhtml
2025,1,Delhi,delhi,NON_EV,PETROL/CNG,ALL,ALL,ALL,ALL,584,2026-05-16T08:00:02.992Z,https://vahan.parivahan.gov.in/vahan4dashboard/vahan/view/reportview.xhtml
2025,1,Delhi,delhi,NON_EV,PETROL/HYBRID,ALL,ALL,ALL,ALL,330,2026-05-16T08:00:02.993Z,https://vahan.parivahan.gov.in/vahan4dashboard/vahan/view/reportview.xhtml
2025,1,Delhi,delhi,NON_EV,PETROL/HYBRID/CNG,ALL,ALL,ALL,ALL,2,2026-05-16T08:00:02.993Z,https://vahan.parivahan.gov.in/vahan4dashboard/vahan/view/reportview.xhtml
2025,1,Delhi,delhi,EV,PURE EV,ALL,ALL,ALL,ALL,147,2026-05-16T08:00:02.993Z,https://vahan.parivahan.gov.in/vahan4dashboard/vahan/view/reportview.xhtml
2025,1,Delhi,delhi,EV,STRONG HYBRID EV,ALL,ALL,ALL,ALL,123,2026-05-16T08:00:02.993Z,https://vahan.parivahan.gov.in/vahan4dashboard/vahan/view/reportview.xhtml
2025,1,Haryana,gurugram,NON_EV,CNG ONLY,ALL,ALL,ALL,ALL,9,2026-05-16T08:51:49.086Z,https://vahan.parivahan.gov.in/vahan4dashboard/vahan/view/reportview.xhtml
2025,1,Haryana,gurugram,NON_EV,DIESEL,ALL,ALL,ALL,ALL,97,2026-05-16T08:51:49.088Z,https://vahan.parivahan.gov.in/vahan4dashboard/vahan/view/reportview.xhtml
2025,1,Haryana,gurugram,NON_EV,DIESEL/HYBRID,ALL,ALL,ALL,ALL,0,2026-05-16T08:51:49.088Z,https://vahan.parivahan.gov.in/vahan4dashboard/vahan/view/reportview.xhtml
2025,1,Haryana,gurugram,EV,ELECTRIC(BOV),ALL,ALL,ALL,ALL,5,2026-05-16T08:51:49.089Z,https://vahan.parivahan.gov.in/vahan4dashboard/vahan/view/reportview.xhtml
2025,1,Haryana,gurugram,NON_EV,PETROL,ALL,ALL,ALL,ALL,660,2026-05-16T08:51:49.089Z,https://vahan.parivahan.gov.in/vahan4dashboard/vahan/view/reportview.xhtml
2025,1,Haryana,gurugram,NON_EV,PETROL(E20),ALL,ALL,ALL,ALL,1,2026-05-16T08:51:49.089Z,https://vahan.parivahan.gov.in/vahan4dashboard/vahan/view/reportview.xhtml
2025,1,Haryana,gurugram,NON_EV,PETROL(E20)/CNG,ALL,ALL,ALL,ALL,0,2026-05-16T08:51:49.089Z,https://vahan.parivahan.gov.in/vahan4dashboard/vahan/view/reportview.xhtml
2025,1,Haryana,gurugram,NON_EV,PETROL(E20)/HYBRID,ALL,ALL,ALL,ALL,0,2026-05-16T08:51:49.089Z,https://vahan.parivahan.gov.in/vahan4dashboard/vahan/view/reportview.xhtml
2025,1,Haryana,gurugram,NON_EV,PETROL/CNG,ALL,ALL,ALL,ALL,183,2026-05-16T08:51:49.089Z,https://vahan.parivahan.gov.in/vahan4dashboard/vahan/view/reportview.xhtml
2025,1,Haryana,gurugram,NON_EV,PETROL/HYBRID,ALL,ALL,ALL,ALL,12,2026-05-16T08:51:49.089Z,https://vahan.parivahan.gov.in/vahan4dashboard/vahan/view/reportview.xhtml
2025,1,Haryana,gurugram,NON_EV,PETROL/HYBRID/CNG,ALL,ALL,ALL,ALL,0,2026-05-16T08:51:49.089Z,https://vahan.parivahan.gov.in/vahan4dashboard/vahan/view/reportview.xhtml
2025,1,Haryana,gurugram,EV,PURE EV,ALL,ALL,ALL,ALL,9,2026-05-16T08:51:49.089Z,https://vahan.parivahan.gov.in/vahan4dashboard/vahan/view/reportview.xhtml
2025,1,Haryana,gurugram,EV,STRONG HYBRID EV,ALL,ALL,ALL,ALL,2,2026-05-16T08:51:49.089Z,https://vahan.parivahan.gov.in/vahan4dashboard/vahan/view/reportview.xhtml
2025,1,Karnataka,bengaluru,NON_EV,CNG ONLY,ALL,ALL,ALL,ALL,693,2026-05-16T08:03:29.647Z,https://vahan.parivahan.gov.in/vahan4dashboard/vahan/view/reportview.xhtml
2025,1,Karnataka,bengaluru,NON_EV,DIESEL,ALL,ALL,ALL,ALL,729,2026-05-16T08:03:29.648Z,https://vahan.parivahan.gov.in/vahan4dashboard/vahan/view/reportview.xhtml
2025,1,Karnataka,bengaluru,NON_EV,DIESEL/HYBRID,ALL,ALL,ALL,ALL,5,2026-05-16T08:03:29.648Z,https://vahan.parivahan.gov.in/vahan4dashboard/vahan/view/reportview.xhtml
2025,1,Karnataka,bengaluru,NON_EV,DUAL DIESEL/LNG,ALL,ALL,ALL,ALL,0,2026-05-16T08:03:29.648Z,https://vahan.parivahan.gov.in/vahan4dashboard/vahan/view/reportview.xhtml
2025,1,Karnataka,bengaluru,EV,ELECTRIC(BOV),ALL,ALL,ALL,ALL,312,2026-05-16T08:03:29.648Z,https://vahan.parivahan.gov.in/vahan4dashboard/vahan/view/reportview.xhtml
2025,1,Karnataka,bengaluru,NON_EV,ETHANOL(E100),ALL,ALL,ALL,ALL,0,2026-05-16T08:03:29.648Z,https://vahan.parivahan.gov.in/vahan4dashboard/vahan/view/reportview.xhtml
2025,1,Karnataka,bengaluru,NON_EV,LPG ONLY,ALL,ALL,ALL,ALL,6,2026-05-16T08:03:29.648Z,https://vahan.parivahan.gov.in/vahan4dashboard/vahan/view/reportview.xhtml
2025,1,Karnataka,bengaluru,NON_EV,NOT APPLICABLE,ALL,ALL,ALL,ALL,49,2026-05-16T08:03:29.648Z,https://vahan.parivahan.gov.in/vahan4dashboard/vahan/view/reportview.xhtml
2025,1,Karnataka,bengaluru,NON_EV,PETROL,ALL,ALL,ALL,ALL,6989,2026-05-16T08:03:29.648Z,https://vahan.parivahan.gov.in/vahan4dashboard/vahan/view/reportview.xhtml
2025,1,Karnataka,bengaluru,NON_EV,PETROL(E20),ALL,ALL,ALL,ALL,370,2026-05-16T08:03:29.648Z,https://vahan.parivahan.gov.in/vahan4dashboard/vahan/view/reportview.xhtml
2025,1,Karnataka,bengaluru,NON_EV,PETROL(E20)/CNG,ALL,ALL,ALL,ALL,0,2026-05-16T08:03:29.648Z,https://vahan.parivahan.gov.in/vahan4dashboard/vahan/view/reportview.xhtml
2025,1,Karnataka,bengaluru,NON_EV,PETROL(E20)/HYBRID,ALL,ALL,ALL,ALL,0,2026-05-16T08:03:29.648Z,https://vahan.parivahan.gov.in/vahan4dashboard/vahan/view/reportview.xhtml
2025,1,Karnataka,bengaluru,NON_EV,PETROL/CNG,ALL,ALL,ALL,ALL,241,2026-05-16T08:03:29.648Z,https://vahan.parivahan.gov.in/vahan4dashboard/vahan/view/reportview.xhtml
2025,1,Karnataka,bengaluru,NON_EV,PETROL/HYBRID,ALL,ALL,ALL,ALL,197,2026-05-16T08:03:29.648Z,https://vahan.parivahan.gov.in/vahan4dashboard/vahan/view/reportview.xhtml
2025,1,Karnataka,bengaluru,EV,PLUG-IN HYBRID EV,ALL,ALL,ALL,ALL,0,2026-05-16T08:03:29.648Z,https://vahan.parivahan.gov.in/vahan4dashboard/vahan/view/reportview.xhtml
2025,1,Karnataka,bengaluru,EV,PURE EV,ALL,ALL,ALL,ALL,666,2026-05-16T08:03:29.648Z,https://vahan.parivahan.gov.in/vahan4dashboard/vahan/view/reportview.xhtml
2025,1,Karnataka,bengaluru,EV,STRONG HYBRID EV,ALL,ALL,ALL,ALL,98,2026-05-16T08:03:29.648Z,https://vahan.parivahan.gov.in/vahan4dashboard/vahan/view/reportview.xhtml
2025,1,Uttar Pradesh,Noida - UP16( 13-NOV-2017 ),NON_EV,CNG ONLY,ALL,ALL,ALL,ALL,698,2026-05-15T11:04:15.093Z,https://vahan.parivahan.gov.in/vahan4dashboard/vahan/view/reportview.xhtml
2025,1,Uttar Pradesh,Noida - UP16( 13-NOV-2017 ),NON_EV,DIESEL,ALL,ALL,ALL,ALL,1140,2026-05-15T11:04:15.094Z,https://vahan.parivahan.gov.in/vahan4dashboard/vahan/view/reportview.xhtml
2025,1,Uttar Pradesh,Noida - UP16( 13-NOV-2017 ),NON_EV,DIESEL/HYBRID,ALL,ALL,ALL,ALL,2,2026-05-15T11:04:15.094Z,https://vahan.parivahan.gov.in/vahan4dashboard/vahan/view/reportview.xhtml
2025,1,Uttar Pradesh,Noida - UP16( 13-NOV-2017 ),EV,ELECTRIC(BOV),ALL,ALL,ALL,ALL,875,2026-05-15T11:04:15.094Z,https://vahan.parivahan.gov.in/vahan4dashboard/vahan/view/reportview.xhtml
2025,1,Uttar Pradesh,Noida - UP16( 13-NOV-2017 ),NON_EV,ETHANOL(E100),ALL,ALL,ALL,ALL,1,2026-05-15T11:04:15.094Z,https://vahan.parivahan.gov.in/vahan4dashboard/vahan/view/reportview.xhtml
2025,1,Uttar Pradesh,Noida - UP16( 13-NOV-2017 ),NON_EV,LNG,ALL,ALL,ALL,ALL,0,2026-05-15T11:04:15.094Z,https://vahan.parivahan.gov.in/vahan4dashboard/vahan/view/reportview.xhtml
2025,1,Uttar Pradesh,Noida - UP16( 13-NOV-2017 ),NON_EV,PETROL,ALL,ALL,ALL,ALL,9335,2026-05-15T11:04:15.094Z,https://vahan.parivahan.gov.in/vahan4dashboard/vahan/view/reportview.xhtml
2025,1,Uttar Pradesh,Noida - UP16( 13-NOV-2017 ),NON_EV,PETROL(E20),ALL,ALL,ALL,ALL,107,2026-05-15T11:04:15.094Z,https://vahan.parivahan.gov.in/vahan4dashboard/vahan/view/reportview.xhtml
2025,1,Uttar Pradesh,Noida - UP16( 13-NOV-2017 ),NON_EV,PETROL(E20)/CNG,ALL,ALL,ALL,ALL,0,2026-05-15T11:04:15.094Z,https://vahan.parivahan.gov.in/vahan4dashboard/vahan/view/reportview.xhtml
2025,1,Uttar Pradesh,Noida - UP16( 13-NOV-2017 ),NON_EV,PETROL(E20)/HYBRID,ALL,ALL,ALL,ALL,0,2026-05-15T11:04:15.094Z,https://vahan.parivahan.gov.in/vahan4dashboard/vahan/view/reportview.xhtml
2025,1,Uttar Pradesh,Noida - UP16( 13-NOV-2017 ),NON_EV,PETROL/CNG,ALL,ALL,ALL,ALL,1973,2026-05-15T11:04:15.094Z,https://vahan.parivahan.gov.in/vahan4dashboard/vahan/view/reportview.xhtml
2025,1,Uttar Pradesh,Noida - UP16( 13-NOV-2017 ),NON_EV,PETROL/HYBRID,ALL,ALL,ALL,ALL,376,2026-05-15T11:04:15.094Z,https://vahan.parivahan.gov.in/vahan4dashboard/vahan/view/reportview.xhtml
2025,1,Uttar Pradesh,Noida - UP16( 13-NOV-2017 ),EV,PLUG-IN HYBRID EV,ALL,ALL,ALL,ALL,1,2026-05-15T11:04:15.094Z,https://vahan.parivahan.gov.in/vahan4dashboard/vahan/view/reportview.xhtml
2025,1,Uttar Pradesh,Noida - UP16( 13-NOV-2017 ),EV,PURE EV,ALL,ALL,ALL,ALL,537,2026-05-15T11:04:15.094Z,https://vahan.parivahan.gov.in/vahan4dashboard/vahan/view/reportview.xhtml
2025,1,Uttar Pradesh,Noida - UP16( 13-NOV-2017 ),EV,STRONG HYBRID EV,ALL,ALL,ALL,ALL,427,2026-05-15T11:04:15.094Z,https://vahan.parivahan.gov.in/vahan4dashboard/vahan/view/reportview.xhtml
2025,1,Uttarakhand,haridwar,NON_EV,CNG ONLY,ALL,ALL,ALL,ALL,35,2026-05-15T11:12:48.417Z,https://vahan.parivahan.gov.in/vahan4dashboard/vahan/view/reportview.xhtml
2025,1,Uttarakhand,haridwar,NON_EV,DIESEL,ALL,ALL,ALL,ALL,173,2026-05-15T11:12:48.418Z,https://vahan.parivahan.gov.in/vahan4dashboard/vahan/view/reportview.xhtml
2025,1,Uttarakhand,haridwar,NON_EV,DIESEL/HYBRID,ALL,ALL,ALL,ALL,0,2026-05-15T11:12:48.418Z,https://vahan.parivahan.gov.in/vahan4dashboard/vahan/view/reportview.xhtml
2025,1,Uttarakhand,haridwar,EV,ELECTRIC(BOV),ALL,ALL,ALL,ALL,141,2026-05-15T11:12:48.418Z,https://vahan.parivahan.gov.in/vahan4dashboard/vahan/view/reportview.xhtml
2025,1,Uttarakhand,haridwar,NON_EV,PETROL,ALL,ALL,ALL,ALL,1691,2026-05-15T11:12:48.418Z,https://vahan.parivahan.gov.in/vahan4dashboard/vahan/view/reportview.xhtml
2025,1,Uttarakhand,haridwar,NON_EV,PETROL(E20),ALL,ALL,ALL,ALL,24,2026-05-15T11:12:48.418Z,https://vahan.parivahan.gov.in/vahan4dashboard/vahan/view/reportview.xhtml
2025,1,Uttarakhand,haridwar,NON_EV,PETROL(E20)/CNG,ALL,ALL,ALL,ALL,0,2026-05-15T11:12:48.418Z,https://vahan.parivahan.gov.in/vahan4dashboard/vahan/view/reportview.xhtml
2025,1,Uttarakhand,haridwar,NON_EV,PETROL(E20)/HYBRID,ALL,ALL,ALL,ALL,0,2026-05-15T11:12:48.418Z,https://vahan.parivahan.gov.in/vahan4dashboard/vahan/view/reportview.xhtml
2025,1,Uttarakhand,haridwar,NON_EV,PETROL/CNG,ALL,ALL,ALL,ALL,51,2026-05-15T11:12:48.418Z,https://vahan.parivahan.gov.in/vahan4dashboard/vahan/view/reportview.xhtml
2025,1,Uttarakhand,haridwar,NON_EV,PETROL/HYBRID,ALL,ALL,ALL,ALL,36,2026-05-15T11:12:48.418Z,https://vahan.parivahan.gov.in/vahan4dashboard/vahan/view/reportview.xhtml
2025,1,Uttarakhand,haridwar,EV,PURE EV,ALL,ALL,ALL,ALL,95,2026-05-15T11:12:48.418Z,https://vahan.parivahan.gov.in/vahan4dashboard/vahan/view/reportview.xhtml
2025,1,Uttarakhand,haridwar,EV,STRONG HYBRID EV,ALL,ALL,ALL,ALL,8,2026-05-15T11:12:48.418Z,https://vahan.parivahan.gov.in/vahan4dashboard/vahan/view/reportview.xhtml
2025,2,Delhi,delhi,NON_EV,CNG ONLY,ALL,ALL,ALL,ALL,30,2026-05-16T08:27:42.845Z,https://vahan.parivahan.gov.in/vahan4dashboard/vahan/view/reportview.xhtml
2025,2,Delhi,delhi,NON_EV,DIESEL,ALL,ALL,ALL,ALL,70,2026-05-16T08:27:42.848Z,https://vahan.parivahan.gov.in/vahan4dashboard/vahan/view/reportview.xhtml
2025,2,Delhi,delhi,NON_EV,DIESEL/HYBRID,ALL,ALL,ALL,ALL,2,2026-05-16T08:27:42.848Z,https://vahan.parivahan.gov.in/vahan4dashboard/vahan/view/reportview.xhtml
2025,2,Delhi,delhi,EV,ELECTRIC(BOV),ALL,ALL,ALL,ALL,96,2026-05-16T08:27:42.848Z,https://vahan.parivahan.gov.in/vahan4dashboard/vahan/view/reportview.xhtml
2025,2,Delhi,delhi,NON_EV,ETHANOL(E100),ALL,ALL,ALL,ALL,1,2026-05-16T08:27:42.848Z,https://vahan.parivahan.gov.in/vahan4dashboard/vahan/view/reportview.xhtml
2025,2,Delhi,delhi,NON_EV,PETROL,ALL,ALL,ALL,ALL,5286,2026-05-16T08:27:42.848Z,https://vahan.parivahan.gov.in/vahan4dashboard/vahan/view/reportview.xhtml
2025,2,Delhi,delhi,NON_EV,PETROL(E20),ALL,ALL,ALL,ALL,196,2026-05-16T08:27:42.848Z,https://vahan.parivahan.gov.in/vahan4dashboard/vahan/view/reportview.xhtml
2025,2,Delhi,delhi,NON_EV,PETROL(E20)/CNG,ALL,ALL,ALL,ALL,0,2026-05-16T08:27:42.848Z,https://vahan.parivahan.gov.in/vahan4dashboard/vahan/view/reportview.xhtml
2025,2,Delhi,delhi,NON_EV,PETROL(E20)/HYBRID,ALL,ALL,ALL,ALL,0,2026-05-16T08:27:42.848Z,https://vahan.parivahan.gov.in/vahan4dashboard/vahan/view/reportview.xhtml
2025,2,Delhi,delhi,NON_EV,PETROL/CNG,ALL,ALL,ALL,ALL,293,2026-05-16T08:27:42.848Z,https://vahan.parivahan.gov.in/vahan4dashboard/vahan/view/reportview.xhtml
2025,2,Delhi,delhi,NON_EV,PETROL/HYBRID,ALL,ALL,ALL,ALL,129,2026-05-16T08:27:42.848Z,https://vahan.parivahan.gov.in/vahan4dashboard/vahan/view/reportview.xhtml
2025,2,Delhi,delhi,NON_EV,PETROL/HYBRID/CNG,ALL,ALL,ALL,ALL,0,2026-05-16T08:27:42.848Z,https://vahan.parivahan.gov.in/vahan4dashboard/vahan/view/reportview.xhtml
2025,2,Delhi,delhi,EV,PURE EV,ALL,ALL,ALL,ALL,204,2026-05-16T08:27:42.848Z,https://vahan.parivahan.gov.in/vahan4dashboard/vahan/view/reportview.xhtml
2025,2,Delhi,delhi,EV,STRONG HYBRID EV,ALL,ALL,ALL,ALL,92,2026-05-16T08:27:42.848Z,https://vahan.parivahan.gov.in/vahan4dashboard/vahan/view/reportview.xhtml
2025,2,Uttar Pradesh,Noida - UP16( 13-NOV-2017 ),NON_EV,CNG ONLY,ALL,ALL,ALL,ALL,485,2026-05-15T11:04:15.094Z,https://vahan.parivahan.gov.in/vahan4dashboard/vahan/view/reportview.xhtml
2025,2,Uttar Pradesh,Noida - UP16( 13-NOV-2017 ),NON_EV,DIESEL,ALL,ALL,ALL,ALL,878,2026-05-15T11:04:15.094Z,https://vahan.parivahan.gov.in/vahan4dashboard/vahan/view/reportview.xhtml
2025,2,Uttar Pradesh,Noida - UP16( 13-NOV-2017 ),NON_EV,DIESEL/HYBRID,ALL,ALL,ALL,ALL,3,2026-05-15T11:04:15.094Z,https://vahan.parivahan.gov.in/vahan4dashboard/vahan/view/reportview.xhtml
2025,2,Uttar Pradesh,Noida - UP16( 13-NOV-2017 ),EV,ELECTRIC(BOV),ALL,ALL,ALL,ALL,644,2026-05-15T11:04:15.094Z,https://vahan.parivahan.gov.in/vahan4dashboard/vahan/view/reportview.xhtml
2025,2,Uttar Pradesh,Noida - UP16( 13-NOV-2017 ),NON_EV,ETHANOL(E100),ALL,ALL,ALL,ALL,2,2026-05-15T11:04:15.094Z,https://vahan.parivahan.gov.in/vahan4dashboard/vahan/view/reportview.xhtml
2025,2,Uttar Pradesh,Noida - UP16( 13-NOV-2017 ),NON_EV,LNG,ALL,ALL,ALL,ALL,0,2026-05-15T11:04:15.094Z,https://vahan.parivahan.gov.in/vahan4dashboard/vahan/view/reportview.xhtml
2025,2,Uttar Pradesh,Noida - UP16( 13-NOV-2017 ),NON_EV,PETROL,ALL,ALL,ALL,ALL,6974,2026-05-15T11:04:15.094Z,https://vahan.parivahan.gov.in/vahan4dashboard/vahan/view/reportview.xhtml
2025,2,Uttar Pradesh,Noida - UP16( 13-NOV-2017 ),NON_EV,PETROL(E20),ALL,ALL,ALL,ALL,207,2026-05-15T11:04:15.094Z,https://vahan.parivahan.gov.in/vahan4dashboard/vahan/view/reportview.xhtml
2025,2,Uttar Pradesh,Noida - UP16( 13-NOV-2017 ),NON_EV,PETROL(E20)/CNG,ALL,ALL,ALL,ALL,0,2026-05-15T11:04:15.094Z,https://vahan.parivahan.gov.in/vahan4dashboard/vahan/view/reportview.xhtml
2025,2,Uttar Pradesh,Noida - UP16( 13-NOV-2017 ),NON_EV,PETROL(E20)/HYBRID,ALL,ALL,ALL,ALL,0,2026-05-15T11:04:15.095Z,https://vahan.parivahan.gov.in/vahan4dashboard/vahan/view/reportview.xhtml
2025,2,Uttar Pradesh,Noida - UP16( 13-NOV-2017 ),NON_EV,PETROL/CNG,ALL,ALL,ALL,ALL,1080,2026-05-15T11:04:15.094Z,https://vahan.parivahan.gov.in/vahan4dashboard/vahan/view/reportview.xhtml
2025,2,Uttar Pradesh,Noida - UP16( 13-NOV-2017 ),NON_EV,PETROL/HYBRID,ALL,ALL,ALL,ALL,238,2026-05-15T11:04:15.095Z,https://vahan.parivahan.gov.in/vahan4dashboard/vahan/view/reportview.xhtml
2025,2,Uttar Pradesh,Noida - UP16( 13-NOV-2017 ),EV,PLUG-IN HYBRID EV,ALL,ALL,ALL,ALL,1,2026-05-15T11:04:15.095Z,https://vahan.parivahan.gov.in/vahan4dashboard/vahan/view/reportview.xhtml
2025,2,Uttar Pradesh,Noida - UP16( 13-NOV-2017 ),EV,PURE EV,ALL,ALL,ALL,ALL,772,2026-05-15T11:04:15.095Z,https://vahan.parivahan.gov.in/vahan4dashboard/vahan/view/reportview.xhtml
2025,2,Uttar Pradesh,Noida - UP16( 13-NOV-2017 ),EV,STRONG HYBRID EV,ALL,ALL,ALL,ALL,345,2026-05-15T11:04:15.095Z,https://vahan.parivahan.gov.in/vahan4dashboard/vahan/view/reportview.xhtml
2025,2,Uttarakhand,haridwar,NON_EV,CNG ONLY,ALL,ALL,ALL,ALL,16,2026-05-15T11:12:48.418Z,https://vahan.parivahan.gov.in/vahan4dashboard/vahan/view/reportview.xhtml
2025,2,Uttarakhand,haridwar,NON_EV,DIESEL,ALL,ALL,ALL,ALL,144,2026-05-15T11:12:48.418Z,https://vahan.parivahan.gov.in/vahan4dashboard/vahan/view/reportview.xhtml
2025,2,Uttarakhand,haridwar,NON_EV,DIESEL/HYBRID,ALL,ALL,ALL,ALL,0,2026-05-15T11:12:48.418Z,https://vahan.parivahan.gov.in/vahan4dashboard/vahan/view/reportview.xhtml
2025,2,Uttarakhand,haridwar,EV,ELECTRIC(BOV),ALL,ALL,ALL,ALL,124,2026-05-15T11:12:48.418Z,https://vahan.parivahan.gov.in/vahan4dashboard/vahan/view/reportview.xhtml
2025,2,Uttarakhand,haridwar,NON_EV,PETROL,ALL,ALL,ALL,ALL,1283,2026-05-15T11:12:48.418Z,https://vahan.parivahan.gov.in/vahan4dashboard/vahan/view/reportview.xhtml
2025,2,Uttarakhand,haridwar,NON_EV,PETROL(E20),ALL,ALL,ALL,ALL,37,2026-05-15T11:12:48.418Z,https://vahan.parivahan.gov.in/vahan4dashboard/vahan/view/reportview.xhtml
2025,2,Uttarakhand,haridwar,NON_EV,PETROL(E20)/CNG,ALL,ALL,ALL,ALL,0,2026-05-15T11:12:48.418Z,https://vahan.parivahan.gov.in/vahan4dashboard/vahan/view/reportview.xhtml
2025,2,Uttarakhand,haridwar,NON_EV,PETROL(E20)/HYBRID,ALL,ALL,ALL,ALL,0,2026-05-15T11:12:48.418Z,https://vahan.parivahan.gov.in/vahan4dashboard/vahan/view/reportview.xhtml
2025,2,Uttarakhand,haridwar,NON_EV,PETROL/CNG,ALL,ALL,ALL,ALL,44,2026-05-15T11:12:48.418Z,https://vahan.parivahan.gov.in/vahan4dashboard/vahan/view/reportview.xhtml
2025,2,Uttarakhand,haridwar,NON_EV,PETROL/HYBRID,ALL,ALL,ALL,ALL,17,2026-05-15T11:12:48.418Z,https://vahan.parivahan.gov.in/vahan4dashboard/vahan/view/reportview.xhtml
2025,2,Uttarakhand,haridwar,EV,PURE EV,ALL,ALL,ALL,ALL,85,2026-05-15T11:12:48.418Z,https://vahan.parivahan.gov.in/vahan4dashboard/vahan/view/reportview.xhtml
2025,2,Uttarakhand,haridwar,EV,STRONG HYBRID EV,ALL,ALL,ALL,ALL,5,2026-05-15T11:12:48.418Z,https://vahan.parivahan.gov.in/vahan4dashboard/vahan/view/reportview.xhtml
2025,3,Uttar Pradesh,Noida - UP16( 13-NOV-2017 ),NON_EV,CNG ONLY,ALL,ALL,ALL,ALL,579,2026-05-15T11:04:15.095Z,https://vahan.parivahan.gov.in/vahan4dashboard/vahan/view/reportview.xhtml
2025,3,Uttar Pradesh,Noida - UP16( 13-NOV-2017 ),NON_EV,DIESEL,ALL,ALL,ALL,ALL,941,2026-05-15T11:04:15.095Z,https://vahan.parivahan.gov.in/vahan4dashboard/vahan/view/reportview.xhtml
2025,3,Uttar Pradesh,Noida - UP16( 13-NOV-2017 ),NON_EV,DIESEL/HYBRID,ALL,ALL,ALL,ALL,3,2026-05-15T11:04:15.095Z,https://vahan.parivahan.gov.in/vahan4dashboard/vahan/view/reportview.xhtml
2025,3,Uttar Pradesh,Noida - UP16( 13-NOV-2017 ),EV,ELECTRIC(BOV),ALL,ALL,ALL,ALL,620,2026-05-15T11:04:15.095Z,https://vahan.parivahan.gov.in/vahan4dashboard/vahan/view/reportview.xhtml
2025,3,Uttar Pradesh,Noida - UP16( 13-NOV-2017 ),NON_EV,ETHANOL(E100),ALL,ALL,ALL,ALL,1,2026-05-15T11:04:15.095Z,https://vahan.parivahan.gov.in/vahan4dashboard/vahan/view/reportview.xhtml
2025,3,Uttar Pradesh,Noida - UP16( 13-NOV-2017 ),NON_EV,LNG,ALL,ALL,ALL,ALL,0,2026-05-15T11:04:15.095Z,https://vahan.parivahan.gov.in/vahan4dashboard/vahan/view/reportview.xhtml
2025,3,Uttar Pradesh,Noida - UP16( 13-NOV-2017 ),NON_EV,PETROL,ALL,ALL,ALL,ALL,7852,2026-05-15T11:04:15.095Z,https://vahan.parivahan.gov.in/vahan4dashboard/vahan/view/reportview.xhtml
2025,3,Uttar Pradesh,Noida - UP16( 13-NOV-2017 ),NON_EV,PETROL(E20),ALL,ALL,ALL,ALL,370,2026-05-15T11:04:15.095Z,https://vahan.parivahan.gov.in/vahan4dashboard/vahan/view/reportview.xhtml
2025,3,Uttar Pradesh,Noida - UP16( 13-NOV-2017 ),NON_EV,PETROL(E20)/CNG,ALL,ALL,ALL,ALL,0,2026-05-15T11:04:15.095Z,https://vahan.parivahan.gov.in/vahan4dashboard/vahan/view/reportview.xhtml
2025,3,Uttar Pradesh,Noida - UP16( 13-NOV-2017 ),NON_EV,PETROL(E20)/HYBRID,ALL,ALL,ALL,ALL,0,2026-05-15T11:04:15.095Z,https://vahan.parivahan.gov.in/vahan4dashboard/vahan/view/reportview.xhtml
2025,3,Uttar Pradesh,Noida - UP16( 13-NOV-2017 ),NON_EV,PETROL/CNG,ALL,ALL,ALL,ALL,1135,2026-05-15T11:04:15.095Z,https://vahan.parivahan.gov.in/vahan4dashboard/vahan/view/reportview.xhtml
2025,3,Uttar Pradesh,Noida - UP16( 13-NOV-2017 ),NON_EV,PETROL/HYBRID,ALL,ALL,ALL,ALL,208,2026-05-15T11:04:15.095Z,https://vahan.parivahan.gov.in/vahan4dashboard/vahan/view/reportview.xhtml
2025,3,Uttar Pradesh,Noida - UP16( 13-NOV-2017 ),EV,PLUG-IN HYBRID EV,ALL,ALL,ALL,ALL,1,2026-05-15T11:04:15.095Z,https://vahan.parivahan.gov.in/vahan4dashboard/vahan/view/reportview.xhtml
2025,3,Uttar Pradesh,Noida - UP16( 13-NOV-2017 ),EV,PURE EV,ALL,ALL,ALL,ALL,747,2026-05-15T11:04:15.095Z,https://vahan.parivahan.gov.in/vahan4dashboard/vahan/view/reportview.xhtml
2025,3,Uttar Pradesh,Noida - UP16( 13-NOV-2017 ),EV,STRONG HYBRID EV,ALL,ALL,ALL,ALL,415,2026-05-15T11:04:15.095Z,https://vahan.parivahan.gov.in/vahan4dashboard/vahan/view/reportview.xhtml
2025,3,Uttarakhand,dehradun,NON_EV,CNG ONLY,ALL,ALL,ALL,ALL,82,2026-05-15T12:01:17.355Z,https://vahan.parivahan.gov.in/vahan4dashboard/vahan/view/reportview.xhtml
2025,3,Uttarakhand,dehradun,NON_EV,DIESEL,ALL,ALL,ALL,ALL,536,2026-05-15T12:01:17.357Z,https://vahan.parivahan.gov.in/vahan4dashboard/vahan/view/reportview.xhtml
2025,3,Uttarakhand,dehradun,NON_EV,DIESEL/HYBRID,ALL,ALL,ALL,ALL,1,2026-05-15T12:01:17.357Z,https://vahan.parivahan.gov.in/vahan4dashboard/vahan/view/reportview.xhtml
2025,3,Uttarakhand,dehradun,EV,ELECTRIC(BOV),ALL,ALL,ALL,ALL,97,2026-05-15T12:01:17.357Z,https://vahan.parivahan.gov.in/vahan4dashboard/vahan/view/reportview.xhtml
2025,3,Uttarakhand,dehradun,NON_EV,ETHANOL(E100),ALL,ALL,ALL,ALL,3,2026-05-15T12:01:17.357Z,https://vahan.parivahan.gov.in/vahan4dashboard/vahan/view/reportview.xhtml
2025,3,Uttarakhand,dehradun,NON_EV,NOT APPLICABLE,ALL,ALL,ALL,ALL,2,2026-05-15T12:01:17.357Z,https://vahan.parivahan.gov.in/vahan4dashboard/vahan/view/reportview.xhtml
2025,3,Uttarakhand,dehradun,NON_EV,PETROL,ALL,ALL,ALL,ALL,4111,2026-05-15T12:01:17.357Z,https://vahan.parivahan.gov.in/vahan4dashboard/vahan/view/reportview.xhtml
2025,3,Uttarakhand,dehradun,NON_EV,PETROL(E20),ALL,ALL,ALL,ALL,169,2026-05-15T12:01:17.357Z,https://vahan.parivahan.gov.in/vahan4dashboard/vahan/view/reportview.xhtml
2025,3,Uttarakhand,dehradun,NON_EV,PETROL(E20)/CNG,ALL,ALL,ALL,ALL,0,2026-05-15T12:01:17.357Z,https://vahan.parivahan.gov.in/vahan4dashboard/vahan/view/reportview.xhtml
2025,3,Uttarakhand,dehradun,NON_EV,PETROL(E20)/HYBRID,ALL,ALL,ALL,ALL,0,2026-05-15T12:01:17.357Z,https://vahan.parivahan.gov.in/vahan4dashboard/vahan/view/reportview.xhtml
2025,3,Uttarakhand,dehradun,NON_EV,PETROL/CNG,ALL,ALL,ALL,ALL,152,2026-05-15T12:01:17.357Z,https://vahan.parivahan.gov.in/vahan4dashboard/vahan/view/reportview.xhtml
2025,3,Uttarakhand,dehradun,NON_EV,PETROL/HYBRID,ALL,ALL,ALL,ALL,134,2026-05-15T12:01:17.357Z,https://vahan.parivahan.gov.in/vahan4dashboard/vahan/view/reportview.xhtml
2025,3,Uttarakhand,dehradun,EV,PURE EV,ALL,ALL,ALL,ALL,200,2026-05-15T12:01:17.357Z,https://vahan.parivahan.gov.in/vahan4dashboard/vahan/view/reportview.xhtml
2025,3,Uttarakhand,dehradun,EV,STRONG HYBRID EV,ALL,ALL,ALL,ALL,16,2026-05-15T12:01:17.357Z,https://vahan.parivahan.gov.in/vahan4dashboard/vahan/view/reportview.xhtml
2025,3,Uttarakhand,haridwar,NON_EV,CNG ONLY,ALL,ALL,ALL,ALL,39,2026-05-15T11:12:48.418Z,https://vahan.parivahan.gov.in/vahan4dashboard/vahan/view/reportview.xhtml
2025,3,Uttarakhand,haridwar,NON_EV,DIESEL,ALL,ALL,ALL,ALL,238,2026-05-15T11:12:48.418Z,https://vahan.parivahan.gov.in/vahan4dashboard/vahan/view/reportview.xhtml
2025,3,Uttarakhand,haridwar,NON_EV,DIESEL/HYBRID,ALL,ALL,ALL,ALL,0,2026-05-15T11:12:48.418Z,https://vahan.parivahan.gov.in/vahan4dashboard/vahan/view/reportview.xhtml
2025,3,Uttarakhand,haridwar,EV,ELECTRIC(BOV),ALL,ALL,ALL,ALL,129,2026-05-15T11:12:48.418Z,https://vahan.parivahan.gov.in/vahan4dashboard/vahan/view/reportview.xhtml
2025,3,Uttarakhand,haridwar,NON_EV,PETROL,ALL,ALL,ALL,ALL,1712,2026-05-15T11:12:48.418Z,https://vahan.parivahan.gov.in/vahan4dashboard/vahan/view/reportview.xhtml
2025,3,Uttarakhand,haridwar,NON_EV,PETROL(E20),ALL,ALL,ALL,ALL,54,2026-05-15T11:12:48.418Z,https://vahan.parivahan.gov.in/vahan4dashboard/vahan/view/reportview.xhtml
2025,3,Uttarakhand,haridwar,NON_EV,PETROL(E20)/CNG,ALL,ALL,ALL,ALL,0,2026-05-15T11:12:48.418Z,https://vahan.parivahan.gov.in/vahan4dashboard/vahan/view/reportview.xhtml
2025,3,Uttarakhand,haridwar,NON_EV,PETROL(E20)/HYBRID,ALL,ALL,ALL,ALL,0,2026-05-15T11:12:48.418Z,https://vahan.parivahan.gov.in/vahan4dashboard/vahan/view/reportview.xhtml
2025,3,Uttarakhand,haridwar,NON_EV,PETROL/CNG,ALL,ALL,ALL,ALL,55,2026-05-15T11:12:48.418Z,https://vahan.parivahan.gov.in/vahan4dashboard/vahan/view/reportview.xhtml
2025,3,Uttarakhand,haridwar,NON_EV,PETROL/HYBRID,ALL,ALL,ALL,ALL,38,2026-05-15T11:12:48.418Z,https://vahan.parivahan.gov.in/vahan4dashboard/vahan/view/reportview.xhtml
2025,3,Uttarakhand,haridwar,EV,PURE EV,ALL,ALL,ALL,ALL,142,2026-05-15T11:12:48.418Z,https://vahan.parivahan.gov.in/vahan4dashboard/vahan/view/reportview.xhtml
2025,3,Uttarakhand,haridwar,EV,STRONG HYBRID EV,ALL,ALL,ALL,ALL,11,2026-05-15T11:12:48.418Z,https://vahan.parivahan.gov.in/vahan4dashboard/vahan/view/reportview.xhtml
2025,4,Rajasthan,All Vahan4 Running Office,NON_EV,CNG ONLY,ALL,ALL,ALL,ALL,1661,2026-05-15T13:02:07.060Z,https://vahan.parivahan.gov.in/vahan4dashboard/vahan/view/reportview.xhtml
2025,4,Rajasthan,All Vahan4 Running Office,NON_EV,DIESEL,ALL,ALL,ALL,ALL,20243,2026-05-15T13:02:07.062Z,https://vahan.parivahan.gov.in/vahan4dashboard/vahan/view/reportview.xhtml
2025,4,Rajasthan,All Vahan4 Running Office,NON_EV,DIESEL/HYBRID,ALL,ALL,ALL,ALL,12,2026-05-15T13:02:07.062Z,https://vahan.parivahan.gov.in/vahan4dashboard/vahan/view/reportview.xhtml
2025,4,Rajasthan,All Vahan4 Running Office,EV,ELECTRIC(BOV),ALL,ALL,ALL,ALL,1770,2026-05-15T13:02:07.062Z,https://vahan.parivahan.gov.in/vahan4dashboard/vahan/view/reportview.xhtml
2025,4,Rajasthan,All Vahan4 Running Office,NON_EV,ETHANOL(E100),ALL,ALL,ALL,ALL,1,2026-05-15T13:02:07.062Z,https://vahan.parivahan.gov.in/vahan4dashboard/vahan/view/reportview.xhtml
2025,4,Rajasthan,All Vahan4 Running Office,NON_EV,LNG,ALL,ALL,ALL,ALL,4,2026-05-15T13:02:07.062Z,https://vahan.parivahan.gov.in/vahan4dashboard/vahan/view/reportview.xhtml
2025,4,Rajasthan,All Vahan4 Running Office,NON_EV,LPG ONLY,ALL,ALL,ALL,ALL,154,2026-05-15T13:02:07.062Z,https://vahan.parivahan.gov.in/vahan4dashboard/vahan/view/reportview.xhtml
2025,4,Rajasthan,All Vahan4 Running Office,NON_EV,NOT APPLICABLE,ALL,ALL,ALL,ALL,201,2026-05-15T13:02:07.062Z,https://vahan.parivahan.gov.in/vahan4dashboard/vahan/view/reportview.xhtml
2025,4,Rajasthan,All Vahan4 Running Office,NON_EV,PETROL,ALL,ALL,ALL,ALL,85144,2026-05-15T13:02:07.062Z,https://vahan.parivahan.gov.in/vahan4dashboard/vahan/view/reportview.xhtml
2025,4,Rajasthan,All Vahan4 Running Office,NON_EV,PETROL(E20),ALL,ALL,ALL,ALL,4461,2026-05-15T13:02:07.062Z,https://vahan.parivahan.gov.in/vahan4dashboard/vahan/view/reportview.xhtml
2025,4,Rajasthan,All Vahan4 Running Office,NON_EV,PETROL(E20)/CNG,ALL,ALL,ALL,ALL,2,2026-05-15T13:02:07.062Z,https://vahan.parivahan.gov.in/vahan4dashboard/vahan/view/reportview.xhtml
2025,4,Rajasthan,All Vahan4 Running Office,NON_EV,PETROL(E20)/HYBRID,ALL,ALL,ALL,ALL,0,2026-05-15T13:02:07.062Z,https://vahan.parivahan.gov.in/vahan4dashboard/vahan/view/reportview.xhtml
2025,4,Rajasthan,All Vahan4 Running Office,NON_EV,PETROL(E20)/HYBRID/CNG,ALL,ALL,ALL,ALL,0,2026-05-15T13:02:07.062Z,https://vahan.parivahan.gov.in/vahan4dashboard/vahan/view/reportview.xhtml
2025,4,Rajasthan,All Vahan4 Running Office,NON_EV,PETROL(E20)/LPG,ALL,ALL,ALL,ALL,2,2026-05-15T13:02:07.062Z,https://vahan.parivahan.gov.in/vahan4dashboard/vahan/view/reportview.xhtml
2025,4,Rajasthan,All Vahan4 Running Office,NON_EV,PETROL/CNG,ALL,ALL,ALL,ALL,4834,2026-05-15T13:02:07.062Z,https://vahan.parivahan.gov.in/vahan4dashboard/vahan/view/reportview.xhtml
2025,4,Rajasthan,All Vahan4 Running Office,NON_EV,PETROL/HYBRID,ALL,ALL,ALL,ALL,851,2026-05-15T13:02:07.062Z,https://vahan.parivahan.gov.in/vahan4dashboard/vahan/view/reportview.xhtml
2025,4,Rajasthan,All Vahan4 Running Office,NON_EV,PETROL/HYBRID/CNG,ALL,ALL,ALL,ALL,2,2026-05-15T13:02:07.062Z,https://vahan.parivahan.gov.in/vahan4dashboard/vahan/view/reportview.xhtml
2025,4,Rajasthan,All Vahan4 Running Office,NON_EV,PETROL/LPG,ALL,ALL,ALL,ALL,322,2026-05-15T13:02:07.062Z,https://vahan.parivahan.gov.in/vahan4dashboard/vahan/view/reportview.xhtml
2025,4,Rajasthan,All Vahan4 Running Office,EV,PURE EV,ALL,ALL,ALL,ALL,5997,2026-05-15T13:02:07.062Z,https://vahan.parivahan.gov.in/vahan4dashboard/vahan/view/reportview.xhtml
2025,4,Rajasthan,All Vahan4 Running Office,EV,STRONG HYBRID EV,ALL,ALL,ALL,ALL,266,2026-05-15T13:02:07.062Z,https://vahan.parivahan.gov.in/vahan4dashboard/vahan/view/reportview.xhtml
2025,4,Uttar Pradesh,Noida - UP16( 13-NOV-2017 ),NON_EV,CNG ONLY,ALL,ALL,ALL,ALL,499,2026-05-15T11:04:15.095Z,https://vahan.parivahan.gov.in/vahan4dashboard/vahan/view/reportview.xhtml
2025,4,Uttar Pradesh,Noida - UP16( 13-NOV-2017 ),NON_EV,DIESEL,ALL,ALL,ALL,ALL,976,2026-05-15T11:04:15.095Z,https://vahan.parivahan.gov.in/vahan4dashboard/vahan/view/reportview.xhtml
2025,4,Uttar Pradesh,Noida - UP16( 13-NOV-2017 ),NON_EV,DIESEL/HYBRID,ALL,ALL,ALL,ALL,6,2026-05-15T11:04:15.095Z,https://vahan.parivahan.gov.in/vahan4dashboard/vahan/view/reportview.xhtml
2025,4,Uttar Pradesh,Noida - UP16( 13-NOV-2017 ),EV,ELECTRIC(BOV),ALL,ALL,ALL,ALL,498,2026-05-15T11:04:15.095Z,https://vahan.parivahan.gov.in/vahan4dashboard/vahan/view/reportview.xhtml
2025,4,Uttar Pradesh,Noida - UP16( 13-NOV-2017 ),NON_EV,ETHANOL(E100),ALL,ALL,ALL,ALL,0,2026-05-15T11:04:15.095Z,https://vahan.parivahan.gov.in/vahan4dashboard/vahan/view/reportview.xhtml
2025,4,Uttar Pradesh,Noida - UP16( 13-NOV-2017 ),NON_EV,LNG,ALL,ALL,ALL,ALL,0,2026-05-15T11:04:15.095Z,https://vahan.parivahan.gov.in/vahan4dashboard/vahan/view/reportview.xhtml
2025,4,Uttar Pradesh,Noida - UP16( 13-NOV-2017 ),NON_EV,PETROL,ALL,ALL,ALL,ALL,7150,2026-05-15T11:04:15.095Z,https://vahan.parivahan.gov.in/vahan4dashboard/vahan/view/reportview.xhtml
2025,4,Uttar Pradesh,Noida - UP16( 13-NOV-2017 ),NON_EV,PETROL(E20),ALL,ALL,ALL,ALL,1062,2026-05-15T11:04:15.095Z,https://vahan.parivahan.gov.in/vahan4dashboard/vahan/view/reportview.xhtml
2025,4,Uttar Pradesh,Noida - UP16( 13-NOV-2017 ),NON_EV,PETROL(E20)/CNG,ALL,ALL,ALL,ALL,0,2026-05-15T11:04:15.095Z,https://vahan.parivahan.gov.in/vahan4dashboard/vahan/view/reportview.xhtml
2025,4,Uttar Pradesh,Noida - UP16( 13-NOV-2017 ),NON_EV,PETROL(E20)/HYBRID,ALL,ALL,ALL,ALL,0,2026-05-15T11:04:15.095Z,https://vahan.parivahan.gov.in/vahan4dashboard/vahan/view/reportview.xhtml
2025,4,Uttar Pradesh,Noida - UP16( 13-NOV-2017 ),NON_EV,PETROL/CNG,ALL,ALL,ALL,ALL,1212,2026-05-15T11:04:15.095Z,https://vahan.parivahan.gov.in/vahan4dashboard/vahan/view/reportview.xhtml
2025,4,Uttar Pradesh,Noida - UP16( 13-NOV-2017 ),NON_EV,PETROL/HYBRID,ALL,ALL,ALL,ALL,233,2026-05-15T11:04:15.095Z,https://vahan.parivahan.gov.in/vahan4dashboard/vahan/view/reportview.xhtml
2025,4,Uttar Pradesh,Noida - UP16( 13-NOV-2017 ),EV,PLUG-IN HYBRID EV,ALL,ALL,ALL,ALL,0,2026-05-15T11:04:15.095Z,https://vahan.parivahan.gov.in/vahan4dashboard/vahan/view/reportview.xhtml
2025,4,Uttar Pradesh,Noida - UP16( 13-NOV-2017 ),EV,PURE EV,ALL,ALL,ALL,ALL,609,2026-05-15T11:04:15.095Z,https://vahan.parivahan.gov.in/vahan4dashboard/vahan/view/reportview.xhtml
2025,4,Uttar Pradesh,Noida - UP16( 13-NOV-2017 ),EV,STRONG HYBRID EV,ALL,ALL,ALL,ALL,430,2026-05-15T11:04:15.095Z,https://vahan.parivahan.gov.in/vahan4dashboard/vahan/view/reportview.xhtml
2025,4,Uttarakhand,haridwar,NON_EV,CNG ONLY,ALL,ALL,ALL,ALL,21,2026-05-15T11:12:48.418Z,https://vahan.parivahan.gov.in/vahan4dashboard/vahan/view/reportview.xhtml
2025,4,Uttarakhand,haridwar,NON_EV,DIESEL,ALL,ALL,ALL,ALL,255,2026-05-15T11:12:48.418Z,https://vahan.parivahan.gov.in/vahan4dashboard/vahan/view/reportview.xhtml
2025,4,Uttarakhand,haridwar,NON_EV,DIESEL/HYBRID,ALL,ALL,ALL,ALL,0,2026-05-15T11:12:48.418Z,https://vahan.parivahan.gov.in/vahan4dashboard/vahan/view/reportview.xhtml
2025,4,Uttarakhand,haridwar,EV,ELECTRIC(BOV),ALL,ALL,ALL,ALL,124,2026-05-15T11:12:48.418Z,https://vahan.parivahan.gov.in/vahan4dashboard/vahan/view/reportview.xhtml
2025,4,Uttarakhand,haridwar,NON_EV,PETROL,ALL,ALL,ALL,ALL,1979,2026-05-15T11:12:48.418Z,https://vahan.parivahan.gov.in/vahan4dashboard/vahan/view/reportview.xhtml
2025,4,Uttarakhand,haridwar,NON_EV,PETROL(E20),ALL,ALL,ALL,ALL,144,2026-05-15T11:12:48.418Z,https://vahan.parivahan.gov.in/vahan4dashboard/vahan/view/reportview.xhtml
2025,4,Uttarakhand,haridwar,NON_EV,PETROL(E20)/CNG,ALL,ALL,ALL,ALL,0,2026-05-15T11:12:48.418Z,https://vahan.parivahan.gov.in/vahan4dashboard/vahan/view/reportview.xhtml
2025,4,Uttarakhand,haridwar,NON_EV,PETROL(E20)/HYBRID,ALL,ALL,ALL,ALL,0,2026-05-15T11:12:48.418Z,https://vahan.parivahan.gov.in/vahan4dashboard/vahan/view/reportview.xhtml
2025,4,Uttarakhand,haridwar,NON_EV,PETROL/CNG,ALL,ALL,ALL,ALL,69,2026-05-15T11:12:48.418Z,https://vahan.parivahan.gov.in/vahan4dashboard/vahan/view/reportview.xhtml
2025,4,Uttarakhand,haridwar,NON_EV,PETROL/HYBRID,ALL,ALL,ALL,ALL,28,2026-05-15T11:12:48.418Z,https://vahan.parivahan.gov.in/vahan4dashboard/vahan/view/reportview.xhtml
2025,4,Uttarakhand,haridwar,EV,PURE EV,ALL,ALL,ALL,ALL,149,2026-05-15T11:12:48.418Z,https://vahan.parivahan.gov.in/vahan4dashboard/vahan/view/reportview.xhtml
2025,4,Uttarakhand,haridwar,EV,STRONG HYBRID EV,ALL,ALL,ALL,ALL,7,2026-05-15T11:12:48.418Z,https://vahan.parivahan.gov.in/vahan4dashboard/vahan/view/reportview.xhtml
2025,5,Uttar Pradesh,Noida - UP16( 13-NOV-2017 ),NON_EV,CNG ONLY,ALL,ALL,ALL,ALL,458,2026-05-15T11:04:15.095Z,https://vahan.parivahan.gov.in/vahan4dashboard/vahan/view/reportview.xhtml
2025,5,Uttar Pradesh,Noida - UP16( 13-NOV-2017 ),NON_EV,DIESEL,ALL,ALL,ALL,ALL,975,2026-05-15T11:04:15.095Z,https://vahan.parivahan.gov.in/vahan4dashboard/vahan/view/reportview.xhtml
2025,5,Uttar Pradesh,Noida - UP16( 13-NOV-2017 ),NON_EV,DIESEL/HYBRID,ALL,ALL,ALL,ALL,5,2026-05-15T11:04:15.095Z,https://vahan.parivahan.gov.in/vahan4dashboard/vahan/view/reportview.xhtml
2025,5,Uttar Pradesh,Noida - UP16( 13-NOV-2017 ),EV,ELECTRIC(BOV),ALL,ALL,ALL,ALL,432,2026-05-15T11:04:15.095Z,https://vahan.parivahan.gov.in/vahan4dashboard/vahan/view/reportview.xhtml
2025,5,Uttar Pradesh,Noida - UP16( 13-NOV-2017 ),NON_EV,ETHANOL(E100),ALL,ALL,ALL,ALL,1,2026-05-15T11:04:15.095Z,https://vahan.parivahan.gov.in/vahan4dashboard/vahan/view/reportview.xhtml
2025,5,Uttar Pradesh,Noida - UP16( 13-NOV-2017 ),NON_EV,LNG,ALL,ALL,ALL,ALL,0,2026-05-15T11:04:15.095Z,https://vahan.parivahan.gov.in/vahan4dashboard/vahan/view/reportview.xhtml
2025,5,Uttar Pradesh,Noida - UP16( 13-NOV-2017 ),NON_EV,PETROL,ALL,ALL,ALL,ALL,5820,2026-05-15T11:04:15.095Z,https://vahan.parivahan.gov.in/vahan4dashboard/vahan/view/reportview.xhtml
2025,5,Uttar Pradesh,Noida - UP16( 13-NOV-2017 ),NON_EV,PETROL(E20),ALL,ALL,ALL,ALL,2156,2026-05-15T11:04:15.095Z,https://vahan.parivahan.gov.in/vahan4dashboard/vahan/view/reportview.xhtml
2025,5,Uttar Pradesh,Noida - UP16( 13-NOV-2017 ),NON_EV,PETROL(E20)/CNG,ALL,ALL,ALL,ALL,0,2026-05-15T11:04:15.095Z,https://vahan.parivahan.gov.in/vahan4dashboard/vahan/view/reportview.xhtml
2025,5,Uttar Pradesh,Noida - UP16( 13-NOV-2017 ),NON_EV,PETROL(E20)/HYBRID,ALL,ALL,ALL,ALL,0,2026-05-15T11:04:15.095Z,https://vahan.parivahan.gov.in/vahan4dashboard/vahan/view/reportview.xhtml
2025,5,Uttar Pradesh,Noida - UP16( 13-NOV-2017 ),NON_EV,PETROL/CNG,ALL,ALL,ALL,ALL,1056,2026-05-15T11:04:15.095Z,https://vahan.parivahan.gov.in/vahan4dashboard/vahan/view/reportview.xhtml
2025,5,Uttar Pradesh,Noida - UP16( 13-NOV-2017 ),NON_EV,PETROL/HYBRID,ALL,ALL,ALL,ALL,187,2026-05-15T11:04:15.095Z,https://vahan.parivahan.gov.in/vahan4dashboard/vahan/view/reportview.xhtml
2025,5,Uttar Pradesh,Noida - UP16( 13-NOV-2017 ),EV,PLUG-IN HYBRID EV,ALL,ALL,ALL,ALL,0,2026-05-15T11:04:15.095Z,https://vahan.parivahan.gov.in/vahan4dashboard/vahan/view/reportview.xhtml
2025,5,Uttar Pradesh,Noida - UP16( 13-NOV-2017 ),EV,PURE EV,ALL,ALL,ALL,ALL,780,2026-05-15T11:04:15.095Z,https://vahan.parivahan.gov.in/vahan4dashboard/vahan/view/reportview.xhtml
2025,5,Uttar Pradesh,Noida - UP16( 13-NOV-2017 ),EV,STRONG HYBRID EV,ALL,ALL,ALL,ALL,432,2026-05-15T11:04:15.095Z,https://vahan.parivahan.gov.in/vahan4dashboard/vahan/view/reportview.xhtml
2025,5,Uttarakhand,haridwar,NON_EV,CNG ONLY,ALL,ALL,ALL,ALL,20,2026-05-15T11:12:48.418Z,https://vahan.parivahan.gov.in/vahan4dashboard/vahan/view/reportview.xhtml
2025,5,Uttarakhand,haridwar,NON_EV,DIESEL,ALL,ALL,ALL,ALL,228,2026-05-15T11:12:48.418Z,https://vahan.parivahan.gov.in/vahan4dashboard/vahan/view/reportview.xhtml
2025,5,Uttarakhand,haridwar,NON_EV,DIESEL/HYBRID,ALL,ALL,ALL,ALL,0,2026-05-15T11:12:48.418Z,https://vahan.parivahan.gov.in/vahan4dashboard/vahan/view/reportview.xhtml
2025,5,Uttarakhand,haridwar,EV,ELECTRIC(BOV),ALL,ALL,ALL,ALL,141,2026-05-15T11:12:48.418Z,https://vahan.parivahan.gov.in/vahan4dashboard/vahan/view/reportview.xhtml
2025,5,Uttarakhand,haridwar,NON_EV,PETROL,ALL,ALL,ALL,ALL,1588,2026-05-15T11:12:48.418Z,https://vahan.parivahan.gov.in/vahan4dashboard/vahan/view/reportview.xhtml
2025,5,Uttarakhand,haridwar,NON_EV,PETROL(E20),ALL,ALL,ALL,ALL,342,2026-05-15T11:12:48.418Z,https://vahan.parivahan.gov.in/vahan4dashboard/vahan/view/reportview.xhtml
2025,5,Uttarakhand,haridwar,NON_EV,PETROL(E20)/CNG,ALL,ALL,ALL,ALL,0,2026-05-15T11:12:48.418Z,https://vahan.parivahan.gov.in/vahan4dashboard/vahan/view/reportview.xhtml
2025,5,Uttarakhand,haridwar,NON_EV,PETROL(E20)/HYBRID,ALL,ALL,ALL,ALL,0,2026-05-15T11:12:48.418Z,https://vahan.parivahan.gov.in/vahan4dashboard/vahan/view/reportview.xhtml
2025,5,Uttarakhand,haridwar,NON_EV,PETROL/CNG,ALL,ALL,ALL,ALL,43,2026-05-15T11:12:48.418Z,https://vahan.parivahan.gov.in/vahan4dashboard/vahan/view/reportview.xhtml
2025,5,Uttarakhand,haridwar,NON_EV,PETROL/HYBRID,ALL,ALL,ALL,ALL,25,2026-05-15T11:12:48.418Z,https://vahan.parivahan.gov.in/vahan4dashboard/vahan/view/reportview.xhtml
2025,5,Uttarakhand,haridwar,EV,PURE EV,ALL,ALL,ALL,ALL,293,2026-05-15T11:12:48.418Z,https://vahan.parivahan.gov.in/vahan4dashboard/vahan/view/reportview.xhtml
2025,5,Uttarakhand,haridwar,EV,STRONG HYBRID EV,ALL,ALL,ALL,ALL,5,2026-05-15T11:12:48.418Z,https://vahan.parivahan.gov.in/vahan4dashboard/vahan/view/reportview.xhtml
2025,6,Nagaland,All Vahan4 Running Office,NON_EV,CNG ONLY,ALL,ALL,ALL,ALL,22,2026-05-17T18:52:03.261Z,https://vahan.parivahan.gov.in/vahan4dashboard/vahan/view/reportview.xhtml
2025,6,Nagaland,All Vahan4 Running Office,NON_EV,DIESEL,ALL,ALL,ALL,ALL,1018,2026-05-17T18:52:03.263Z,https://vahan.parivahan.gov.in/vahan4dashboard/vahan/view/reportview.xhtml
2025,6,Nagaland,All Vahan4 Running Office,NON_EV,DIESEL/HYBRID,ALL,ALL,ALL,ALL,1,2026-05-17T18:52:03.263Z,https://vahan.parivahan.gov.in/vahan4dashboard/vahan/view/reportview.xhtml
2025,6,Nagaland,All Vahan4 Running Office,EV,ELECTRIC(BOV),ALL,ALL,ALL,ALL,0,2026-05-17T18:52:03.263Z,https://vahan.parivahan.gov.in/vahan4dashboard/vahan/view/reportview.xhtml
2025,6,Nagaland,All Vahan4 Running Office,NON_EV,LNG,ALL,ALL,ALL,ALL,0,2026-05-17T18:52:03.263Z,https://vahan.parivahan.gov.in/vahan4dashboard/vahan/view/reportview.xhtml
2025,6,Nagaland,All Vahan4 Running Office,NON_EV,PETROL,ALL,ALL,ALL,ALL,723,2026-05-17T18:52:03.263Z,https://vahan.parivahan.gov.in/vahan4dashboard/vahan/view/reportview.xhtml
2025,6,Nagaland,All Vahan4 Running Office,NON_EV,PETROL(E20),ALL,ALL,ALL,ALL,191,2026-05-17T18:52:03.263Z,https://vahan.parivahan.gov.in/vahan4dashboard/vahan/view/reportview.xhtml
2025,6,Nagaland,All Vahan4 Running Office,NON_EV,PETROL(E20)/HYBRID,ALL,ALL,ALL,ALL,0,2026-05-17T18:52:03.263Z,https://vahan.parivahan.gov.in/vahan4dashboard/vahan/view/reportview.xhtml
2025,6,Nagaland,All Vahan4 Running Office,NON_EV,PETROL/HYBRID,ALL,ALL,ALL,ALL,50,2026-05-17T18:52:03.263Z,https://vahan.parivahan.gov.in/vahan4dashboard/vahan/view/reportview.xhtml
2025,6,Nagaland,All Vahan4 Running Office,EV,PURE EV,ALL,ALL,ALL,ALL,3,2026-05-17T18:52:03.263Z,https://vahan.parivahan.gov.in/vahan4dashboard/vahan/view/reportview.xhtml
2025,6,Nagaland,All Vahan4 Running Office,EV,STRONG HYBRID EV,ALL,ALL,ALL,ALL,6,2026-05-17T18:52:03.263Z,https://vahan.parivahan.gov.in/vahan4dashboard/vahan/view/reportview.xhtml
2025,6,Uttarakhand,haridwar,NON_EV,CNG ONLY,ALL,ALL,ALL,ALL,9,2026-05-15T11:12:48.418Z,https://vahan.parivahan.gov.in/vahan4dashboard/vahan/view/reportview.xhtml
2025,6,Uttarakhand,haridwar,NON_EV,DIESEL,ALL,ALL,ALL,ALL,223,2026-05-15T11:12:48.418Z,https://vahan.parivahan.gov.in/vahan4dashboard/vahan/view/reportview.xhtml
2025,6,Uttarakhand,haridwar,NON_EV,DIESEL/HYBRID,ALL,ALL,ALL,ALL,0,2026-05-15T11:12:48.418Z,https://vahan.parivahan.gov.in/vahan4dashboard/vahan/view/reportview.xhtml
2025,6,Uttarakhand,haridwar,EV,ELECTRIC(BOV),ALL,ALL,ALL,ALL,125,2026-05-15T11:12:48.418Z,https://vahan.parivahan.gov.in/vahan4dashboard/vahan/view/reportview.xhtml
2025,6,Uttarakhand,haridwar,NON_EV,PETROL,ALL,ALL,ALL,ALL,1221,2026-05-15T11:12:48.418Z,https://vahan.parivahan.gov.in/vahan4dashboard/vahan/view/reportview.xhtml
2025,6,Uttarakhand,haridwar,NON_EV,PETROL(E20),ALL,ALL,ALL,ALL,375,2026-05-15T11:12:48.418Z,https://vahan.parivahan.gov.in/vahan4dashboard/vahan/view/reportview.xhtml
2025,6,Uttarakhand,haridwar,NON_EV,PETROL(E20)/CNG,ALL,ALL,ALL,ALL,0,2026-05-15T11:12:48.418Z,https://vahan.parivahan.gov.in/vahan4dashboard/vahan/view/reportview.xhtml
2025,6,Uttarakhand,haridwar,NON_EV,PETROL(E20)/HYBRID,ALL,ALL,ALL,ALL,0,2026-05-15T11:12:48.418Z,https://vahan.parivahan.gov.in/vahan4dashboard/vahan/view/reportview.xhtml
2025,6,Uttarakhand,haridwar,NON_EV,PETROL/CNG,ALL,ALL,ALL,ALL,36,2026-05-15T11:12:48.418Z,https://vahan.parivahan.gov.in/vahan4dashboard/vahan/view/reportview.xhtml
2025,6,Uttarakhand,haridwar,NON_EV,PETROL/HYBRID,ALL,ALL,ALL,ALL,18,2026-05-15T11:12:48.418Z,https://vahan.parivahan.gov.in/vahan4dashboard/vahan/view/reportview.xhtml
2025,6,Uttarakhand,haridwar,EV,PURE EV,ALL,ALL,ALL,ALL,260,2026-05-15T11:12:48.418Z,https://vahan.parivahan.gov.in/vahan4dashboard/vahan/view/reportview.xhtml
2025,6,Uttarakhand,haridwar,EV,STRONG HYBRID EV,ALL,ALL,ALL,ALL,2,2026-05-15T11:12:48.418Z,https://vahan.parivahan.gov.in/vahan4dashboard/vahan/view/reportview.xhtml
2025,7,Nagaland,All Vahan4 Running Office,NON_EV,CNG ONLY,ALL,ALL,ALL,ALL,37,2026-05-17T18:52:03.263Z,https://vahan.parivahan.gov.in/vahan4dashboard/vahan/view/reportview.xhtml
2025,7,Nagaland,All Vahan4 Running Office,NON_EV,DIESEL,ALL,ALL,ALL,ALL,1273,2026-05-17T18:52:03.263Z,https://vahan.parivahan.gov.in/vahan4dashboard/vahan/view/reportview.xhtml
2025,7,Nagaland,All Vahan4 Running Office,NON_EV,DIESEL/HYBRID,ALL,ALL,ALL,ALL,0,2026-05-17T18:52:03.263Z,https://vahan.parivahan.gov.in/vahan4dashboard/vahan/view/reportview.xhtml
2025,7,Nagaland,All Vahan4 Running Office,EV,ELECTRIC(BOV),ALL,ALL,ALL,ALL,0,2026-05-17T18:52:03.263Z,https://vahan.parivahan.gov.in/vahan4dashboard/vahan/view/reportview.xhtml
2025,7,Nagaland,All Vahan4 Running Office,NON_EV,LNG,ALL,ALL,ALL,ALL,1,2026-05-17T18:52:03.263Z,https://vahan.parivahan.gov.in/vahan4dashboard/vahan/view/reportview.xhtml
2025,7,Nagaland,All Vahan4 Running Office,NON_EV,PETROL,ALL,ALL,ALL,ALL,864,2026-05-17T18:52:03.263Z,https://vahan.parivahan.gov.in/vahan4dashboard/vahan/view/reportview.xhtml
2025,7,Nagaland,All Vahan4 Running Office,NON_EV,PETROL(E20),ALL,ALL,ALL,ALL,266,2026-05-17T18:52:03.263Z,https://vahan.parivahan.gov.in/vahan4dashboard/vahan/view/reportview.xhtml
2025,7,Nagaland,All Vahan4 Running Office,NON_EV,PETROL(E20)/HYBRID,ALL,ALL,ALL,ALL,0,2026-05-17T18:52:03.263Z,https://vahan.parivahan.gov.in/vahan4dashboard/vahan/view/reportview.xhtml
2025,7,Nagaland,All Vahan4 Running Office,NON_EV,PETROL/HYBRID,ALL,ALL,ALL,ALL,69,2026-05-17T18:52:03.263Z,https://vahan.parivahan.gov.in/vahan4dashboard/vahan/view/reportview.xhtml
2025,7,Nagaland,All Vahan4 Running Office,EV,PURE EV,ALL,ALL,ALL,ALL,1,2026-05-17T18:52:03.263Z,https://vahan.parivahan.gov.in/vahan4dashboard/vahan/view/reportview.xhtml
2025,7,Nagaland,All Vahan4 Running Office,EV,STRONG HYBRID EV,ALL,ALL,ALL,ALL,5,2026-05-17T18:52:03.263Z,https://vahan.parivahan.gov.in/vahan4dashboard/vahan/view/reportview.xhtml
2025,7,Uttarakhand,haridwar,NON_EV,CNG ONLY,ALL,ALL,ALL,ALL,18,2026-05-15T11:12:48.418Z,https://vahan.parivahan.gov.in/vahan4dashboard/vahan/view/reportview.xhtml
2025,7,Uttarakhand,haridwar,NON_EV,DIESEL,ALL,ALL,ALL,ALL,243,2026-05-15T11:12:48.418Z,https://vahan.parivahan.gov.in/vahan4dashboard/vahan/view/reportview.xhtml
2025,7,Uttarakhand,haridwar,NON_EV,DIESEL/HYBRID,ALL,ALL,ALL,ALL,0,2026-05-15T11:12:48.418Z,https://vahan.parivahan.gov.in/vahan4dashboard/vahan/view/reportview.xhtml
2025,7,Uttarakhand,haridwar,EV,ELECTRIC(BOV),ALL,ALL,ALL,ALL,116,2026-05-15T11:12:48.418Z,https://vahan.parivahan.gov.in/vahan4dashboard/vahan/view/reportview.xhtml
2025,7,Uttarakhand,haridwar,NON_EV,PETROL,ALL,ALL,ALL,ALL,1077,2026-05-15T11:12:48.418Z,https://vahan.parivahan.gov.in/vahan4dashboard/vahan/view/reportview.xhtml
2025,7,Uttarakhand,haridwar,NON_EV,PETROL(E20),ALL,ALL,ALL,ALL,480,2026-05-15T11:12:48.418Z,https://vahan.parivahan.gov.in/vahan4dashboard/vahan/view/reportview.xhtml
2025,7,Uttarakhand,haridwar,NON_EV,PETROL(E20)/CNG,ALL,ALL,ALL,ALL,1,2026-05-15T11:12:48.418Z,https://vahan.parivahan.gov.in/vahan4dashboard/vahan/view/reportview.xhtml
2025,7,Uttarakhand,haridwar,NON_EV,PETROL(E20)/HYBRID,ALL,ALL,ALL,ALL,0,2026-05-15T11:12:48.418Z,https://vahan.parivahan.gov.in/vahan4dashboard/vahan/view/reportview.xhtml
2025,7,Uttarakhand,haridwar,NON_EV,PETROL/CNG,ALL,ALL,ALL,ALL,26,2026-05-15T11:12:48.418Z,https://vahan.parivahan.gov.in/vahan4dashboard/vahan/view/reportview.xhtml
2025,7,Uttarakhand,haridwar,NON_EV,PETROL/HYBRID,ALL,ALL,ALL,ALL,26,2026-05-15T11:12:48.418Z,https://vahan.parivahan.gov.in/vahan4dashboard/vahan/view/reportview.xhtml
2025,7,Uttarakhand,haridwar,EV,PURE EV,ALL,ALL,ALL,ALL,250,2026-05-15T11:12:48.418Z,https://vahan.parivahan.gov.in/vahan4dashboard/vahan/view/reportview.xhtml
2025,7,Uttarakhand,haridwar,EV,STRONG HYBRID EV,ALL,ALL,ALL,ALL,0,2026-05-15T11:12:48.418Z,https://vahan.parivahan.gov.in/vahan4dashboard/vahan/view/reportview.xhtml
2025,8,Nagaland,All Vahan4 Running Office,NON_EV,CNG ONLY,ALL,ALL,ALL,ALL,0,2026-05-17T18:52:03.263Z,https://vahan.parivahan.gov.in/vahan4dashboard/vahan/view/reportview.xhtml
2025,8,Nagaland,All Vahan4 Running Office,NON_EV,DIESEL,ALL,ALL,ALL,ALL,1009,2026-05-17T18:52:03.263Z,https://vahan.parivahan.gov.in/vahan4dashboard/vahan/view/reportview.xhtml
2025,8,Nagaland,All Vahan4 Running Office,NON_EV,DIESEL/HYBRID,ALL,ALL,ALL,ALL,2,2026-05-17T18:52:03.263Z,https://vahan.parivahan.gov.in/vahan4dashboard/vahan/view/reportview.xhtml
2025,8,Nagaland,All Vahan4 Running Office,EV,ELECTRIC(BOV),ALL,ALL,ALL,ALL,0,2026-05-17T18:52:03.263Z,https://vahan.parivahan.gov.in/vahan4dashboard/vahan/view/reportview.xhtml
2025,8,Nagaland,All Vahan4 Running Office,NON_EV,LNG,ALL,ALL,ALL,ALL,5,2026-05-17T18:52:03.263Z,https://vahan.parivahan.gov.in/vahan4dashboard/vahan/view/reportview.xhtml
2025,8,Nagaland,All Vahan4 Running Office,NON_EV,PETROL,ALL,ALL,ALL,ALL,703,2026-05-17T18:52:03.263Z,https://vahan.parivahan.gov.in/vahan4dashboard/vahan/view/reportview.xhtml
2025,8,Nagaland,All Vahan4 Running Office,NON_EV,PETROL(E20),ALL,ALL,ALL,ALL,258,2026-05-17T18:52:03.263Z,https://vahan.parivahan.gov.in/vahan4dashboard/vahan/view/reportview.xhtml
2025,8,Nagaland,All Vahan4 Running Office,NON_EV,PETROL(E20)/HYBRID,ALL,ALL,ALL,ALL,0,2026-05-17T18:52:03.263Z,https://vahan.parivahan.gov.in/vahan4dashboard/vahan/view/reportview.xhtml
2025,8,Nagaland,All Vahan4 Running Office,NON_EV,PETROL/HYBRID,ALL,ALL,ALL,ALL,75,2026-05-17T18:52:03.263Z,https://vahan.parivahan.gov.in/vahan4dashboard/vahan/view/reportview.xhtml
2025,8,Nagaland,All Vahan4 Running Office,EV,PURE EV,ALL,ALL,ALL,ALL,1,2026-05-17T18:52:03.263Z,https://vahan.parivahan.gov.in/vahan4dashboard/vahan/view/reportview.xhtml
2025,8,Nagaland,All Vahan4 Running Office,EV,STRONG HYBRID EV,ALL,ALL,ALL,ALL,4,2026-05-17T18:52:03.263Z,https://vahan.parivahan.gov.in/vahan4dashboard/vahan/view/reportview.xhtml
2025,8,Uttarakhand,haridwar,NON_EV,CNG ONLY,ALL,ALL,ALL,ALL,16,2026-05-15T11:12:48.418Z,https://vahan.parivahan.gov.in/vahan4dashboard/vahan/view/reportview.xhtml
2025,8,Uttarakhand,haridwar,NON_EV,DIESEL,ALL,ALL,ALL,ALL,238,2026-05-15T11:12:48.418Z,https://vahan.parivahan.gov.in/vahan4dashboard/vahan/view/reportview.xhtml
2025,8,Uttarakhand,haridwar,NON_EV,DIESEL/HYBRID,ALL,ALL,ALL,ALL,2,2026-05-15T11:12:48.418Z,https://vahan.parivahan.gov.in/vahan4dashboard/vahan/view/reportview.xhtml
2025,8,Uttarakhand,haridwar,EV,ELECTRIC(BOV),ALL,ALL,ALL,ALL,95,2026-05-15T11:12:48.418Z,https://vahan.parivahan.gov.in/vahan4dashboard/vahan/view/reportview.xhtml
2025,8,Uttarakhand,haridwar,NON_EV,PETROL,ALL,ALL,ALL,ALL,1098,2026-05-15T11:12:48.418Z,https://vahan.parivahan.gov.in/vahan4dashboard/vahan/view/reportview.xhtml
2025,8,Uttarakhand,haridwar,NON_EV,PETROL(E20),ALL,ALL,ALL,ALL,549,2026-05-15T11:12:48.418Z,https://vahan.parivahan.gov.in/vahan4dashboard/vahan/view/reportview.xhtml
2025,8,Uttarakhand,haridwar,NON_EV,PETROL(E20)/CNG,ALL,ALL,ALL,ALL,0,2026-05-15T11:12:48.418Z,https://vahan.parivahan.gov.in/vahan4dashboard/vahan/view/reportview.xhtml
2025,8,Uttarakhand,haridwar,NON_EV,PETROL(E20)/HYBRID,ALL,ALL,ALL,ALL,0,2026-05-15T11:12:48.418Z,https://vahan.parivahan.gov.in/vahan4dashboard/vahan/view/reportview.xhtml
2025,8,Uttarakhand,haridwar,NON_EV,PETROL/CNG,ALL,ALL,ALL,ALL,19,2026-05-15T11:12:48.418Z,https://vahan.parivahan.gov.in/vahan4dashboard/vahan/view/reportview.xhtml
2025,8,Uttarakhand,haridwar,NON_EV,PETROL/HYBRID,ALL,ALL,ALL,ALL,20,2026-05-15T11:12:48.418Z,https://vahan.parivahan.gov.in/vahan4dashboard/vahan/view/reportview.xhtml
2025,8,Uttarakhand,haridwar,EV,PURE EV,ALL,ALL,ALL,ALL,255,2026-05-15T11:12:48.418Z,https://vahan.parivahan.gov.in/vahan4dashboard/vahan/view/reportview.xhtml
2025,8,Uttarakhand,haridwar,EV,STRONG HYBRID EV,ALL,ALL,ALL,ALL,5,2026-05-15T11:12:48.418Z,https://vahan.parivahan.gov.in/vahan4dashboard/vahan/view/reportview.xhtml
2025,9,Nagaland,All Vahan4 Running Office,NON_EV,CNG ONLY,ALL,ALL,ALL,ALL,0,2026-05-17T18:52:03.263Z,https://vahan.parivahan.gov.in/vahan4dashboard/vahan/view/reportview.xhtml
2025,9,Nagaland,All Vahan4 Running Office,NON_EV,DIESEL,ALL,ALL,ALL,ALL,1224,2026-05-17T18:52:03.263Z,https://vahan.parivahan.gov.in/vahan4dashboard/vahan/view/reportview.xhtml
2025,9,Nagaland,All Vahan4 Running Office,NON_EV,DIESEL/HYBRID,ALL,ALL,ALL,ALL,0,2026-05-17T18:52:03.263Z,https://vahan.parivahan.gov.in/vahan4dashboard/vahan/view/reportview.xhtml
2025,9,Nagaland,All Vahan4 Running Office,EV,ELECTRIC(BOV),ALL,ALL,ALL,ALL,0,2026-05-17T18:52:03.263Z,https://vahan.parivahan.gov.in/vahan4dashboard/vahan/view/reportview.xhtml
2025,9,Nagaland,All Vahan4 Running Office,NON_EV,LNG,ALL,ALL,ALL,ALL,0,2026-05-17T18:52:03.263Z,https://vahan.parivahan.gov.in/vahan4dashboard/vahan/view/reportview.xhtml
2025,9,Nagaland,All Vahan4 Running Office,NON_EV,PETROL,ALL,ALL,ALL,ALL,606,2026-05-17T18:52:03.263Z,https://vahan.parivahan.gov.in/vahan4dashboard/vahan/view/reportview.xhtml
2025,9,Nagaland,All Vahan4 Running Office,NON_EV,PETROL(E20),ALL,ALL,ALL,ALL,276,2026-05-17T18:52:03.263Z,https://vahan.parivahan.gov.in/vahan4dashboard/vahan/view/reportview.xhtml
2025,9,Nagaland,All Vahan4 Running Office,NON_EV,PETROL(E20)/HYBRID,ALL,ALL,ALL,ALL,0,2026-05-17T18:52:03.263Z,https://vahan.parivahan.gov.in/vahan4dashboard/vahan/view/reportview.xhtml
2025,9,Nagaland,All Vahan4 Running Office,NON_EV,PETROL/HYBRID,ALL,ALL,ALL,ALL,67,2026-05-17T18:52:03.263Z,https://vahan.parivahan.gov.in/vahan4dashboard/vahan/view/reportview.xhtml
2025,9,Nagaland,All Vahan4 Running Office,EV,PURE EV,ALL,ALL,ALL,ALL,1,2026-05-17T18:52:03.263Z,https://vahan.parivahan.gov.in/vahan4dashboard/vahan/view/reportview.xhtml
2025,9,Nagaland,All Vahan4 Running Office,EV,STRONG HYBRID EV,ALL,ALL,ALL,ALL,5,2026-05-17T18:52:03.263Z,https://vahan.parivahan.gov.in/vahan4dashboard/vahan/view/reportview.xhtml
2025,9,Uttarakhand,haridwar,NON_EV,CNG ONLY,ALL,ALL,ALL,ALL,107,2026-05-15T11:12:48.418Z,https://vahan.parivahan.gov.in/vahan4dashboard/vahan/view/reportview.xhtml
2025,9,Uttarakhand,haridwar,NON_EV,DIESEL,ALL,ALL,ALL,ALL,133,2026-05-15T11:12:48.418Z,https://vahan.parivahan.gov.in/vahan4dashboard/vahan/view/reportview.xhtml
2025,9,Uttarakhand,haridwar,NON_EV,DIESEL/HYBRID,ALL,ALL,ALL,ALL,1,2026-05-15T11:12:48.418Z,https://vahan.parivahan.gov.in/vahan4dashboard/vahan/view/reportview.xhtml
2025,9,Uttarakhand,haridwar,EV,ELECTRIC(BOV),ALL,ALL,ALL,ALL,82,2026-05-15T11:12:48.418Z,https://vahan.parivahan.gov.in/vahan4dashboard/vahan/view/reportview.xhtml
2025,9,Uttarakhand,haridwar,NON_EV,PETROL,ALL,ALL,ALL,ALL,806,2026-05-15T11:12:48.418Z,https://vahan.parivahan.gov.in/vahan4dashboard/vahan/view/reportview.xhtml
2025,9,Uttarakhand,haridwar,NON_EV,PETROL(E20),ALL,ALL,ALL,ALL,447,2026-05-15T11:12:48.418Z,https://vahan.parivahan.gov.in/vahan4dashboard/vahan/view/reportview.xhtml
2025,9,Uttarakhand,haridwar,NON_EV,PETROL(E20)/CNG,ALL,ALL,ALL,ALL,0,2026-05-15T11:12:48.418Z,https://vahan.parivahan.gov.in/vahan4dashboard/vahan/view/reportview.xhtml
2025,9,Uttarakhand,haridwar,NON_EV,PETROL(E20)/HYBRID,ALL,ALL,ALL,ALL,0,2026-05-15T11:12:48.418Z,https://vahan.parivahan.gov.in/vahan4dashboard/vahan/view/reportview.xhtml
2025,9,Uttarakhand,haridwar,NON_EV,PETROL/CNG,ALL,ALL,ALL,ALL,21,2026-05-15T11:12:48.418Z,https://vahan.parivahan.gov.in/vahan4dashboard/vahan/view/reportview.xhtml
2025,9,Uttarakhand,haridwar,NON_EV,PETROL/HYBRID,ALL,ALL,ALL,ALL,23,2026-05-15T11:12:48.418Z,https://vahan.parivahan.gov.in/vahan4dashboard/vahan/view/reportview.xhtml
2025,9,Uttarakhand,haridwar,EV,PURE EV,ALL,ALL,ALL,ALL,181,2026-05-15T11:12:48.418Z,https://vahan.parivahan.gov.in/vahan4dashboard/vahan/view/reportview.xhtml
2025,9,Uttarakhand,haridwar,EV,STRONG HYBRID EV,ALL,ALL,ALL,ALL,5,2026-05-15T11:12:48.418Z,https://vahan.parivahan.gov.in/vahan4dashboard/vahan/view/reportview.xhtml
2025,10,Nagaland,All Vahan4 Running Office,NON_EV,CNG ONLY,ALL,ALL,ALL,ALL,11,2026-05-17T18:52:03.264Z,https://vahan.parivahan.gov.in/vahan4dashboard/vahan/view/reportview.xhtml
2025,10,Nagaland,All Vahan4 Running Office,NON_EV,DIESEL,ALL,ALL,ALL,ALL,561,2026-05-17T18:52:03.264Z,https://vahan.parivahan.gov.in/vahan4dashboard/vahan/view/reportview.xhtml
2025,10,Nagaland,All Vahan4 Running Office,NON_EV,DIESEL/HYBRID,ALL,ALL,ALL,ALL,0,2026-05-17T18:52:03.264Z,https://vahan.parivahan.gov.in/vahan4dashboard/vahan/view/reportview.xhtml
2025,10,Nagaland,All Vahan4 Running Office,EV,ELECTRIC(BOV),ALL,ALL,ALL,ALL,0,2026-05-17T18:52:03.264Z,https://vahan.parivahan.gov.in/vahan4dashboard/vahan/view/reportview.xhtml
2025,10,Nagaland,All Vahan4 Running Office,NON_EV,LNG,ALL,ALL,ALL,ALL,0,2026-05-17T18:52:03.264Z,https://vahan.parivahan.gov.in/vahan4dashboard/vahan/view/reportview.xhtml
2025,10,Nagaland,All Vahan4 Running Office,NON_EV,PETROL,ALL,ALL,ALL,ALL,378,2026-05-17T18:52:03.264Z,https://vahan.parivahan.gov.in/vahan4dashboard/vahan/view/reportview.xhtml
2025,10,Nagaland,All Vahan4 Running Office,NON_EV,PETROL(E20),ALL,ALL,ALL,ALL,207,2026-05-17T18:52:03.264Z,https://vahan.parivahan.gov.in/vahan4dashboard/vahan/view/reportview.xhtml
2025,10,Nagaland,All Vahan4 Running Office,NON_EV,PETROL(E20)/HYBRID,ALL,ALL,ALL,ALL,2,2026-05-17T18:52:03.264Z,https://vahan.parivahan.gov.in/vahan4dashboard/vahan/view/reportview.xhtml
2025,10,Nagaland,All Vahan4 Running Office,NON_EV,PETROL/HYBRID,ALL,ALL,ALL,ALL,39,2026-05-17T18:52:03.264Z,https://vahan.parivahan.gov.in/vahan4dashboard/vahan/view/reportview.xhtml
2025,10,Nagaland,All Vahan4 Running Office,EV,PURE EV,ALL,ALL,ALL,ALL,2,2026-05-17T18:52:03.264Z,https://vahan.parivahan.gov.in/vahan4dashboard/vahan/view/reportview.xhtml
2025,10,Nagaland,All Vahan4 Running Office,EV,STRONG HYBRID EV,ALL,ALL,ALL,ALL,4,2026-05-17T18:52:03.264Z,https://vahan.parivahan.gov.in/vahan4dashboard/vahan/view/reportview.xhtml
2025,10,Uttarakhand,haridwar,NON_EV,CNG ONLY,ALL,ALL,ALL,ALL,10,2026-05-15T11:12:48.418Z,https://vahan.parivahan.gov.in/vahan4dashboard/vahan/view/reportview.xhtml
2025,10,Uttarakhand,haridwar,NON_EV,DIESEL,ALL,ALL,ALL,ALL,225,2026-05-15T11:12:48.418Z,https://vahan.parivahan.gov.in/vahan4dashboard/vahan/view/reportview.xhtml
2025,10,Uttarakhand,haridwar,NON_EV,DIESEL/HYBRID,ALL,ALL,ALL,ALL,0,2026-05-15T11:12:48.418Z,https://vahan.parivahan.gov.in/vahan4dashboard/vahan/view/reportview.xhtml
2025,10,Uttarakhand,haridwar,EV,ELECTRIC(BOV),ALL,ALL,ALL,ALL,96,2026-05-15T11:12:48.418Z,https://vahan.parivahan.gov.in/vahan4dashboard/vahan/view/reportview.xhtml
2025,10,Uttarakhand,haridwar,NON_EV,PETROL,ALL,ALL,ALL,ALL,2085,2026-05-15T11:12:48.418Z,https://vahan.parivahan.gov.in/vahan4dashboard/vahan/view/reportview.xhtml
2025,10,Uttarakhand,haridwar,NON_EV,PETROL(E20),ALL,ALL,ALL,ALL,1219,2026-05-15T11:12:48.418Z,https://vahan.parivahan.gov.in/vahan4dashboard/vahan/view/reportview.xhtml
2025,10,Uttarakhand,haridwar,NON_EV,PETROL(E20)/CNG,ALL,ALL,ALL,ALL,2,2026-05-15T11:12:48.418Z,https://vahan.parivahan.gov.in/vahan4dashboard/vahan/view/reportview.xhtml
2025,10,Uttarakhand,haridwar,NON_EV,PETROL(E20)/HYBRID,ALL,ALL,ALL,ALL,4,2026-05-15T11:12:48.418Z,https://vahan.parivahan.gov.in/vahan4dashboard/vahan/view/reportview.xhtml
2025,10,Uttarakhand,haridwar,NON_EV,PETROL/CNG,ALL,ALL,ALL,ALL,27,2026-05-15T11:12:48.418Z,https://vahan.parivahan.gov.in/vahan4dashboard/vahan/view/reportview.xhtml
2025,10,Uttarakhand,haridwar,NON_EV,PETROL/HYBRID,ALL,ALL,ALL,ALL,16,2026-05-15T11:12:48.418Z,https://vahan.parivahan.gov.in/vahan4dashboard/vahan/view/reportview.xhtml
2025,10,Uttarakhand,haridwar,EV,PURE EV,ALL,ALL,ALL,ALL,267,2026-05-15T11:12:48.418Z,https://vahan.parivahan.gov.in/vahan4dashboard/vahan/view/reportview.xhtml
2025,10,Uttarakhand,haridwar,EV,STRONG HYBRID EV,ALL,ALL,ALL,ALL,5,2026-05-15T11:12:48.418Z,https://vahan.parivahan.gov.in/vahan4dashboard/vahan/view/reportview.xhtml
2025,11,Nagaland,All Vahan4 Running Office,NON_EV,CNG ONLY,ALL,ALL,ALL,ALL,13,2026-05-17T18:52:03.264Z,https://vahan.parivahan.gov.in/vahan4dashboard/vahan/view/reportview.xhtml
2025,11,Nagaland,All Vahan4 Running Office,NON_EV,DIESEL,ALL,ALL,ALL,ALL,1408,2026-05-17T18:52:03.264Z,https://vahan.parivahan.gov.in/vahan4dashboard/vahan/view/reportview.xhtml
2025,11,Nagaland,All Vahan4 Running Office,NON_EV,DIESEL/HYBRID,ALL,ALL,ALL,ALL,3,2026-05-17T18:52:03.264Z,https://vahan.parivahan.gov.in/vahan4dashboard/vahan/view/reportview.xhtml
2025,11,Nagaland,All Vahan4 Running Office,EV,ELECTRIC(BOV),ALL,ALL,ALL,ALL,0,2026-05-17T18:52:03.264Z,https://vahan.parivahan.gov.in/vahan4dashboard/vahan/view/reportview.xhtml
2025,11,Nagaland,All Vahan4 Running Office,NON_EV,LNG,ALL,ALL,ALL,ALL,0,2026-05-17T18:52:03.264Z,https://vahan.parivahan.gov.in/vahan4dashboard/vahan/view/reportview.xhtml
2025,11,Nagaland,All Vahan4 Running Office,NON_EV,PETROL,ALL,ALL,ALL,ALL,510,2026-05-17T18:52:03.264Z,https://vahan.parivahan.gov.in/vahan4dashboard/vahan/view/reportview.xhtml
2025,11,Nagaland,All Vahan4 Running Office,NON_EV,PETROL(E20),ALL,ALL,ALL,ALL,1048,2026-05-17T18:52:03.264Z,https://vahan.parivahan.gov.in/vahan4dashboard/vahan/view/reportview.xhtml
2025,11,Nagaland,All Vahan4 Running Office,NON_EV,PETROL(E20)/HYBRID,ALL,ALL,ALL,ALL,87,2026-05-17T18:52:03.264Z,https://vahan.parivahan.gov.in/vahan4dashboard/vahan/view/reportview.xhtml
2025,11,Nagaland,All Vahan4 Running Office,NON_EV,PETROL/HYBRID,ALL,ALL,ALL,ALL,64,2026-05-17T18:52:03.264Z,https://vahan.parivahan.gov.in/vahan4dashboard/vahan/view/reportview.xhtml
2025,11,Nagaland,All Vahan4 Running Office,EV,PURE EV,ALL,ALL,ALL,ALL,6,2026-05-17T18:52:03.264Z,https://vahan.parivahan.gov.in/vahan4dashboard/vahan/view/reportview.xhtml
2025,11,Nagaland,All Vahan4 Running Office,EV,STRONG HYBRID EV,ALL,ALL,ALL,ALL,10,2026-05-17T18:52:03.264Z,https://vahan.parivahan.gov.in/vahan4dashboard/vahan/view/reportview.xhtml
2025,11,Uttarakhand,haridwar,NON_EV,CNG ONLY,ALL,ALL,ALL,ALL,9,2026-05-15T11:12:48.418Z,https://vahan.parivahan.gov.in/vahan4dashboard/vahan/view/reportview.xhtml
2025,11,Uttarakhand,haridwar,NON_EV,DIESEL,ALL,ALL,ALL,ALL,201,2026-05-15T11:12:48.418Z,https://vahan.parivahan.gov.in/vahan4dashboard/vahan/view/reportview.xhtml
2025,11,Uttarakhand,haridwar,NON_EV,DIESEL/HYBRID,ALL,ALL,ALL,ALL,0,2026-05-15T11:12:48.418Z,https://vahan.parivahan.gov.in/vahan4dashboard/vahan/view/reportview.xhtml
2025,11,Uttarakhand,haridwar,EV,ELECTRIC(BOV),ALL,ALL,ALL,ALL,99,2026-05-15T11:12:48.418Z,https://vahan.parivahan.gov.in/vahan4dashboard/vahan/view/reportview.xhtml
2025,11,Uttarakhand,haridwar,NON_EV,PETROL,ALL,ALL,ALL,ALL,3004,2026-05-15T11:12:48.418Z,https://vahan.parivahan.gov.in/vahan4dashboard/vahan/view/reportview.xhtml
2025,11,Uttarakhand,haridwar,NON_EV,PETROL(E20),ALL,ALL,ALL,ALL,2092,2026-05-15T11:12:48.418Z,https://vahan.parivahan.gov.in/vahan4dashboard/vahan/view/reportview.xhtml
2025,11,Uttarakhand,haridwar,NON_EV,PETROL(E20)/CNG,ALL,ALL,ALL,ALL,17,2026-05-15T11:12:48.418Z,https://vahan.parivahan.gov.in/vahan4dashboard/vahan/view/reportview.xhtml
2025,11,Uttarakhand,haridwar,NON_EV,PETROL(E20)/HYBRID,ALL,ALL,ALL,ALL,17,2026-05-15T11:12:48.418Z,https://vahan.parivahan.gov.in/vahan4dashboard/vahan/view/reportview.xhtml
2025,11,Uttarakhand,haridwar,NON_EV,PETROL/CNG,ALL,ALL,ALL,ALL,19,2026-05-15T11:12:48.418Z,https://vahan.parivahan.gov.in/vahan4dashboard/vahan/view/reportview.xhtml
2025,11,Uttarakhand,haridwar,NON_EV,PETROL/HYBRID,ALL,ALL,ALL,ALL,12,2026-05-15T11:12:48.418Z,https://vahan.parivahan.gov.in/vahan4dashboard/vahan/view/reportview.xhtml
2025,11,Uttarakhand,haridwar,EV,PURE EV,ALL,ALL,ALL,ALL,327,2026-05-15T11:12:48.418Z,https://vahan.parivahan.gov.in/vahan4dashboard/vahan/view/reportview.xhtml
2025,11,Uttarakhand,haridwar,EV,STRONG HYBRID EV,ALL,ALL,ALL,ALL,7,2026-05-15T11:12:48.418Z,https://vahan.parivahan.gov.in/vahan4dashboard/vahan/view/reportview.xhtml
2025,12,Nagaland,All Vahan4 Running Office,NON_EV,CNG ONLY,ALL,ALL,ALL,ALL,56,2026-05-17T18:52:03.264Z,https://vahan.parivahan.gov.in/vahan4dashboard/vahan/view/reportview.xhtml
2025,12,Nagaland,All Vahan4 Running Office,NON_EV,DIESEL,ALL,ALL,ALL,ALL,955,2026-05-17T18:52:03.264Z,https://vahan.parivahan.gov.in/vahan4dashboard/vahan/view/reportview.xhtml
2025,12,Nagaland,All Vahan4 Running Office,NON_EV,DIESEL/HYBRID,ALL,ALL,ALL,ALL,1,2026-05-17T18:52:03.264Z,https://vahan.parivahan.gov.in/vahan4dashboard/vahan/view/reportview.xhtml
2025,12,Nagaland,All Vahan4 Running Office,EV,ELECTRIC(BOV),ALL,ALL,ALL,ALL,0,2026-05-17T18:52:03.264Z,https://vahan.parivahan.gov.in/vahan4dashboard/vahan/view/reportview.xhtml
2025,12,Nagaland,All Vahan4 Running Office,NON_EV,LNG,ALL,ALL,ALL,ALL,0,2026-05-17T18:52:03.264Z,https://vahan.parivahan.gov.in/vahan4dashboard/vahan/view/reportview.xhtml
2025,12,Nagaland,All Vahan4 Running Office,NON_EV,PETROL,ALL,ALL,ALL,ALL,255,2026-05-17T18:52:03.264Z,https://vahan.parivahan.gov.in/vahan4dashboard/vahan/view/reportview.xhtml
2025,12,Nagaland,All Vahan4 Running Office,NON_EV,PETROL(E20),ALL,ALL,ALL,ALL,710,2026-05-17T18:52:03.264Z,https://vahan.parivahan.gov.in/vahan4dashboard/vahan/view/reportview.xhtml
2025,12,Nagaland,All Vahan4 Running Office,NON_EV,PETROL(E20)/HYBRID,ALL,ALL,ALL,ALL,86,2026-05-17T18:52:03.264Z,https://vahan.parivahan.gov.in/vahan4dashboard/vahan/view/reportview.xhtml
2025,12,Nagaland,All Vahan4 Running Office,NON_EV,PETROL/HYBRID,ALL,ALL,ALL,ALL,37,2026-05-17T18:52:03.264Z,https://vahan.parivahan.gov.in/vahan4dashboard/vahan/view/reportview.xhtml
2025,12,Nagaland,All Vahan4 Running Office,EV,PURE EV,ALL,ALL,ALL,ALL,1,2026-05-17T18:52:03.264Z,https://vahan.parivahan.gov.in/vahan4dashboard/vahan/view/reportview.xhtml
2025,12,Nagaland,All Vahan4 Running Office,EV,STRONG HYBRID EV,ALL,ALL,ALL,ALL,9,2026-05-17T18:52:03.264Z,https://vahan.parivahan.gov.in/vahan4dashboard/vahan/view/reportview.xhtml
2025,12,Uttarakhand,haridwar,NON_EV,CNG ONLY,ALL,ALL,ALL,ALL,20,2026-05-15T11:12:48.418Z,https://vahan.parivahan.gov.in/vahan4dashboard/vahan/view/reportview.xhtml
2025,12,Uttarakhand,haridwar,NON_EV,DIESEL,ALL,ALL,ALL,ALL,162,2026-05-15T11:12:48.418Z,https://vahan.parivahan.gov.in/vahan4dashboard/vahan/view/reportview.xhtml
2025,12,Uttarakhand,haridwar,NON_EV,DIESEL/HYBRID,ALL,ALL,ALL,ALL,0,2026-05-15T11:12:48.418Z,https://vahan.parivahan.gov.in/vahan4dashboard/vahan/view/reportview.xhtml
2025,12,Uttarakhand,haridwar,EV,ELECTRIC(BOV),ALL,ALL,ALL,ALL,76,2026-05-15T11:12:48.418Z,https://vahan.parivahan.gov.in/vahan4dashboard/vahan/view/reportview.xhtml
2025,12,Uttarakhand,haridwar,NON_EV,PETROL,ALL,ALL,ALL,ALL,399,2026-05-15T11:12:48.418Z,https://vahan.parivahan.gov.in/vahan4dashboard/vahan/view/reportview.xhtml
2025,12,Uttarakhand,haridwar,NON_EV,PETROL(E20),ALL,ALL,ALL,ALL,969,2026-05-15T11:12:48.418Z,https://vahan.parivahan.gov.in/vahan4dashboard/vahan/view/reportview.xhtml
2025,12,Uttarakhand,haridwar,NON_EV,PETROL(E20)/CNG,ALL,ALL,ALL,ALL,12,2026-05-15T11:12:48.418Z,https://vahan.parivahan.gov.in/vahan4dashboard/vahan/view/reportview.xhtml
2025,12,Uttarakhand,haridwar,NON_EV,PETROL(E20)/HYBRID,ALL,ALL,ALL,ALL,16,2026-05-15T11:12:48.418Z,https://vahan.parivahan.gov.in/vahan4dashboard/vahan/view/reportview.xhtml
2025,12,Uttarakhand,haridwar,NON_EV,PETROL/CNG,ALL,ALL,ALL,ALL,10,2026-05-15T11:12:48.418Z,https://vahan.parivahan.gov.in/vahan4dashboard/vahan/view/reportview.xhtml
2025,12,Uttarakhand,haridwar,NON_EV,PETROL/HYBRID,ALL,ALL,ALL,ALL,14,2026-05-15T11:12:48.418Z,https://vahan.parivahan.gov.in/vahan4dashboard/vahan/view/reportview.xhtml
2025,12,Uttarakhand,haridwar,EV,PURE EV,ALL,ALL,ALL,ALL,221,2026-05-15T11:12:48.418Z,https://vahan.parivahan.gov.in/vahan4dashboard/vahan/view/reportview.xhtml
2025,12,Uttarakhand,haridwar,EV,STRONG HYBRID EV,ALL,ALL,ALL,ALL,8,2026-05-15T11:12:48.418Z,https://vahan.parivahan.gov.in/vahan4dashboard/vahan/view/reportview.xhtml
2026,1,Nagaland,All Vahan4 Running Office,NON_EV,CNG ONLY,ALL,ALL,ALL,ALL,100,2026-05-17T18:52:22.685Z,https://vahan.parivahan.gov.in/vahan4dashboard/vahan/view/reportview.xhtml
2026,1,Nagaland,All Vahan4 Running Office,NON_EV,DIESEL,ALL,ALL,ALL,ALL,1470,2026-05-17T18:52:22.688Z,https://vahan.parivahan.gov.in/vahan4dashboard/vahan/view/reportview.xhtml
2026,1,Nagaland,All Vahan4 Running Office,NON_EV,DIESEL/HYBRID,ALL,ALL,ALL,ALL,1,2026-05-17T18:52:22.688Z,https://vahan.parivahan.gov.in/vahan4dashboard/vahan/view/reportview.xhtml
2026,1,Nagaland,All Vahan4 Running Office,NON_EV,DUAL DIESEL/CNG,ALL,ALL,ALL,ALL,0,2026-05-17T18:52:22.688Z,https://vahan.parivahan.gov.in/vahan4dashboard/vahan/view/reportview.xhtml
2026,1,Nagaland,All Vahan4 Running Office,NON_EV,NOT APPLICABLE,ALL,ALL,ALL,ALL,0,2026-05-17T18:52:22.688Z,https://vahan.parivahan.gov.in/vahan4dashboard/vahan/view/reportview.xhtml
2026,1,Nagaland,All Vahan4 Running Office,NON_EV,PETROL,ALL,ALL,ALL,ALL,281,2026-05-17T18:52:22.688Z,https://vahan.parivahan.gov.in/vahan4dashboard/vahan/view/reportview.xhtml
2026,1,Nagaland,All Vahan4 Running Office,NON_EV,PETROL(E20),ALL,ALL,ALL,ALL,914,2026-05-17T18:52:22.688Z,https://vahan.parivahan.gov.in/vahan4dashboard/vahan/view/reportview.xhtml
2026,1,Nagaland,All Vahan4 Running Office,NON_EV,PETROL(E20)/CNG,ALL,ALL,ALL,ALL,0,2026-05-17T18:52:22.688Z,https://vahan.parivahan.gov.in/vahan4dashboard/vahan/view/reportview.xhtml
2026,1,Nagaland,All Vahan4 Running Office,NON_EV,PETROL(E20)/HYBRID,ALL,ALL,ALL,ALL,96,2026-05-17T18:52:22.688Z,https://vahan.parivahan.gov.in/vahan4dashboard/vahan/view/reportview.xhtml
2026,1,Nagaland,All Vahan4 Running Office,NON_EV,PETROL/HYBRID,ALL,ALL,ALL,ALL,31,2026-05-17T18:52:22.688Z,https://vahan.parivahan.gov.in/vahan4dashboard/vahan/view/reportview.xhtml
2026,1,Nagaland,All Vahan4 Running Office,EV,PURE EV,ALL,ALL,ALL,ALL,3,2026-05-17T18:52:22.688Z,https://vahan.parivahan.gov.in/vahan4dashboard/vahan/view/reportview.xhtml
2026,1,Nagaland,All Vahan4 Running Office,EV,STRONG HYBRID EV,ALL,ALL,ALL,ALL,7,2026-05-17T18:52:22.688Z,https://vahan.parivahan.gov.in/vahan4dashboard/vahan/view/reportview.xhtml
2026,1,Punjab,All Vahan4 Running Office,NON_EV,CNG ONLY,ALL,ALL,ALL,ALL,240,2026-05-15T12:55:36.452Z,https://vahan.parivahan.gov.in/vahan4dashboard/vahan/view/reportview.xhtml
2026,1,Punjab,All Vahan4 Running Office,NON_EV,DIESEL,ALL,ALL,ALL,ALL,13784,2026-05-15T12:55:36.455Z,https://vahan.parivahan.gov.in/vahan4dashboard/vahan/view/reportview.xhtml
2026,1,Punjab,All Vahan4 Running Office,NON_EV,DIESEL/HYBRID,ALL,ALL,ALL,ALL,60,2026-05-15T12:55:36.455Z,https://vahan.parivahan.gov.in/vahan4dashboard/vahan/view/reportview.xhtml
2026,1,Punjab,All Vahan4 Running Office,EV,ELECTRIC(BOV),ALL,ALL,ALL,ALL,849,2026-05-15T12:55:36.455Z,https://vahan.parivahan.gov.in/vahan4dashboard/vahan/view/reportview.xhtml
2026,1,Punjab,All Vahan4 Running Office,NON_EV,PETROL,ALL,ALL,ALL,ALL,15375,2026-05-15T12:55:36.455Z,https://vahan.parivahan.gov.in/vahan4dashboard/vahan/view/reportview.xhtml
2026,1,Punjab,All Vahan4 Running Office,NON_EV,PETROL(E20),ALL,ALL,ALL,ALL,45422,2026-05-15T12:55:36.455Z,https://vahan.parivahan.gov.in/vahan4dashboard/vahan/view/reportview.xhtml
2026,1,Punjab,All Vahan4 Running Office,NON_EV,PETROL(E20)/CNG,ALL,ALL,ALL,ALL,551,2026-05-15T12:55:36.455Z,https://vahan.parivahan.gov.in/vahan4dashboard/vahan/view/reportview.xhtml
2026,1,Punjab,All Vahan4 Running Office,NON_EV,PETROL(E20)/HYBRID,ALL,ALL,ALL,ALL,1492,2026-05-15T12:55:36.455Z,https://vahan.parivahan.gov.in/vahan4dashboard/vahan/view/reportview.xhtml
2026,1,Punjab,All Vahan4 Running Office,NON_EV,PETROL/CNG,ALL,ALL,ALL,ALL,254,2026-05-15T12:55:36.455Z,https://vahan.parivahan.gov.in/vahan4dashboard/vahan/view/reportview.xhtml
2026,1,Punjab,All Vahan4 Running Office,NON_EV,PETROL/HYBRID,ALL,ALL,ALL,ALL,451,2026-05-15T12:55:36.455Z,https://vahan.parivahan.gov.in/vahan4dashboard/vahan/view/reportview.xhtml
2026,1,Punjab,All Vahan4 Running Office,EV,PURE EV,ALL,ALL,ALL,ALL,2979,2026-05-15T12:55:36.455Z,https://vahan.parivahan.gov.in/vahan4dashboard/vahan/view/reportview.xhtml
2026,1,Punjab,All Vahan4 Running Office,EV,STRONG HYBRID EV,ALL,ALL,ALL,ALL,550,2026-05-15T12:55:36.455Z,https://vahan.parivahan.gov.in/vahan4dashboard/vahan/view/reportview.xhtml
2026,2,Gujarat,All Vahan4 Running Office,NON_EV,CNG ONLY,ALL,ALL,ALL,ALL,8550,2026-05-16T08:00:20.144Z,https://vahan.parivahan.gov.in/vahan4dashboard/vahan/view/reportview.xhtml
2026,2,Gujarat,All Vahan4 Running Office,NON_EV,DIESEL,ALL,ALL,ALL,ALL,21618,2026-05-16T08:00:20.147Z,https://vahan.parivahan.gov.in/vahan4dashboard/vahan/view/reportview.xhtml
2026,2,Gujarat,All Vahan4 Running Office,NON_EV,DIESEL/HYBRID,ALL,ALL,ALL,ALL,106,2026-05-16T08:00:20.147Z,https://vahan.parivahan.gov.in/vahan4dashboard/vahan/view/reportview.xhtml
2026,2,Gujarat,All Vahan4 Running Office,EV,ELECTRIC(BOV),ALL,ALL,ALL,ALL,535,2026-05-16T08:00:20.147Z,https://vahan.parivahan.gov.in/vahan4dashboard/vahan/view/reportview.xhtml
2026,2,Gujarat,All Vahan4 Running Office,NON_EV,LNG,ALL,ALL,ALL,ALL,1,2026-05-16T08:00:20.147Z,https://vahan.parivahan.gov.in/vahan4dashboard/vahan/view/reportview.xhtml
2026,2,Gujarat,All Vahan4 Running Office,NON_EV,NOT APPLICABLE,ALL,ALL,ALL,ALL,589,2026-05-16T08:00:20.147Z,https://vahan.parivahan.gov.in/vahan4dashboard/vahan/view/reportview.xhtml
2026,2,Gujarat,All Vahan4 Running Office,NON_EV,PETROL,ALL,ALL,ALL,ALL,39831,2026-05-16T08:00:20.147Z,https://vahan.parivahan.gov.in/vahan4dashboard/vahan/view/reportview.xhtml
2026,2,Gujarat,All Vahan4 Running Office,NON_EV,PETROL(E20),ALL,ALL,ALL,ALL,80926,2026-05-16T08:00:20.148Z,https://vahan.parivahan.gov.in/vahan4dashboard/vahan/view/reportview.xhtml
2026,2,Gujarat,All Vahan4 Running Office,NON_EV,PETROL(E20)/CNG,ALL,ALL,ALL,ALL,10840,2026-05-16T08:00:20.148Z,https://vahan.parivahan.gov.in/vahan4dashboard/vahan/view/reportview.xhtml
2026,2,Gujarat,All Vahan4 Running Office,NON_EV,PETROL(E20)/HYBRID,ALL,ALL,ALL,ALL,762,2026-05-16T08:00:20.148Z,https://vahan.parivahan.gov.in/vahan4dashboard/vahan/view/reportview.xhtml
2026,2,Gujarat,All Vahan4 Running Office,NON_EV,PETROL(E20)/HYBRID/CNG,ALL,ALL,ALL,ALL,1,2026-05-16T08:00:20.148Z,https://vahan.parivahan.gov.in/vahan4dashboard/vahan/view/reportview.xhtml
2026,2,Gujarat,All Vahan4 Running Office,NON_EV,PETROL/CNG,ALL,ALL,ALL,ALL,2928,2026-05-16T08:00:20.147Z,https://vahan.parivahan.gov.in/vahan4dashboard/vahan/view/reportview.xhtml
2026,2,Gujarat,All Vahan4 Running Office,NON_EV,PETROL/HYBRID,ALL,ALL,ALL,ALL,316,2026-05-16T08:00:20.148Z,https://vahan.parivahan.gov.in/vahan4dashboard/vahan/view/reportview.xhtml
2026,2,Gujarat,All Vahan4 Running Office,NON_EV,PETROL/HYBRID/CNG,ALL,ALL,ALL,ALL,3,2026-05-16T08:00:20.148Z,https://vahan.parivahan.gov.in/vahan4dashboard/vahan/view/reportview.xhtml
2026,2,Gujarat,All Vahan4 Running Office,EV,PLUG-IN HYBRID EV,ALL,ALL,ALL,ALL,0,2026-05-16T08:00:20.148Z,https://vahan.parivahan.gov.in/vahan4dashboard/vahan/view/reportview.xhtml
2026,2,Gujarat,All Vahan4 Running Office,EV,PURE EV,ALL,ALL,ALL,ALL,6252,2026-05-16T08:00:20.148Z,https://vahan.parivahan.gov.in/vahan4dashboard/vahan/view/reportview.xhtml
2026,2,Gujarat,All Vahan4 Running Office,EV,STRONG HYBRID EV,ALL,ALL,ALL,ALL,786,2026-05-16T08:00:20.148Z,https://vahan.parivahan.gov.in/vahan4dashboard/vahan/view/reportview.xhtml
2026,2,Nagaland,All Vahan4 Running Office,NON_EV,CNG ONLY,ALL,ALL,ALL,ALL,13,2026-05-17T18:52:22.688Z,https://vahan.parivahan.gov.in/vahan4dashboard/vahan/view/reportview.xhtml
2026,2,Nagaland,All Vahan4 Running Office,NON_EV,DIESEL,ALL,ALL,ALL,ALL,1314,2026-05-17T18:52:22.688Z,https://vahan.parivahan.gov.in/vahan4dashboard/vahan/view/reportview.xhtml
2026,2,Nagaland,All Vahan4 Running Office,NON_EV,DIESEL/HYBRID,ALL,ALL,ALL,ALL,2,2026-05-17T18:52:22.688Z,https://vahan.parivahan.gov.in/vahan4dashboard/vahan/view/reportview.xhtml
2026,2,Nagaland,All Vahan4 Running Office,NON_EV,DUAL DIESEL/CNG,ALL,ALL,ALL,ALL,0,2026-05-17T18:52:22.688Z,https://vahan.parivahan.gov.in/vahan4dashboard/vahan/view/reportview.xhtml
2026,2,Nagaland,All Vahan4 Running Office,NON_EV,NOT APPLICABLE,ALL,ALL,ALL,ALL,0,2026-05-17T18:52:22.688Z,https://vahan.parivahan.gov.in/vahan4dashboard/vahan/view/reportview.xhtml
2026,2,Nagaland,All Vahan4 Running Office,NON_EV,PETROL,ALL,ALL,ALL,ALL,338,2026-05-17T18:52:22.688Z,https://vahan.parivahan.gov.in/vahan4dashboard/vahan/view/reportview.xhtml
2026,2,Nagaland,All Vahan4 Running Office,NON_EV,PETROL(E20),ALL,ALL,ALL,ALL,833,2026-05-17T18:52:22.688Z,https://vahan.parivahan.gov.in/vahan4dashboard/vahan/view/reportview.xhtml
2026,2,Nagaland,All Vahan4 Running Office,NON_EV,PETROL(E20)/CNG,ALL,ALL,ALL,ALL,0,2026-05-17T18:52:22.688Z,https://vahan.parivahan.gov.in/vahan4dashboard/vahan/view/reportview.xhtml
2026,2,Nagaland,All Vahan4 Running Office,NON_EV,PETROL(E20)/HYBRID,ALL,ALL,ALL,ALL,57,2026-05-17T18:52:22.688Z,https://vahan.parivahan.gov.in/vahan4dashboard/vahan/view/reportview.xhtml
2026,2,Nagaland,All Vahan4 Running Office,NON_EV,PETROL/HYBRID,ALL,ALL,ALL,ALL,27,2026-05-17T18:52:22.688Z,https://vahan.parivahan.gov.in/vahan4dashboard/vahan/view/reportview.xhtml
2026,2,Nagaland,All Vahan4 Running Office,EV,PURE EV,ALL,ALL,ALL,ALL,5,2026-05-17T18:52:22.688Z,https://vahan.parivahan.gov.in/vahan4dashboard/vahan/view/reportview.xhtml
2026,2,Nagaland,All Vahan4 Running Office,EV,STRONG HYBRID EV,ALL,ALL,ALL,ALL,4,2026-05-17T18:52:22.688Z,https://vahan.parivahan.gov.in/vahan4dashboard/vahan/view/reportview.xhtml
2026,3,Nagaland,All Vahan4 Running Office,NON_EV,CNG ONLY,ALL,ALL,ALL,ALL,6,2026-05-17T18:52:22.688Z,https://vahan.parivahan.gov.in/vahan4dashboard/vahan/view/reportview.xhtml
2026,3,Nagaland,All Vahan4 Running Office,NON_EV,DIESEL,ALL,ALL,ALL,ALL,1468,2026-05-17T18:52:22.688Z,https://vahan.parivahan.gov.in/vahan4dashboard/vahan/view/reportview.xhtml
2026,3,Nagaland,All Vahan4 Running Office,NON_EV,DIESEL/HYBRID,ALL,ALL,ALL,ALL,2,2026-05-17T18:52:22.688Z,https://vahan.parivahan.gov.in/vahan4dashboard/vahan/view/reportview.xhtml
2026,3,Nagaland,All Vahan4 Running Office,NON_EV,DUAL DIESEL/CNG,ALL,ALL,ALL,ALL,0,2026-05-17T18:52:22.688Z,https://vahan.parivahan.gov.in/vahan4dashboard/vahan/view/reportview.xhtml
2026,3,Nagaland,All Vahan4 Running Office,NON_EV,NOT APPLICABLE,ALL,ALL,ALL,ALL,5,2026-05-17T18:52:22.688Z,https://vahan.parivahan.gov.in/vahan4dashboard/vahan/view/reportview.xhtml
2026,3,Nagaland,All Vahan4 Running Office,NON_EV,PETROL,ALL,ALL,ALL,ALL,313,2026-05-17T18:52:22.688Z,https://vahan.parivahan.gov.in/vahan4dashboard/vahan/view/reportview.xhtml
2026,3,Nagaland,All Vahan4 Running Office,NON_EV,PETROL(E20),ALL,ALL,ALL,ALL,824,2026-05-17T18:52:22.688Z,https://vahan.parivahan.gov.in/vahan4dashboard/vahan/view/reportview.xhtml
2026,3,Nagaland,All Vahan4 Running Office,NON_EV,PETROL(E20)/CNG,ALL,ALL,ALL,ALL,0,2026-05-17T18:52:22.688Z,https://vahan.parivahan.gov.in/vahan4dashboard/vahan/view/reportview.xhtml
2026,3,Nagaland,All Vahan4 Running Office,NON_EV,PETROL(E20)/HYBRID,ALL,ALL,ALL,ALL,62,2026-05-17T18:52:22.688Z,https://vahan.parivahan.gov.in/vahan4dashboard/vahan/view/reportview.xhtml
2026,3,Nagaland,All Vahan4 Running Office,NON_EV,PETROL/HYBRID,ALL,ALL,ALL,ALL,25,2026-05-17T18:52:22.688Z,https://vahan.parivahan.gov.in/vahan4dashboard/vahan/view/reportview.xhtml
2026,3,Nagaland,All Vahan4 Running Office,EV,PURE EV,ALL,ALL,ALL,ALL,4,2026-05-17T18:52:22.688Z,https://vahan.parivahan.gov.in/vahan4dashboard/vahan/view/reportview.xhtml
2026,3,Nagaland,All Vahan4 Running Office,EV,STRONG HYBRID EV,ALL,ALL,ALL,ALL,7,2026-05-17T18:52:22.688Z,https://vahan.parivahan.gov.in/vahan4dashboard/vahan/view/reportview.xhtml
2026,3,Punjab,All Vahan4 Running Office,NON_EV,CNG ONLY,ALL,ALL,ALL,ALL,275,2026-05-15T12:53:46.970Z,https://vahan.parivahan.gov.in/vahan4dashboard/vahan/view/reportview.xhtml
2026,3,Punjab,All Vahan4 Running Office,NON_EV,DIESEL,ALL,ALL,ALL,ALL,13689,2026-05-15T12:53:46.973Z,https://vahan.parivahan.gov.in/vahan4dashboard/vahan/view/reportview.xhtml
2026,3,Punjab,All Vahan4 Running Office,NON_EV,DIESEL/HYBRID,ALL,ALL,ALL,ALL,62,2026-05-15T12:53:46.973Z,https://vahan.parivahan.gov.in/vahan4dashboard/vahan/view/reportview.xhtml
2026,3,Punjab,All Vahan4 Running Office,EV,ELECTRIC(BOV),ALL,ALL,ALL,ALL,607,2026-05-15T12:53:46.973Z,https://vahan.parivahan.gov.in/vahan4dashboard/vahan/view/reportview.xhtml
2026,3,Punjab,All Vahan4 Running Office,NON_EV,PETROL,ALL,ALL,ALL,ALL,13643,2026-05-15T12:53:46.973Z,https://vahan.parivahan.gov.in/vahan4dashboard/vahan/view/reportview.xhtml
2026,3,Punjab,All Vahan4 Running Office,NON_EV,PETROL(E20),ALL,ALL,ALL,ALL,35445,2026-05-15T12:53:46.973Z,https://vahan.parivahan.gov.in/vahan4dashboard/vahan/view/reportview.xhtml
2026,3,Punjab,All Vahan4 Running Office,NON_EV,PETROL(E20)/CNG,ALL,ALL,ALL,ALL,1230,2026-05-15T12:53:46.973Z,https://vahan.parivahan.gov.in/vahan4dashboard/vahan/view/reportview.xhtml
2026,3,Punjab,All Vahan4 Running Office,NON_EV,PETROL(E20)/HYBRID,ALL,ALL,ALL,ALL,1013,2026-05-15T12:53:46.973Z,https://vahan.parivahan.gov.in/vahan4dashboard/vahan/view/reportview.xhtml
2026,3,Punjab,All Vahan4 Running Office,NON_EV,PETROL/CNG,ALL,ALL,ALL,ALL,310,2026-05-15T12:53:46.973Z,https://vahan.parivahan.gov.in/vahan4dashboard/vahan/view/reportview.xhtml
2026,3,Punjab,All Vahan4 Running Office,NON_EV,PETROL/HYBRID,ALL,ALL,ALL,ALL,281,2026-05-15T12:53:46.973Z,https://vahan.parivahan.gov.in/vahan4dashboard/vahan/view/reportview.xhtml
2026,3,Punjab,All Vahan4 Running Office,EV,PURE EV,ALL,ALL,ALL,ALL,4507,2026-05-15T12:53:46.973Z,https://vahan.parivahan.gov.in/vahan4dashboard/vahan/view/reportview.xhtml
2026,3,Punjab,All Vahan4 Running Office,EV,STRONG HYBRID EV,ALL,ALL,ALL,ALL,459,2026-05-15T12:53:46.973Z,https://vahan.parivahan.gov.in/vahan4dashboard/vahan/view/reportview.xhtml
2026,4,Gujarat,All Vahan4 Running Office,NON_EV,CNG ONLY,ALL,ALL,ALL,ALL,7058,2026-05-16T19:33:48.880Z,https://vahan.parivahan.gov.in/vahan4dashboard/vahan/view/reportview.xhtml
2026,4,Gujarat,All Vahan4 Running Office,NON_EV,DIESEL,ALL,ALL,ALL,ALL,16757,2026-05-16T19:33:48.880Z,https://vahan.parivahan.gov.in/vahan4dashboard/vahan/view/reportview.xhtml
2026,4,Gujarat,All Vahan4 Running Office,NON_EV,DIESEL/HYBRID,ALL,ALL,ALL,ALL,108,2026-05-16T19:33:48.881Z,https://vahan.parivahan.gov.in/vahan4dashboard/vahan/view/reportview.xhtml
2026,4,Gujarat,All Vahan4 Running Office,EV,ELECTRIC(BOV),ALL,ALL,ALL,ALL,305,2026-05-16T19:33:48.881Z,https://vahan.parivahan.gov.in/vahan4dashboard/vahan/view/reportview.xhtml
2026,4,Gujarat,All Vahan4 Running Office,NON_EV,LNG,ALL,ALL,ALL,ALL,0,2026-05-16T19:33:48.881Z,https://vahan.parivahan.gov.in/vahan4dashboard/vahan/view/reportview.xhtml
2026,4,Gujarat,All Vahan4 Running Office,NON_EV,NOT APPLICABLE,ALL,ALL,ALL,ALL,292,2026-05-16T19:33:48.881Z,https://vahan.parivahan.gov.in/vahan4dashboard/vahan/view/reportview.xhtml
2026,4,Gujarat,All Vahan4 Running Office,NON_EV,PETROL,ALL,ALL,ALL,ALL,37732,2026-05-16T19:33:48.881Z,https://vahan.parivahan.gov.in/vahan4dashboard/vahan/view/reportview.xhtml
2026,4,Gujarat,All Vahan4 Running Office,NON_EV,PETROL(E20),ALL,ALL,ALL,ALL,77830,2026-05-16T19:33:48.881Z,https://vahan.parivahan.gov.in/vahan4dashboard/vahan/view/reportview.xhtml
2026,4,Gujarat,All Vahan4 Running Office,NON_EV,PETROL(E20)/CNG,ALL,ALL,ALL,ALL,11780,2026-05-16T19:33:48.881Z,https://vahan.parivahan.gov.in/vahan4dashboard/vahan/view/reportview.xhtml
2026,4,Gujarat,All Vahan4 Running Office,NON_EV,PETROL(E20)/HYBRID,ALL,ALL,ALL,ALL,802,2026-05-16T19:33:48.881Z,https://vahan.parivahan.gov.in/vahan4dashboard/vahan/view/reportview.xhtml
2026,4,Gujarat,All Vahan4 Running Office,NON_EV,PETROL(E20)/HYBRID/CNG,ALL,ALL,ALL,ALL,0,2026-05-16T19:33:48.881Z,https://vahan.parivahan.gov.in/vahan4dashboard/vahan/view/reportview.xhtml
2026,4,Gujarat,All Vahan4 Running Office,NON_EV,PETROL/CNG,ALL,ALL,ALL,ALL,1866,2026-05-16T19:33:48.881Z,https://vahan.parivahan.gov.in/vahan4dashboard/vahan/view/reportview.xhtml
2026,4,Gujarat,All Vahan4 Running Office,NON_EV,PETROL/HYBRID,ALL,ALL,ALL,ALL,283,2026-05-16T19:33:48.881Z,https://vahan.parivahan.gov.in/vahan4dashboard/vahan/view/reportview.xhtml
2026,4,Gujarat,All Vahan4 Running Office,NON_EV,PETROL/HYBRID/CNG,ALL,ALL,ALL,ALL,0,2026-05-16T19:33:48.881Z,https://vahan.parivahan.gov.in/vahan4dashboard/vahan/view/reportview.xhtml
2026,4,Gujarat,All Vahan4 Running Office,EV,PLUG-IN HYBRID EV,ALL,ALL,ALL,ALL,0,2026-05-16T19:33:48.881Z,https://vahan.parivahan.gov.in/vahan4dashboard/vahan/view/reportview.xhtml
2026,4,Gujarat,All Vahan4 Running Office,EV,PURE EV,ALL,ALL,ALL,ALL,9427,2026-05-16T19:33:48.881Z,https://vahan.parivahan.gov.in/vahan4dashboard/vahan/view/reportview.xhtml
2026,4,Gujarat,All Vahan4 Running Office,EV,STRONG HYBRID EV,ALL,ALL,ALL,ALL,734,2026-05-16T19:33:48.881Z,https://vahan.parivahan.gov.in/vahan4dashboard/vahan/view/reportview.xhtml
2026,4,Nagaland,All Vahan4 Running Office,NON_EV,CNG ONLY,ALL,ALL,ALL,ALL,15,2026-05-17T18:52:22.688Z,https://vahan.parivahan.gov.in/vahan4dashboard/vahan/view/reportview.xhtml
2026,4,Nagaland,All Vahan4 Running Office,NON_EV,DIESEL,ALL,ALL,ALL,ALL,1515,2026-05-17T18:52:22.688Z,https://vahan.parivahan.gov.in/vahan4dashboard/vahan/view/reportview.xhtml
2026,4,Nagaland,All Vahan4 Running Office,NON_EV,DIESEL/HYBRID,ALL,ALL,ALL,ALL,1,2026-05-17T18:52:22.688Z,https://vahan.parivahan.gov.in/vahan4dashboard/vahan/view/reportview.xhtml
2026,4,Nagaland,All Vahan4 Running Office,NON_EV,DUAL DIESEL/CNG,ALL,ALL,ALL,ALL,0,2026-05-17T18:52:22.688Z,https://vahan.parivahan.gov.in/vahan4dashboard/vahan/view/reportview.xhtml
2026,4,Nagaland,All Vahan4 Running Office,NON_EV,NOT APPLICABLE,ALL,ALL,ALL,ALL,0,2026-05-17T18:52:22.688Z,https://vahan.parivahan.gov.in/vahan4dashboard/vahan/view/reportview.xhtml
2026,4,Nagaland,All Vahan4 Running Office,NON_EV,PETROL,ALL,ALL,ALL,ALL,335,2026-05-17T18:52:22.688Z,https://vahan.parivahan.gov.in/vahan4dashboard/vahan/view/reportview.xhtml
2026,4,Nagaland,All Vahan4 Running Office,NON_EV,PETROL(E20),ALL,ALL,ALL,ALL,799,2026-05-17T18:52:22.688Z,https://vahan.parivahan.gov.in/vahan4dashboard/vahan/view/reportview.xhtml
2026,4,Nagaland,All Vahan4 Running Office,NON_EV,PETROL(E20)/CNG,ALL,ALL,ALL,ALL,1,2026-05-17T18:52:22.688Z,https://vahan.parivahan.gov.in/vahan4dashboard/vahan/view/reportview.xhtml
2026,4,Nagaland,All Vahan4 Running Office,NON_EV,PETROL(E20)/HYBRID,ALL,ALL,ALL,ALL,67,2026-05-17T18:52:22.688Z,https://vahan.parivahan.gov.in/vahan4dashboard/vahan/view/reportview.xhtml
2026,4,Nagaland,All Vahan4 Running Office,NON_EV,PETROL/HYBRID,ALL,ALL,ALL,ALL,15,2026-05-17T18:52:22.688Z,https://vahan.parivahan.gov.in/vahan4dashboard/vahan/view/reportview.xhtml
2026,4,Nagaland,All Vahan4 Running Office,EV,PURE EV,ALL,ALL,ALL,ALL,0,2026-05-17T18:52:22.688Z,https://vahan.parivahan.gov.in/vahan4dashboard/vahan/view/reportview.xhtml
2026,4,Nagaland,All Vahan4 Running Office,EV,STRONG HYBRID EV,ALL,ALL,ALL,ALL,10,2026-05-17T18:52:22.688Z,https://vahan.parivahan.gov.in/vahan4dashboard/vahan/view/reportview.xhtml
2026,5,Nagaland,All Vahan4 Running Office,NON_EV,CNG ONLY,ALL,ALL,ALL,ALL,1,2026-05-17T18:33:30.712Z,https://vahan.parivahan.gov.in/vahan4dashboard/vahan/view/reportview.xhtml
2026,5,Nagaland,All Vahan4 Running Office,NON_EV,DIESEL,ALL,ALL,ALL,ALL,632,2026-05-17T18:33:30.714Z,https://vahan.parivahan.gov.in/vahan4dashboard/vahan/view/reportview.xhtml
2026,5,Nagaland,All Vahan4 Running Office,NON_EV,DIESEL/HYBRID,ALL,ALL,ALL,ALL,0,2026-05-17T18:33:30.714Z,https://vahan.parivahan.gov.in/vahan4dashboard/vahan/view/reportview.xhtml
2026,5,Nagaland,All Vahan4 Running Office,NON_EV,DUAL DIESEL/CNG,ALL,ALL,ALL,ALL,1,2026-05-17T18:33:30.714Z,https://vahan.parivahan.gov.in/vahan4dashboard/vahan/view/reportview.xhtml
2026,5,Nagaland,All Vahan4 Running Office,NON_EV,NOT APPLICABLE,ALL,ALL,ALL,ALL,0,2026-05-17T18:33:30.714Z,https://vahan.parivahan.gov.in/vahan4dashboard/vahan/view/reportview.xhtml
2026,5,Nagaland,All Vahan4 Running Office,NON_EV,PETROL,ALL,ALL,ALL,ALL,270,2026-05-17T18:33:30.714Z,https://vahan.parivahan.gov.in/vahan4dashboard/vahan/view/reportview.xhtml
2026,5,Nagaland,All Vahan4 Running Office,NON_EV,PETROL(E20),ALL,ALL,ALL,ALL,468,2026-05-17T18:33:30.714Z,https://vahan.parivahan.gov.in/vahan4dashboard/vahan/view/reportview.xhtml
2026,5,Nagaland,All Vahan4 Running Office,NON_EV,PETROL(E20)/CNG,ALL,ALL,ALL,ALL,0,2026-05-17T18:33:30.714Z,https://vahan.parivahan.gov.in/vahan4dashboard/vahan/view/reportview.xhtml
2026,5,Nagaland,All Vahan4 Running Office,NON_EV,PETROL(E20)/HYBRID,ALL,ALL,ALL,ALL,24,2026-05-17T18:33:30.714Z,https://vahan.parivahan.gov.in/vahan4dashboard/vahan/view/reportview.xhtml
2026,5,Nagaland,All Vahan4 Running Office,NON_EV,PETROL/HYBRID,ALL,ALL,ALL,ALL,18,2026-05-17T18:33:30.714Z,https://vahan.parivahan.gov.in/vahan4dashboard/vahan/view/reportview.xhtml
2026,5,Nagaland,All Vahan4 Running Office,EV,PURE EV,ALL,ALL,ALL,ALL,1,2026-05-17T18:33:30.714Z,https://vahan.parivahan.gov.in/vahan4dashboard/vahan/view/reportview.xhtml
2026,5,Nagaland,All Vahan4 Running Office,EV,STRONG HYBRID EV,ALL,ALL,ALL,ALL,3,2026-05-17T18:33:30.714Z,https://vahan.parivahan.gov.in/vahan4dashboard/vahan/view/reportview.xhtml
