state,rto,rto_code,place_label,latitude,longitude,confidence_score,source,reviewed,notes
Andaman & Nicobar Island,Baratang - AN201( 29-NOV-2024 ),AN-201,Baratang,11.70065,92.67517,0.6200,geonames,false,"geonames=1278647; matched=""Union Territory of Andaman and Nicobar Islands""; query=""Andaman & Nicobar Island""; feature=ADM1"
Andaman & Nicobar Island,Campbell Bay - AN212( 18-FEB-2022 ),AN-212,Campbell Bay,7.00832,93.89419,0.6800,geonames,false,"geonames=12524333; matched=""Campbell Bay""; query=""Campbell Bay""; feature=PPL"
Andaman & Nicobar Island,Car Nicobar - AN211( 23-FEB-2023 ),AN-211,Car Nicobar,7.03002,93.79028,0.6200,geonames,false,"geonames=1261448; matched=""Nicobar""; query=""Nicobar""; feature=ADM2"
Andaman & Nicobar Island,Diglipur - AN204( 09-NOV-2021 ),AN-204,Diglipur,13.26667,93,0.6800,geonames,false,"geonames=1272607; matched=""Diglipur""; query=""Diglipur""; feature=PPL"
Andaman & Nicobar Island,Ferrargunj - AN200( 12-OCT-2021 ),AN-200,Ferrargunj,11.87237,92.65643,0.6800,geonames,false,"geonames=12684313; matched=""Ferrargunj""; query=""Ferrargunj""; feature=ADM3"
Andaman & Nicobar Island,Little Andaman - AN207( 17-FEB-2025 ),AN-207,Little Andaman,10.70559,92.48945,0.6800,geonames,false,"geonames=12684314; matched=""Little Andaman""; query=""Little Andaman""; feature=ADM3"
Andaman & Nicobar Island,Mayabunder - AN203( 09-NOV-2021 ),AN-203,Mayabunder,12.90954,92.90348,0.6800,geonames,false,"geonames=1263259; matched=""Mayabandar""; query=""Mayabunder""; feature=PPL"
Andaman & Nicobar Island,Port Blair DTO - AN1( 15-AUG-2020 ),AN-1,Port Blair,11.66613,92.74635,0.6800,geonames,false,"geonames=1259385; matched=""Port Blair""; query=""Port Blair""; feature=PPLA"
Andaman & Nicobar Island,Rangat - AN202( 17-NOV-2021 ),AN-202,Rangat,12.50595,92.9155,0.6800,geonames,false,"geonames=11184472; matched=""Rangat""; query=""Rangat""; feature=PPL"
Andaman & Nicobar Island,Swaraj Dweep - AN206( 29-NOV-2021 ),AN-206,Swaraj Dweep,11.70065,92.67517,0.6200,geonames,false,"geonames=1278647; matched=""Union Territory of Andaman and Nicobar Islands""; query=""Andaman & Nicobar Island""; feature=ADM1"
Andhra Pradesh,Adoni RTO - AP221( 06-MAY-2022 ),AP-221,Adoni,15.626142,77.27237,0.6600,nominatim,false,"geocoded query=""Adoni Andhra Pradesh India""; osm=node/245632505"
Andhra Pradesh,Amalapuram RTA - AP205( 25-APR-2022 ),AP-205,Amalapuram RTA,16.577718,82.003262,0.6600,nominatim,false,"geocoded query=""Amalapuram Andhra Pradesh India""; osm=node/2857106989"
Andhra Pradesh,Anakapalli RTA - AP131( 25-APR-2022 ),AP-131,Anakapalli RTA,17.671533,82.774757,0.6600,nominatim,false,"geocoded query=""Anakapalli Andhra Pradesh India""; osm=relation/13999884"
Andhra Pradesh,Anantapur RTA - AP2( 25-APR-2022 ),AP-2,Anantapur RTA,14.678322,77.606504,0.7200,nominatim,false,"geocoded query=""Anantapur Andhra Pradesh India""; osm=node/603465222"
Andhra Pradesh,Atmakur MVI Office - AP126( 11-MAY-2022 ),AP-126,Atmakur,14.669176,79.574361,0.6600,nominatim,false,"geocoded query=""Atmakur Andhra Pradesh India""; osm=relation/10222924"
Andhra Pradesh,Atmakur-Kurnool MVI Office - AP321( 06-MAY-2022 ),AP-321,Atmakur Kurnool,15.82887,78.03602,0.6200,geonames,false,"geonames=1265491; matched=""Kurnool""; query=""Kurnool""; feature=PPL"
Andhra Pradesh,BAPATLA RTO OFFICE - AP207( 25-APR-2022 ),AP-207,BAPATLA,15.93443,80.450552,0.6600,nominatim,false,"geocoded query=""BAPATLA Andhra Pradesh India""; osm=relation/13998258"
Andhra Pradesh,Badvel MVI Office - AP104( 06-MAY-2022 ),AP-104,Badvel,14.743361,79.061039,0.6600,nominatim,false,"geocoded query=""Badvel Andhra Pradesh India""; osm=node/245628716"
Andhra Pradesh,Bhimavaram RTA - AP137( 25-APR-2022 ),AP-137,Bhimavaram RTA,16.48181,81.532936,0.6000,nominatim,false,"geocoded query=""Bhimavaram Andhra Pradesh India""; osm=relation/10143910"
Andhra Pradesh,Chilakaluripeta MVI Office - AP307( 06-MAY-2022 ),AP-307,Chilakaluripeta,16.093334,80.155557,0.6000,nominatim,false,"geocoded query=""Chilakaluripeta Andhra Pradesh India""; osm=relation/10160448"
Andhra Pradesh,Chintoor - AP905( 09-JUN-2022 ),AP-905,Chintoor,17.75358,81.407264,0.7600,nominatim,false,"geocoded query=""Chintoor Andhra Pradesh India""; osm=node/11891752437"
Andhra Pradesh,Chirala UO - AP127( 06-MAY-2022 ),AP-127,Chirala UO,15.830914,80.354362,0.6600,nominatim,false,"geocoded query=""Chirala Andhra Pradesh India""; osm=node/2332853825"
Andhra Pradesh,Chittoor RTA - AP3( 25-APR-2022 ),AP-3,Chittoor RTA,13.325036,79.648061,0.7200,nominatim,false,"geocoded query=""Chittoor Andhra Pradesh India""; osm=relation/2022304"
Andhra Pradesh,Cuddapah RTA - AP4( 25-APR-2022 ),AP-4,Cuddapah RTA,14.49566,78.834928,0.6000,nominatim,false,"geocoded query=""Cuddapah Andhra Pradesh India""; osm=node/5940735086"
Andhra Pradesh,Darsi UO - AP427( 11-MAY-2022 ),AP-427,Darsi UO,15.76945,79.677654,0.6600,nominatim,false,"geocoded query=""Darsi Andhra Pradesh India""; osm=node/3319071258"
Andhra Pradesh,Devarapalli Unit Office - AP837( 19-AUG-2025 ),AP-837,Devarapalli Unit,17.989443,82.980931,0.6600,nominatim,false,"geocoded query=""Devarapalli Andhra Pradesh India""; osm=node/5559235047"
Andhra Pradesh,Dharamavaram unit office - AP602( 04-DEC-2024 ),AP-602,Dharamavaram unit,15.443418,79.749819,0.6000,nominatim,false,"geocoded query=""Dharamavaram Andhra Pradesh India""; osm=node/5448475168"
Andhra Pradesh,Dhone MVI Office - AP421( 06-MAY-2022 ),AP-421,Dhone,15.396972,77.871848,0.6600,nominatim,false,"geocoded query=""Dhone Andhra Pradesh India""; osm=node/3506621080"
Andhra Pradesh,Gajuwaka RTA - AP231( 06-MAY-2022 ),AP-231,Gajuwaka RTA,17.681398,83.213006,0.6600,nominatim,false,"geocoded query=""Gajuwaka Andhra Pradesh India""; osm=node/3110447461"
Andhra Pradesh,Gudiwada RTA - AP116( 05-MAY-2022 ),AP-116,Gudiwada RTA,16.43476,80.991441,0.6000,nominatim,false,"geocoded query=""Gudiwada Andhra Pradesh India""; osm=node/7116293210"
Andhra Pradesh,Gudur RTA - AP226( 06-MAY-2022 ),AP-226,Gudur RTA,14.145593,79.847451,0.6600,nominatim,false,"geocoded query=""Gudur Andhra Pradesh India""; osm=way/1188915785"
Andhra Pradesh,Guntakal UO - AP202( 06-MAY-2022 ),AP-202,Guntakal UO,15.161358,77.376936,0.6600,nominatim,false,"geocoded query=""Guntakal Andhra Pradesh India""; osm=node/245630496"
Andhra Pradesh,Guntur RTA - AP7( 25-APR-2022 ),AP-7,Guntur RTA,16.291519,80.454159,0.7200,nominatim,false,"geocoded query=""Guntur Andhra Pradesh India""; osm=node/571469929"
Andhra Pradesh,Hindupur RTA - AP102( 25-APR-2022 ),AP-102,Hindupur RTA,13.830613,77.492635,0.6600,nominatim,false,"geocoded query=""Hindupur Andhra Pradesh India""; osm=node/245625010"
Andhra Pradesh,Itchapuram MVI Office - AP130( 12-MAY-2022 ),AP-130,Itchapuram,19.087502,83.643504,0.6000,nominatim,false,"geocoded query=""Itchapuram Andhra Pradesh India""; osm=node/11947283626"
Andhra Pradesh,JANGAREDDYGUDEM RTA - AP237( 06-MAY-2022 ),AP-237,JANGAREDDYGUDEM RTA,17.123821,81.295963,0.6600,nominatim,false,"geocoded query=""JANGAREDDYGUDEM Andhra Pradesh India""; osm=node/245639711"
Andhra Pradesh,Jaggayyapet UO - AP616( 05-MAY-2022 ),AP-616,Jaggayyapet UO,16.891657,80.099302,0.6000,nominatim,false,"geocoded query=""Jaggayyapet Andhra Pradesh India""; osm=node/9527173188"
Andhra Pradesh,Kalyandurg RTO office - AP702( 04-DEC-2024 ),AP-702,Kalyandurg,14.541019,77.215789,0.6000,nominatim,false,"geocoded query=""Kalyandurg Andhra Pradesh India""; osm=relation/10216099"
Andhra Pradesh,Kandukur MVI Office - AP227( 11-MAY-2022 ),AP-227,Kandukur,15.213,79.9071,0.6600,nominatim,false,"geocoded query=""Kandukur Andhra Pradesh India""; osm=node/245630803"
Andhra Pradesh,Kavali UO - AP326( 11-MAY-2022 ),AP-326,Kavali UO,14.913585,79.99269,0.6600,nominatim,false,"geocoded query=""Kavali Andhra Pradesh India""; osm=node/3996292664"
Andhra Pradesh,Kovvuru UO - AP337( 12-MAY-2022 ),AP-337,Kovvuru UO,16.939316,82.196368,0.6000,nominatim,false,"geocoded query=""Kovvuru Andhra Pradesh India""; osm=node/5626613425"
Andhra Pradesh,Kurnool RTA - AP21( 25-APR-2022 ),AP-21,Kurnool RTA,15.830925,78.042537,0.7200,nominatim,false,"geocoded query=""Kurnool Andhra Pradesh India""; osm=node/603465549"
Andhra Pradesh,Macherla MVI Office - AP407( 06-MAY-2022 ),AP-407,Macherla,16.476428,79.43664,0.6600,nominatim,false,"geocoded query=""Macherla Andhra Pradesh India""; osm=node/571542100"
Andhra Pradesh,Mandapeta UO - AP405( 06-MAY-2022 ),AP-405,Mandapeta UO,16.86347,81.930094,0.6600,nominatim,false,"geocoded query=""Mandapeta Andhra Pradesh India""; osm=node/5469871867"
Andhra Pradesh,Mangalagiri MVI Office - AP507( 06-MAY-2022 ),AP-507,Mangalagiri,16.431821,80.568807,0.6600,nominatim,false,"geocoded query=""Mangalagiri Andhra Pradesh India""; osm=node/245636315"
Andhra Pradesh,Markapur UO - AP327( 12-MAY-2022 ),AP-327,Markapur UO,15.74067,79.26985,0.6600,nominatim,false,"geocoded query=""Markapur Andhra Pradesh India""; osm=node/3050166420"
Andhra Pradesh,Nagari MVI office - AP114( 30-NOV-2024 ),AP-114,Nagari,13.320631,79.585294,0.6600,nominatim,false,"geocoded query=""Nagari Andhra Pradesh India""; osm=node/5518552516"
Andhra Pradesh,Nandigama RTA - AP316( 05-MAY-2022 ),AP-316,Nandigama RTA,16.773473,80.285528,0.6600,nominatim,false,"geocoded query=""Nandigama Andhra Pradesh India""; osm=node/245638443"
Andhra Pradesh,Nandyal RTA - AP121( 25-APR-2022 ),AP-121,Nandyal RTA,15.473629,78.480659,0.7200,nominatim,false,"geocoded query=""Nandyal Andhra Pradesh India""; osm=node/245632119"
Andhra Pradesh,Narasaraopet RTA - AP107( 25-APR-2022 ),AP-107,Narasaraopet RTA,16.238924,80.047288,0.6600,nominatim,false,"geocoded query=""Narasaraopet Andhra Pradesh India""; osm=node/6789177864"
Andhra Pradesh,Narsipatnam MVI Office - AP331( 06-MAY-2022 ),AP-331,Narsipatnam,17.671181,82.612437,0.6600,nominatim,false,"geocoded query=""Narsipatnam Andhra Pradesh India""; osm=node/245641560"
Andhra Pradesh,Nellore RTA - AP26( 25-APR-2022 ),AP-26,Nellore RTA,14.449372,79.987376,0.7200,nominatim,false,"geocoded query=""Nellore Andhra Pradesh India""; osm=node/1598973198"
Andhra Pradesh,Nuzvid UO - AP416( 06-MAY-2022 ),AP-416,Nuzvid UO,16.790701,80.84761,0.6600,nominatim,false,"geocoded query=""Nuzvid Andhra Pradesh India""; osm=node/1950499782"
Andhra Pradesh,PALAKONDA RTA - AP230( 12-MAY-2022 ),AP-230,PALAKONDA RTA,18.60368,83.755993,0.6600,nominatim,false,"geocoded query=""PALAKONDA Andhra Pradesh India""; osm=node/245649778"
Andhra Pradesh,PARVATHIPURAM RTO OFFICE - AP135( 25-APR-2022 ),AP-135,PARVATHIPURAM,18.783186,83.427876,0.6600,nominatim,false,"geocoded query=""PARVATHIPURAM Andhra Pradesh India""; osm=node/3315305241"
Andhra Pradesh,Paderu RTA - AP41( 09-JUN-2022 ),AP-41,Paderu RTA,18.079153,82.663223,0.6600,nominatim,false,"geocoded query=""Paderu Andhra Pradesh India""; osm=node/245643475"
Andhra Pradesh,Palakole UO - AP637( 06-MAY-2022 ),AP-637,Palakole UO,15.83333,79.75,0.6200,geonames,false,"geonames=1278629; matched=""State of Andhra Pradesh""; query=""Andhra Pradesh""; feature=ADM1"
Andhra Pradesh,Palamaner MVI Office - AP303( 10-MAY-2022 ),AP-303,Palamaner,13.149038,78.729276,0.6000,nominatim,false,"geocoded query=""Palamaner Andhra Pradesh India""; osm=relation/10240058"
Andhra Pradesh,Palasa MVI Office - AP330( 12-MAY-2022 ),AP-330,Palasa,18.771913,84.409695,0.6600,nominatim,false,"geocoded query=""Palasa Andhra Pradesh India""; osm=node/3426466010"
Andhra Pradesh,Peddapuram MVI Office - AP505( 06-MAY-2022 ),AP-505,Peddapuram,17.075674,82.143316,0.6600,nominatim,false,"geocoded query=""Peddapuram Andhra Pradesh India""; osm=node/245639598"
Andhra Pradesh,Piduguralla UO - AP607( 06-MAY-2022 ),AP-607,Piduguralla UO,16.482233,79.885695,0.6600,nominatim,false,"geocoded query=""Piduguralla Andhra Pradesh India""; osm=node/245636355"
Andhra Pradesh,Piler MVI Office - AP403( 12-MAY-2022 ),AP-403,Piler,13.662599,78.928078,0.6000,nominatim,false,"geocoded query=""Piler Andhra Pradesh India""; osm=node/1764079281"
Andhra Pradesh,Prakasam RTA - AP27( 25-APR-2022 ),AP-27,Prakasam RTA,15.564196,80.006679,0.7200,nominatim,false,"geocoded query=""Prakasam Andhra Pradesh India""; osm=relation/2022278"
Andhra Pradesh,Proddutur RTA - AP204( 06-MAY-2022 ),AP-204,Proddutur RTA,14.74909,78.551372,0.6000,nominatim,false,"geocoded query=""Proddutur Andhra Pradesh India""; osm=way/1255980404"
Andhra Pradesh,Pulivendula MVI Office - AP304( 06-MAY-2022 ),AP-304,Pulivendula,14.422918,78.226595,0.6600,nominatim,false,"geocoded query=""Pulivendula Andhra Pradesh India""; osm=node/2971125561"
Andhra Pradesh,Punganur UO - AP113( 09-JUN-2022 ),AP-113,Punganur UO,13.404284,78.556702,0.6000,nominatim,false,"geocoded query=""Punganur Andhra Pradesh India""; osm=relation/10236637"
Andhra Pradesh,Puttur MVI Office - AP503( 12-MAY-2022 ),AP-503,Puttur,13.438142,79.552214,0.6600,nominatim,false,"geocoded query=""Puttur Andhra Pradesh India""; osm=node/312851862"
Andhra Pradesh,REGIONAL TRANSPORT OFFICE RAMPACHODAVARAM - AP141( 04-APR-2023 ),AP-141,RAMPACHODAVARAM,17.439828,81.775235,0.6600,nominatim,false,"geocoded query=""RAMPACHODAVARAM Andhra Pradesh India""; osm=node/245640761"
Andhra Pradesh,RTA Eluru - AP37( 25-APR-2022 ),AP-37,RTA Eluru,16.710426,81.115382,0.6600,nominatim,false,"geocoded query=""Eluru Andhra Pradesh India""; osm=node/571470318"
Andhra Pradesh,RTA Kakinada - AP5( 25-APR-2022 ),AP-5,RTA Kakinada,16.943738,82.235061,0.7200,nominatim,false,"geocoded query=""Kakinada Andhra Pradesh India""; osm=node/3665399128"
Andhra Pradesh,RTA MACHILIPATNAM - AP216( 25-APR-2022 ),AP-216,RTA MACHILIPATNAM,16.181737,81.134818,0.7200,nominatim,false,"geocoded query=""MACHILIPATNAM Andhra Pradesh India""; osm=node/3478288118"
Andhra Pradesh,RTO KADIRI - AP302( 11-MAY-2022 ),AP-302,KADIRI,14.10823,78.161069,0.6600,nominatim,false,"geocoded query=""KADIRI Andhra Pradesh India""; osm=node/2476581514"
Andhra Pradesh,RTO MADANAPALLE - AP203( 12-MAY-2022 ),AP-203,MADANAPALLE,13.555824,78.501494,0.6600,nominatim,false,"geocoded query=""MADANAPALLE Andhra Pradesh India""; osm=node/3264135244"
Andhra Pradesh,Rajahmundry RTA - AP105( 25-APR-2022 ),AP-105,Rajahmundry RTA,17.005045,81.780473,0.7200,nominatim,false,"geocoded query=""Rajahmundry Andhra Pradesh India""; osm=node/2408119848"
Andhra Pradesh,Rajampet MVI Office - AP404( 12-MAY-2022 ),AP-404,Rajampet,14.19871,79.111034,0.6000,nominatim,false,"geocoded query=""Rajampet Andhra Pradesh India""; osm=relation/10219666"
Andhra Pradesh,Ramachandrapuram UO - AP605( 09-JUN-2022 ),AP-605,Ramachandrapuram UO,16.818555,82.06415,0.6600,nominatim,false,"geocoded query=""Ramachandrapuram Andhra Pradesh India""; osm=relation/10141080"
Andhra Pradesh,Ravulapalem UO - AP705( 06-MAY-2022 ),AP-705,Ravulapalem UO,16.760799,81.843535,0.6600,nominatim,false,"geocoded query=""Ravulapalem Andhra Pradesh India""; osm=node/2282010804"
Andhra Pradesh,Rayachoti MVI Office - AP504( 25-APR-2022 ),AP-504,Rayachoti,15.904653,77.619901,0.6000,nominatim,false,"geocoded query=""Rayachoti Andhra Pradesh India""; osm=node/5533087825"
Andhra Pradesh,Salur MVI Office - AP235( 12-MAY-2022 ),AP-235,Salur,18.517553,83.205039,0.6600,nominatim,false,"geocoded query=""Salur Andhra Pradesh India""; osm=node/245647444"
Andhra Pradesh,Srikakulam RTA - AP30( 25-APR-2022 ),AP-30,Srikakulam RTA,18.294931,83.893884,0.7200,nominatim,false,"geocoded query=""Srikakulam Andhra Pradesh India""; osm=node/245644077"
Andhra Pradesh,Srikalahasthi MVI Office - AP603( 12-MAY-2022 ),AP-603,Srikalahasthi,13.749035,79.688517,0.6000,nominatim,false,"geocoded query=""Srikalahasthi Andhra Pradesh India""; osm=node/11063687810"
Andhra Pradesh,Sullurpet UO - AP426( 11-MAY-2022 ),AP-426,Sullurpet UO,15.83333,79.75,0.6200,geonames,false,"geonames=1278629; matched=""State of Andhra Pradesh""; query=""Andhra Pradesh""; feature=ADM1"
Andhra Pradesh,TENALI RTA - AP707( 06-MAY-2022 ),AP-707,TENALI RTA,16.237773,80.646422,0.6600,nominatim,false,"geocoded query=""TENALI Andhra Pradesh India""; osm=node/245635123"
Andhra Pradesh,Tadepalli Gudem UO - AP437( 06-MAY-2022 ),AP-437,Tadepalli Gudem UO,15.83333,79.75,0.6200,geonames,false,"geonames=1278629; matched=""State of Andhra Pradesh""; query=""Andhra Pradesh""; feature=ADM1"
Andhra Pradesh,Tadipatri UO - AP402( 06-MAY-2022 ),AP-402,Tadipatri UO,14.906956,78.009707,0.6600,nominatim,false,"geocoded query=""Tadipatri Andhra Pradesh India""; osm=node/2953119719"
Andhra Pradesh,Tanuku UO - AP537( 06-MAY-2022 ),AP-537,Tanuku UO,16.752918,81.676046,0.6600,nominatim,false,"geocoded query=""Tanuku Andhra Pradesh India""; osm=node/4125322703"
Andhra Pradesh,Tekkali MVI Office - AP430( 12-MAY-2022 ),AP-430,Tekkali,18.608435,84.231095,0.6600,nominatim,false,"geocoded query=""Tekkali Andhra Pradesh India""; osm=node/3986411587"
Andhra Pradesh,Tirupati RTA - AP103( 25-APR-2022 ),AP-103,Tirupati RTA,13.631637,79.423171,0.7200,nominatim,false,"geocoded query=""Tirupati Andhra Pradesh India""; osm=node/335868152"
Andhra Pradesh,UNIT OFFICE KATHIPUDI - AP305( 06-MAY-2022 ),AP-305,UNIT KATHIPUDI,17.243894,82.333098,0.6000,nominatim,false,"geocoded query=""KATHIPUDI Andhra Pradesh India""; osm=node/2281138686"
Andhra Pradesh,UNIT OFFICE RAYADURG - AP502( 23-JUN-2022 ),AP-502,UNIT RAYADURG,14.699939,76.850043,0.6600,nominatim,false,"geocoded query=""RAYADURG Andhra Pradesh India""; osm=node/5121735282"
Andhra Pradesh,Vijayawada RTA - AP16( 17-FEB-2022 ),AP-16,Vijayawada RTA,16.511531,80.616047,0.7200,nominatim,false,"geocoded query=""Vijayawada Andhra Pradesh India""; osm=node/1880441437"
Andhra Pradesh,Vishakapatnam RTA - AP31( 25-APR-2022 ),AP-31,Vishakapatnam RTA,17.721482,83.290098,0.6000,nominatim,false,"geocoded query=""Vishakapatnam Andhra Pradesh India""; osm=way/402907979"
Andhra Pradesh,Vizianagaram RTA - AP35( 25-APR-2022 ),AP-35,Vizianagaram RTA,18.114126,83.411439,0.7200,nominatim,false,"geocoded query=""Vizianagaram Andhra Pradesh India""; osm=node/245643279"
Andhra Pradesh,Vuyyuru UO - AP516( 05-MAY-2022 ),AP-516,Vuyyuru UO,16.364966,80.842613,0.6600,nominatim,false,"geocoded query=""Vuyyuru Andhra Pradesh India""; osm=node/245635719"
Arunachal Pradesh,ANJAW - AR17( 23-JUL-2021 ),AR-17,ANJAW,28.155386,96.840721,0.6600,nominatim,false,"geocoded query=""ANJAW Arunachal Pradesh India""; osm=relation/9515358"
Arunachal Pradesh,BICHOM - AR28( 23-DEC-2024 ),AR-28,BICHOM,27.3049,92.612276,0.6000,nominatim,false,"geocoded query=""BICHOM Arunachal Pradesh India""; osm=node/10925710466"
Arunachal Pradesh,CHANGLANG - AR12( 11-DEC-2019 ),AR-12,CHANGLANG,27.26988,96.060244,0.6600,nominatim,false,"geocoded query=""CHANGLANG Arunachal Pradesh India""; osm=relation/2027455"
Arunachal Pradesh,DIBANG VALLEY - AR10( 06-JUL-2023 ),AR-10,DIBANG VALLEY,28.829104,95.95541,0.6600,nominatim,false,"geocoded query=""DIBANG VALLEY Arunachal Pradesh India""; osm=relation/2027456"
Arunachal Pradesh,EAST KAMENG - AR5( 06-OCT-2020 ),AR-5,EAST KAMENG,27.557781,93.075301,0.7200,nominatim,false,"geocoded query=""EAST KAMENG Arunachal Pradesh India""; osm=relation/2027347"
Arunachal Pradesh,EAST SIANG - AR9( 21-JUN-2018 ),AR-9,EAST SIANG,28.074222,95.417815,0.7200,nominatim,false,"geocoded query=""EAST SIANG Arunachal Pradesh India""; osm=relation/2027435"
Arunachal Pradesh,ITANAGAR CAPITAL REGION - AR1( 09-OCT-2017 ),AR-1,ITANAGAR CAPITAL REGION,27.06,93.37,0.6200,geonames,false,"geonames=1278341; matched=""State of Arunachal Pradesh""; query=""Arunachal Pradesh""; feature=ADM1"
Arunachal Pradesh,KAMLE - AR23( 08-FEB-2021 ),AR-23,KAMLE,27.731233,94.096466,0.6600,nominatim,false,"geocoded query=""KAMLE Arunachal Pradesh India""; osm=relation/9516226"
Arunachal Pradesh,KEYI PANYOR - AR27( 23-DEC-2024 ),AR-27,KEYI PANYOR,27.506445,93.73357,0.6000,nominatim,false,"geocoded query=""KEYI PANYOR Arunachal Pradesh India""; osm=relation/19969417"
Arunachal Pradesh,KRA-DAADI - AR19( 05-SEP-2022 ),AR-19,KRA DAADI,27.963542,93.766565,0.6600,nominatim,false,"geocoded query=""KRA DAADI Arunachal Pradesh India""; osm=relation/9516234"
Arunachal Pradesh,KURUNG KUMEY - AR15( 10-AUG-2020 ),AR-15,KURUNG KUMEY,27.986368,93.157835,0.6600,nominatim,false,"geocoded query=""KURUNG KUMEY Arunachal Pradesh India""; osm=relation/3841144"
Arunachal Pradesh,LEPARADA - AR25( 07-SEP-2022 ),AR-25,LEPARADA,27.06,93.37,0.6200,geonames,false,"geonames=1278341; matched=""State of Arunachal Pradesh""; query=""Arunachal Pradesh""; feature=ADM1"
Arunachal Pradesh,LOHIT - AR11( 16-JUL-2018 ),AR-11,LOHIT,28.035016,96.171352,0.7200,nominatim,false,"geocoded query=""LOHIT Arunachal Pradesh India""; osm=relation/2027457"
Arunachal Pradesh,LONGDING - AR18( 24-MAY-2021 ),AR-18,LONGDING,26.879455,95.315565,0.6600,nominatim,false,"geocoded query=""LONGDING Arunachal Pradesh India""; osm=relation/9516202"
Arunachal Pradesh,LOWER DIBANG VALLEY - AR16( 30-JUL-2018 ),AR-16,LOWER DIBANG VALLEY,28.214956,95.878774,0.6600,nominatim,false,"geocoded query=""LOWER DIBANG VALLEY Arunachal Pradesh India""; osm=relation/9515443"
Arunachal Pradesh,LOWER SIANG - AR22( 29-AUG-2022 ),AR-22,LOWER SIANG,27.800698,94.565023,0.6600,nominatim,false,"geocoded query=""LOWER SIANG Arunachal Pradesh India""; osm=relation/9516096"
Arunachal Pradesh,LOWER SUBANSIRI - AR6( 05-FEB-2019 ),AR-6,LOWER SUBANSIRI,27.605975,93.866971,0.7200,nominatim,false,"geocoded query=""LOWER SUBANSIRI Arunachal Pradesh India""; osm=relation/2027356"
Arunachal Pradesh,NAMSAI - AR20( 26-JUL-2019 ),AR-20,NAMSAI,27.714031,96.015971,0.6600,nominatim,false,"geocoded query=""NAMSAI Arunachal Pradesh India""; osm=relation/9515359"
Arunachal Pradesh,PAKKE-KESANG - AR24( 15-FEB-2023 ),AR-24,PAKKE KESANG,27.06,93.37,0.6200,geonames,false,"geonames=1278341; matched=""State of Arunachal Pradesh""; query=""Arunachal Pradesh""; feature=ADM1"
Arunachal Pradesh,SHI-YOMI - AR26( 18-JUL-2019 ),AR-26,SHI YOMI,28.685166,94.236782,0.6600,nominatim,false,"geocoded query=""SHI YOMI Arunachal Pradesh India""; osm=relation/9516095"
Arunachal Pradesh,SIANG - AR21( 21-MAR-2022 ),AR-21,SIANG,28.477492,94.816557,0.6600,nominatim,false,"geocoded query=""SIANG Arunachal Pradesh India""; osm=relation/9516098"
Arunachal Pradesh,STATE TRANSPORT AUTHORITY - AR99( 27-APR-2021 ),AR-99,STATE AUTHORITY,27.06,93.37,0.6800,geonames,false,"geonames=1278341; matched=""State of Arunachal Pradesh""; query=""Arunachal Pradesh""; feature=ADM1"
Arunachal Pradesh,TAWANG - AR3( 25-JUL-2018 ),AR-3,TAWANG,27.587919,91.863733,0.6000,nominatim,false,"geocoded query=""TAWANG Arunachal Pradesh India""; osm=node/342097760"
Arunachal Pradesh,TIRAP - AR13( 15-OCT-2018 ),AR-13,TIRAP,27.030169,95.497917,0.7200,nominatim,false,"geocoded query=""TIRAP Arunachal Pradesh India""; osm=relation/2027458"
Arunachal Pradesh,UPPER SIANG - AR14( 06-FEB-2019 ),AR-14,UPPER SIANG,28.731205,95.037732,0.6600,nominatim,false,"geocoded query=""UPPER SIANG Arunachal Pradesh India""; osm=relation/2027436"
Arunachal Pradesh,UPPER SUBANSIRI - AR7( 30-JUL-2019 ),AR-7,UPPER SUBANSIRI,28.259605,94.093811,0.6600,nominatim,false,"geocoded query=""UPPER SUBANSIRI Arunachal Pradesh India""; osm=relation/2027358"
Arunachal Pradesh,WEST KAMENG - AR4( 21-JUN-2018 ),AR-4,WEST KAMENG,27.291585,92.461917,0.7200,nominatim,false,"geocoded query=""WEST KAMENG Arunachal Pradesh India""; osm=relation/3841146"
Arunachal Pradesh,WEST SIANG - AR8( 29-OCT-2018 ),AR-8,WEST SIANG,28.197092,94.48407,0.6600,nominatim,false,"geocoded query=""WEST SIANG Arunachal Pradesh India""; osm=relation/2027359"
Arunachal Pradesh,YUPIA - AR2( 22-JAN-2020 ),AR-2,YUPIA,27.146228,93.7206,0.6000,nominatim,false,"geocoded query=""YUPIA Arunachal Pradesh India""; osm=node/1696831494"
Assam,BAJALI - AS36( 20-MAR-2026 ),AS-36,BAJALI,26.540681,91.168727,0.6600,nominatim,false,"geocoded query=""BAJALI Assam India""; osm=relation/16704179"
Assam,BARPETA - AS15( 29-DEC-2016 ),AS-15,BARPETA,26.345941,91.039708,0.7200,nominatim,false,"geocoded query=""BARPETA Assam India""; osm=relation/1791158"
Assam,BASKA - AS28( 13-NOV-2017 ),AS-28,BASKA,26.67582,91.338823,0.6000,nominatim,false,"geocoded query=""BASKA Assam India""; osm=relation/10044735"
Assam,BISWANATH CHARIALI - AS32( 08-AUG-2019 ),AS-32,BISWANATH CHARIALI,26.72667,93.147765,0.6000,nominatim,false,"geocoded query=""BISWANATH CHARIALI Assam India""; osm=node/7153386768"
Assam,BONGAIGAON - AS19( 24-APR-2017 ),AS-19,BONGAIGAON,26.480013,90.558039,0.7200,nominatim,false,"geocoded query=""BONGAIGAON Assam India""; osm=node/569243331"
Assam,CACHAR - AS11( 05-MAY-2017 ),AS-11,CACHAR,24.75864,92.881665,0.7200,nominatim,false,"geocoded query=""CACHAR Assam India""; osm=relation/2025971"
Assam,CHARAIDEO - AS33( 17-JAN-2020 ),AS-33,CHARAIDEO,27.069686,95.064227,0.6600,nominatim,false,"geocoded query=""CHARAIDEO Assam India""; osm=relation/9521247"
Assam,CHIRANG - AS26( 25-SEP-2017 ),AS-26,CHIRANG,26.646423,90.624157,0.6600,nominatim,false,"geocoded query=""CHIRANG Assam India""; osm=relation/9521711"
Assam,DARRANG - AS13( 04-MAY-2018 ),AS-13,DARRANG,26.437348,92.004715,0.7200,nominatim,false,"geocoded query=""DARRANG Assam India""; osm=relation/1791255"
Assam,DHEMAJI - AS22( 05-OCT-2017 ),AS-22,DHEMAJI,27.594515,94.71921,0.6600,nominatim,false,"geocoded query=""DHEMAJI Assam India""; osm=relation/2026407"
Assam,DHUBRI - AS17( 05-MAY-2017 ),AS-17,DHUBRI,26.132275,90.124996,0.6600,nominatim,false,"geocoded query=""DHUBRI Assam India""; osm=relation/2025887"
Assam,DIBRUGARH - AS6( 16-FEB-2017 ),AS-6,DIBRUGARH,27.48446,94.901945,0.7200,nominatim,false,"geocoded query=""DIBRUGARH Assam India""; osm=node/299448214"
Assam,DIMA HASAO - AS8( 18-APR-2017 ),AS-8,DIMA HASAO,25.400362,93.075229,0.7200,nominatim,false,"geocoded query=""DIMA HASAO Assam India""; osm=relation/2025931"
Assam,GOALPARA - AS18( 09-NOV-2016 ),AS-18,GOALPARA,26.049188,90.600186,0.6600,nominatim,false,"geocoded query=""GOALPARA Assam India""; osm=relation/2025888"
Assam,GOLAGHAT - AS5( 03-MAY-2017 ),AS-5,GOLAGHAT,26.510826,93.974369,0.7200,nominatim,false,"geocoded query=""GOLAGHAT Assam India""; osm=node/245748937"
Assam,HAILAKANDI - AS24( 11-MAR-2019 ),AS-24,HAILAKANDI,24.684692,92.564584,0.6600,nominatim,false,"geocoded query=""HAILAKANDI Assam India""; osm=node/245725264"
Assam,HOJAI - AS31( 09-DEC-2019 ),AS-31,HOJAI,25.96294,92.981829,0.6600,nominatim,false,"geocoded query=""HOJAI Assam India""; osm=relation/16701845"
Assam,JORHAT - AS3( 25-APR-2017 ),AS-3,JORHAT,26.757793,94.207965,0.7200,nominatim,false,"geocoded query=""JORHAT Assam India""; osm=node/2138091867"
Assam,KAMRUP - AS1( 17-NOV-2016 ),AS-1,KAMRUP,26.146886,91.22274,0.6600,nominatim,false,"geocoded query=""KAMRUP Assam India""; osm=relation/1791256"
Assam,KAMRUP(RURAL) - AS25( 24-NOV-2016 ),AS-25,KAMRUP,26.146886,91.22274,0.6600,nominatim,false,"geocoded query=""KAMRUP Assam India""; osm=relation/1791256"
Assam,KARBI ANGLONG - AS9( 09-APR-2019 ),AS-9,KARBI ANGLONG,26.071278,93.455297,0.7200,nominatim,false,"geocoded query=""KARBI ANGLONG Assam India""; osm=relation/2025924"
Assam,KARIMGANJ - AS10( 20-JUL-2017 ),AS-10,KARIMGANJ,24.58282,92.372549,0.6600,nominatim,false,"geocoded query=""KARIMGANJ Assam India""; osm=relation/2026005"
Assam,KOKRAJHAR - AS16( 24-APR-2017 ),AS-16,KOKRAJHAR,26.49121,90.121521,0.6600,nominatim,false,"geocoded query=""KOKRAJHAR Assam India""; osm=relation/1789229"
Assam,LAKHIMPUR - AS7( 05-OCT-2017 ),AS-7,LAKHIMPUR,27.176336,94.199293,0.7200,nominatim,false,"geocoded query=""LAKHIMPUR Assam India""; osm=relation/2026356"
Assam,MAJULI - AS29( 09-JUL-2019 ),AS-29,MAJULI,27.021953,94.327423,0.6600,nominatim,false,"geocoded query=""MAJULI Assam India""; osm=relation/9521299"
Assam,MORIGAON - AS21( 07-APR-2018 ),AS-21,MORIGAON,26.254056,92.36047,0.7600,nominatim,false,"geocoded query=""MORIGAON Assam India""; osm=node/13957634501"
Assam,NAGAON - AS2( 19-APR-2017 ),AS-2,NAGAON,26.331365,92.752476,0.7200,nominatim,false,"geocoded query=""NAGAON Assam India""; osm=relation/2025972"
Assam,NALBARI - AS14( 15-DEC-2016 ),AS-14,NALBARI,26.353363,91.398366,0.6600,nominatim,false,"geocoded query=""NALBARI Assam India""; osm=relation/1791238"
Assam,"NIAIMT,CACHAR - AS200( 21-OCT-2019 )",AS-200,"NIAIMT,CACHAR",24.78213,92.85771,0.6800,geonames,false,"geonames=1275009; matched=""Cachar""; query=""CACHAR""; feature=ADM2"
Assam,"NIAIMT,HAILAKANDI - AS202( 21-OCT-2019 )",AS-202,"NIAIMT,HAILAKANDI",24.68394,92.56097,0.6800,geonames,false,"geonames=1270530; matched=""Hailakandi""; query=""HAILAKANDI""; feature=PPL"
Assam,"NIAIMT,KARIMGANJ - AS201( 21-OCT-2019 )",AS-201,"NIAIMT,KARIMGANJ",24.86919,92.35543,0.6800,geonames,false,"geonames=1267758; matched=""Karimganj""; query=""KARIMGANJ""; feature=PPL"
Assam,SIVASAGAR - AS4( 02-MAY-2017 ),AS-4,SIVASAGAR,26.983494,94.639423,0.7200,nominatim,false,"geocoded query=""SIVASAGAR Assam India""; osm=node/245755348"
Assam,SONITPUR - AS12( 05-JAN-2017 ),AS-12,SONITPUR,26.767771,92.701409,0.7200,nominatim,false,"geocoded query=""SONITPUR Assam India""; osm=relation/2026041"
Assam,SOUTH SALMARA - AS34( 20-DEC-2019 ),AS-34,SOUTH SALMARA,25.905691,89.991806,0.6000,nominatim,false,"geocoded query=""SOUTH SALMARA Assam India""; osm=relation/10041813"
Assam,STATE TRANSPORT AUTHORITY - AS999( 24-SEP-2018 ),AS-999,STATE AUTHORITY,26,93,0.6800,geonames,false,"geonames=1278253; matched=""Assam""; query=""Assam""; feature=ADM1"
Assam,TAMULPUR - AS35( 20-MAR-2026 ),AS-35,TAMULPUR,26.642098,91.62342,0.6600,nominatim,false,"geocoded query=""TAMULPUR Assam India""; osm=relation/16702229"
Assam,TINSUKIA - AS23( 23-FEB-2017 ),AS-23,TINSUKIA,27.487972,95.360186,0.7200,nominatim,false,"geocoded query=""TINSUKIA Assam India""; osm=node/4323994882"
Assam,UDALGURI - AS27( 17-AUG-2017 ),AS-27,UDALGURI,26.704724,92.042151,0.6600,nominatim,false,"geocoded query=""UDALGURI Assam India""; osm=relation/9521466"
Bihar,ARARIA - BR38( 30-JAN-2018 ),BR-38,ARARIA,26.134646,87.465406,0.7200,nominatim,false,"geocoded query=""ARARIA Bihar India""; osm=node/2164588470"
Bihar,ARAWAL - BR56( 22-MAY-2017 ),BR-56,ARAWAL,25.20084,85.52389,0.6200,geonames,false,"geonames=1275716; matched=""Bihar Sharif""; query=""Bihar""; feature=PPL"
Bihar,AURANGABAD - BR26( 13-JUN-2017 ),BR-26,AURANGABAD,24.80332,84.41102,0.7200,nominatim,false,"geocoded query=""AURANGABAD Bihar India""; osm=relation/1963166"
Bihar,BANKA - BR51( 06-FEB-2018 ),BR-51,BANKA,24.832827,86.816111,0.7200,nominatim,false,"geocoded query=""BANKA Bihar India""; osm=relation/1972075"
Bihar,BEGUSARAI - BR9( 23-JAN-2018 ),BR-9,BEGUSARAI,25.512541,86.088339,0.7200,nominatim,false,"geocoded query=""BEGUSARAI Bihar India""; osm=relation/1963174"
Bihar,BETTIAH - BR22( 22-SEP-2017 ),BR-22,BETTIAH,26.8023,84.5074,0.6600,nominatim,false,"geocoded query=""BETTIAH Bihar India""; osm=node/245753200"
Bihar,BHABHUA - BR45( 23-JAN-2018 ),BR-45,BHABHUA,25.20084,85.52389,0.6200,geonames,false,"geonames=1275716; matched=""Bihar Sharif""; query=""Bihar""; feature=PPL"
Bihar,BHAGALPUR - BR10( 07-FEB-2018 ),BR-10,BHAGALPUR,25.286135,87.130423,0.7200,nominatim,false,"geocoded query=""BHAGALPUR Bihar India""; osm=relation/1960212"
Bihar,BHAGALPUR RTA - BR103( 13-DEC-2018 ),BR-103,BHAGALPUR RTA,25.286135,87.130423,0.7200,nominatim,false,"geocoded query=""BHAGALPUR Bihar India""; osm=relation/1960212"
Bihar,BHOJPUR - BR3( 15-FEB-2018 ),BR-3,BHOJPUR,25.450118,84.563519,0.6600,nominatim,false,"geocoded query=""BHOJPUR Bihar India""; osm=relation/1960294"
Bihar,BUXUR - BR44( 01-FEB-2018 ),BR-44,BUXUR,25.20084,85.52389,0.6200,geonames,false,"geonames=1275716; matched=""Bihar Sharif""; query=""Bihar""; feature=PPL"
Bihar,CHAPARA - BR4( 29-JAN-2018 ),BR-4,CHAPARA,26.172971,85.33065,0.6000,nominatim,false,"geocoded query=""CHAPARA Bihar India""; osm=node/5977591387"
Bihar,CHAPRA RTA - BR109( 13-DEC-2018 ),BR-109,CHAPRA RTA,25.773344,84.784977,0.6000,nominatim,false,"geocoded query=""CHAPRA Bihar India""; osm=relation/10257923"
Bihar,DARBHANGA - BR7( 30-JAN-2018 ),BR-7,DARBHANGA,26.08299,86.032495,0.7200,nominatim,false,"geocoded query=""DARBHANGA Bihar India""; osm=relation/1568263"
Bihar,DARBHANGA RTA - BR102( 13-DEC-2018 ),BR-102,DARBHANGA RTA,26.08299,86.032495,0.7200,nominatim,false,"geocoded query=""DARBHANGA Bihar India""; osm=relation/1568263"
Bihar,GAYA - BR2( 06-SEP-2017 ),BR-2,GAYA,24.796436,85.007956,0.7200,nominatim,false,"geocoded query=""GAYA Bihar India""; osm=node/245726282"
Bihar,GAYA RTA - BR107( 13-DEC-2018 ),BR-107,GAYA RTA,24.796436,85.007956,0.7200,nominatim,false,"geocoded query=""GAYA Bihar India""; osm=node/245726282"
Bihar,GOPALGANJ - BR28( 08-JUN-2017 ),BR-28,GOPALGANJ,26.421117,84.373913,0.7200,nominatim,false,"geocoded query=""GOPALGANJ Bihar India""; osm=relation/1960158"
Bihar,JAMUI - BR46( 07-JUN-2017 ),BR-46,JAMUI,24.756251,86.301113,0.7200,nominatim,false,"geocoded query=""JAMUI Bihar India""; osm=relation/1963183"
Bihar,JEHANABAD - BR25( 26-MAY-2017 ),BR-25,JEHANABAD,25.152958,85.006504,0.7200,nominatim,false,"geocoded query=""JEHANABAD Bihar India""; osm=relation/1963165"
Bihar,KATIHAR - BR39( 23-JAN-2018 ),BR-39,KATIHAR,25.558642,87.64572,0.7200,nominatim,false,"geocoded query=""KATIHAR Bihar India""; osm=relation/1791527"
Bihar,KHAGARIA - BR34( 01-FEB-2018 ),BR-34,KHAGARIA,25.493051,86.698226,0.7200,nominatim,false,"geocoded query=""KHAGARIA Bihar India""; osm=relation/1960223"
Bihar,KISHANGANJ - BR37( 07-FEB-2018 ),BR-37,KISHANGANJ,26.298414,87.946671,0.7200,nominatim,false,"geocoded query=""KISHANGANJ Bihar India""; osm=relation/1790780"
Bihar,LAKHISARAI - BR53( 27-JAN-2017 ),BR-53,LAKHISARAI,25.154394,86.174496,0.7200,nominatim,false,"geocoded query=""LAKHISARAI Bihar India""; osm=relation/1963178"
Bihar,"M/S MURARI AUTO,Patna - BR201( 19-DEC-2019 )",BR-201,"M/S MURARI AUTO,Patna",25.59408,85.13563,0.6200,geonames,false,"geonames=1260086; matched=""Patna""; query=""Patna""; feature=PPLA"
Bihar,MADHEPURA - BR43( 02-JUN-2017 ),BR-43,MADHEPURA,25.780612,86.936475,0.7200,nominatim,false,"geocoded query=""MADHEPURA Bihar India""; osm=relation/1960214"
Bihar,MADHUBANI - BR32( 01-FEB-2018 ),BR-32,MADHUBANI,26.350308,86.229642,0.7200,nominatim,false,"geocoded query=""MADHUBANI Bihar India""; osm=relation/1568261"
Bihar,MOTIHARI - BR5( 05-JUL-2017 ),BR-5,MOTIHARI,26.650689,84.911465,0.6600,nominatim,false,"geocoded query=""MOTIHARI Bihar India""; osm=way/22826540"
Bihar,MUNGER - BR8( 06-FEB-2018 ),BR-8,MUNGER,25.220286,86.516148,0.7200,nominatim,false,"geocoded query=""MUNGER Bihar India""; osm=relation/1960237"
Bihar,MUNGER RTA - BR104( 13-DEC-2018 ),BR-104,MUNGER RTA,25.220286,86.516148,0.7200,nominatim,false,"geocoded query=""MUNGER Bihar India""; osm=relation/1960237"
Bihar,MUZAFFARPUR - BR6( 01-FEB-2018 ),BR-6,MUZAFFARPUR,26.148255,85.33161,0.7200,nominatim,false,"geocoded query=""MUZAFFARPUR Bihar India""; osm=relation/1960284"
Bihar,MUZAFFARPUR RTA - BR106( 13-DEC-2018 ),BR-106,MUZAFFARPUR RTA,26.148255,85.33161,0.7200,nominatim,false,"geocoded query=""MUZAFFARPUR Bihar India""; osm=relation/1960284"
Bihar,NALANDA - BR21( 01-FEB-2018 ),BR-21,NALANDA,25.136491,85.443655,0.7200,nominatim,false,"geocoded query=""NALANDA Bihar India""; osm=way/217765474"
Bihar,NAWADA - BR27( 30-JAN-2018 ),BR-27,NAWADA,24.817325,85.517909,0.7200,nominatim,false,"geocoded query=""NAWADA Bihar India""; osm=relation/1963176"
Bihar,PATNA - BR1( 02-FEB-2018 ),BR-1,PATNA,25.609324,85.123525,0.7200,nominatim,false,"geocoded query=""PATNA Bihar India""; osm=way/383774533"
Bihar,PATNA RTA - BR101( 13-DEC-2018 ),BR-101,PATNA RTA,25.609324,85.123525,0.7200,nominatim,false,"geocoded query=""PATNA Bihar India""; osm=way/383774533"
Bihar,PURNEA - BR11( 23-JAN-2018 ),BR-11,PURNEA,25.77736,87.473123,0.7200,nominatim,false,"geocoded query=""PURNEA Bihar India""; osm=node/245738523"
Bihar,PURNEA RTA - BR108( 13-DEC-2018 ),BR-108,PURNEA RTA,25.77736,87.473123,0.7200,nominatim,false,"geocoded query=""PURNEA Bihar India""; osm=node/245738523"
Bihar,ROHTAS - BR24( 09-FEB-2018 ),BR-24,ROHTAS,24.939414,84.019703,0.7200,nominatim,false,"geocoded query=""ROHTAS Bihar India""; osm=relation/1963164"
Bihar,SAHARSA - BR19( 29-JAN-2018 ),BR-19,SAHARSA,25.833076,86.614375,0.7200,nominatim,false,"geocoded query=""SAHARSA Bihar India""; osm=relation/1568262"
Bihar,SAHARSA RTA - BR105( 13-DEC-2018 ),BR-105,SAHARSA RTA,25.833076,86.614375,0.7200,nominatim,false,"geocoded query=""SAHARSA Bihar India""; osm=relation/1568262"
Bihar,SAMASTIPUR - BR33( 06-JUL-2017 ),BR-33,SAMASTIPUR,25.774788,85.867231,0.7200,nominatim,false,"geocoded query=""SAMASTIPUR Bihar India""; osm=relation/1960291"
Bihar,SHEIKHPURA - BR52( 17-JUL-2017 ),BR-52,SHEIKHPURA,25.125074,85.816077,0.7200,nominatim,false,"geocoded query=""SHEIKHPURA Bihar India""; osm=relation/1963177"
Bihar,SHEOHAR - BR55( 07-JUN-2017 ),BR-55,SHEOHAR,26.493423,85.271756,0.7200,nominatim,false,"geocoded query=""SHEOHAR Bihar India""; osm=relation/1960150"
Bihar,SITAMARHI - BR30( 29-JAN-2018 ),BR-30,SITAMARHI,26.594284,85.500428,0.7200,nominatim,false,"geocoded query=""SITAMARHI Bihar India""; osm=node/245750329"
Bihar,SIWAN - BR29( 29-JAN-2018 ),BR-29,SIWAN,26.131008,84.391075,0.7200,nominatim,false,"geocoded query=""SIWAN Bihar India""; osm=relation/1960265"
Bihar,STA BIHAR - BR999( 20-NOV-2019 ),BR-999,STA BIHAR,25.16729,85.55024,0.6000,nominatim,false,"geocoded query=""BIHAR Bihar India""; osm=relation/10279546"
Bihar,SUPAUL - BR50( 29-JAN-2018 ),BR-50,SUPAUL,26.276809,86.795961,0.7200,nominatim,false,"geocoded query=""SUPAUL Bihar India""; osm=relation/1568264"
Bihar,VAISHALI - BR31( 13-FEB-2018 ),BR-31,VAISHALI,25.74917,85.397216,0.7200,nominatim,false,"geocoded query=""VAISHALI Bihar India""; osm=relation/1960289"
Chandigarh,CHANDIGARH UT (RLA AND STA) - CH1( 08-JAN-2018 ),CH-1,CHANDIGARH UT,30.73629,76.7884,0.6200,geonames,false,"geonames=1274746; matched=""Chandigarh""; query=""CHANDIGARH""; feature=PPLA"
Chhattisgarh,AIG(F/P) PHQ - CG3( 22-APR-2025 ),CG-3,AIG PHQ,21.5,82,0.6200,geonames,false,"geonames=1444364; matched=""State of Chhattisgarh""; query=""Chhattisgarh""; feature=ADM1"
Chhattisgarh,Ambikapur RTO - CG15( 27-DEC-2018 ),CG-15,Ambikapur,23.122634,83.198189,0.6600,nominatim,false,"geocoded query=""Ambikapur Chhattisgarh India""; osm=way/310728392"
Chhattisgarh,BAIKUNTHPUR DTO - CG16( 20-DEC-2018 ),CG-16,BAIKUNTHPUR,23.264873,82.559999,0.6000,nominatim,false,"geocoded query=""BAIKUNTHPUR Chhattisgarh India""; osm=node/2239293440"
Chhattisgarh,Balod DTO - CG24( 04-SEP-2018 ),CG-24,Balod,20.727719,81.144695,0.7200,nominatim,false,"geocoded query=""Balod Chhattisgarh India""; osm=relation/9523297"
Chhattisgarh,Baloda Bazar DTO - CG22( 20-SEP-2018 ),CG-22,Baloda Bazar,21.573185,82.299482,0.7200,nominatim,false,"geocoded query=""Baloda Bazar Chhattisgarh India""; osm=relation/9523380"
Chhattisgarh,Balrampur DTO - CG30( 21-DEC-2018 ),CG-30,Balrampur,23.628258,83.481092,0.7200,nominatim,false,"geocoded query=""Balrampur Chhattisgarh India""; osm=relation/9523467"
Chhattisgarh,Bemetara DTO - CG25( 20-SEP-2018 ),CG-25,Bemetara,21.678387,81.441258,0.7200,nominatim,false,"geocoded query=""Bemetara Chhattisgarh India""; osm=relation/9524220"
Chhattisgarh,Bijapur DTO - CG20( 07-AUG-2018 ),CG-20,Bijapur,18.793568,80.815939,0.7200,nominatim,false,"geocoded query=""Bijapur Chhattisgarh India""; osm=relation/9524142"
Chhattisgarh,Bilaspur RTO - CG10( 29-AUG-2018 ),CG-10,Bilaspur,22.163849,82.136592,0.7200,nominatim,false,"geocoded query=""Bilaspur Chhattisgarh India""; osm=relation/1972176"
Chhattisgarh,DURG RTO - CG7( 01-OCT-2018 ),CG-7,DURG,21.198296,81.400792,0.7200,nominatim,false,"geocoded query=""DURG Chhattisgarh India""; osm=relation/1972688"
Chhattisgarh,Dantewada DTO - CG18( 27-AUG-2018 ),CG-18,Dantewada,18.864065,81.383395,0.7200,nominatim,false,"geocoded query=""Dantewada Chhattisgarh India""; osm=relation/1972718"
Chhattisgarh,Dhamtari DTO - CG5( 31-AUG-2018 ),CG-5,Dhamtari,20.532626,81.715599,0.7200,nominatim,false,"geocoded query=""Dhamtari Chhattisgarh India""; osm=relation/1972719"
Chhattisgarh,Gariyaband DTO - CG23( 04-SEP-2018 ),CG-23,Gariyaband,20.526756,82.191722,0.6000,nominatim,false,"geocoded query=""Gariyaband Chhattisgarh India""; osm=relation/9903154"
Chhattisgarh,Gaurela-Pendra-Marwahi DTO - CG31( 09-APR-2021 ),CG-31,Gaurela Pendra Marwahi,22.831319,81.958966,0.6600,nominatim,false,"geocoded query=""Gaurela Pendra Marwahi Chhattisgarh India""; osm=relation/10330099"
Chhattisgarh,JAGDALPUR RTO - CG17( 01-OCT-2018 ),CG-17,JAGDALPUR,19.087076,82.023572,0.6600,nominatim,false,"geocoded query=""JAGDALPUR Chhattisgarh India""; osm=node/571101442"
Chhattisgarh,Janjgir Champa DTO - CG11( 27-AUG-2018 ),CG-11,Janjgir Champa,21.986403,82.553661,0.7200,nominatim,false,"geocoded query=""Janjgir Champa Chhattisgarh India""; osm=relation/9524254"
Chhattisgarh,Jashpur DTO - CG14( 21-DEC-2018 ),CG-14,Jashpur,22.770251,83.970801,0.7200,nominatim,false,"geocoded query=""Jashpur Chhattisgarh India""; osm=relation/1972132"
Chhattisgarh,KANKER DTO - CG19( 22-SEP-2018 ),CG-19,KANKER,20.269275,81.493211,0.6000,nominatim,false,"geocoded query=""KANKER Chhattisgarh India""; osm=node/2270316597"
Chhattisgarh,KAWARDHA DTO - CG9( 20-SEP-2018 ),CG-9,KAWARDHA,22.005925,81.233205,0.6000,nominatim,false,"geocoded query=""KAWARDHA Chhattisgarh India""; osm=node/245702016"
Chhattisgarh,KONDAGAON DTO - CG27( 22-SEP-2018 ),CG-27,KONDAGAON,19.588577,81.662874,0.7200,nominatim,false,"geocoded query=""KONDAGAON Chhattisgarh India""; osm=relation/9526430"
Chhattisgarh,Korba DTO - CG12( 25-AUG-2018 ),CG-12,Korba,22.519822,82.635003,0.7200,nominatim,false,"geocoded query=""Korba Chhattisgarh India""; osm=relation/1972670"
Chhattisgarh,Mahasamund DTO - CG6( 27-MAR-2018 ),CG-6,Mahasamund,21.192285,82.489026,0.7200,nominatim,false,"geocoded query=""Mahasamund Chhattisgarh India""; osm=relation/1972681"
Chhattisgarh,Mungeli DTO - CG28( 27-JUL-2018 ),CG-28,Mungeli,22.06611,81.687428,0.7200,nominatim,false,"geocoded query=""Mungeli Chhattisgarh India""; osm=relation/9526513"
Chhattisgarh,Narayanpur DTO - CG21( 07-AUG-2018 ),CG-21,Narayanpur,19.584203,81.113699,0.7200,nominatim,false,"geocoded query=""Narayanpur Chhattisgarh India""; osm=relation/9526431"
Chhattisgarh,RTA TC NAWA RAIPUR - CG998( 06-JUL-2020 ),CG-998,RTA TC NAWA RAIPUR,21.23333,81.63333,0.6200,geonames,false,"geonames=1258980; matched=""Raipur""; query=""RAIPUR""; feature=PPLA"
Chhattisgarh,Raigarh DTO - CG13( 27-AUG-2018 ),CG-13,Raigarh,22.236179,83.352953,0.7200,nominatim,false,"geocoded query=""Raigarh Chhattisgarh India""; osm=relation/1972671"
Chhattisgarh,Raipur RTO - CG4( 28-SEP-2018 ),CG-4,Raipur,21.238091,81.633699,0.7200,nominatim,false,"geocoded query=""Raipur Chhattisgarh India""; osm=node/5308437250"
Chhattisgarh,Rajnandgaon ARTO - CG8( 30-AUG-2018 ),CG-8,Rajnandgaon,21.068442,80.797078,0.7200,nominatim,false,"geocoded query=""Rajnandgaon Chhattisgarh India""; osm=relation/1972694"
Chhattisgarh,State Transport Authority - CG99( 01-JAN-2019 ),CG-99,State Authority,21.5,82,0.6800,geonames,false,"geonames=1444364; matched=""State of Chhattisgarh""; query=""Chhattisgarh""; feature=ADM1"
Chhattisgarh,Sukma DTO - CG26( 04-SEP-2018 ),CG-26,Sukma,18.266542,81.292523,0.7200,nominatim,false,"geocoded query=""Sukma Chhattisgarh India""; osm=relation/9524016"
Chhattisgarh,Surajpur DTO - CG29( 20-DEC-2018 ),CG-29,Surajpur,23.357777,82.976128,0.7200,nominatim,false,"geocoded query=""Surajpur Chhattisgarh India""; osm=relation/9523796"
Delhi,AUTO UNIT HQ - DL53( 08-APR-2016 ),DL-53,AUTO UNIT HQ,28.65195,77.23149,0.6200,geonames,false,"geonames=1273294; matched=""Delhi""; query=""Delhi""; feature=PPLA"
Delhi,CENTRAL (RAJA GARDEN) - DL10( 12-AUG-2015 ),DL-10,CENTRAL,28.699009,77.231463,0.7200,nominatim,false,"geocoded query=""CENTRAL Delhi India""; osm=relation/1942443"
Delhi,CENTRAL NORTH (WAZIRPUR) - DL8( 17-SEP-2015 ),DL-8,CENTRAL NORTH,28.689919,77.215148,0.6000,nominatim,false,"geocoded query=""CENTRAL NORTH Delhi India""; osm=node/12722464579"
Delhi,EAST (MAYUR VIHAR) - DL7( 29-JUN-2015 ),DL-7,EAST,28.611743,77.298279,0.7200,nominatim,false,"geocoded query=""EAST Delhi India""; osm=relation/1942588"
Delhi,JHULJHULI FITNESS CENTER - DL207( 19-JUN-2017 ),DL-207,JHULJHULI FITNESS CENTER,28.536942,76.902305,0.6000,nominatim,false,"geocoded query=""JHULJHULI Delhi India""; osm=relation/3555828"
Delhi,KAIR CLUSTER BUS FITNESS CENTER - DL205( 18-JAN-2017 ),DL-205,KAIR CLUSTER BUS FITNESS CENTER,28.624599,76.917841,0.6000,nominatim,false,"geocoded query=""KAIR Delhi India""; osm=relation/3550382"
Delhi,KUSHAKNALA CLUSTER BUS FITNESS CENTER - DL206( 18-JAN-2017 ),DL-206,KUSHAKNALA CLUSTER BUS FITNESS CENTER,28.65195,77.23149,0.6200,geonames,false,"geonames=1273294; matched=""Delhi""; query=""Delhi""; feature=PPLA"
Delhi,LADO SARAI FITNESS CENTER - DL201( 18-JAN-2017 ),DL-201,LADO SARAI FITNESS CENTER,28.525435,77.192066,0.6000,nominatim,false,"geocoded query=""LADO SARAI Delhi India""; osm=node/5975711576"
Delhi,NEW DELHI (JAM NAGAR HOUSE) - DL2( 01-JUN-2015 ),DL-2,NEW DELHI,28.613895,77.209006,0.7200,nominatim,false,"geocoded query=""NEW DELHI Delhi India""; osm=relation/2763541"
Delhi,NORTH (BURARI) - DL12( 01-JUN-2015 ),DL-12,NORTH,28.787228,77.09809,0.7200,nominatim,false,"geocoded query=""NORTH Delhi India""; osm=relation/1942605"
Delhi,NORTH EAST (LONI) - DL5( 09-SEP-2015 ),DL-5,NORTH EAST,28.723308,77.266857,0.7200,nominatim,false,"geocoded query=""NORTH EAST Delhi India""; osm=relation/1942602"
Delhi,NORTH WEST (ROHINI-II) - DL13( 26-JUN-2015 ),DL-13,NORTH WEST,28.737914,77.010063,0.7200,nominatim,false,"geocoded query=""NORTH WEST Delhi India""; osm=relation/1942609"
Delhi,OLD DELHI (MALL ROAD) - DL1( 12-OCT-2015 ),DL-1,OLD DELHI,28.659055,77.227589,0.6000,nominatim,false,"geocoded query=""OLD DELHI Delhi India""; osm=node/4083488821"
Delhi,OUTER NORTH (ROHINI-I) - DL11( 14-AUG-2015 ),DL-11,OUTER NORTH,28.831516,77.006801,0.6000,nominatim,false,"geocoded query=""OUTER NORTH Delhi India""; osm=way/423113401"
Delhi,RAJA GARDEN FITNESS CENTER - DL204( 18-JAN-2017 ),DL-204,RAJA GARDEN FITNESS CENTER,28.652182,77.126306,0.6000,nominatim,false,"geocoded query=""RAJA GARDEN Delhi India""; osm=relation/3682214"
Delhi,RAJPUR ROAD/VIU BURARI - DL51( 08-APR-2016 ),DL-51,RAJPUR ROAD/VIU BURARI,28.65195,77.23149,0.6200,geonames,false,"geonames=1273294; matched=""Delhi""; query=""Delhi""; feature=PPLA"
Delhi,SHAKUR BASTI FITNESS CENTER - DL202( 18-JAN-2017 ),DL-202,SHAKUR BASTI FITNESS CENTER,28.65195,77.23149,0.6200,geonames,false,"geonames=1273294; matched=""Delhi""; query=""Delhi""; feature=PPLA"
Delhi,SOUTH (LADO SARAI) - DL3( 15-SEP-2015 ),DL-3,SOUTH,28.485169,77.196365,0.7200,nominatim,false,"geocoded query=""SOUTH Delhi India""; osm=relation/1942663"
Delhi,SOUTH EAST (SARAI KALE KHAN) - DL6( 10-SEP-2015 ),DL-6,SOUTH EAST,28.544895,77.272328,0.6600,nominatim,false,"geocoded query=""SOUTH EAST Delhi India""; osm=relation/3588253"
Delhi,SOUTH WEST (DWARKA) - DL9( 28-JUL-2015 ),DL-9,SOUTH WEST,28.586448,76.979153,0.7200,nominatim,false,"geocoded query=""SOUTH WEST Delhi India""; osm=relation/1942625"
Delhi,TAXI UNIT HQ - DL52( 08-APR-2016 ),DL-52,TAXI UNIT HQ,28.65195,77.23149,0.6200,geonames,false,"geonames=1273294; matched=""Delhi""; query=""Delhi""; feature=PPLA"
Delhi,VISHWAS NAGAR FITNESS CENTER - DL203( 18-JAN-2017 ),DL-203,VISHWAS NAGAR FITNESS CENTER,28.66447,77.291741,0.6000,nominatim,false,"geocoded query=""VISHWAS NAGAR Delhi India""; osm=relation/3812871"
Delhi,WEST (HARI NAGAR) - DL4( 24-JUL-2015 ),DL-4,WEST,28.654546,77.081056,0.7200,nominatim,false,"geocoded query=""WEST Delhi India""; osm=relation/1942620"
Goa,ASSISTANT DIRECTOR OF TRANSPORT ENF. (NORTH) PANAJI - GA107( 25-JAN-2021 ),GA-107,ASSISTANT DIRECTOR OF ENF. PANAJI,15.49574,73.82624,0.6200,geonames,false,"geonames=1260607; matched=""Panjim""; query=""PANAJI""; feature=PPLA"
Goa,ASSISTANT DIRECTOR OF TRANSPORT ENF. (SOUTH) MARGAO - GA108( 08-MAR-2021 ),GA-108,ASSISTANT DIRECTOR OF ENF. MARGAO,15.38914,73.81491,0.6200,geonames,false,"geonames=1263494; matched=""Mormugao""; query=""Goa""; feature=PPL"
Goa,BICHOLIM RTO - GA4( 04-SEP-2017 ),GA-4,BICHOLIM,15.55577,73.977291,0.6000,nominatim,false,"geocoded query=""BICHOLIM Goa India""; osm=relation/10090778"
Goa,CANACONA RTO - GA10( 04-OCT-2017 ),GA-10,CANACONA,15.006907,74.057064,0.6600,nominatim,false,"geocoded query=""CANACONA Goa India""; osm=node/3253815062"
Goa,DHARBANDORA RTO - GA12( 18-SEP-2017 ),GA-12,DHARBANDORA,15.388351,74.18372,0.6000,nominatim,false,"geocoded query=""DHARBANDORA Goa India""; osm=relation/10090770"
Goa,MAPUSA RTO - GA3( 18-SEP-2017 ),GA-3,MAPUSA,15.590853,73.810215,0.6600,nominatim,false,"geocoded query=""MAPUSA Goa India""; osm=node/355795365"
Goa,MARGAO RTO - GA8( 04-OCT-2017 ),GA-8,MARGAO,15.272923,73.958316,0.7200,nominatim,false,"geocoded query=""MARGAO Goa India""; osm=node/2548066557"
Goa,PANAJI RTO - GA7( 03-JUL-2017 ),GA-7,PANAJI,15.498995,73.828214,0.7200,nominatim,false,"geocoded query=""PANAJI Goa India""; osm=node/1687216929"
Goa,PERNEM RTO - GA11( 04-SEP-2017 ),GA-11,PERNEM,15.708996,73.81676,0.6600,nominatim,false,"geocoded query=""PERNEM Goa India""; osm=node/2093284065"
Goa,PONDA RTO - GA5( 11-SEP-2017 ),GA-5,PONDA,15.403552,74.010168,0.6600,nominatim,false,"geocoded query=""PONDA Goa India""; osm=relation/10090769"
Goa,QUEPEM RTO - GA9( 18-SEP-2017 ),GA-9,QUEPEM,15.214254,74.070779,0.6600,nominatim,false,"geocoded query=""QUEPEM Goa India""; osm=node/1887929310"
Goa,"STATE TRANSPORT AUTHORITY, GOA - GA999( 01-JUN-2021 )",GA-999,"STATE AUTHORITY, GOA",15.498995,73.828214,0.7200,nominatim,false,"geocoded query=""GOA Goa India""; osm=node/1687216929"
Goa,VASCO RTO - GA6( 11-SEP-2017 ),GA-6,VASCO,15.398416,73.812883,0.6600,nominatim,false,"geocoded query=""VASCO Goa India""; osm=node/1063577355"
Gujarat,AAHWA - GJ30( 17-MAR-2017 ),GJ-30,AAHWA,23.238507,69.683597,0.7600,nominatim,false,"geocoded query=""GJ-30 RTO Gujarat India""; osm=way/768640621"
Gujarat,AHMEDABAD - GJ1( 22-MAY-2017 ),GJ-1,AHMEDABAD,23.021537,72.580057,0.7200,nominatim,false,"geocoded query=""AHMEDABAD Gujarat India""; osm=node/245711197"
Gujarat,AHMEDABAD EAST - GJ27( 16-MAY-2017 ),GJ-27,AHMEDABAD EAST,22.994715,72.611983,0.6000,nominatim,false,"geocoded query=""AHMEDABAD EAST Gujarat India""; osm=node/6971973795"
Gujarat,AMRELI - GJ14( 16-MAY-2017 ),GJ-14,AMRELI,21.417612,71.249609,0.7200,nominatim,false,"geocoded query=""AMRELI Gujarat India""; osm=relation/8269655"
Gujarat,ANAND - GJ23( 21-FEB-2017 ),GJ-23,ANAND,22.473986,72.736178,0.7200,nominatim,false,"geocoded query=""ANAND Gujarat India""; osm=relation/1953588"
Gujarat,"Ahmedabad (Rural), Bawla ARTO - GJ38( 29-APR-2017 )",GJ-38,"Ahmedabad , Bawla",23.068527,72.581733,0.7600,nominatim,false,"geocoded query=""GJ-38 RTO Gujarat India""; osm=node/3339557590"
Gujarat,BANASKANTHA - GJ8( 09-MAY-2017 ),GJ-8,BANASKANTHA,24.269387,72.536751,0.7200,nominatim,false,"geocoded query=""BANASKANTHA Gujarat India""; osm=relation/8271163"
Gujarat,BARDOLI - GJ19( 25-APR-2017 ),GJ-19,BARDOLI,21.133829,73.10539,0.6600,nominatim,false,"geocoded query=""BARDOLI Gujarat India""; osm=node/391345820"
Gujarat,BHARUCH - GJ16( 09-MAY-2017 ),GJ-16,BHARUCH,21.708043,72.995694,0.7200,nominatim,false,"geocoded query=""BHARUCH Gujarat India""; osm=way/22826303"
Gujarat,BHAVNAGAR - GJ4( 16-MAY-2017 ),GJ-4,BHAVNAGAR,21.771884,72.141645,0.7200,nominatim,false,"geocoded query=""BHAVNAGAR Gujarat India""; osm=node/245699360"
Gujarat,BOTAD - GJ33( 21-MAR-2017 ),GJ-33,BOTAD,22.04671,71.668962,0.6600,nominatim,false,"geocoded query=""BOTAD Gujarat India""; osm=relation/8269654"
Gujarat,CHHOTAUDAIPUR - GJ34( 17-MAR-2017 ),GJ-34,CHHOTAUDAIPUR,23,71.75,0.6200,geonames,false,"geonames=1270770; matched=""State of Gujarat""; query=""Gujarat""; feature=ADM1"
Gujarat,DAHOD - GJ20( 09-MAY-2017 ),GJ-20,DAHOD,22.91941,74.134272,0.6600,nominatim,false,"geocoded query=""DAHOD Gujarat India""; osm=relation/1950885"
Gujarat,GANDHINAGAR - GJ18( 21-MAR-2017 ),GJ-18,GANDHINAGAR,23.223288,72.649227,0.7200,nominatim,false,"geocoded query=""GANDHINAGAR Gujarat India""; osm=way/1104668864"
Gujarat,JAMNAGAR - GJ10( 25-APR-2017 ),GJ-10,JAMNAGAR,22.473242,70.05521,0.7200,nominatim,false,"geocoded query=""JAMNAGAR Gujarat India""; osm=node/2337842536"
Gujarat,JUNAGADH - GJ11( 25-APR-2017 ),GJ-11,JUNAGADH,21.522042,70.458246,0.7200,nominatim,false,"geocoded query=""JUNAGADH Gujarat India""; osm=way/22826295"
Gujarat,KACHCHH - GJ12( 24-JUL-2017 ),GJ-12,KACHCHH,23.583333,70,0.7200,nominatim,false,"geocoded query=""KACHCHH Gujarat India""; osm=relation/8269590"
Gujarat,KACHCHH EAST - GJ39( 12-SEP-2022 ),GJ-39,KACHCHH EAST,23.002891,69.985147,0.6000,nominatim,false,"geocoded query=""KACHCHH EAST Gujarat India""; osm=way/731144625"
Gujarat,KHAMBHALIYA - GJ37( 25-APR-2017 ),GJ-37,KHAMBHALIYA,22.217609,69.657894,0.6600,nominatim,false,"geocoded query=""KHAMBHALIYA Gujarat India""; osm=node/4310594752"
Gujarat,KHEDA - GJ7( 17-MAR-2017 ),GJ-7,KHEDA,22.85325,72.995359,0.7200,nominatim,false,"geocoded query=""KHEDA Gujarat India""; osm=relation/1950887"
Gujarat,LUNAVADA - GJ35( 25-APR-2017 ),GJ-35,LUNAVADA,23.129067,73.611114,0.6600,nominatim,false,"geocoded query=""LUNAVADA Gujarat India""; osm=node/245711729"
Gujarat,MEHSANA - GJ2( 21-MAR-2017 ),GJ-2,MEHSANA,23.601263,72.374152,0.6600,nominatim,false,"geocoded query=""MEHSANA Gujarat India""; osm=way/115710999"
Gujarat,MODASA - GJ31( 17-MAR-2017 ),GJ-31,MODASA,23.463424,73.299063,0.6600,nominatim,false,"geocoded query=""MODASA Gujarat India""; osm=node/5814187835"
Gujarat,MORBI - GJ36( 25-APR-2017 ),GJ-36,MORBI,22.800396,70.886232,0.6600,nominatim,false,"geocoded query=""MORBI Gujarat India""; osm=relation/8269589"
Gujarat,NARMADA - GJ22( 25-APR-2017 ),GJ-22,NARMADA,21.739262,73.626246,0.6600,nominatim,false,"geocoded query=""NARMADA Gujarat India""; osm=relation/1952513"
Gujarat,NAVSARI - GJ21( 25-APR-2017 ),GJ-21,NAVSARI,20.952407,72.932383,0.7200,nominatim,false,"geocoded query=""NAVSARI Gujarat India""; osm=node/245692062"
Gujarat,PANCHMAHAL - GJ17( 16-MAY-2017 ),GJ-17,PANCHMAHAL,22.69781,73.598068,0.7200,nominatim,false,"geocoded query=""PANCHMAHAL Gujarat India""; osm=relation/1950888"
Gujarat,PATAN - GJ24( 21-MAR-2017 ),GJ-24,PATAN,23.773753,71.679858,0.7200,nominatim,false,"geocoded query=""PATAN Gujarat India""; osm=relation/1950801"
Gujarat,PORBANDAR - GJ25( 25-APR-2017 ),GJ-25,PORBANDAR,21.602975,69.853807,0.6600,nominatim,false,"geocoded query=""PORBANDAR Gujarat India""; osm=relation/8259846"
Gujarat,RAJKOT - GJ3( 13-JUL-2017 ),GJ-3,RAJKOT,22.305326,70.802838,0.7200,nominatim,false,"geocoded query=""RAJKOT Gujarat India""; osm=node/1393852189"
Gujarat,SABARKANTHA - GJ9( 09-MAY-2017 ),GJ-9,SABARKANTHA,23.868851,73.013784,0.7200,nominatim,false,"geocoded query=""SABARKANTHA Gujarat India""; osm=relation/1950802"
Gujarat,SURAT - GJ5( 24-JUL-2017 ),GJ-5,SURAT,21.209489,72.831706,0.7200,nominatim,false,"geocoded query=""SURAT Gujarat India""; osm=node/10029899747"
Gujarat,SURENDRANAGAR - GJ13( 16-MAY-2017 ),GJ-13,SURENDRANAGAR,22.825139,71.620974,0.6600,nominatim,false,"geocoded query=""SURENDRANAGAR Gujarat India""; osm=relation/1953043"
Gujarat,TAPI - GJ26( 25-APR-2017 ),GJ-26,TAPI,21.191657,73.556063,0.6600,nominatim,false,"geocoded query=""TAPI Gujarat India""; osm=relation/8269768"
Gujarat,VADODARA - GJ6( 13-JUL-2017 ),GJ-6,VADODARA,22.297314,73.194257,0.7200,nominatim,false,"geocoded query=""VADODARA Gujarat India""; osm=node/2022807192"
Gujarat,VALSAD - GJ15( 09-MAY-2017 ),GJ-15,VALSAD,20.432196,73.140989,0.7200,nominatim,false,"geocoded query=""VALSAD Gujarat India""; osm=relation/1952532"
Gujarat,VERAVAL - GJ32( 21-MAR-2017 ),GJ-32,VERAVAL,20.91011,70.365279,0.6600,nominatim,false,"geocoded query=""VERAVAL Gujarat India""; osm=node/245691743"
Haryana,AMBALA CITY - HR1( 27-APR-2017 ),HR-1,AMBALA CITY,30.378075,76.764645,0.6600,nominatim,false,"geocoded query=""AMBALA CITY Haryana India""; osm=node/1880739921"
Haryana,ASSANDH - HR40( 16-JUN-2017 ),HR-40,ASSANDH,29.567539,76.64461,0.6000,nominatim,false,"geocoded query=""ASSANDH Haryana India""; osm=relation/10394216"
Haryana,BAHADURGARH - HR13( 03-MAY-2017 ),HR-13,BAHADURGARH,28.693324,76.933237,0.6000,nominatim,false,"geocoded query=""BAHADURGARH Haryana India""; osm=node/245766462"
Haryana,BALLABGARH - HR29( 18-JUL-2017 ),HR-29,BALLABGARH,28.294073,77.359224,0.6000,nominatim,false,"geocoded query=""BALLABGARH Haryana India""; osm=relation/10398276"
Haryana,BARARA - HR54( 25-APR-2017 ),HR-54,BARARA,30.21465,77.04025,0.6800,geonames,false,"geonames=10152760; matched=""Barara""; query=""BARARA""; feature=PPL"
Haryana,BAWAL - HR81( 19-JUL-2017 ),HR-81,BAWAL,28.07184,76.58312,0.6800,geonames,false,"geonames=1276666; matched=""Bawal""; query=""BAWAL""; feature=PPL"
Haryana,BHIWANI - HR16( 30-MAY-2017 ),HR-16,BHIWANI,28.79304,76.13968,0.6800,geonames,false,"geonames=1275899; matched=""Bhiwani""; query=""BHIWANI""; feature=PPL"
Haryana,CHARKHI DADRI - HR19( 05-JUL-2017 ),HR-19,CHARKHI DADRI,28.59166,76.27161,0.6800,geonames,false,"geonames=1274571; matched=""Charkhi Dadri""; query=""CHARKHI DADRI""; feature=PPLA2"
Haryana,CHHACHHRAULI - null105( 08-OCT-2025 ),,CHHACHHRAULI null105,30.24492,77.36027,0.6200,geonames,false,"geonames=1274380; matched=""Chhachhrauli""; query=""CHHACHHRAULI""; feature=PPL"
Haryana,DABWALI - HR25( 03-JUL-2017 ),HR-25,DABWALI,29.94906,74.73832,0.6800,geonames,false,"geonames=1273745; matched=""Dabwali""; query=""DABWALI""; feature=PPL"
Haryana,ELLNABAD - HR44( 03-JUL-2017 ),HR-44,ELLNABAD,29.25,76.33333,0.6200,geonames,false,"geonames=1270260; matched=""State of Haryana""; query=""Haryana""; feature=ADM1"
Haryana,FARIDABAD - HR51( 12-JUN-2017 ),HR-51,FARIDABAD,28.41124,77.31316,0.6800,geonames,false,"geonames=1271951; matched=""Faridabad""; query=""FARIDABAD""; feature=PPLA2"
Haryana,FATEHABAD - HR22( 27-JUN-2017 ),HR-22,FATEHABAD,29.51525,75.45554,0.6800,geonames,false,"geonames=1271934; matched=""Fatehabad""; query=""FATEHABAD""; feature=PPL"
Haryana,FEROZEPUR ZIRKHA - HR28( 01-MAY-2017 ),HR-28,FEROZEPUR ZIRKHA,27.78853,76.94496,0.6200,geonames,false,"geonames=1271881; matched=""Firozpur Jhirka""; query=""FEROZEPUR""; feature=PPL"
Haryana,GANAUR - HR42( 29-JUN-2017 ),HR-42,GANAUR,29.1302,77.01832,0.6800,geonames,false,"geonames=8629543; matched=""Ganaur""; query=""GANAUR""; feature=PPL"
Haryana,GOHANA - HR11( 07-JUL-2017 ),HR-11,GOHANA,29.13777,76.70247,0.6800,geonames,false,"geonames=1271079; matched=""Gohana""; query=""GOHANA""; feature=PPL"
Haryana,GULHA - HR9( 25-JUL-2017 ),HR-9,GULHA,29.25,76.33333,0.6200,geonames,false,"geonames=1270260; matched=""State of Haryana""; query=""Haryana""; feature=ADM1"
Haryana,GURUGRAM SOUTH - HR72( 03-JUL-2017 ),HR-72,GURUGRAM SOUTH,28.4601,77.02635,0.6200,geonames,false,"geonames=1270642; matched=""Gurugram""; query=""GURUGRAM""; feature=PPLA2"
Haryana,HANSI - HR21( 03-JUL-2017 ),HR-21,HANSI,29.10239,75.96253,0.6800,geonames,false,"geonames=1270417; matched=""Hansi""; query=""HANSI""; feature=PPL"
Haryana,HARYANA HEAD OFFICE CHD - HR70( 01-JAN-2018 ),HR-70,HARYANA HEAD CHD,29.25,76.33333,0.6800,geonames,false,"geonames=1270260; matched=""State of Haryana""; query=""HARYANA""; feature=ADM1"
Haryana,HATHIN - HR52( 21-JUL-2017 ),HR-52,HATHIN,28.04234,77.24049,0.6800,geonames,false,"geonames=1270181; matched=""Hattin""; query=""HATHIN""; feature=PPL"
Haryana,HISAR - HR20( 18-MAY-2017 ),HR-20,HISAR,29.15394,75.72294,0.6800,geonames,false,"geonames=1270022; matched=""Hisar""; query=""HISAR""; feature=PPL"
Haryana,HODEL - HR50( 19-JUL-2017 ),HR-50,HODEL,29.25,76.33333,0.6200,geonames,false,"geonames=1270260; matched=""State of Haryana""; query=""Haryana""; feature=ADM1"
Haryana,ISRANA - null100( 08-OCT-2025 ),,ISRANA null100,29.26572,76.86732,0.6200,geonames,false,"geonames=12682442; matched=""Israna""; query=""ISRANA""; feature=ADM3"
Haryana,JAGADHARI - HR2( 06-JUN-2017 ),HR-2,JAGADHARI,29.25,76.33333,0.6200,geonames,false,"geonames=1270260; matched=""State of Haryana""; query=""Haryana""; feature=ADM1"
Haryana,JHAJHAR - HR14( 25-MAY-2017 ),HR-14,JHAJHAR,29.25,76.33333,0.6200,geonames,false,"geonames=1270260; matched=""State of Haryana""; query=""Haryana""; feature=ADM1"
Haryana,JIND - HR31( 19-MAY-2017 ),HR-31,JIND,29.31577,76.31502,0.6800,geonames,false,"geonames=1268907; matched=""Jind""; query=""JIND""; feature=PPL"
Haryana,JULANA - null103( 08-OCT-2025 ),,JULANA null103,29.12368,76.40516,0.6200,geonames,false,"geonames=1268785; matched=""Shadipur Julana""; query=""JULANA""; feature=PPL"
Haryana,KAITHAL - HR8( 04-JUL-2017 ),HR-8,KAITHAL,29.80153,76.39959,0.6800,geonames,false,"geonames=1268593; matched=""Kaithal""; query=""KAITHAL""; feature=PPL"
Haryana,KALAYAT - HR83( 27-JUL-2017 ),HR-83,KALAYAT,29.67665,76.25561,0.6800,geonames,false,"geonames=1268501; matched=""Kalayat""; query=""KALAYAT""; feature=PPL"
Haryana,KANINA - HR82( 12-JUL-2017 ),HR-82,KANINA,28.33093,76.31099,0.6800,geonames,false,"geonames=1268398; matched=""Kanina Khas""; query=""KANINA""; feature=PPL"
Haryana,KARNAL - HR5( 05-JUN-2017 ),HR-5,KARNAL,29.69197,76.98448,0.6800,geonames,false,"geonames=1267708; matched=""Karnal""; query=""KARNAL""; feature=PPL"
Haryana,KOSLI - HR43( 27-JUL-2017 ),HR-43,KOSLI,28.37494,76.50957,0.6800,geonames,false,"geonames=12685411; matched=""Kosli""; query=""KOSLI""; feature=ADM3"
Haryana,LADWA - HR97( 05-APR-2018 ),HR-97,LADWA,29.9935,77.04563,0.6800,geonames,false,"geonames=1265323; matched=""Ladwa""; query=""LADWA""; feature=PPL"
Haryana,LOHARU - HR18( 20-JUL-2017 ),HR-18,LOHARU,28.42993,75.80779,0.6800,geonames,false,"geonames=1264829; matched=""Loharu""; query=""LOHARU""; feature=PPL"
Haryana,"M.G. MOTORS, 12KM MILE STONE(F.C) - HR204( 27-AUG-2021 )",HR-204,"M.G. MOTORS, 12KM MILE STONE",29.25,76.33333,0.6200,geonames,false,"geonames=1270260; matched=""State of Haryana""; query=""Haryana""; feature=ADM1"
Haryana,M/S ABC MOTORS DHANGARH FATEHABAD(F.C) - HR238( 25-OCT-2021 ),HR-238,M/S ABC MOTORS DHANGARH FATEHABAD,29.51525,75.45554,0.6200,geonames,false,"geonames=1271934; matched=""Fatehabad""; query=""FATEHABAD""; feature=PPL"
Haryana,M/S AMBA MOTORS - HR271( 21-JAN-2022 ),HR-271,M/S AMBA MOTORS,29.25,76.33333,0.6200,geonames,false,"geonames=1270260; matched=""State of Haryana""; query=""Haryana""; feature=ADM1"
Haryana,M/S COMPETENT AUTOMOBILES COMPANY LTD - HR270( 21-JAN-2022 ),HR-270,M/S COMPETENT AUTOMOBILES COMPANY LTD,29.25,76.33333,0.6200,geonames,false,"geonames=1270260; matched=""State of Haryana""; query=""Haryana""; feature=ADM1"
Haryana,M/S CSG AUTOMOBILES(F.C) - HR266( 03-DEC-2021 ),HR-266,M/S CSG AUTOMOBILES,29.25,76.33333,0.6200,geonames,false,"geonames=1270260; matched=""State of Haryana""; query=""Haryana""; feature=ADM1"
Haryana,M/S DAISY MOTORS PVT LTD(F.C) - HR259( 22-NOV-2021 ),HR-259,M/S DAISY MOTORS PVT LTD,29.25,76.33333,0.6200,geonames,false,"geonames=1270260; matched=""State of Haryana""; query=""Haryana""; feature=ADM1"
Haryana,M/S DAISY MOTORS PVT LTD(F.C) - HR261( 22-NOV-2021 ),HR-261,M/S DAISY MOTORS PVT LTD,29.25,76.33333,0.6200,geonames,false,"geonames=1270260; matched=""State of Haryana""; query=""Haryana""; feature=ADM1"
Haryana,"M/S DAISY MOTORS PVT LTD, 12KM STONE(F.C) - HR206( 27-AUG-2021 )",HR-206,"M/S DAISY MOTORS PVT LTD, 12KM STONE",29.25,76.33333,0.6200,geonames,false,"geonames=1270260; matched=""State of Haryana""; query=""Haryana""; feature=ADM1"
Haryana,M/S DAKSH MARKETING(F.C) - HR251( 15-NOV-2021 ),HR-251,M/S DAKSH MARKETING,29.25,76.33333,0.6200,geonames,false,"geonames=1270260; matched=""State of Haryana""; query=""Haryana""; feature=ADM1"
Haryana,M/S DHINGRA TRUCKING PVT LTD - HR268( 21-JAN-2022 ),HR-268,M/S DHINGRA TRUCKING PVT LTD,29.25,76.33333,0.6200,geonames,false,"geonames=1270260; matched=""State of Haryana""; query=""Haryana""; feature=ADM1"
Haryana,M/S DINCO FOUR WHEELS LLP(F.C) - HR263( 22-NOV-2021 ),HR-263,M/S DINCO FOUR WHEELS LLP,29.25,76.33333,0.6200,geonames,false,"geonames=1270260; matched=""State of Haryana""; query=""Haryana""; feature=ADM1"
Haryana,M/S EAKANSH MOTORS PVT LTD(F.C) - HR247( 29-OCT-2021 ),HR-247,M/S EAKANSH MOTORS PVT LTD,29.25,76.33333,0.6200,geonames,false,"geonames=1270260; matched=""State of Haryana""; query=""Haryana""; feature=ADM1"
Haryana,M/S EAKANSH WHEELS 126KM STONE JAGDHARI ROAD(F.C) - HR236( 29-SEP-2021 ),HR-236,M/S EAKANSH WHEELS 126KM STONE JAGDHARI ROAD,29.25,76.33333,0.6200,geonames,false,"geonames=1270260; matched=""State of Haryana""; query=""Haryana""; feature=ADM1"
Haryana,M/S G.N.G AUTO AIDS PVT.LTD(F.C) - HR256( 15-NOV-2021 ),HR-256,M/S G.N.G AUTO AIDS PVT.LTD,29.25,76.33333,0.6200,geonames,false,"geonames=1270260; matched=""State of Haryana""; query=""Haryana""; feature=ADM1"
Haryana,M/S GARG MOTORS(F.C) - HR253( 15-NOV-2021 ),HR-253,M/S GARG MOTORS,29.25,76.33333,0.6200,geonames,false,"geonames=1270260; matched=""State of Haryana""; query=""Haryana""; feature=ADM1"
Haryana,M/S GLOBAL AUTMOBOLINES SCO 25-26 GROUND FLOOR(F.C) - HR213( 22-SEP-2021 ),HR-213,M/S GLOBAL AUTMOBOLINES SCO 25 26 GROUND FLOOR,29.25,76.33333,0.6200,geonames,false,"geonames=1270260; matched=""State of Haryana""; query=""Haryana""; feature=ADM1"
Haryana,"M/S GLOBAL AUTOMART PVT LTD, 82 KM STONE(F.C) - HR203( 27-AUG-2021 )",HR-203,"M/S GLOBAL AUTOMART PVT LTD, 82 KM STONE",29.25,76.33333,0.6200,geonames,false,"geonames=1270260; matched=""State of Haryana""; query=""Haryana""; feature=ADM1"
Haryana,M/S H.S MOTORS SANOLI ROAD(F.C) - HR212( 15-SEP-2021 ),HR-212,M/S H.S MOTORS SANOLI ROAD,29.25,76.33333,0.6200,geonames,false,"geonames=1270260; matched=""State of Haryana""; query=""Haryana""; feature=ADM1"
Haryana,M/S HARCHAND MOTORS(F.C) - HR260( 22-NOV-2021 ),HR-260,M/S HARCHAND MOTORS,29.25,76.33333,0.6200,geonames,false,"geonames=1270260; matched=""State of Haryana""; query=""Haryana""; feature=ADM1"
Haryana,M/S HARYANA MOTOR(F.C) - HR276( 22-FEB-2022 ),HR-276,M/S HARYANA MOTOR,29.25,76.33333,0.6200,geonames,false,"geonames=1270260; matched=""State of Haryana""; query=""Haryana""; feature=ADM1"
Haryana,M/S HIMGIRI AUTOMOBILES PVT.LTD(F.C) - HR257( 15-NOV-2021 ),HR-257,M/S HIMGIRI AUTOMOBILES PVT.LTD,29.25,76.33333,0.6200,geonames,false,"geonames=1270260; matched=""State of Haryana""; query=""Haryana""; feature=ADM1"
Haryana,M/S HIND MOTORS(F.C) - HR246( 29-OCT-2021 ),HR-246,M/S HIND MOTORS,29.25,76.33333,0.6200,geonames,false,"geonames=1270260; matched=""State of Haryana""; query=""Haryana""; feature=ADM1"
Haryana,M/S HISAR AUTOMOBILES 5TH KM STONE SIRSA ROAD(F.C) - HR215( 24-SEP-2021 ),HR-215,M/S HISAR AUTOMOBILES 5TH KM STONE SIRSA ROAD,29.25,76.33333,0.6200,geonames,false,"geonames=1270260; matched=""State of Haryana""; query=""Haryana""; feature=ADM1"
Haryana,M/S JAGMOHAN AUTOMOBILES PVT LTD(F.C) - HR218( 24-SEP-2021 ),HR-218,M/S JAGMOHAN AUTOMOBILES PVT LTD,29.25,76.33333,0.6200,geonames,false,"geonames=1270260; matched=""State of Haryana""; query=""Haryana""; feature=ADM1"
Haryana,M/S JOHAR AUTOMOBILES FARIDABAD(F.C) - HR208( 27-AUG-2021 ),HR-208,M/S JOHAR AUTOMOBILES FARIDABAD,28.41124,77.31316,0.6200,geonames,false,"geonames=1271951; matched=""Faridabad""; query=""FARIDABAD""; feature=PPLA2"
Haryana,M/S KARAN AUTOMOTIVE(F.C) - HR275( 17-FEB-2022 ),HR-275,M/S KARAN AUTOMOTIVE,29.25,76.33333,0.6200,geonames,false,"geonames=1270260; matched=""State of Haryana""; query=""Haryana""; feature=ADM1"
Haryana,M/S KARNAL MOTORS PVT 71/3 MILE STONE(F.C) - HR210( 17-SEP-2021 ),HR-210,M/S KARNAL MOTORS PVT 71/3 MILE STONE,29.25,76.33333,0.6200,geonames,false,"geonames=1270260; matched=""State of Haryana""; query=""Haryana""; feature=ADM1"
Haryana,"M/S KARNAL MOTORS PVT LTD,PLOT NO-156-157(F.C) - HR209( 17-SEP-2021 )",NO-156,"M/S KARNAL MOTORS PVT LTD,PLOT 157",29.25,76.33333,0.6200,geonames,false,"geonames=1270260; matched=""State of Haryana""; query=""Haryana""; feature=ADM1"
Haryana,M/S KBS MOTORS PVT LTD OLD COURT ROAD JAGADHARI(F.C) - HR221( 24-SEP-2021 ),HR-221,M/S KBS MOTORS PVT LTD OLD COURT ROAD JAGADHARI,29.25,76.33333,0.6200,geonames,false,"geonames=1270260; matched=""State of Haryana""; query=""Haryana""; feature=ADM1"
Haryana,M/S KBS MOTORS PVT LTD VILL-TEPLA AMBALA(F.C) - HR216( 27-SEP-2021 ),HR-216,M/S KBS MOTORS PVT LTD VILL TEPLA AMBALA,30.36099,76.79782,0.6200,geonames,false,"geonames=1278860; matched=""Ambala""; query=""AMBALA""; feature=PPL"
Haryana,M/S KHANNA CAR PLAZA PVT LTD(F.C) - HR249( 29-OCT-2021 ),HR-249,M/S KHANNA CAR PLAZA PVT LTD,29.25,76.33333,0.6200,geonames,false,"geonames=1270260; matched=""State of Haryana""; query=""Haryana""; feature=ADM1"
Haryana,M/S LEKHRAJ AUTO PLAZA PVT LTD(F.C) - HR250( 15-NOV-2021 ),HR-250,M/S LEKHRAJ AUTO PLAZA PVT LTD,29.25,76.33333,0.6200,geonames,false,"geonames=1270260; matched=""State of Haryana""; query=""Haryana""; feature=ADM1"
Haryana,M/S M.G. MOTORS - HR269( 21-JAN-2022 ),HR-269,M/S M.G. MOTORS,29.25,76.33333,0.6200,geonames,false,"geonames=1270260; matched=""State of Haryana""; query=""Haryana""; feature=ADM1"
Haryana,M/S M/S SATGURU MOTORS NH-52(F.C) - HR235( 24-SEP-2021 ),NH-52,M/S M/S SATGURU MOTORS,29.25,76.33333,0.6200,geonames,false,"geonames=1270260; matched=""State of Haryana""; query=""Haryana""; feature=ADM1"
Haryana,"M/S MAHABALAJI AUTO SERVICE PVT LTD, 1/158, KM STONE(F.C) - HR223( 24-SEP-2021 )",HR-223,"M/S MAHABALAJI AUTO SERVICE PVT LTD, 1/158, KM STONE",29.25,76.33333,0.6200,geonames,false,"geonames=1270260; matched=""State of Haryana""; query=""Haryana""; feature=ADM1"
Haryana,M/S MANGALAM MOTORS BAHADURGARH DISTT JHAJJAR(F.C) - HR240( 28-SEP-2021 ),HR-240,M/S MANGALAM MOTORS BAHADURGARH DISTT JHAJJAR,28.6063,76.6565,0.6200,geonames,false,"geonames=1269042; matched=""Jhajjar""; query=""JHAJJAR""; feature=PPL"
Haryana,M/S MANGLA MOTORS(F.C) - HR277( 25-APR-2022 ),HR-277,M/S MANGLA MOTORS,29.25,76.33333,0.6200,geonames,false,"geonames=1270260; matched=""State of Haryana""; query=""Haryana""; feature=ADM1"
Haryana,"M/S METRO MOTORS PVT LTD, 106, RAILWAY ROAD(F.C) - HR219( 24-SEP-2021 )",HR-219,"M/S METRO MOTORS PVT LTD, 106, RAILWAY ROAD",29.25,76.33333,0.6200,geonames,false,"geonames=1270260; matched=""State of Haryana""; query=""Haryana""; feature=ADM1"
Haryana,"M/S METRO MOTORS PVT LTD, 76/1 MILE STONE(F.C) - HR217( 24-SEP-2021 )",HR-217,"M/S METRO MOTORS PVT LTD, 76/1 MILE STONE",29.25,76.33333,0.6200,geonames,false,"geonames=1270260; matched=""State of Haryana""; query=""Haryana""; feature=ADM1"
Haryana,M/S MG MOTORS NEAR TOLL PLAZA NARANGPUR ROHTAK ROAD BHIWANI(F.C) - HR227( 27-SEP-2021 ),HR-227,M/S MG MOTORS NEAR TOLL PLAZA NARANGPUR ROHTAK ROAD BHIWANI,28.79304,76.13968,0.6200,geonames,false,"geonames=1275899; matched=""Bhiwani""; query=""BHIWANI""; feature=PPL"
Haryana,"M/S MOHAN FOURWHEEL PVT LTD, 13 KM STONE(F.C) - HR205( 27-AUG-2021 )",HR-205,"M/S MOHAN FOURWHEEL PVT LTD, 13 KM STONE",29.25,76.33333,0.6200,geonames,false,"geonames=1270260; matched=""State of Haryana""; query=""Haryana""; feature=ADM1"
Haryana,M/S PALTINUM MOTOCOPR MANESAR GURUGRAM(F.C) - HR239( 28-SEP-2021 ),HR-239,M/S PALTINUM MOTOCOPR MANESAR GURUGRAM,28.4601,77.02635,0.6200,geonames,false,"geonames=1270642; matched=""Gurugram""; query=""GURUGRAM""; feature=PPLA2"
Haryana,M/S PALUCK TECHNOLOGIES PVT.LTD(F.C) - HR258( 15-NOV-2021 ),HR-258,M/S PALUCK TECHNOLOGIES PVT.LTD,29.25,76.33333,0.6200,geonames,false,"geonames=1270260; matched=""State of Haryana""; query=""Haryana""; feature=ADM1"
Haryana,M/S PANDIT AUTOMOBILES PVT LTD GOBINDPURA BYE PASS ROAD JAGADHARI YAMUNANAGAR(F.C) - HR225( 28-SEP-2021 ),HR-225,M/S PANDIT AUTOMOBILES PVT LTD GOBINDPURA BYE PASS ROAD JAGADHARI YAMUNANAGAR,30.12796,77.28371,0.6200,geonames,false,"geonames=1252797; matched=""Yamuna Nagar""; query=""YAMUNANAGAR""; feature=PPL"
Haryana,"M/S PARAS TRUCKS, 11KM STONE DELHI BYE PASS ROAD(F.C) - HR211( 17-SEP-2021 )",HR-211,"M/S PARAS TRUCKS, 11KM STONE DELHI BYE PASS ROAD",29.25,76.33333,0.6200,geonames,false,"geonames=1270260; matched=""State of Haryana""; query=""Haryana""; feature=ADM1"
Haryana,M/S PASCO AUTOMOBILES - HR214( 24-SEP-2021 ),HR-214,M/S PASCO AUTOMOBILES,29.25,76.33333,0.6200,geonames,false,"geonames=1270260; matched=""State of Haryana""; query=""Haryana""; feature=ADM1"
Haryana,M/S PASCO AUTOMOBILES - HR232( 28-SEP-2021 ),HR-232,M/S PASCO AUTOMOBILES,29.25,76.33333,0.6200,geonames,false,"geonames=1270260; matched=""State of Haryana""; query=""Haryana""; feature=ADM1"
Haryana,M/S PASCO AUTOMOBILES - HR233( 28-SEP-2021 ),HR-233,M/S PASCO AUTOMOBILES,29.25,76.33333,0.6200,geonames,false,"geonames=1270260; matched=""State of Haryana""; query=""Haryana""; feature=ADM1"
Haryana,M/S PASCO AUTOMOBILES 34/3 DINESH JAIN COMPLEX(F.C) - HR230( 28-SEP-2021 ),HR-230,M/S PASCO AUTOMOBILES 34/3 DINESH JAIN COMPLEX,29.25,76.33333,0.6200,geonames,false,"geonames=1270260; matched=""State of Haryana""; query=""Haryana""; feature=ADM1"
Haryana,"M/S PASCO AUTOMOBILES, 6 INDUSTRIAL ESTATE PALAM GURUGRAM(F.C) - HR228( 28-SEP-2021 )",HR-228,"M/S PASCO AUTOMOBILES, 6 INDUSTRIAL ESTATE PALAM GURUGRAM",28.4601,77.02635,0.6200,geonames,false,"geonames=1270642; matched=""Gurugram""; query=""GURUGRAM""; feature=PPLA2"
Haryana,M/S PASCO MOTORS LLP 30MILES STONE(F.C) - HR224( 24-SEP-2021 ),HR-224,M/S PASCO MOTORS LLP 30MILES STONE,29.25,76.33333,0.6200,geonames,false,"geonames=1270260; matched=""State of Haryana""; query=""Haryana""; feature=ADM1"
Haryana,M/S PASCO MOTORS LLP SHOP NO. G35(F.C) - HR202( 27-AUG-2021 ),HR-202,M/S PASCO MOTORS LLP SHOP NO. G35,29.25,76.33333,0.6200,geonames,false,"geonames=1270260; matched=""State of Haryana""; query=""Haryana""; feature=ADM1"
Haryana,"M/S PASCO MOTORS LLP, 40 MILE STONE(F.C) - HR207( 27-AUG-2021 )",HR-207,"M/S PASCO MOTORS LLP, 40 MILE STONE",29.25,76.33333,0.6200,geonames,false,"geonames=1270260; matched=""State of Haryana""; query=""Haryana""; feature=ADM1"
Haryana,M/S PASCO MOTORS(F.C) - HR252( 15-NOV-2021 ),HR-252,M/S PASCO MOTORS,29.25,76.33333,0.6200,geonames,false,"geonames=1270260; matched=""State of Haryana""; query=""Haryana""; feature=ADM1"
Haryana,M/S PREM MOTORS PVT LTD DIVIDING ROAD(F.C) - HR234( 27-SEP-2021 ),HR-234,M/S PREM MOTORS PVT LTD DIVIDING ROAD,29.25,76.33333,0.6200,geonames,false,"geonames=1270260; matched=""State of Haryana""; query=""Haryana""; feature=ADM1"
Haryana,M/S PREM MOTORS PVT LTD PLOT 3 IDC(F.C) - HR231( 28-SEP-2021 ),HR-231,M/S PREM MOTORS PVT LTD PLOT 3 IDC,29.25,76.33333,0.6200,geonames,false,"geonames=1270260; matched=""State of Haryana""; query=""Haryana""; feature=ADM1"
Haryana,M/S R.K.H AUTOMOBILES PVT LTD(F.C) - HR229( 24-SEP-2021 ),HR-229,M/S R.K.H AUTOMOBILES PVT LTD,29.25,76.33333,0.6200,geonames,false,"geonames=1270260; matched=""State of Haryana""; query=""Haryana""; feature=ADM1"
Haryana,M/S RAMA MOTORS(F.C) - HR279( 24-MAY-2022 ),HR-279,M/S RAMA MOTORS,29.25,76.33333,0.6200,geonames,false,"geonames=1270260; matched=""State of Haryana""; query=""Haryana""; feature=ADM1"
Haryana,M/S RANA MOTORS PVT LTD MEHARAULI ROAD GURUGRAM(F.C) - HR241( 28-SEP-2021 ),HR-241,M/S RANA MOTORS PVT LTD MEHARAULI ROAD GURUGRAM,28.4601,77.02635,0.6200,geonames,false,"geonames=1270642; matched=""Gurugram""; query=""GURUGRAM""; feature=PPLA2"
Haryana,M/S RUDRA MOTORS NARWANA DISTT JIND(F.C) - HR243( 28-SEP-2021 ),HR-243,M/S RUDRA MOTORS NARWANA DISTT JIND,29.31577,76.31502,0.6200,geonames,false,"geonames=1268907; matched=""Jind""; query=""JIND""; feature=PPL"
Haryana,M/S SAHIL MOTORS(F.C) - HR245( 29-OCT-2021 ),HR-245,M/S SAHIL MOTORS,29.25,76.33333,0.6200,geonames,false,"geonames=1270260; matched=""State of Haryana""; query=""Haryana""; feature=ADM1"
Haryana,M/S SHAKTI MOTORS PVT LTD(F.C) - HR254( 15-NOV-2021 ),HR-254,M/S SHAKTI MOTORS PVT LTD,29.25,76.33333,0.6200,geonames,false,"geonames=1270260; matched=""State of Haryana""; query=""Haryana""; feature=ADM1"
Haryana,M/S SHIVA MOTORS(F.C) - HR248( 29-OCT-2021 ),HR-248,M/S SHIVA MOTORS,29.25,76.33333,0.6200,geonames,false,"geonames=1270260; matched=""State of Haryana""; query=""Haryana""; feature=ADM1"
Haryana,M/S SHREE KRISHANA MOTORS(F.C) - HR264( 22-NOV-2021 ),HR-264,M/S SHREE KRISHANA MOTORS,29.25,76.33333,0.6200,geonames,false,"geonames=1270260; matched=""State of Haryana""; query=""Haryana""; feature=ADM1"
Haryana,"M/S SHREE MOTORS PVT LTD, DEHCORA ROAD(F.C) - HR201( 27-AUG-2021 )",HR-201,"M/S SHREE MOTORS PVT LTD, DEHCORA ROAD",29.25,76.33333,0.6200,geonames,false,"geonames=1270260; matched=""State of Haryana""; query=""Haryana""; feature=ADM1"
Haryana,M/S SHREE SALASAR MOTORS(F.C) - HR255( 15-NOV-2021 ),HR-255,M/S SHREE SALASAR MOTORS,29.25,76.33333,0.6200,geonames,false,"geonames=1270260; matched=""State of Haryana""; query=""Haryana""; feature=ADM1"
Haryana,M/S SISOTHYA AUTOMOBILES DELHI JAIPUR HIGHWAY(F.C) - HR278( 25-APR-2022 ),HR-278,M/S SISOTHYA AUTOMOBILES DELHI JAIPUR HIGHWAY,29.25,76.33333,0.6200,geonames,false,"geonames=1270260; matched=""State of Haryana""; query=""Haryana""; feature=ADM1"
Haryana,M/S STAR AUTOMOBILE(F.C) - HR244( 29-OCT-2021 ),HR-244,M/S STAR AUTOMOBILE,29.25,76.33333,0.6200,geonames,false,"geonames=1270260; matched=""State of Haryana""; query=""Haryana""; feature=ADM1"
Haryana,M/S SUPREME MOBILES PVT LTD(F.C) - HR262( 22-NOV-2021 ),HR-262,M/S SUPREME MOBILES PVT LTD,29.25,76.33333,0.6200,geonames,false,"geonames=1270260; matched=""State of Haryana""; query=""Haryana""; feature=ADM1"
Haryana,M/S SUPREME MOBILES PVT LTD(F.C) - HR267( 14-DEC-2021 ),HR-267,M/S SUPREME MOBILES PVT LTD,29.25,76.33333,0.6200,geonames,false,"geonames=1270260; matched=""State of Haryana""; query=""Haryana""; feature=ADM1"
Haryana,M/S Sanjay Automotive LLP Old Delhi Road(F.C) - HR280( 24-MAY-2022 ),HR-280,M/S Sanjay Automotive LLP Old Delhi Road,29.25,76.33333,0.6200,geonames,false,"geonames=1270260; matched=""State of Haryana""; query=""Haryana""; feature=ADM1"
Haryana,M/S TAYAL MOTORS PVT LTD MATHURA ROAD FARIDABAD(F.C) - HR237( 28-SEP-2021 ),HR-237,M/S TAYAL MOTORS PVT LTD MATHURA ROAD FARIDABAD,28.41124,77.31316,0.6200,geonames,false,"geonames=1271951; matched=""Faridabad""; query=""FARIDABAD""; feature=PPLA2"
Haryana,M/S TCS AUTOWORLD - HR273( 21-JAN-2022 ),HR-273,M/S TCS AUTOWORLD,29.25,76.33333,0.6200,geonames,false,"geonames=1270260; matched=""State of Haryana""; query=""Haryana""; feature=ADM1"
Haryana,M/S THADESHRI Motors(F.C) - HR265( 03-DEC-2021 ),HR-265,M/S THADESHRI Motors,29.25,76.33333,0.6200,geonames,false,"geonames=1270260; matched=""State of Haryana""; query=""Haryana""; feature=ADM1"
Haryana,M/S TIRUPATI MOTORS REWARI-DELHI ROAD VILL-JONAWAS(F.C) - HR220( 24-SEP-2021 ),HR-220,M/S TIRUPATI MOTORS REWARI DELHI ROAD VILL JONAWAS,29.25,76.33333,0.6200,geonames,false,"geonames=1270260; matched=""State of Haryana""; query=""Haryana""; feature=ADM1"
Haryana,M/S UNIQUE MOTORS PVT LTD OPP-BHANU INDUSTRIES HISAR(F.C) - HR242( 28-SEP-2021 ),HR-242,M/S UNIQUE MOTORS PVT LTD OPP BHANU INDUSTRIES HISAR,29.15394,75.72294,0.6200,geonames,false,"geonames=1270022; matched=""Hisar""; query=""HISAR""; feature=PPL"
Haryana,M/S UNITED MOTORS MIRZAPUR ROAD NEAR MIRZAPUR CHOWK(F.C) - HR222( 24-SEP-2021 ),HR-222,M/S UNITED MOTORS MIRZAPUR ROAD NEAR MIRZAPUR CHOWK,29.25,76.33333,0.6200,geonames,false,"geonames=1270260; matched=""State of Haryana""; query=""Haryana""; feature=ADM1"
Haryana,M/S VIPIN MOTORS - HR272( 21-JAN-2022 ),HR-272,M/S VIPIN MOTORS,29.25,76.33333,0.6200,geonames,false,"geonames=1270260; matched=""State of Haryana""; query=""Haryana""; feature=ADM1"
Haryana,M/S VMT MOTORS - HR274( 21-JAN-2022 ),HR-274,M/S VMT MOTORS,29.25,76.33333,0.6200,geonames,false,"geonames=1270260; matched=""State of Haryana""; query=""Haryana""; feature=ADM1"
Haryana,"M/S YASHODHA TRANSWHEELS LLP, 78 MILE STONE VILLAGE KARHANS(F.C) - HR226( 27-SEP-2021 )",HR-226,"M/S YASHODHA TRANSWHEELS LLP, 78 MILE STONE VILLAGE KARHANS",29.25,76.33333,0.6200,geonames,false,"geonames=1270260; matched=""State of Haryana""; query=""Haryana""; feature=ADM1"
Haryana,MAHENDERGARH - HR34( 29-JUN-2017 ),HR-34,MAHENDERGARH,28.25,76.16667,0.6800,geonames,false,"geonames=1264396; matched=""Mahendragarh""; query=""MAHENDERGARH""; feature=ADM2"
Haryana,MANESAR - null101( 08-OCT-2025 ),,MANESAR null101,28.35311,76.94036,0.6200,geonames,false,"geonames=9915464; matched=""Manesar""; query=""MANESAR""; feature=PPL"
Haryana,MEHAM - HR15( 01-MAY-2017 ),HR-15,MEHAM,29.25,76.33333,0.6200,geonames,false,"geonames=1270260; matched=""State of Haryana""; query=""Haryana""; feature=ADM1"
Haryana,NAGAL CHAUDHARY - null102( 05-DEC-2025 ),,NAGAL CHAUDHARY null102,29.25,76.33333,0.6200,geonames,false,"geonames=1270260; matched=""State of Haryana""; query=""Haryana""; feature=ADM1"
Haryana,NARAINGARH - HR4( 15-MAR-2017 ),HR-4,NARAINGARH,30.47798,77.12804,0.6800,geonames,false,"geonames=1261828; matched=""Naraingarh""; query=""NARAINGARH""; feature=PPL"
Haryana,NARNAUL - HR35( 30-JUN-2017 ),HR-35,NARNAUL,28.04444,76.10833,0.6800,geonames,false,"geonames=1261772; matched=""Narnaul""; query=""NARNAUL""; feature=PPL"
Haryana,NARWANA - HR32( 20-MAY-2017 ),HR-32,NARWANA,29.59903,76.11927,0.6800,geonames,false,"geonames=1261739; matched=""Narwana""; query=""NARWANA""; feature=PPL"
Haryana,NILOKHERI - null104( 08-OCT-2025 ),,NILOKHERI null104,29.83671,76.93191,0.6200,geonames,false,"geonames=1261382; matched=""Nilokheri""; query=""NILOKHERI""; feature=PPL"
Haryana,NUH - HR27( 29-MAY-2017 ),HR-27,NUH,28.10296,77.00144,0.6800,geonames,false,"geonames=1261145; matched=""Nuh""; query=""NUH""; feature=PPL"
Haryana,PALWAL - HR30( 17-JUL-2017 ),HR-30,PALWAL,28.14469,77.32546,0.6800,geonames,false,"geonames=1260637; matched=""Palwal""; query=""PALWAL""; feature=PPL"
Haryana,PANCHKULA - HR3( 22-FEB-2017 ),HR-3,PANCHKULA,30.69461,76.8504,0.6800,geonames,false,"geonames=6690108; matched=""Panchkula""; query=""PANCHKULA""; feature=PPLA2"
Haryana,PANIPAT - HR6( 06-JUL-2017 ),HR-6,PANIPAT,29.38747,76.96825,0.6800,geonames,false,"geonames=1260476; matched=""Panipat""; query=""PANIPAT""; feature=PPL"
Haryana,PATAUDI - HR76( 03-JUL-2017 ),HR-76,PATAUDI,28.32547,76.77858,0.6800,geonames,false,"geonames=1260156; matched=""Pataudi""; query=""PATAUDI""; feature=PPL"
Haryana,PEHOWA - HR41( 04-AUG-2017 ),HR-41,PEHOWA,29.97897,76.58249,0.6800,geonames,false,"geonames=1259939; matched=""Pehowa""; query=""PEHOWA""; feature=PPL"
Haryana,"RA(MV),PANCHKULA - HR99( 15-JAN-2021 )",HR-99,"RA ,PANCHKULA",30.69461,76.8504,0.6200,geonames,false,"geonames=6690108; matched=""Panchkula""; query=""PANCHKULA""; feature=PPLA2"
Haryana,RATIA - HR59( 28-JUN-2017 ),HR-59,RATIA,29.69029,75.57688,0.6800,geonames,false,"geonames=1258347; matched=""Ratia""; query=""RATIA""; feature=PPL"
Haryana,REWARI - HR36( 13-JUN-2017 ),HR-36,REWARI,28.199,76.6183,0.6800,geonames,false,"geonames=1258178; matched=""Rewari""; query=""REWARI""; feature=PPL"
Haryana,RLA TAURU - HR96( 20-DEC-2017 ),HR-96,RLA TAURU,29.25,76.33333,0.6200,geonames,false,"geonames=1270260; matched=""State of Haryana""; query=""Haryana""; feature=ADM1"
Haryana,ROHTAK - HR12( 01-MAY-2017 ),HR-12,ROHTAK,28.89447,76.58917,0.6800,geonames,false,"geonames=1258076; matched=""Rohtak""; query=""ROHTAK""; feature=PPL"
Haryana,RTA AMBALA - HR37( 01-APR-2017 ),HR-37,RTA AMBALA,30.36099,76.79782,0.6800,geonames,false,"geonames=1278860; matched=""Ambala""; query=""AMBALA""; feature=PPL"
Haryana,RTA CHARKI DADRI - HR84( 01-APR-2017 ),HR-84,RTA CHARKI DADRI,28.59166,76.27161,0.6800,geonames,false,"geonames=1274571; matched=""Charkhi Dadri""; query=""CHARKI DADRI""; feature=PPLA2"
Haryana,"RTA, BHIWANI - HR61( 01-APR-2017 )",HR-61,"RTA, BHIWANI",28.79304,76.13968,0.6800,geonames,false,"geonames=1275899; matched=""Bhiwani""; query=""BHIWANI""; feature=PPL"
Haryana,"RTA, FARIDABAD - HR38( 01-APR-2017 )",HR-38,"RTA, FARIDABAD",28.41124,77.31316,0.6800,geonames,false,"geonames=1271951; matched=""Faridabad""; query=""FARIDABAD""; feature=PPLA2"
Haryana,"RTA, FATEHABAD - HR62( 01-APR-2017 )",HR-62,"RTA, FATEHABAD",29.51525,75.45554,0.6800,geonames,false,"geonames=1271934; matched=""Fatehabad""; query=""FATEHABAD""; feature=PPL"
Haryana,"RTA, GURGAON - HR55( 01-APR-2017 )",HR-55,"RTA, GURGAON",28.4601,77.02635,0.6800,geonames,false,"geonames=1270642; matched=""Gurugram""; query=""GURGAON""; feature=PPLA2"
Haryana,"RTA, HISAR - HR39( 01-APR-2017 )",HR-39,"RTA, HISAR",29.15394,75.72294,0.6800,geonames,false,"geonames=1270022; matched=""Hisar""; query=""HISAR""; feature=PPL"
Haryana,"RTA, JHAJJAR AT BAHADURGARH - HR63( 01-APR-2017 )",HR-63,"RTA, JHAJJAR AT BAHADURGARH",28.69287,76.93555,0.6200,geonames,false,"geonames=1277835; matched=""Bahadurgarh""; query=""BAHADURGARH""; feature=PPL"
Haryana,"RTA, JIND - HR56( 01-APR-2017 )",HR-56,"RTA, JIND",29.31577,76.31502,0.6800,geonames,false,"geonames=1268907; matched=""Jind""; query=""JIND""; feature=PPL"
Haryana,"RTA, KAITHAL - HR64( 01-APR-2017 )",HR-64,"RTA, KAITHAL",29.80153,76.39959,0.6800,geonames,false,"geonames=1268593; matched=""Kaithal""; query=""KAITHAL""; feature=PPL"
Haryana,"RTA, KARNAL - HR45( 01-APR-2017 )",HR-45,"RTA, KARNAL",29.69197,76.98448,0.6800,geonames,false,"geonames=1267708; matched=""Karnal""; query=""KARNAL""; feature=PPL"
Haryana,"RTA, KURUKSHETRA - HR65( 01-APR-2017 )",HR-65,"RTA, KURUKSHETRA",30,76.75,0.6800,geonames,false,"geonames=1265468; matched=""Kurukshetra""; query=""KURUKSHETRA""; feature=ADM2"
Haryana,"RTA, MOHINDERGARH - HR66( 01-APR-2017 )",HR-66,"RTA, MOHINDERGARH",28.25,76.16667,0.6800,geonames,false,"geonames=1264396; matched=""Mahendragarh""; query=""MOHINDERGARH""; feature=ADM2"
Haryana,"RTA, NUH - HR74( 01-APR-2017 )",HR-74,"RTA, NUH",28.10296,77.00144,0.6800,geonames,false,"geonames=1261145; matched=""Nuh""; query=""NUH""; feature=PPL"
Haryana,"RTA, PALWAL - HR73( 01-APR-2017 )",HR-73,"RTA, PALWAL",28.14469,77.32546,0.6800,geonames,false,"geonames=1260637; matched=""Palwal""; query=""PALWAL""; feature=PPL"
Haryana,"RTA, PANCHKULA - HR68( 01-APR-2017 )",HR-68,"RTA, PANCHKULA",30.69461,76.8504,0.6800,geonames,false,"geonames=6690108; matched=""Panchkula""; query=""PANCHKULA""; feature=PPLA2"
Haryana,"RTA, PANIPAT - HR67( 01-APR-2017 )",HR-67,"RTA, PANIPAT",29.38747,76.96825,0.6800,geonames,false,"geonames=1260476; matched=""Panipat""; query=""PANIPAT""; feature=PPL"
Haryana,"RTA, REWARI - HR47( 01-APR-2017 )",HR-47,"RTA, REWARI",28.199,76.6183,0.6800,geonames,false,"geonames=1258178; matched=""Rewari""; query=""REWARI""; feature=PPL"
Haryana,"RTA, ROHTAK - HR46( 01-APR-2017 )",HR-46,"RTA, ROHTAK",28.89447,76.58917,0.6800,geonames,false,"geonames=1258076; matched=""Rohtak""; query=""ROHTAK""; feature=PPL"
Haryana,"RTA, SIRSA - HR57( 01-APR-2017 )",HR-57,"RTA, SIRSA",29.53489,75.02898,0.6800,geonames,false,"geonames=1256052; matched=""Sirsa""; query=""SIRSA""; feature=PPL"
Haryana,"RTA, SONEPAT - HR69( 01-APR-2017 )",HR-69,"RTA, SONEPAT",28.99478,77.01937,0.6800,geonames,false,"geonames=1255744; matched=""Sonipat""; query=""SONEPAT""; feature=PPL"
Haryana,"RTA, YNR - HR58( 01-APR-2017 )",HR-58,"RTA, YNR",29.25,76.33333,0.6200,geonames,false,"geonames=1270260; matched=""State of Haryana""; query=""Haryana""; feature=ADM1"
Haryana,SAFIDON - HR33( 19-MAY-2017 ),HR-33,SAFIDON,29.40596,76.67042,0.6800,geonames,false,"geonames=1257855; matched=""Safidon""; query=""SAFIDON""; feature=PPL"
Haryana,SAMALKHA - HR60( 06-JUL-2017 ),HR-60,SAMALKHA,29.23552,77.01273,0.6800,geonames,false,"geonames=1257566; matched=""Samalkha""; query=""SAMALKHA""; feature=PPL"
Haryana,SDM AMBALA CANTONMENT - HR85( 10-MAR-2017 ),HR-85,SDM AMBALA CANTONMENT,29.25,76.33333,0.6200,geonames,false,"geonames=1270260; matched=""State of Haryana""; query=""Haryana""; feature=ADM1"
Haryana,SDM BADHRA - HR88( 28-AUG-2017 ),HR-88,SDM BADHRA,28.51124,75.98998,0.6200,geonames,false,"geonames=12682431; matched=""Badhra""; query=""BADHRA""; feature=ADM3"
Haryana,SDM BADKHAL - HR87( 19-JUN-2017 ),HR-87,SDM BADKHAL,28.41011,77.28686,0.6200,geonames,false,"geonames=12682436; matched=""Badkhal""; query=""BADKHAL""; feature=ADM3"
Haryana,SDM BADLI - HR89( 11-APR-2017 ),HR-89,SDM BADLI,28.57988,76.80947,0.6200,geonames,false,"geonames=12682480; matched=""Badli""; query=""BADLI""; feature=ADM3"
Haryana,SDM BADSHAHPUR - HR98( 15-JUL-2020 ),HR-98,SDM BADSHAHPUR,28.39317,77.04919,0.6200,geonames,false,"geonames=1277955; matched=""Badshahpur""; query=""BADSHAHPUR""; feature=PPL"
Haryana,SDM BARWALA - HR80( 23-JUN-2017 ),HR-80,SDM BARWALA,29.36747,75.90809,0.6200,geonames,false,"geonames=1276815; matched=""Barwala""; query=""BARWALA""; feature=PPL"
Haryana,SDM BERI - HR77( 21-JUN-2017 ),HR-77,SDM BERI,28.70146,76.57708,0.6200,geonames,false,"geonames=1276437; matched=""Beri Khas""; query=""BERI""; feature=PPL"
Haryana,SDM BILASPUR - HR71( 18-JUL-2017 ),HR-71,SDM BILASPUR,30.3045,77.30424,0.6200,geonames,false,"geonames=1275633; matched=""Bilaspur""; query=""BILASPUR""; feature=PPL"
Haryana,SDM GHARAUNDA - HR91( 29-MAY-2017 ),HR-91,SDM GHARAUNDA,29.53692,76.97142,0.6200,geonames,false,"geonames=1271363; matched=""Gharaunda""; query=""GHARAUNDA""; feature=PPL"
Haryana,SDM GURUGRAM - HR26( 27-JUN-2017 ),HR-26,SDM GURUGRAM,28.4601,77.02635,0.6200,geonames,false,"geonames=1270642; matched=""Gurugram""; query=""GURUGRAM""; feature=PPLA2"
Haryana,SDM INDIRI - HR75( 13-JUN-2017 ),HR-75,SDM INDIRI,29.25,76.33333,0.6200,geonames,false,"geonames=1270260; matched=""State of Haryana""; query=""Haryana""; feature=ADM1"
Haryana,SDM KALANWALI - HR94( 28-JUL-2017 ),HR-94,SDM KALANWALI,29.83573,74.9717,0.6200,geonames,false,"geonames=1268469; matched=""Kalanwali""; query=""KALANWALI""; feature=PPL"
Haryana,SDM KHARKHONDA - HR79( 05-JUL-2017 ),HR-79,SDM KHARKHONDA,29.25,76.33333,0.6200,geonames,false,"geonames=1270260; matched=""State of Haryana""; query=""Haryana""; feature=ADM1"
Haryana,SDM NARNAUND - HR86( 22-MAY-2017 ),HR-86,SDM NARNAUND,29.22047,76.14278,0.6200,geonames,false,"geonames=1261771; matched=""Narnaund""; query=""NARNAUND""; feature=PPL"
Haryana,SDM OFFICE KALKA - HR49( 26-MAY-2017 ),HR-49,SDM KALKA,30.80568,76.92943,0.6200,geonames,false,"geonames=12682392; matched=""Kalka""; query=""KALKA""; feature=ADM3"
Haryana,SDM PUNHANA - HR93( 03-MAY-2017 ),HR-93,SDM PUNHANA,29.25,76.33333,0.6200,geonames,false,"geonames=1270260; matched=""State of Haryana""; query=""Haryana""; feature=ADM1"
Haryana,SDM RADAUR - HR92( 24-MAY-2017 ),HR-92,SDM RADAUR,30.02706,77.15177,0.6200,geonames,false,"geonames=1259075; matched=""Radaur""; query=""RADAUR""; feature=PPL"
Haryana,SDM SAMPLA - HR95( 24-APR-2017 ),HR-95,SDM SAMPLA,28.77718,76.77165,0.6200,geonames,false,"geonames=1257508; matched=""Sampla""; query=""SAMPLA""; feature=PPL"
Haryana,SDM SHAHABAD - HR78( 08-JUN-2017 ),HR-78,SDM SHAHABAD,30.16776,76.87046,0.6200,geonames,false,"geonames=1256752; matched=""Shahabad""; query=""SHAHABAD""; feature=PPL"
Haryana,SDM UCHANA - HR90( 07-APR-2017 ),HR-90,SDM UCHANA,29.46747,76.17798,0.6200,geonames,false,"geonames=1254000; matched=""Bara Uchana""; query=""UCHANA""; feature=PPL"
Haryana,SIRSA - HR24( 03-JUL-2017 ),HR-24,SIRSA,29.53489,75.02898,0.6800,geonames,false,"geonames=1256052; matched=""Sirsa""; query=""SIRSA""; feature=PPL"
Haryana,SIWANI - HR17( 21-JUL-2017 ),HR-17,SIWANI,28.90909,75.61469,0.6800,geonames,false,"geonames=1256773; matched=""Siwani""; query=""SIWANI""; feature=PPL"
Haryana,SONEPAT - HR10( 05-JUL-2017 ),HR-10,SONEPAT,28.99478,77.01937,0.6800,geonames,false,"geonames=1255744; matched=""Sonipat""; query=""SONEPAT""; feature=PPL"
Haryana,THANESAR - HR7( 22-JUN-2017 ),HR-7,THANESAR,29.97323,76.83214,0.6800,geonames,false,"geonames=1254657; matched=""Thanesar""; query=""THANESAR""; feature=PPL"
Haryana,TOHANA - HR23( 07-JUN-2017 ),HR-23,TOHANA,29.71332,75.90441,0.6800,geonames,false,"geonames=1254274; matched=""Tohana""; query=""TOHANA""; feature=PPL"
Haryana,TOSHAM - HR48( 01-JUN-2017 ),HR-48,TOSHAM,28.86993,75.9165,0.6800,geonames,false,"geonames=1254214; matched=""Tosham""; query=""TOSHAM""; feature=PPL"
Himachal Pradesh,HRTC BAIJNATH - HP113( 18-DEC-2017 ),HP-113,HRTC BAIJNATH,32.07755,76.67861,0.6200,geonames,false,"geonames=12682519; matched=""Baijnath""; query=""BAIJNATH""; feature=ADM3"
Himachal Pradesh,HRTC BILASPUR - HP105( 18-DEC-2017 ),HP-105,HRTC BILASPUR,31.33333,76.75,0.6200,geonames,false,"geonames=1275638; matched=""Bilaspur""; query=""BILASPUR""; feature=ADM2"
Himachal Pradesh,HRTC CHAMBA - HP115( 18-DEC-2017 ),HP-115,HRTC CHAMBA,32.57147,76.10229,0.6200,geonames,false,"geonames=1274849; matched=""Chamba""; query=""CHAMBA""; feature=ADM2"
Himachal Pradesh,HRTC DEHRA - HP114( 11-DEC-2017 ),HP-114,HRTC DEHRA,31.91667,77.25,0.6200,geonames,false,"geonames=1270101; matched=""State of Himachal Pradesh""; query=""Himachal Pradesh""; feature=ADM1"
Himachal Pradesh,HRTC DHARAMSHALA - HP111( 20-NOV-2017 ),HP-111,HRTC DHARAMSHALA,32.22006,76.32013,0.6200,geonames,false,"geonames=1272832; matched=""Dharamsala""; query=""DHARAMSHALA""; feature=PPL"
Himachal Pradesh,HRTC HAMIRPUR - HP119( 11-DEC-2017 ),HP-119,HRTC HAMIRPUR,31.75,76.5,0.6200,geonames,false,"geonames=1270456; matched=""Hamirpur""; query=""HAMIRPUR""; feature=ADM2"
Himachal Pradesh,HRTC JASSUR - HP107( 18-DEC-2017 ),HP-107,HRTC JASSUR,31.91667,77.25,0.6200,geonames,false,"geonames=1270101; matched=""State of Himachal Pradesh""; query=""Himachal Pradesh""; feature=ADM1"
Himachal Pradesh,HRTC KULLU - HP104( 18-DEC-2017 ),HP-104,HRTC KULLU,32,77.25,0.6200,geonames,false,"geonames=1265710; matched=""Kulu""; query=""KULLU""; feature=ADM2"
Himachal Pradesh,HRTC MANDI - HP106( 18-DEC-2017 ),HP-106,HRTC MANDI,31.75,77,0.6200,geonames,false,"geonames=1263863; matched=""Mandi""; query=""MANDI""; feature=ADM2"
Himachal Pradesh,HRTC NAHAN - HP110( 18-DEC-2017 ),HP-110,HRTC NAHAN,30.56029,77.29426,0.6200,geonames,false,"geonames=1262151; matched=""Nahan""; query=""NAHAN""; feature=PPL"
Himachal Pradesh,HRTC NALAGARH - HP109( 11-DEC-2017 ),HP-109,HRTC NALAGARH,31.04168,76.72285,0.6200,geonames,false,"geonames=1262083; matched=""Nalagarh""; query=""NALAGARH""; feature=PPL"
Himachal Pradesh,HRTC PALAMPUR - HP112( 18-DEC-2017 ),HP-112,HRTC PALAMPUR,32.11453,76.55681,0.6200,geonames,false,"geonames=1260784; matched=""Palampur""; query=""PALAMPUR""; feature=PPL"
Himachal Pradesh,HRTC RAMPUR - HP122( 18-DEC-2017 ),HP-122,HRTC RAMPUR,31.44943,77.63087,0.6200,geonames,false,"geonames=1258596; matched=""Rampur""; query=""RAMPUR""; feature=PPL"
Himachal Pradesh,HRTC SARKAGHAT - HP116( 18-DEC-2017 ),HP-116,HRTC SARKAGHAT,31.67524,76.73607,0.6200,geonames,false,"geonames=12682527; matched=""Sarkaghat""; query=""SARKAGHAT""; feature=ADM3"
Himachal Pradesh,HRTC SHIMLA(RURAL) - HP121( 18-DEC-2017 ),HP-121,HRTC SHIMLA,31.10442,77.16662,0.6200,geonames,false,"geonames=1256237; matched=""Shimla""; query=""SHIMLA""; feature=PPLA"
Himachal Pradesh,HRTC SUNDERNAGAR - HP117( 18-DEC-2017 ),HP-117,HRTC SUNDERNAGAR,31.91667,77.25,0.6200,geonames,false,"geonames=1270101; matched=""State of Himachal Pradesh""; query=""Himachal Pradesh""; feature=ADM1"
Himachal Pradesh,HRTC TARADEVI - HP103( 18-DEC-2017 ),HP-103,HRTC TARADEVI,31.91667,77.25,0.6200,geonames,false,"geonames=1270101; matched=""State of Himachal Pradesh""; query=""Himachal Pradesh""; feature=ADM1"
Himachal Pradesh,HRTC UNA - HP108( 11-DEC-2017 ),HP-108,HRTC UNA,31.58369,76.19283,0.6200,geonames,false,"geonames=7701379; matched=""Una""; query=""UNA""; feature=ADM2"
Himachal Pradesh,RLA AMB - HP19( 07-JUL-2017 ),HP-19,RLA AMB,31.67337,76.15015,0.6800,geonames,false,"geonames=12684308; matched=""Amb""; query=""AMB""; feature=ADM3"
Himachal Pradesh,RLA ANI - HP35( 15-JUL-2017 ),HP-35,RLA ANI,31.4498,77.41281,0.6800,geonames,false,"geonames=12682525; matched=""Ani""; query=""ANI""; feature=ADM3"
Himachal Pradesh,RLA ARKI - HP11( 07-JUL-2017 ),HP-11,RLA ARKI,31.15196,76.96675,0.6800,geonames,false,"geonames=1278389; matched=""Arki""; query=""ARKI""; feature=PPL"
Himachal Pradesh,RLA BADDI - HP127( 26-OCT-2024 ),HP-127,RLA BADDI,30.95783,76.79136,0.6800,geonames,false,"geonames=7279742; matched=""Baddi""; query=""BADDI""; feature=PPL"
Himachal Pradesh,RLA BAIJNATH - HP53( 30-JUN-2017 ),HP-53,RLA BAIJNATH,32.07755,76.67861,0.6800,geonames,false,"geonames=12682519; matched=""Baijnath""; query=""BAIJNATH""; feature=ADM3"
Himachal Pradesh,RLA BALH - HP82( 19-JUL-2017 ),HP-82,RLA BALH,31.58944,76.96011,0.6800,geonames,false,"geonames=12685330; matched=""Balh""; query=""BALH""; feature=ADM3"
Himachal Pradesh,RLA BALICHOWKI - HP123( 25-JUN-2022 ),HP-123,RLA BALICHOWKI,31.91667,77.25,0.6200,geonames,false,"geonames=1270101; matched=""State of Himachal Pradesh""; query=""Himachal Pradesh""; feature=ADM1"
Himachal Pradesh,RLA BANGANA - HP78( 22-JUL-2017 ),HP-78,RLA BANGANA,31.5726,76.39958,0.6800,geonames,false,"geonames=12684309; matched=""Bangana""; query=""BANGANA""; feature=ADM3"
Himachal Pradesh,RLA BANJAR - HP49( 15-JUL-2017 ),HP-49,RLA BANJAR,31.639,77.34055,0.6800,geonames,false,"geonames=1277294; matched=""Banjar""; query=""BANJAR""; feature=PPL"
Himachal Pradesh,RLA BARSAR - HP21( 10-JUL-2017 ),HP-21,RLA BARSAR,31.53862,76.48149,0.6800,geonames,false,"geonames=12685288; matched=""Barsar""; query=""BARSAR""; feature=ADM3"
Himachal Pradesh,RLA BHARMOUR - HP46( 12-JUL-2017 ),HP-46,RLA BHARMOUR,32.49817,76.63259,0.6800,geonames,false,"geonames=12682511; matched=""Bharmour""; query=""BHARMOUR""; feature=ADM3"
Himachal Pradesh,RLA BHORANJ - HP74( 10-JUL-2017 ),HP-74,RLA BHORANJ,31.64257,76.65047,0.6800,geonames,false,"geonames=12684306; matched=""Bhoranj""; query=""BHORANJ""; feature=ADM3"
Himachal Pradesh,RLA BILASPUR - HP24( 12-JUN-2017 ),HP-24,RLA BILASPUR,31.33333,76.75,0.6800,geonames,false,"geonames=1275638; matched=""Bilaspur""; query=""BILASPUR""; feature=ADM2"
Himachal Pradesh,RLA CHAMBA - HP48( 12-JUN-2017 ),HP-48,RLA CHAMBA,32.57147,76.10229,0.6800,geonames,false,"geonames=1274849; matched=""Chamba""; query=""CHAMBA""; feature=ADM2"
Himachal Pradesh,RLA CHOPAL - HP8( 21-JUN-2017 ),HP-8,RLA CHOPAL,31.91667,77.25,0.6200,geonames,false,"geonames=1270101; matched=""State of Himachal Pradesh""; query=""Himachal Pradesh""; feature=ADM1"
Himachal Pradesh,RLA CHURAH - HP44( 07-JUL-2017 ),HP-44,RLA CHURAH,32.80933,76.19014,0.6800,geonames,false,"geonames=12682508; matched=""Churah""; query=""CHURAH""; feature=ADM3"
Himachal Pradesh,RLA CHUWARI - HP57( 07-JUL-2017 ),HP-57,RLA CHUWARI,31.91667,77.25,0.6200,geonames,false,"geonames=1270101; matched=""State of Himachal Pradesh""; query=""Himachal Pradesh""; feature=ADM1"
Himachal Pradesh,RLA DALHOUSIE - HP47( 05-JUL-2017 ),HP-47,RLA DALHOUSIE,32.55219,75.94663,0.6800,geonames,false,"geonames=1273648; matched=""Dalhousie""; query=""DALHOUSIE""; feature=PPL"
Himachal Pradesh,RLA DEHRA - HP36( 12-JUL-2017 ),HP-36,RLA DEHRA,31.91667,77.25,0.6200,geonames,false,"geonames=1270101; matched=""State of Himachal Pradesh""; query=""Himachal Pradesh""; feature=ADM1"
Himachal Pradesh,RLA DHARAMPUR - HP86( 19-JUL-2017 ),HP-86,RLA DHARAMPUR,31.91667,77.25,0.6200,geonames,false,"geonames=1270101; matched=""State of Himachal Pradesh""; query=""Himachal Pradesh""; feature=ADM1"
Himachal Pradesh,RLA DHARAMSHALA - HP39( 22-MAY-2017 ),HP-39,RLA DHARAMSHALA,32.22006,76.32013,0.6800,geonames,false,"geonames=1272832; matched=""Dharamsala""; query=""DHARAMSHALA""; feature=PPL"
Himachal Pradesh,RLA DHEERA - HP96( 05-MAR-2018 ),HP-96,RLA DHEERA,31.91667,77.25,0.6200,geonames,false,"geonames=1270101; matched=""State of Himachal Pradesh""; query=""Himachal Pradesh""; feature=ADM1"
Himachal Pradesh,RLA DODRA KAWAR - HP77( 21-JUN-2017 ),HP-77,RLA DODRA KAWAR,31.91667,77.25,0.6200,geonames,false,"geonames=1270101; matched=""State of Himachal Pradesh""; query=""Himachal Pradesh""; feature=ADM1"
Himachal Pradesh,RLA FATHEPUR - HP88( 26-DEC-2016 ),HP-88,RLA FATHEPUR,31.91667,77.25,0.6200,geonames,false,"geonames=1270101; matched=""State of Himachal Pradesh""; query=""Himachal Pradesh""; feature=ADM1"
Himachal Pradesh,RLA GAGRET - HP101( 19-NOV-2019 ),HP-101,RLA GAGRET,31.65846,76.06144,0.6800,geonames,false,"geonames=1271813; matched=""Gagret""; query=""GAGRET""; feature=PPL"
Himachal Pradesh,RLA GHUMARVI - HP23( 05-JUL-2017 ),HP-23,RLA GHUMARVI,31.91667,77.25,0.6200,geonames,false,"geonames=1270101; matched=""State of Himachal Pradesh""; query=""Himachal Pradesh""; feature=ADM1"
Himachal Pradesh,RLA GOHAR - HP32( 15-JUL-2017 ),HP-32,RLA GOHAR,31.91667,77.25,0.6200,geonames,false,"geonames=1270101; matched=""State of Himachal Pradesh""; query=""Himachal Pradesh""; feature=ADM1"
Himachal Pradesh,RLA HAMIRPUR - HP22( 12-JUN-2017 ),HP-22,RLA HAMIRPUR,31.75,76.5,0.6800,geonames,false,"geonames=1270456; matched=""Hamirpur""; query=""HAMIRPUR""; feature=ADM2"
Himachal Pradesh,RLA HAROLI - HP80( 15-JUL-2017 ),HP-80,RLA HAROLI,31.38793,76.24915,0.6800,geonames,false,"geonames=12685367; matched=""Haroli""; query=""HAROLI""; feature=ADM3"
Himachal Pradesh,RLA INDORA - HP97( 19-FEB-2018 ),HP-97,RLA INDORA,32.15279,75.72693,0.6800,geonames,false,"geonames=10686949; matched=""Indpur""; query=""INDORA""; feature=PPL"
Himachal Pradesh,RLA JAISINGPUR - HP56( 30-JUN-2017 ),HP-56,RLA JAISINGPUR,31.91667,77.25,0.6200,geonames,false,"geonames=1270101; matched=""State of Himachal Pradesh""; query=""Himachal Pradesh""; feature=ADM1"
Himachal Pradesh,RLA JAWALAJI - HP83( 19-JUL-2017 ),HP-83,RLA JAWALAJI,31.91667,77.25,0.6200,geonames,false,"geonames=1270101; matched=""State of Himachal Pradesh""; query=""Himachal Pradesh""; feature=ADM1"
Himachal Pradesh,RLA JAWALI - HP54( 15-JUL-2017 ),HP-54,RLA JAWALI,32.15722,76.00354,0.6800,geonames,false,"geonames=12685303; matched=""Jawali""; query=""JAWALI""; feature=ADM3"
Himachal Pradesh,RLA JHANDUTTA - HP89( 13-JUN-2017 ),HP-89,RLA JHANDUTTA,31.91667,77.25,0.6200,geonames,false,"geonames=1270101; matched=""State of Himachal Pradesh""; query=""Himachal Pradesh""; feature=ADM1"
Himachal Pradesh,RLA JOGINDER NAGAR - HP29( 15-JUL-2017 ),HP-29,RLA JOGINDER NAGAR,31.98727,76.78906,0.6800,geonames,false,"geonames=1268849; matched=""Jogindarnagar""; query=""JOGINDER NAGAR""; feature=PPL"
Himachal Pradesh,RLA JUBBAL - HP75( 10-FEB-2023 ),HP-75,RLA JUBBAL,31.10923,77.65085,0.6800,geonames,false,"geonames=1268802; matched=""Jubbal""; query=""JUBBAL""; feature=PPL"
Himachal Pradesh,RLA KAFFOTA - HP125( 25-NOV-2022 ),HP-125,RLA KAFFOTA,31.91667,77.25,0.6200,geonames,false,"geonames=1270101; matched=""State of Himachal Pradesh""; query=""Himachal Pradesh""; feature=ADM1"
Himachal Pradesh,RLA KALPA - HP25( 12-JUN-2017 ),HP-25,RLA KALPA,31.57055,78.24977,0.6800,geonames,false,"geonames=12685138; matched=""Kalpa""; query=""KALPA""; feature=ADM3"
Himachal Pradesh,RLA KANDAGHAT - HP13( 19-JUL-2017 ),HP-13,RLA KANDAGHAT,30.96048,77.15324,0.6800,geonames,false,"geonames=12682544; matched=""Kandaghat""; query=""KANDAGHAT""; feature=ADM3"
Himachal Pradesh,RLA KANGRA - HP40( 01-JUL-2017 ),HP-40,RLA KANGRA,32.16667,76.25,0.6800,geonames,false,"geonames=1268085; matched=""Kangra""; query=""KANGRA""; feature=ADM2"
Himachal Pradesh,RLA KARSOG - HP30( 15-JUL-2017 ),HP-30,RLA KARSOG,31.34989,77.27312,0.6800,geonames,false,"geonames=12685335; matched=""Karsog""; query=""KARSOG""; feature=ADM3"
Himachal Pradesh,RLA KASAULI - HP98( 25-JUN-2021 ),HP-98,RLA KASAULI,30.89856,76.96587,0.6800,geonames,false,"geonames=1267605; matched=""Kasauli""; query=""KASAULI""; feature=PPL"
Himachal Pradesh,RLA KAZA - HP41( 17-JUL-2017 ),HP-41,RLA KAZA,31.91667,77.25,0.6200,geonames,false,"geonames=1270101; matched=""State of Himachal Pradesh""; query=""Himachal Pradesh""; feature=ADM1"
Himachal Pradesh,RLA KELANG - HP42( 12-JUN-2017 ),HP-42,RLA KELANG,31.91667,77.25,0.6200,geonames,false,"geonames=1270101; matched=""State of Himachal Pradesh""; query=""Himachal Pradesh""; feature=ADM1"
Himachal Pradesh,RLA KOTKHAI - HP99( 10-FEB-2023 ),HP-99,RLA KOTKHAI,31.11728,77.53936,0.6800,geonames,false,"geonames=1265972; matched=""Kotkhai""; query=""KOTKHAI""; feature=PPL"
Himachal Pradesh,RLA KOTLI - HP102( 12-MAR-2022 ),HP-102,RLA KOTLI,31.76465,76.86204,0.6800,geonames,false,"geonames=12684873; matched=""Kotli""; query=""KOTLI""; feature=ADM3"
Himachal Pradesh,RLA KULU - HP34( 12-JUN-2017 ),HP-34,RLA KULU,32,77.25,0.6800,geonames,false,"geonames=1265710; matched=""Kulu""; query=""KULU""; feature=ADM2"
Himachal Pradesh,RLA KUMARSAIN - HP95( 26-JUL-2017 ),HP-95,RLA KUMARSAIN,31.28017,77.39014,0.6800,geonames,false,"geonames=12682550; matched=""Kumarsain""; query=""KUMARSAIN""; feature=ADM3"
Himachal Pradesh,RLA KUPVI - HP126( 10-FEB-2023 ),HP-126,RLA KUPVI,30.83852,77.57955,0.6800,geonames,false,"geonames=12682620; matched=""Kupvi""; query=""KUPVI""; feature=ADM3"
Himachal Pradesh,RLA MANALI - HP58( 05-JUL-2017 ),HP-58,RLA MANALI,32.2574,77.17481,0.6800,geonames,false,"geonames=1263967; matched=""Manali""; query=""MANALI""; feature=PPL"
Himachal Pradesh,RLA MANDI - HP33( 12-JUN-2017 ),HP-33,RLA MANDI,31.75,77,0.6800,geonames,false,"geonames=1263863; matched=""Mandi""; query=""MANDI""; feature=ADM2"
Himachal Pradesh,RLA NADAUN - HP55( 05-JUL-2017 ),HP-55,RLA NADAUN,31.78303,76.3431,0.6800,geonames,false,"geonames=1262300; matched=""Nadaun""; query=""NADAUN""; feature=PPL"
Himachal Pradesh,RLA NAGROTA BAGWAN - HP94( 29-SEP-2017 ),HP-94,RLA NAGROTA BAGWAN,32.0571,76.09139,0.6200,geonames,false,"geonames=1262162; matched=""Nagrota""; query=""NAGROTA""; feature=PPL"
Himachal Pradesh,RLA NAHAN - HP18( 12-JUN-2017 ),HP-18,RLA NAHAN,30.56029,77.29426,0.6800,geonames,false,"geonames=1262151; matched=""Nahan""; query=""NAHAN""; feature=PPL"
Himachal Pradesh,RLA NALAGARH - HP12( 21-JUN-2017 ),HP-12,RLA NALAGARH,31.04168,76.72285,0.6800,geonames,false,"geonames=1262083; matched=""Nalagarh""; query=""NALAGARH""; feature=PPL"
Himachal Pradesh,RLA NICHAR - HP26( 21-JUN-2017 ),HP-26,RLA NICHAR,31.5936,77.96252,0.6800,geonames,false,"geonames=12682411; matched=""Nichar""; query=""NICHAR""; feature=ADM3"
Himachal Pradesh,RLA NIRMAND - HP124( 05-SEP-2022 ),HP-124,RLA NIRMAND,31.52204,77.59652,0.6800,geonames,false,"geonames=12682526; matched=""Nirmand""; query=""NIRMAND""; feature=ADM3"
Himachal Pradesh,RLA NURPUR - HP38( 12-JUL-2017 ),HP-38,RLA NURPUR,32.3015,75.88481,0.6800,geonames,false,"geonames=1261121; matched=""Nurpur""; query=""NURPUR""; feature=PPL"
Himachal Pradesh,RLA PACHHAD - HP100( 19-NOV-2019 ),HP-100,RLA PACHHAD,30.74268,77.18051,0.6800,geonames,false,"geonames=12682545; matched=""Pachhad""; query=""PACHHAD""; feature=ADM3"
Himachal Pradesh,RLA PADDHAR - HP76( 05-JUL-2017 ),HP-76,RLA PADDHAR,31.91667,77.25,0.6200,geonames,false,"geonames=1270101; matched=""State of Himachal Pradesh""; query=""Himachal Pradesh""; feature=ADM1"
Himachal Pradesh,RLA PALAMPUR - HP37( 01-JUL-2017 ),HP-37,RLA PALAMPUR,32.11453,76.55681,0.6800,geonames,false,"geonames=1260784; matched=""Palampur""; query=""PALAMPUR""; feature=PPL"
Himachal Pradesh,RLA PANGI - HP45( 22-JUL-2017 ),HP-45,RLA PANGI,33.00464,76.5085,0.6800,geonames,false,"geonames=12682507; matched=""Pangi""; query=""PANGI""; feature=ADM3"
Himachal Pradesh,RLA PAONTA SAHIB - HP17( 05-JUL-2017 ),HP-17,RLA PAONTA SAHIB,30.43666,77.62462,0.6800,geonames,false,"geonames=1260421; matched=""Paonta Sahib""; query=""PAONTA SAHIB""; feature=PPL"
Himachal Pradesh,RLA PARWANOO - HP15( 22-JUL-2017 ),HP-15,RLA PARWANOO,30.83716,76.96143,0.6800,geonames,false,"geonames=7279750; matched=""Parwanoo""; query=""PARWANOO""; feature=PPL"
Himachal Pradesh,RLA POOH - HP27( 21-JUN-2017 ),HP-27,RLA POOH,31.91667,77.25,0.6200,geonames,false,"geonames=1270101; matched=""State of Himachal Pradesh""; query=""Himachal Pradesh""; feature=ADM1"
Himachal Pradesh,RLA RAJGARH - HP16( 10-JUL-2017 ),HP-16,RLA RAJGARH,30.85142,77.30066,0.6800,geonames,false,"geonames=1258867; matched=""Rajgarh""; query=""RAJGARH""; feature=PPL"
Himachal Pradesh,RLA RAMPUR BUSHAR - HP6( 21-JUN-2017 ),HP-6,RLA RAMPUR BUSHAR,31.44943,77.63087,0.6200,geonames,false,"geonames=1258596; matched=""Rampur""; query=""RAMPUR""; feature=PPL"
Himachal Pradesh,RLA ROHRU - HP10( 21-JUN-2017 ),HP-10,RLA ROHRU,31.20269,77.75484,0.6800,geonames,false,"geonames=1258078; matched=""Rohru""; query=""ROHRU""; feature=PPL"
Himachal Pradesh,RLA SALOONI - HP81( 20-JUN-2017 ),HP-81,RLA SALOONI,31.91667,77.25,0.6200,geonames,false,"geonames=1270101; matched=""State of Himachal Pradesh""; query=""Himachal Pradesh""; feature=ADM1"
Himachal Pradesh,RLA SANGRAH - HP79( 10-JUL-2017 ),HP-79,RLA SANGRAH,31.91667,77.25,0.6200,geonames,false,"geonames=1270101; matched=""State of Himachal Pradesh""; query=""Himachal Pradesh""; feature=ADM1"
Himachal Pradesh,RLA SARKAGHAT - HP28( 15-JUL-2017 ),HP-28,RLA SARKAGHAT,31.67524,76.73607,0.6800,geonames,false,"geonames=12682527; matched=""Sarkaghat""; query=""SARKAGHAT""; feature=ADM3"
Himachal Pradesh,RLA SHAHPUR - HP90( 15-MAR-2017 ),HP-90,RLA SHAHPUR,32.18523,76.19469,0.6800,geonames,false,"geonames=12685302; matched=""Shahpur""; query=""SHAHPUR""; feature=ADM3"
Himachal Pradesh,RLA SHILLAI - HP85( 10-JUL-2017 ),HP-85,RLA SHILLAI,31.91667,77.25,0.6200,geonames,false,"geonames=1270101; matched=""State of Himachal Pradesh""; query=""Himachal Pradesh""; feature=ADM1"
Himachal Pradesh,RLA SHIMLA HP-03/HP-07(URBAN) - HP3( 22-MAY-2017 ),HP-03,RLA SHIMLA /,31.10442,77.16662,0.6800,geonames,false,"geonames=1256237; matched=""Shimla""; query=""SHIMLA""; feature=PPLA"
Himachal Pradesh,RLA SHIMLA(RURAL) - HP51( 12-JUN-2017 ),HP-51,RLA SHIMLA,31.10442,77.16662,0.6800,geonames,false,"geonames=1256237; matched=""Shimla""; query=""SHIMLA""; feature=PPLA"
Himachal Pradesh,RLA SHRI NAINA DEVI JI SWARGHAT - HP91( 28-JUL-2017 ),HP-91,RLA SHRI NAINA DEVI JI SWARGHAT,31.91667,77.25,0.6200,geonames,false,"geonames=1270101; matched=""State of Himachal Pradesh""; query=""Himachal Pradesh""; feature=ADM1"
Himachal Pradesh,RLA SOLAN - HP14( 12-JUN-2017 ),HP-14,RLA SOLAN,30.90908,77.10869,0.6800,geonames,false,"geonames=1255850; matched=""Solan""; query=""SOLAN""; feature=PPL"
Himachal Pradesh,RLA SUJANPUR - HP84( 10-JUL-2017 ),HP-84,RLA SUJANPUR,31.83364,76.50539,0.6800,geonames,false,"geonames=1254415; matched=""Tira Sujanpur""; query=""SUJANPUR""; feature=PPL"
Himachal Pradesh,RLA SUNDARNAGAR - HP31( 15-JUL-2017 ),HP-31,RLA SUNDARNAGAR,31.53523,76.905,0.6800,geonames,false,"geonames=1255434; matched=""Sundarnagar""; query=""SUNDARNAGAR""; feature=PPL"
Himachal Pradesh,RLA SUNNI - HP128( 17-MAR-2026 ),HP-128,RLA SUNNI,31.20132,77.18086,0.6800,geonames,false,"geonames=12685347; matched=""Sunni""; query=""SUNNI""; feature=ADM3"
Himachal Pradesh,RLA THEOG - HP9( 21-JUN-2017 ),HP-9,RLA THEOG,31.12155,77.35838,0.6800,geonames,false,"geonames=1254608; matched=""Theog""; query=""THEOG""; feature=PPL"
Himachal Pradesh,RLA THUNAG - HP87( 02-MAY-2017 ),HP-87,RLA THUNAG,31.51544,77.19557,0.6800,geonames,false,"geonames=12685322; matched=""Thunag""; query=""THUNAG""; feature=ADM3"
Himachal Pradesh,RLA UDAIPUR - HP43( 05-JUL-2017 ),HP-43,RLA UDAIPUR,32.89554,76.84281,0.6800,geonames,false,"geonames=12682521; matched=""Udaipur""; query=""UDAIPUR""; feature=ADM3"
Himachal Pradesh,RLA UNA - HP20( 12-JUN-2017 ),HP-20,RLA UNA,31.58369,76.19283,0.6800,geonames,false,"geonames=7701379; matched=""Una""; query=""UNA""; feature=ADM2"
Himachal Pradesh,RTO BADDI(NALAGARH) - HP93( 05-JUN-2017 ),HP-93,BADDI,30.95783,76.79136,0.6800,geonames,false,"geonames=7279742; matched=""Baddi""; query=""BADDI""; feature=PPL"
Himachal Pradesh,RTO BILASPUR - HP69( 11-OCT-2017 ),HP-69,BILASPUR,31.33333,76.75,0.6800,geonames,false,"geonames=1275638; matched=""Bilaspur""; query=""BILASPUR""; feature=ADM2"
Himachal Pradesh,RTO CHAMBA - HP73( 13-OCT-2017 ),HP-73,CHAMBA,32.57147,76.10229,0.6800,geonames,false,"geonames=1274849; matched=""Chamba""; query=""CHAMBA""; feature=ADM2"
Himachal Pradesh,RTO DHARAMSHALA - HP68( 29-SEP-2017 ),HP-68,DHARAMSHALA,32.22006,76.32013,0.6800,geonames,false,"geonames=1272832; matched=""Dharamsala""; query=""DHARAMSHALA""; feature=PPL"
Himachal Pradesh,RTO Dehra - HP129( 11-MAY-2026 ),HP-129,Dehra,31.91667,77.25,0.6200,geonames,false,"geonames=1270101; matched=""State of Himachal Pradesh""; query=""Himachal Pradesh""; feature=ADM1"
Himachal Pradesh,RTO HAMIRPUR - HP67( 06-OCT-2017 ),HP-67,HAMIRPUR,31.75,76.5,0.6800,geonames,false,"geonames=1270456; matched=""Hamirpur""; query=""HAMIRPUR""; feature=ADM2"
Himachal Pradesh,RTO KULLU - HP66( 20-SEP-2017 ),HP-66,KULLU,32,77.25,0.6800,geonames,false,"geonames=1265710; matched=""Kulu""; query=""KULLU""; feature=ADM2"
Himachal Pradesh,RTO MANDI - HP65( 22-SEP-2017 ),HP-65,MANDI,31.75,77,0.6800,geonames,false,"geonames=1263863; matched=""Mandi""; query=""MANDI""; feature=ADM2"
Himachal Pradesh,RTO NAHAN - HP71( 18-OCT-2017 ),HP-71,NAHAN,30.56029,77.29426,0.6800,geonames,false,"geonames=1262151; matched=""Nahan""; query=""NAHAN""; feature=PPL"
Himachal Pradesh,RTO RAMPUR - HP92( 30-MAY-2017 ),HP-92,RAMPUR,31.44943,77.63087,0.6800,geonames,false,"geonames=1258596; matched=""Rampur""; query=""RAMPUR""; feature=PPL"
Himachal Pradesh,RTO SHIMLA - HP63( 14-AUG-2017 ),HP-63,SHIMLA,31.10442,77.16662,0.6800,geonames,false,"geonames=1256237; matched=""Shimla""; query=""SHIMLA""; feature=PPLA"
Himachal Pradesh,RTO SOLAN - HP64( 27-SEP-2017 ),HP-64,SOLAN,30.90908,77.10869,0.6800,geonames,false,"geonames=1255850; matched=""Solan""; query=""SOLAN""; feature=PPL"
Himachal Pradesh,RTO UNA - HP72( 25-OCT-2017 ),HP-72,UNA,31.58369,76.19283,0.6800,geonames,false,"geonames=7701379; matched=""Una""; query=""UNA""; feature=ADM2"
Himachal Pradesh,STA SHIMLA - HP62( 21-JUN-2017 ),HP-62,STA SHIMLA,31.10442,77.16662,0.6800,geonames,false,"geonames=1256237; matched=""Shimla""; query=""SHIMLA""; feature=PPLA"
Jammu and Kashmir,ANANTNAG ARTO - JK3( 24-OCT-2016 ),JK-3,ANANTNAG,33.73068,75.15418,0.6800,geonames,false,"geonames=1278667; matched=""Anantnag""; query=""ANANTNAG""; feature=PPL"
Jammu and Kashmir,BANDIPORA ARTO - JK15( 29-FEB-2016 ),JK-15,BANDIPORA,34.47119,74.73785,0.6800,geonames,false,"geonames=12682720; matched=""Bandipora""; query=""BANDIPORA""; feature=ADM3"
Jammu and Kashmir,BARAMULLA ARTO - JK5( 07-DEC-2016 ),JK-5,BARAMULLA,34.19287,74.3692,0.6800,geonames,false,"geonames=1277086; matched=""Baramula""; query=""BARAMULLA""; feature=ADM2"
Jammu and Kashmir,BUDGAM ARTO - JK4( 16-MAY-2016 ),JK-4,BUDGAM,34.03373,74.71879,0.6800,geonames,false,"geonames=12685195; matched=""Budgam""; query=""BUDGAM""; feature=ADM3"
Jammu and Kashmir,DODA ARTO - JK6( 05-SEP-2016 ),JK-6,DODA,33.14916,75.54746,0.6800,geonames,false,"geonames=1272476; matched=""Doda""; query=""DODA""; feature=PPL"
Jammu and Kashmir,GANDERBAL ARTO - JK16( 18-MAY-2016 ),JK-16,GANDERBAL,34.22619,74.77478,0.6800,geonames,false,"geonames=1271729; matched=""Ganderbal""; query=""GANDERBAL""; feature=PPL"
Jammu and Kashmir,JAMMU RTO - JK2( 01-DEC-2016 ),JK-2,JAMMU,32.73528,74.86167,0.6800,geonames,false,"geonames=1269321; matched=""Jammu""; query=""JAMMU""; feature=PPLA"
Jammu and Kashmir,KATHUA RTO - JK8( 22-SEP-2016 ),JK-8,KATHUA,32.36941,75.52539,0.6800,geonames,false,"geonames=1267486; matched=""Kathua""; query=""KATHUA""; feature=PPL"
Jammu and Kashmir,KISHTWAR ARTO - JK17( 18-NOV-2016 ),JK-17,KISHTWAR,33.31346,75.76726,0.6800,geonames,false,"geonames=1266475; matched=""Kishtwar""; query=""KISHTWAR""; feature=PPL"
Jammu and Kashmir,KULGAM ARTO - JK18( 21-APR-2016 ),JK-18,KULGAM,33.64456,75.01923,0.6800,geonames,false,"geonames=1265734; matched=""Kulgam""; query=""KULGAM""; feature=PPL"
Jammu and Kashmir,KUPWARA ARTO - JK9( 25-NOV-2016 ),JK-9,KUPWARA,34.52856,74.26396,0.6800,geonames,false,"geonames=10002798; matched=""Kopawor""; query=""KUPWARA""; feature=PPL"
Jammu and Kashmir,POONCH ARTO - JK12( 08-FEB-2017 ),JK-12,POONCH,33.77033,74.09254,0.6800,geonames,false,"geonames=1167718; matched=""Punch""; query=""POONCH""; feature=PPL"
Jammu and Kashmir,PULWAMA ARTO - JK13( 29-FEB-2016 ),JK-13,PULWAMA,33.87405,74.89955,0.6800,geonames,false,"geonames=1259251; matched=""Pulwama""; query=""PULWAMA""; feature=PPL"
Jammu and Kashmir,RAJOURI ARTO - JK11( 09-DEC-2016 ),JK-11,RAJOURI,33.25,74.25,0.6800,geonames,false,"geonames=1258892; matched=""Rajauri""; query=""RAJOURI""; feature=ADM2"
Jammu and Kashmir,RAMBAN ARTO - JK19( 07-APR-2016 ),JK-19,RAMBAN,33.24278,75.23513,0.6800,geonames,false,"geonames=1258715; matched=""Ramban""; query=""RAMBAN""; feature=PPL"
Jammu and Kashmir,REASI ARTO - JK20( 29-FEB-2016 ),JK-20,REASI,33.08115,74.83242,0.6800,geonames,false,"geonames=1258167; matched=""Riasi""; query=""REASI""; feature=PPL"
Jammu and Kashmir,SAMBA ARTO - JK21( 29-FEB-2016 ),JK-21,SAMBA,32.56245,75.11993,0.6800,geonames,false,"geonames=1257545; matched=""Samba""; query=""SAMBA""; feature=PPL"
Jammu and Kashmir,SHOPIAN ARTO - JK22( 08-NOV-2016 ),JK-22,SHOPIAN,33.71723,74.83413,0.6800,geonames,false,"geonames=1256414; matched=""Shopian""; query=""SHOPIAN""; feature=PPL"
Jammu and Kashmir,SRINAGAR RTO - JK1( 12-NOV-2016 ),JK-1,SRINAGAR,34.08565,74.80555,0.6800,geonames,false,"geonames=1255634; matched=""Srinagar""; query=""SRINAGAR""; feature=PPLA"
Jammu and Kashmir,STATE TRANSPORT AUTHORITY - JK999( 04-MAY-2021 ),JK-999,STATE AUTHORITY,33.5329,75.40781,0.6800,geonames,false,"geonames=1269320; matched=""State of Jammu and Kashmir""; query=""Jammu and Kashmir""; feature=ADM1"
Jammu and Kashmir,UDHAMPUR ARTO - JK14( 12-SEP-2016 ),JK-14,UDHAMPUR,32.92431,75.13573,0.6800,geonames,false,"geonames=1253956; matched=""Udhampur""; query=""UDHAMPUR""; feature=PPL"
Jharkhand,"Authorised Testing Centre (TUV SUD), Ranchi - JH201( 24-AUG-2018 )",JH-201,"Authorised Testing Centre , Ranchi",23.34316,85.3094,0.6200,geonames,false,"geonames=1258526; matched=""Ranchi""; query=""Ranchi""; feature=PPLA"
Jharkhand,"Authorized Fitness Centre(VAHAN),Dhanbad - JH202( 24-SEP-2019 )",JH-202,"Authorized Fitness Centre ,Dhanbad",23.79759,86.42992,0.6200,geonames,false,"geonames=1272979; matched=""Dhanbad""; query=""Dhanbad""; feature=PPLA2"
Jharkhand,BOKARO - JH9( 24-JAN-2017 ),JH-9,BOKARO,23.66934,86.15161,0.6800,geonames,false,"geonames=1275362; matched=""Bokaro""; query=""BOKARO""; feature=PPLA2"
Jharkhand,CHATRA - JH13( 19-JAN-2017 ),JH-13,CHATRA,24.20645,84.87085,0.6800,geonames,false,"geonames=1274536; matched=""Chatra""; query=""CHATRA""; feature=PPL"
Jharkhand,DEOGHAR - JH15( 19-JAN-2017 ),JH-15,DEOGHAR,24.48983,86.69902,0.6800,geonames,false,"geonames=1273241; matched=""Deoghar""; query=""DEOGHAR""; feature=PPLA3"
Jharkhand,DHANBAD - JH10( 19-JAN-2017 ),JH-10,DHANBAD,23.79759,86.42992,0.6800,geonames,false,"geonames=1272979; matched=""Dhanbad""; query=""DHANBAD""; feature=PPLA2"
Jharkhand,DTO OFFICE DUMKA - JH4( 19-JAN-2017 ),JH-4,DUMKA,24.26778,87.24855,0.6800,geonames,false,"geonames=1272237; matched=""Dumka""; query=""DUMKA""; feature=PPL"
Jharkhand,EAST SINGHBHUM (JAMSHEDPUR) - JH5( 19-JAN-2017 ),JH-5,EAST SINGHBHUM,22.59238,86.48341,0.6800,geonames,false,"geonames=7701426; matched=""Purba Singhbhum""; query=""EAST SINGHBHUM""; feature=ADM2"
Jharkhand,GARHWA - JH14( 19-JAN-2017 ),JH-14,GARHWA,24.16002,83.80755,0.6800,geonames,false,"geonames=1271493; matched=""Garhwa""; query=""GARHWA""; feature=PPL"
Jharkhand,GIRIDIH - JH11( 19-JAN-2017 ),JH-11,GIRIDIH,24.18622,86.30875,0.6800,geonames,false,"geonames=1271175; matched=""Giridih""; query=""GIRIDIH""; feature=PPL"
Jharkhand,GODDA - JH17( 19-JAN-2017 ),JH-17,GODDA,24.827,87.2125,0.6800,geonames,false,"geonames=1271113; matched=""Godda""; query=""GODDA""; feature=PPL"
Jharkhand,GUMLA - JH7( 29-JUN-2016 ),JH-7,GUMLA,23.04268,84.54429,0.6800,geonames,false,"geonames=1270722; matched=""Gumla""; query=""GUMLA""; feature=PPL"
Jharkhand,HAZARIBAG - JH2( 19-JAN-2017 ),JH-2,HAZARIBAG,23.99241,85.36162,0.6800,geonames,false,"geonames=1270164; matched=""Hazaribagh""; query=""HAZARIBAG""; feature=PPL"
Jharkhand,JAMTARA - JH21( 19-JAN-2017 ),JH-21,JAMTARA,24,86.85,0.6800,geonames,false,"geonames=7627228; matched=""Jamtara""; query=""JAMTARA""; feature=ADM2"
Jharkhand,KHUNTI - JH23( 19-JAN-2017 ),JH-23,KHUNTI,23.07602,85.27818,0.6800,geonames,false,"geonames=1266622; matched=""Khunti""; query=""KHUNTI""; feature=PPL"
Jharkhand,KODERMA - JH12( 19-JAN-2017 ),JH-12,KODERMA,24.46753,85.59397,0.6800,geonames,false,"geonames=1266414; matched=""Kodarma""; query=""KODERMA""; feature=PPL"
Jharkhand,LATEHAR - JH19( 19-JAN-2017 ),JH-19,LATEHAR,23.75,84.4,0.6800,geonames,false,"geonames=7627176; matched=""Latehar""; query=""LATEHAR""; feature=ADM2"
Jharkhand,LOHARDAGA - JH8( 19-JAN-2017 ),JH-8,LOHARDAGA,23.43305,84.67992,0.6800,geonames,false,"geonames=1264839; matched=""Lohardaga""; query=""LOHARDAGA""; feature=PPL"
Jharkhand,"M/S Global Automated Fitness,Hazaribag - JH206( 11-AUG-2023 )",JH-206,"M/S Global Automated Fitness,Hazaribag",23.99241,85.36162,0.6200,geonames,false,"geonames=1270164; matched=""Hazaribagh""; query=""Hazaribag""; feature=PPL"
Jharkhand,"M/s Auto Fitness Centre,Ranchi - JH203( 13-NOV-2019 )",JH-203,"M/s Auto Fitness Centre,Ranchi",23.34316,85.3094,0.6200,geonames,false,"geonames=1258526; matched=""Ranchi""; query=""Ranchi""; feature=PPLA"
Jharkhand,"M/s Auto Tech Vehicle Fitness,Ranchi - JH205( 05-AUG-2021 )",JH-205,"M/s Auto Tech Vehicle Fitness,Ranchi",23.34316,85.3094,0.6200,geonames,false,"geonames=1258526; matched=""Ranchi""; query=""Ranchi""; feature=PPLA"
Jharkhand,"M/s Universal Automated Fitness Centre, East Singhbhum - JH204( 09-MAR-2021 )",JH-204,"M/s Universal Automated Fitness Centre, East Singhbhum",23.75,85.5,0.6200,geonames,false,"geonames=1444365; matched=""State of Jharkhand""; query=""Jharkhand""; feature=ADM1"
Jharkhand,PAKUR - JH16( 19-JAN-2017 ),JH-16,PAKUR,24.63925,87.84239,0.6800,geonames,false,"geonames=1260824; matched=""Pakur""; query=""PAKUR""; feature=PPL"
Jharkhand,PALAMU - JH3( 19-JAN-2017 ),JH-3,PALAMU,23.91667,84.08333,0.6800,geonames,false,"geonames=1260783; matched=""Palamu""; query=""PALAMU""; feature=ADM2"
Jharkhand,RAMGARH - JH24( 14-MAR-2016 ),JH-24,RAMGARH,23.6303,85.52156,0.6800,geonames,false,"geonames=1258686; matched=""Ramgarh""; query=""RAMGARH""; feature=PPL"
Jharkhand,RANCHI - JH1( 19-JAN-2017 ),JH-1,RANCHI,23.34316,85.3094,0.6800,geonames,false,"geonames=1258526; matched=""Ranchi""; query=""RANCHI""; feature=PPLA"
Jharkhand,SAHEBGANJ - JH18( 19-JAN-2017 ),JH-18,SAHEBGANJ,24.99354,87.67333,0.6800,geonames,false,"geonames=7701603; matched=""Sahibganj""; query=""SAHEBGANJ""; feature=ADM2"
Jharkhand,SARAIKELA-KHARSAWAN - JH22( 19-JAN-2017 ),JH-22,SARAIKELA KHARSAWAN,22.83906,85.89594,0.6800,geonames,false,"geonames=7701601; matched=""Saraikela""; query=""SARAIKELA KHARSAWAN""; feature=ADM2"
Jharkhand,SIMDEGA - JH20( 19-JAN-2017 ),JH-20,SIMDEGA,22.61523,84.50208,0.6800,geonames,false,"geonames=1256246; matched=""Simdega""; query=""SIMDEGA""; feature=PPL"
Jharkhand,STATE TRANSPORT AUTHORITY - JH99( 15-FEB-2022 ),JH-99,STATE AUTHORITY,23.75,85.5,0.6800,geonames,false,"geonames=1444365; matched=""State of Jharkhand""; query=""Jharkhand""; feature=ADM1"
Jharkhand,WEST SINGHBHUM (CHAIBASA) - JH6( 19-JAN-2017 ),JH-6,WEST SINGHBHUM,22.5,85.5,0.6800,geonames,false,"geonames=1256163; matched=""Pashchim Singhbhum""; query=""WEST SINGHBHUM""; feature=ADM2"
Karnataka,ATHANI ARTO - KA71( 03-AUG-2020 ),KA-71,ATHANI,16.72613,75.06421,0.6800,geonames,false,"geonames=1278208; matched=""Athani""; query=""ATHANI""; feature=PPL"
Karnataka,BAGALKOT RTO - KA29( 29-SEP-2018 ),KA-29,BAGALKOT,16.18673,75.69614,0.6800,geonames,false,"geonames=1277936; matched=""Bagalkot""; query=""BAGALKOT""; feature=PPL"
Karnataka,BAILHONGAL RTO - KA24( 13-AUG-2018 ),KA-24,BAILHONGAL,14.66667,75.83333,0.6200,geonames,false,"geonames=1267701; matched=""State of Karnataka""; query=""Karnataka""; feature=ADM1"
Karnataka,BANTWALA ARTO - KA70( 03-MAR-2018 ),KA-70,BANTWALA,14.66667,75.83333,0.6200,geonames,false,"geonames=1267701; matched=""State of Karnataka""; query=""Karnataka""; feature=ADM1"
Karnataka,BASAVAKALYAN ARTO - KA56( 01-AUG-2018 ),KA-56,BASAVAKALYAN,17.87445,76.94972,0.6800,geonames,false,"geonames=1276783; matched=""Basavakalyan""; query=""BASAVAKALYAN""; feature=PPL"
Karnataka,BELLARY RTO - KA34( 31-JUL-2018 ),KA-34,BELLARY,15.14205,76.92398,0.6800,geonames,false,"geonames=1276509; matched=""Ballari""; query=""BELLARY""; feature=PPL"
Karnataka,BENGALURU CENTRAL RTO - KA1( 21-JAN-2019 ),KA-1,BENGALURU CENTRAL,12.97194,77.59369,0.6200,geonames,false,"geonames=1277333; matched=""Bengaluru""; query=""BENGALURU""; feature=PPLA"
Karnataka,BENGALURU EAST RTO - KA3( 04-FEB-2019 ),KA-3,BENGALURU EAST,12.97194,77.59369,0.6200,geonames,false,"geonames=1277333; matched=""Bengaluru""; query=""BENGALURU""; feature=PPLA"
Karnataka,BENGALURU NORTH RTO - KA4( 28-JAN-2019 ),KA-4,BENGALURU NORTH,12.97194,77.59369,0.6200,geonames,false,"geonames=1277333; matched=""Bengaluru""; query=""BENGALURU""; feature=PPLA"
Karnataka,BENGALURU SOUTH RTO - KA5( 07-JAN-2019 ),KA-5,BENGALURU SOUTH,12.925,77.595,0.7200,manual,false,existing profile
Karnataka,BENGALURU WEST RTO - KA2( 26-DEC-2018 ),KA-2,BENGALURU WEST,12.97194,77.59369,0.6200,geonames,false,"geonames=1277333; matched=""Bengaluru""; query=""BENGALURU""; feature=PPLA"
Karnataka,BHALKI ARTO - KA39( 31-JUL-2018 ),KA-39,BHALKI,18.04348,77.206,0.6800,geonames,false,"geonames=1276219; matched=""Bhalki""; query=""BHALKI""; feature=PPL"
Karnataka,BIDAR RTO - KA38( 01-AUG-2018 ),KA-38,BIDAR,17.90802,77.51524,0.6800,geonames,false,"geonames=1275738; matched=""Bidar""; query=""BIDAR""; feature=PPL"
Karnataka,BIJAPUR RTO - KA28( 29-SEP-2018 ),KA-28,BIJAPUR,16.82442,75.71537,0.6800,geonames,false,"geonames=1275701; matched=""Vijayapura""; query=""BIJAPUR""; feature=PPL"
Karnataka,CHAMARAJANAGAR RTO - KA10( 23-JUL-2018 ),KA-10,CHAMARAJANAGAR,11.92312,76.93949,0.6800,geonames,false,"geonames=1274821; matched=""Chamrajnagar""; query=""CHAMARAJANAGAR""; feature=PPLA2"
Karnataka,"CHANDAPURA, BENGALURU RTO - KA59( 08-FEB-2018 )",KA-59,"CHANDAPURA, BENGALURU",12.97194,77.59369,0.6200,geonames,false,"geonames=1277333; matched=""Bengaluru""; query=""BENGALURU""; feature=PPLA"
Karnataka,CHICKABALLAPUR RTO - KA40( 27-JUN-2018 ),KA-40,CHICKABALLAPUR,14.66667,75.83333,0.6200,geonames,false,"geonames=1267701; matched=""State of Karnataka""; query=""Karnataka""; feature=ADM1"
Karnataka,CHIKAMANGLUR RTO - KA18( 12-JUN-2018 ),KA-18,CHIKAMANGLUR,14.66667,75.83333,0.6200,geonames,false,"geonames=1267701; matched=""State of Karnataka""; query=""Karnataka""; feature=ADM1"
Karnataka,CHIKKODI RTO - KA23( 22-SEP-2018 ),KA-23,CHIKKODI,14.66667,75.83333,0.6200,geonames,false,"geonames=1267701; matched=""State of Karnataka""; query=""Karnataka""; feature=ADM1"
Karnataka,CHINTAMANI ARTO - KA67( 16-JUL-2018 ),KA-67,CHINTAMANI,13.40051,78.05172,0.6800,geonames,false,"geonames=1274129; matched=""Chintamani""; query=""CHINTAMANI""; feature=PPL"
Karnataka,CHITRADURGA RTO - KA16( 09-AUG-2018 ),KA-16,CHITRADURGA,14.22262,76.40038,0.6800,geonames,false,"geonames=1274056; matched=""Chitradurga""; query=""CHITRADURGA""; feature=PPL"
Karnataka,DANDELI ARTO - KA65( 28-SEP-2018 ),KA-65,DANDELI,15.26667,74.61667,0.6800,geonames,false,"geonames=1273574; matched=""Dandeli""; query=""DANDELI""; feature=PPL"
Karnataka,DAVANAGERE RTO - KA17( 02-JUL-2018 ),KA-17,DAVANAGERE,14.43,75.9,0.6800,geonames,false,"geonames=7646984; matched=""Davanagere""; query=""DAVANAGERE""; feature=ADM2"
Karnataka,DEVANAHALLI ARTO - KA43( 28-JUN-2018 ),KA-43,DEVANAHALLI,13.24655,77.71183,0.6800,geonames,false,"geonames=1273123; matched=""Devanahalli""; query=""DEVANAHALLI""; feature=PPL"
Karnataka,DHARWAD EAST RTO - KA63( 25-SEP-2018 ),KA-63,DHARWAD EAST,15.37,75.14,0.6200,geonames,false,"geonames=1272797; matched=""Dharwad""; query=""DHARWAD""; feature=ADM2"
Karnataka,DHARWAD WEST RTO - KA25( 25-SEP-2018 ),KA-25,DHARWAD WEST,15.37,75.14,0.6200,geonames,false,"geonames=1272797; matched=""Dharwad""; query=""DHARWAD""; feature=ADM2"
Karnataka,ELECTRONIC CITY RTO - KA51( 31-DEC-2018 ),KA-51,ELECTRONIC CITY,14.66667,75.83333,0.6200,geonames,false,"geonames=1267701; matched=""State of Karnataka""; query=""Karnataka""; feature=ADM1"
Karnataka,GADAG RTO - KA26( 25-SEP-2018 ),KA-26,GADAG,15.42977,75.62971,0.6800,geonames,false,"geonames=1271850; matched=""Gadag""; query=""GADAG""; feature=PPL"
Karnataka,GOKAK ARTO - KA49( 25-SEP-2018 ),KA-49,GOKAK,16.16901,74.82393,0.6800,geonames,false,"geonames=1271067; matched=""Gokak""; query=""GOKAK""; feature=PPL"
Karnataka,HASSAN RTO - KA13( 09-JUL-2018 ),KA-13,HASSAN,13.00715,76.0962,0.6800,geonames,false,"geonames=1270239; matched=""Hassan""; query=""HASSAN""; feature=PPL"
Karnataka,HAVERI RTO - KA27( 23-MAR-2018 ),KA-27,HAVERI,14.79354,75.40448,0.6800,geonames,false,"geonames=1270171; matched=""Haveri""; query=""HAVERI""; feature=PPL"
Karnataka,HONNAVAR ARTO - KA47( 29-SEP-2018 ),KA-47,HONNAVAR,14.28088,74.44497,0.6800,geonames,false,"geonames=1269976; matched=""Honnavar""; query=""HONNAVAR""; feature=PPL"
Karnataka,HOSPET RTO - KA35( 28-JUL-2018 ),KA-35,HOSPET,15.26954,76.3871,0.6800,geonames,false,"geonames=1269935; matched=""Hosapete""; query=""HOSPET""; feature=PPL"
Karnataka,HUNSUR ARTO - KA45( 11-JUL-2018 ),KA-45,HUNSUR,12.30359,76.29275,0.6800,geonames,false,"geonames=1269873; matched=""Hunsur""; query=""HUNSUR""; feature=PPL"
Karnataka,JAMKHANDI ARTO - KA48( 21-DEC-2018 ),KA-48,JAMKHANDI,16.50461,75.29146,0.6800,geonames,false,"geonames=1269328; matched=""Jamkhandi""; query=""JAMKHANDI""; feature=PPL"
Karnataka,JNANABHARATHI RTO - KA41( 24-JAN-2019 ),KA-41,JNANABHARATHI,14.66667,75.83333,0.6200,geonames,false,"geonames=1267701; matched=""State of Karnataka""; query=""Karnataka""; feature=ADM1"
Karnataka,K G F ARTO - KA8( 21-JUN-2018 ),KA-8,K G F,14.66667,75.83333,0.6200,geonames,false,"geonames=1267701; matched=""State of Karnataka""; query=""Karnataka""; feature=ADM1"
Karnataka,KALABURAGI RTO - KA32( 25-JUL-2018 ),KA-32,KALABURAGI,17.33583,76.83757,0.6800,geonames,false,"geonames=1270752; matched=""Kalaburagi""; query=""KALABURAGI""; feature=PPL"
Karnataka,KARWAR RTO - KA30( 29-SEP-2018 ),KA-30,KARWAR,14.81361,74.12972,0.6800,geonames,false,"geonames=1267635; matched=""Karwar""; query=""KARWAR""; feature=PPL"
Karnataka,KOLAR RTO - KA7( 21-JUN-2018 ),KA-7,KOLAR,13.13768,78.12999,0.6800,geonames,false,"geonames=1266305; matched=""Kolar""; query=""KOLAR""; feature=PPL"
Karnataka,KOPPAL RTO - KA37( 02-AUG-2018 ),KA-37,KOPPAL,15.34522,76.15478,0.6800,geonames,false,"geonames=1266154; matched=""Koppal""; query=""KOPPAL""; feature=PPL"
Karnataka,KRISHNARAJAPURAM RTO - KA53( 06-FEB-2019 ),KA-53,KRISHNARAJAPURAM,14.66667,75.83333,0.6200,geonames,false,"geonames=1267701; matched=""State of Karnataka""; query=""Karnataka""; feature=ADM1"
Karnataka,"MADHUGIRI, TUMAKURU ARTO - KA64( 22-FEB-2019 )",KA-64,"MADHUGIRI, TUMAKURU",13.34136,77.1022,0.6200,geonames,false,"geonames=1254089; matched=""Tumkur""; query=""TUMAKURU""; feature=PPL"
Karnataka,MADIKERI RTO - KA12( 23-JUL-2018 ),KA-12,MADIKERI,12.42602,75.7382,0.6800,geonames,false,"geonames=1264540; matched=""Madikeri""; query=""MADIKERI""; feature=PPL"
Karnataka,MANDYA RTO - KA11( 21-JUL-2018 ),KA-11,MANDYA,12.5223,76.89746,0.6800,geonames,false,"geonames=1263814; matched=""Mandya""; query=""MANDYA""; feature=PPL"
Karnataka,MANGALORE RTO - KA19( 27-MAR-2018 ),KA-19,MANGALORE,12.91723,74.85603,0.6800,geonames,false,"geonames=1263780; matched=""Mangaluru""; query=""MANGALORE""; feature=PPL"
Karnataka,MYSURU EAST RTO - KA55( 12-JUL-2018 ),KA-55,MYSURU EAST,12.29791,76.63925,0.6200,geonames,false,"geonames=1262321; matched=""Mysuru""; query=""MYSURU""; feature=PPLA2"
Karnataka,MYSURU WEST RTO - KA9( 12-JUL-2018 ),KA-9,MYSURU WEST,12.29791,76.63925,0.6200,geonames,false,"geonames=1262321; matched=""Mysuru""; query=""MYSURU""; feature=PPLA2"
Karnataka,NAGAMANGALA RTO - KA54( 23-JUL-2018 ),KA-54,NAGAMANGALA,12.81939,76.75456,0.6800,geonames,false,"geonames=1262266; matched=""Nagamangala""; query=""NAGAMANGALA""; feature=PPL"
Karnataka,NELAMANGALA RTO - KA52( 13-AUG-2018 ),KA-52,NELAMANGALA,13.09978,77.39364,0.6800,geonames,false,"geonames=1261539; matched=""Nelamangala""; query=""NELAMANGALA""; feature=PPL"
Karnataka,PUTTUR RTO - KA21( 27-MAR-2018 ),KA-21,PUTTUR,12.75975,75.20169,0.6800,geonames,false,"geonames=1259124; matched=""Puttur""; query=""PUTTUR""; feature=PPL"
Karnataka,RAICHUR RTO - KA36( 27-JUL-2018 ),KA-36,RAICHUR,16.20546,77.35567,0.6800,geonames,false,"geonames=1259012; matched=""Raichur""; query=""RAICHUR""; feature=PPL"
Karnataka,RAMANAGAR RTO - KA42( 02-JAN-2018 ),KA-42,RAMANAGAR,12.65,77.35,0.6800,geonames,false,"geonames=8224306; matched=""Ramanagara""; query=""RAMANAGAR""; feature=ADM2"
Karnataka,RAMDURGA ARTO - KA69( 19-JUL-2018 ),KA-69,RAMDURGA,14.66667,75.83333,0.6200,geonames,false,"geonames=1267701; matched=""State of Karnataka""; query=""Karnataka""; feature=ADM1"
Karnataka,RANIBENNUR ARTO - KA68( 24-FEB-2018 ),KA-68,RANIBENNUR,14.62239,75.62951,0.6800,geonames,false,"geonames=1258474; matched=""Ranebennur""; query=""RANIBENNUR""; feature=PPL"
Karnataka,REGIONAL TRANSPORT OFFICE BELAGAVI - KA22( 20-SEP-2018 ),KA-22,BELAGAVI,15.85212,74.50447,0.6800,geonames,false,"geonames=1276533; matched=""Belagavi""; query=""BELAGAVI""; feature=PPL"
Karnataka,SAGAR ARTO - KA15( 29-JUN-2018 ),KA-15,SAGAR,14.16498,75.02901,0.6800,geonames,false,"geonames=1257851; matched=""Sagar""; query=""SAGAR""; feature=PPL"
Karnataka,SAKALESHPURA ARTO - KA46( 09-JUL-2018 ),KA-46,SAKALESHPURA,14.66667,75.83333,0.6200,geonames,false,"geonames=1267701; matched=""State of Karnataka""; query=""Karnataka""; feature=ADM1"
Karnataka,SHIMOGA RTO - KA14( 29-JUN-2018 ),KA-14,SHIMOGA,13.93157,75.56791,0.6800,geonames,false,"geonames=1256515; matched=""Shivamogga""; query=""SHIMOGA""; feature=PPL"
Karnataka,SIRSI RTO - KA31( 29-SEP-2018 ),KA-31,SIRSI,14.62072,74.83554,0.6800,geonames,false,"geonames=1256047; matched=""Sirsi""; query=""SIRSI""; feature=PPL"
Karnataka,STATE TRANSPORT AUTHORITY - KA99( 15-APR-2021 ),KA-99,STATE AUTHORITY,14.66667,75.83333,0.6800,geonames,false,"geonames=1267701; matched=""State of Karnataka""; query=""Karnataka""; feature=ADM1"
Karnataka,"STU AND AUTORIKSHAW, SHANTHINAGAR RTO - KA57( 26-APR-2021 )",KA-57,"STU AND AUTORIKSHAW, SHANTHINAGAR",14.66667,75.83333,0.6200,geonames,false,"geonames=1267701; matched=""State of Karnataka""; query=""Karnataka""; feature=ADM1"
Karnataka,"TARIKERE, CHIKKAMAGALURU ARTO - KA66( 12-JUN-2018 )",KA-66,"TARIKERE, CHIKKAMAGALURU",13.32231,75.774,0.6200,geonames,false,"geonames=1274220; matched=""Chikmagalur""; query=""CHIKKAMAGALURU""; feature=PPL"
Karnataka,TIPTUR ARTO - KA44( 28-JUN-2018 ),KA-44,TIPTUR,13.2563,76.47768,0.6800,geonames,false,"geonames=1254420; matched=""Tiptur""; query=""TIPTUR""; feature=PPL"
Karnataka,TUMKUR RTO - KA6( 25-JUN-2018 ),KA-6,TUMKUR,13.34136,77.1022,0.6800,geonames,false,"geonames=1254089; matched=""Tumkur""; query=""TUMKUR""; feature=PPL"
Karnataka,UDUPI RTO - KA20( 14-JUN-2018 ),KA-20,UDUPI,13.33467,74.74617,0.6800,geonames,false,"geonames=1253952; matched=""Udupi""; query=""UDUPI""; feature=PPL"
Karnataka,YADGIRI RTO - KA33( 26-JUL-2018 ),KA-33,YADGIRI,14.66667,75.83333,0.6200,geonames,false,"geonames=1267701; matched=""State of Karnataka""; query=""Karnataka""; feature=ADM1"
Karnataka,YALAHANKA RTO - KA50( 31-JAN-2019 ),KA-50,YALAHANKA,13.10073,77.59632,0.6800,geonames,false,"geonames=1252758; matched=""Yelahanka""; query=""YALAHANKA""; feature=PPL"
Kerala,ADOOR SRTO - KL26( 27-MAR-2019 ),KL-26,ADOOR SRTO,9.1567,76.75624,0.6200,geonames,false,"geonames=12681995; matched=""Adoor""; query=""ADOOR""; feature=ADM3"
Kerala,ALAPPUZHA RTO - KL4( 18-MAR-2019 ),KL-4,ALAPPUZHA,9.49004,76.3264,0.6800,geonames,false,"geonames=1278985; matched=""Alappuzha""; query=""ALAPPUZHA""; feature=PPLA2"
Kerala,ALATHUR SRTO - KL49( 30-MAR-2019 ),KL-49,ALATHUR SRTO,10.6118,76.51875,0.6200,geonames,false,"geonames=12681975; matched=""Alathur""; query=""ALATHUR""; feature=ADM3"
Kerala,ALUVA SRTO - KL41( 23-MAR-2019 ),KL-41,ALUVA SRTO,10.10764,76.35158,0.6200,geonames,false,"geonames=7279600; matched=""Aluva""; query=""ALUVA""; feature=PPL"
Kerala,ANGAMALI SRTO - KL63( 23-MAR-2019 ),KL-63,ANGAMALI SRTO,10.19055,76.38789,0.6200,geonames,false,"geonames=1278602; matched=""Angamali""; query=""ANGAMALI""; feature=PPL"
Kerala,ATTINGAL RTO - KL16( 18-MAR-2019 ),KL-16,ATTINGAL,8.69609,76.81507,0.6800,geonames,false,"geonames=1278176; matched=""Attingal""; query=""ATTINGAL""; feature=PPL"
Kerala,CHADAYAMANGALA SRTO - KL82( 28-SEP-2020 ),KL-82,CHADAYAMANGALA SRTO,10.41667,76.5,0.6200,geonames,false,"geonames=1267254; matched=""State of Kerala""; query=""Kerala""; feature=ADM1"
Kerala,CHALAKKUDY SRTO - KL64( 30-MAR-2019 ),KL-64,CHALAKKUDY SRTO,10.3298,76.54771,0.6200,geonames,false,"geonames=12684512; matched=""Chalakkudy""; query=""CHALAKKUDY""; feature=ADM3"
Kerala,CHANGANACHERRY SRTO - KL33( 30-MAR-2019 ),KL-33,CHANGANACHERRY SRTO,9.44203,76.53604,0.6200,geonames,false,"geonames=1274664; matched=""Changanacheri""; query=""CHANGANACHERRY""; feature=PPL"
Kerala,CHENGANNUR SRTO - KL30( 30-MAR-2019 ),KL-30,CHENGANNUR SRTO,9.31575,76.61513,0.6200,geonames,false,"geonames=1274428; matched=""Chengannur""; query=""CHENGANNUR""; feature=PPL"
Kerala,CHERTHALA SRTO - KL32( 30-MAR-2019 ),KL-32,CHERTHALA SRTO,9.68444,76.33558,0.6200,geonames,false,"geonames=10792588; matched=""Cherthala""; query=""CHERTHALA""; feature=PPL"
Kerala,CHITTUR SRTO - KL70( 23-MAR-2019 ),KL-70,CHITTUR SRTO,10.69967,76.7471,0.6200,geonames,false,"geonames=1274032; matched=""Chittur""; query=""CHITTUR""; feature=PPL"
Kerala,DEVIKULAM SRTO - KL68( 30-MAR-2019 ),KL-68,DEVIKULAM SRTO,10.15389,77.08986,0.6200,geonames,false,"geonames=12684183; matched=""Devikulam""; query=""DEVIKULAM""; feature=ADM3"
Kerala,ERNAKULAM RTO - KL7( 14-MAR-2019 ),KL-7,ERNAKULAM,9.93988,76.26022,0.6800,geonames,false,"geonames=1273874; matched=""Kochi""; query=""ERNAKULAM""; feature=PPL"
Kerala,GURUVAYUR SRTO - KL46( 30-MAR-2019 ),KL-46,GURUVAYUR SRTO,10.5943,76.0411,0.6200,geonames,false,"geonames=1270603; matched=""Guruvayur""; query=""GURUVAYUR""; feature=PPL"
Kerala,IDUKKI RTO - KL6( 18-MAR-2019 ),KL-6,IDUKKI,10,77,0.6800,geonames,false,"geonames=1269812; matched=""Idukki""; query=""IDUKKI""; feature=ADM2"
Kerala,IRINJALAKUDA SRTO - KL45( 30-MAR-2019 ),KL-45,IRINJALAKUDA SRTO,10.34238,76.21124,0.6200,geonames,false,"geonames=1269693; matched=""Irinjalakuda""; query=""IRINJALAKUDA""; feature=PPL"
Kerala,IRITTY SRTO - KL78( 30-MAR-2019 ),KL-78,IRITTY SRTO,11.9754,75.72292,0.6200,geonames,false,"geonames=12682006; matched=""Iritty""; query=""IRITTY""; feature=ADM3"
Kerala,KANHANGAD SRTO - KL60( 30-MAR-2019 ),KL-60,KANHANGAD SRTO,12.30814,75.10632,0.6200,geonames,false,"geonames=1268015; matched=""Kanhangad""; query=""KANHANGAD""; feature=PPL"
Kerala,KANJIRAPPALLY SRTO - KL34( 30-MAR-2019 ),KL-34,KANJIRAPPALLY SRTO,9.54296,76.8102,0.6200,geonames,false,"geonames=12681984; matched=""Kanjirappally""; query=""KANJIRAPPALLY""; feature=ADM3"
Kerala,KANNUR RTO - KL13( 18-MAR-2019 ),KL-13,KANNUR,11.86752,75.35763,0.6800,geonames,false,"geonames=1274987; matched=""Kannur""; query=""KANNUR""; feature=PPL"
Kerala,KARUNAGAPPALLY SRTO - KL23( 30-MAR-2019 ),KL-23,KARUNAGAPPALLY SRTO,9.10422,76.53701,0.6200,geonames,false,"geonames=1267657; matched=""Karungappalli""; query=""KARUNAGAPPALLY""; feature=PPL"
Kerala,KASARGODE RTO - KL14( 18-MAR-2019 ),KL-14,KASARGODE,10.41667,76.5,0.6200,geonames,false,"geonames=1267254; matched=""State of Kerala""; query=""Kerala""; feature=ADM1"
Kerala,KATTAKADA SRTO - KL74( 29-MAR-2019 ),KL-74,KATTAKADA SRTO,10.41667,76.5,0.6200,geonames,false,"geonames=1267254; matched=""State of Kerala""; query=""Kerala""; feature=ADM1"
Kerala,KAYAMKULAM SRTO - KL29( 30-MAR-2019 ),KL-29,KAYAMKULAM SRTO,9.18173,76.50093,0.6200,geonames,false,"geonames=1267360; matched=""Kayamkulam""; query=""KAYAMKULAM""; feature=PPL"
Kerala,KAZHAKUTTOM SRTO - KL22( 29-MAR-2019 ),KL-22,KAZHAKUTTOM SRTO,10.41667,76.5,0.6200,geonames,false,"geonames=1267254; matched=""State of Kerala""; query=""Kerala""; feature=ADM1"
Kerala,KODUNGALLUR SRTO - KL47( 30-MAR-2019 ),KL-47,KODUNGALLUR SRTO,10.23263,76.19513,0.6200,geonames,false,"geonames=1266385; matched=""Kodungallur""; query=""KODUNGALLUR""; feature=PPL"
Kerala,KODUVALLY SRTO - KL57( 30-MAR-2019 ),KL-57,KODUVALLY SRTO,10.41667,76.5,0.6200,geonames,false,"geonames=1267254; matched=""State of Kerala""; query=""Kerala""; feature=ADM1"
Kerala,KOILANDY SRTO - KL56( 30-MAR-2019 ),KL-56,KOILANDY SRTO,10.41667,76.5,0.6200,geonames,false,"geonames=1267254; matched=""State of Kerala""; query=""Kerala""; feature=ADM1"
Kerala,KOLLAM RTO - KL2( 15-MAR-2019 ),KL-2,KOLLAM,8.88113,76.58469,0.6800,geonames,false,"geonames=1259091; matched=""Kollam""; query=""KOLLAM""; feature=PPLA2"
Kerala,KONDOTTY SRTO - KL84( 28-SEP-2020 ),KL-84,KONDOTTY SRTO,11.1423,75.9657,0.6200,geonames,false,"geonames=1266200; matched=""Kondotty""; query=""KONDOTTY""; feature=PPL"
Kerala,KONNI SRTO - KL83( 06-JUL-2020 ),KL-83,KONNI SRTO,9.27197,77.05266,0.6200,geonames,false,"geonames=12682011; matched=""Konni""; query=""KONNI""; feature=ADM3"
Kerala,KOTHAMANGALAM SRTO - KL44( 23-MAR-2019 ),KL-44,KOTHAMANGALAM SRTO,10.13339,76.73717,0.6200,geonames,false,"geonames=12684182; matched=""Kothamangalam""; query=""KOTHAMANGALAM""; feature=ADM3"
Kerala,KOTTARAKKARA SRTO - KL24( 30-MAR-2019 ),KL-24,KOTTARAKKARA SRTO,8.92439,76.78758,0.6200,geonames,false,"geonames=12681999; matched=""Kottarakkara""; query=""KOTTARAKKARA""; feature=ADM3"
Kerala,KOTTAYAM RTO - KL5( 18-MAR-2019 ),KL-5,KOTTAYAM,9.58692,76.52132,0.6800,geonames,false,"geonames=1265911; matched=""Kottayam""; query=""KOTTAYAM""; feature=PPL"
Kerala,KOZHIKODE RTO - KL11( 15-MAR-2019 ),KL-11,KOZHIKODE,11.24802,75.7804,0.6800,geonames,false,"geonames=1265873; matched=""Kozhikode""; query=""KOZHIKODE""; feature=PPLA2"
Kerala,KUNNATHUR SRTO - KL61( 30-MAR-2019 ),KL-61,KUNNATHUR SRTO,9.06932,76.65034,0.6200,geonames,false,"geonames=12681997; matched=""Kunnathur""; query=""KUNNATHUR""; feature=ADM3"
Kerala,KUTTANADU SRTO - KL66( 30-MAR-2019 ),KL-66,KUTTANADU SRTO,10.41667,76.5,0.6200,geonames,false,"geonames=1267254; matched=""State of Kerala""; query=""Kerala""; feature=ADM1"
Kerala,MALAPPURAM RTO - KL10( 20-MAR-2019 ),KL-10,MALAPPURAM,11.04199,76.08154,0.6800,geonames,false,"geonames=1264154; matched=""Malappuram""; query=""MALAPPURAM""; feature=PPL"
Kerala,MALLAPPALLY SRTO - KL28( 27-MAR-2019 ),KL-28,MALLAPPALLY SRTO,9.42841,76.69782,0.6200,geonames,false,"geonames=12681992; matched=""Mallappally""; query=""MALLAPPALLY""; feature=ADM3"
Kerala,MANANTHAVADY SRTO - KL72( 30-MAR-2019 ),KL-72,MANANTHAVADY SRTO,11.8296,75.94093,0.6200,geonames,false,"geonames=12686473; matched=""Mananthavady""; query=""MANANTHAVADY""; feature=ADM3"
Kerala,MANNARGHAT SRTO - KL50( 30-MAR-2019 ),KL-50,MANNARGHAT SRTO,10.41667,76.5,0.6200,geonames,false,"geonames=1267254; matched=""State of Kerala""; query=""Kerala""; feature=ADM1"
Kerala,MATTANCHERRY SRTO - KL43( 23-MAR-2019 ),KL-43,MATTANCHERRY SRTO,10.41667,76.5,0.6200,geonames,false,"geonames=1267254; matched=""State of Kerala""; query=""Kerala""; feature=ADM1"
Kerala,MAVELIKKARA SRTO - KL31( 30-MAR-2019 ),KL-31,MAVELIKKARA SRTO,9.25929,76.55642,0.6200,geonames,false,"geonames=1263285; matched=""Mavelikara""; query=""MAVELIKKARA""; feature=PPL"
Kerala,MUVATTUPUZHA RTO - KL17( 15-MAR-2019 ),KL-17,MUVATTUPUZHA,9.97985,76.57381,0.6800,geonames,false,"geonames=7279735; matched=""Muvattupuzha""; query=""MUVATTUPUZHA""; feature=PPL"
Kerala,NANMANDA SRTO - KL76( 30-MAR-2019 ),KL-76,NANMANDA SRTO,10.41667,76.5,0.6200,geonames,false,"geonames=1267254; matched=""State of Kerala""; query=""Kerala""; feature=ADM1"
Kerala,NATIONALISED SECTOR(TVPM) RTO - KL15( 18-MAR-2019 ),KL-15,NATIONALISED SECTOR,10.41667,76.5,0.6200,geonames,false,"geonames=1267254; matched=""State of Kerala""; query=""Kerala""; feature=ADM1"
Kerala,NEDUMANGADU SRTO - KL21( 29-MAR-2019 ),KL-21,NEDUMANGADU SRTO,10.41667,76.5,0.6200,geonames,false,"geonames=1267254; matched=""State of Kerala""; query=""Kerala""; feature=ADM1"
Kerala,NEYYATTINKARA SRTO - KL20( 29-MAR-2019 ),KL-20,NEYYATTINKARA SRTO,8.39854,77.08586,0.6200,geonames,false,"geonames=1261470; matched=""Neyyattinkara""; query=""NEYYATTINKARA""; feature=PPL"
Kerala,NILAMBUR SRTO - KL71( 30-MAR-2019 ),KL-71,NILAMBUR SRTO,11.27271,76.22571,0.6200,geonames,false,"geonames=1261398; matched=""Nilambur""; query=""NILAMBUR""; feature=PPL"
Kerala,NORTH PARUR SRTO - KL42( 23-MAR-2019 ),KL-42,NORTH PARUR SRTO,10.41667,76.5,0.6200,geonames,false,"geonames=1267254; matched=""State of Kerala""; query=""Kerala""; feature=ADM1"
Kerala,OTTAPPALAM SRTO - KL51( 30-MAR-2019 ),KL-51,OTTAPPALAM SRTO,10.7735,76.37758,0.6200,geonames,false,"geonames=1261008; matched=""Ottapalam""; query=""OTTAPPALAM""; feature=PPL"
Kerala,PALAI SRTO - KL35( 30-MAR-2019 ),KL-35,PALAI SRTO,9.71306,76.68331,0.6200,geonames,false,"geonames=13353527; matched=""Palai""; query=""PALAI""; feature=PPL"
Kerala,PALAKKAD RTO - KL9( 18-MAR-2019 ),KL-9,PALAKKAD,10.77319,76.65366,0.6800,geonames,false,"geonames=1260728; matched=""Palakkad""; query=""PALAKKAD""; feature=PPL"
Kerala,PARASSALA SRTO - KL19( 29-MAR-2019 ),KL-19,PARASSALA SRTO,10.41667,76.5,0.6200,geonames,false,"geonames=1267254; matched=""State of Kerala""; query=""Kerala""; feature=ADM1"
Kerala,PATHANAMTHITTA RTO - KL3( 20-MAR-2019 ),KL-3,PATHANAMTHITTA,9.26667,76.78333,0.6800,geonames,false,"geonames=1260138; matched=""Pathanamthitta""; query=""PATHANAMTHITTA""; feature=PPL"
Kerala,PATHANAPURAM SRTO - KL80( 28-SEP-2020 ),KL-80,PATHANAPURAM SRTO,9.09048,76.89394,0.6200,geonames,false,"geonames=12681998; matched=""Pathanapuram""; query=""PATHANAPURAM""; feature=ADM3"
Kerala,PATTAMBI SRTO - KL52( 30-MAR-2019 ),KL-52,PATTAMBI SRTO,10.80005,76.18408,0.6200,geonames,false,"geonames=1260052; matched=""Pattambi""; query=""PATTAMBI""; feature=PPL"
Kerala,PAYYANNUR SRTO - KL86( 28-SEP-2020 ),KL-86,PAYYANNUR SRTO,12.0935,75.20249,0.6200,geonames,false,"geonames=1259994; matched=""Payyanur""; query=""PAYYANNUR""; feature=PPL"
Kerala,PERAMBRA SRTO - KL77( 30-MAR-2019 ),KL-77,PERAMBRA SRTO,10.41667,76.5,0.6200,geonames,false,"geonames=1267254; matched=""State of Kerala""; query=""Kerala""; feature=ADM1"
Kerala,PERINTHALMANNA SRTO - KL53( 30-MAR-2019 ),KL-53,PERINTHALMANNA SRTO,10.97724,76.22541,0.6200,geonames,false,"geonames=1259881; matched=""Perintalmanna""; query=""PERINTHALMANNA""; feature=PPL"
Kerala,PERUMBAVUR SRTO - KL40( 23-MAR-2019 ),KL-40,PERUMBAVUR SRTO,10.41667,76.5,0.6200,geonames,false,"geonames=1267254; matched=""State of Kerala""; query=""Kerala""; feature=ADM1"
Kerala,PONNANI SRTO - KL54( 30-MAR-2019 ),KL-54,PONNANI SRTO,10.76695,75.92523,0.6200,geonames,false,"geonames=1259411; matched=""Ponnani""; query=""PONNANI""; feature=PPL"
Kerala,PUNALUR SRTO - KL25( 30-MAR-2019 ),KL-25,PUNALUR SRTO,9.01956,76.92261,0.6200,geonames,false,"geonames=1259243; matched=""Punalur""; query=""PUNALUR""; feature=PPL"
Kerala,RAMANATTUKARA (FEROKE) SRTO - KL85( 28-SEP-2020 ),KL-85,RAMANATTUKARA SRTO,11.17802,75.86892,0.6200,geonames,false,"geonames=10858989; matched=""Ramanattukara""; query=""RAMANATTUKARA""; feature=PPL"
Kerala,RANNI SRTO - KL62( 30-MAR-2019 ),KL-62,RANNI SRTO,9.38404,76.85113,0.6200,geonames,false,"geonames=12681993; matched=""Ranni""; query=""RANNI""; feature=ADM3"
Kerala,SULTHANBATHERY SRTO - KL73( 30-MAR-2019 ),KL-73,SULTHANBATHERY SRTO,11.71004,76.25238,0.6200,geonames,false,"geonames=12686472; matched=""Sulthanbathery""; query=""SULTHANBATHERY""; feature=ADM3"
Kerala,TC OFFICE - STA OFFICE - KL99( 14-MAR-2019 ),KL-99,TC STA,10.41667,76.5,0.6800,geonames,false,"geonames=1267254; matched=""State of Kerala""; query=""Kerala""; feature=ADM1"
Kerala,THALASSERY SRTO - KL58( 30-MAR-2019 ),KL-58,THALASSERY SRTO,11.74811,75.4929,0.6200,geonames,false,"geonames=1254780; matched=""Tellicherry""; query=""THALASSERY""; feature=PPL"
Kerala,THALIPARAMBA SRTO - KL59( 30-MAR-2019 ),KL-59,THALIPARAMBA SRTO,10.41667,76.5,0.6200,geonames,false,"geonames=1267254; matched=""State of Kerala""; query=""Kerala""; feature=ADM1"
Kerala,THIRUR SRTO - KL55( 30-MAR-2019 ),KL-55,THIRUR SRTO,10.41667,76.5,0.6200,geonames,false,"geonames=1267254; matched=""State of Kerala""; query=""Kerala""; feature=ADM1"
Kerala,THIRURANGADI SRTO - KL65( 30-MAR-2019 ),KL-65,THIRURANGADI SRTO,10.41667,76.5,0.6200,geonames,false,"geonames=1267254; matched=""State of Kerala""; query=""Kerala""; feature=ADM1"
Kerala,THIRUVALLA SRTO - KL27( 27-MAR-2019 ),KL-27,THIRUVALLA SRTO,9.3816,76.57489,0.6200,geonames,false,"geonames=1254335; matched=""Tiruvalla""; query=""THIRUVALLA""; feature=PPL"
Kerala,THODUPUZHA SRTO - KL38( 30-MAR-2019 ),KL-38,THODUPUZHA SRTO,9.89394,76.72216,0.6200,geonames,false,"geonames=9072827; matched=""Thodupuzha""; query=""THODUPUZHA""; feature=PPL"
Kerala,THRIPRAYAR SRTO - KL75( 30-MAR-2019 ),KL-75,THRIPRAYAR SRTO,10.41667,76.5,0.6200,geonames,false,"geonames=1267254; matched=""State of Kerala""; query=""Kerala""; feature=ADM1"
Kerala,THRISSUR RTO - KL8( 18-MAR-2019 ),KL-8,THRISSUR,10.51667,76.21667,0.6800,geonames,false,"geonames=1254187; matched=""Thrissur""; query=""THRISSUR""; feature=PPLA2"
Kerala,TRIPUNITHURA SRTO - KL39( 23-MAR-2019 ),KL-39,TRIPUNITHURA SRTO,10.41667,76.5,0.6200,geonames,false,"geonames=1267254; matched=""State of Kerala""; query=""Kerala""; feature=ADM1"
Kerala,TRIVANDRUM RTO - KL1( 21-FEB-2019 ),KL-1,TRIVANDRUM,8.4855,76.94924,0.6800,geonames,false,"geonames=1254163; matched=""Thiruvananthapuram""; query=""TRIVANDRUM""; feature=PPLA"
Kerala,UDUMBANCHOLA SRTO - KL69( 30-MAR-2019 ),KL-69,UDUMBANCHOLA SRTO,9.86076,77.1695,0.6200,geonames,false,"geonames=12684184; matched=""Udumbanchola""; query=""UDUMBANCHOLA""; feature=ADM3"
Kerala,UZHAVOOR SRTO - KL67( 30-MAR-2019 ),KL-67,UZHAVOOR SRTO,10.41667,76.5,0.6200,geonames,false,"geonames=1267254; matched=""State of Kerala""; query=""Kerala""; feature=ADM1"
Kerala,VADAKARA RTO - KL18( 15-MAR-2019 ),KL-18,VADAKARA,11.59776,75.58142,0.6800,geonames,false,"geonames=1278023; matched=""Badagara""; query=""VADAKARA""; feature=PPL"
Kerala,VAIKOM SRTO - KL36( 30-MAR-2019 ),KL-36,VAIKOM SRTO,9.74858,76.39637,0.6200,geonames,false,"geonames=1253544; matched=""Vaikam""; query=""VAIKOM""; feature=PPL"
Kerala,VANDIPERIYAR SRTO - KL37( 30-MAR-2019 ),KL-37,VANDIPERIYAR SRTO,10.41667,76.5,0.6200,geonames,false,"geonames=1267254; matched=""State of Kerala""; query=""Kerala""; feature=ADM1"
Kerala,VARKALA SRTO - KL81( 10-JUL-2020 ),KL-81,VARKALA SRTO,8.7333,76.7167,0.6200,geonames,false,"geonames=1253392; matched=""Varkala""; query=""VARKALA""; feature=PPL"
Kerala,VELLARIKUNDU SRTO - KL79( 30-MAR-2019 ),KL-79,VELLARIKUNDU SRTO,10.41667,76.5,0.6200,geonames,false,"geonames=1267254; matched=""State of Kerala""; query=""Kerala""; feature=ADM1"
Kerala,WADAKKANCHERRY SRTO - KL48( 30-MAR-2019 ),KL-48,WADAKKANCHERRY SRTO,10.41667,76.5,0.6200,geonames,false,"geonames=1267254; matched=""State of Kerala""; query=""Kerala""; feature=ADM1"
Kerala,WAYANAD RTO - KL12( 15-MAR-2019 ),KL-12,WAYANAD,11.605,76.083,0.6800,geonames,false,"geonames=6951502; matched=""Wayanad""; query=""WAYANAD""; feature=ADM2"
Ladakh,KARGIL ARTO - LA1( 23-JUL-2018 ),LA-1,KARGIL,34.55765,76.12622,0.6800,geonames,false,"geonames=1267776; matched=""Kargil""; query=""KARGIL""; feature=PPLA"
Ladakh,LEH ARTO - LA2( 11-MAR-2018 ),LA-2,LEH,34.16504,77.58402,0.6800,geonames,false,"geonames=1264976; matched=""Leh""; query=""LEH""; feature=PPL"
Ladakh,STATE TRANSPORT AUTHORITY - LA999( 04-MAY-2021 ),LA-999,STATE AUTHORITY,34.33333,77.41667,0.6800,geonames,false,"geonames=1265343; matched=""Leh""; query=""Ladakh""; feature=ADM2"
Lakshadweep,AGATTI - LD2( 25-SEP-2025 ),LD-2,AGATTI,10.83522,72.18217,0.6800,geonames,false,"geonames=12382221; matched=""Agatti""; query=""AGATTI""; feature=PPL"
Lakshadweep,AMINI - LD3( 23-DEC-2024 ),LD-3,AMINI,11.11408,72.71907,0.6800,geonames,false,"geonames=12382220; matched=""Amini""; query=""AMINI""; feature=PPL"
Lakshadweep,ANDROTH - LD4( 06-NOV-2024 ),LD-4,ANDROTH,10.93896,72.28665,0.6200,geonames,false,"geonames=1265206; matched=""Union Territory of Lakshadweep""; query=""Lakshadweep""; feature=ADM1"
Lakshadweep,CHETLAT - LD5( 06-FEB-2025 ),LD-5,CHETLAT,11.68828,72.70957,0.6800,geonames,false,"geonames=12382224; matched=""Chetlat""; query=""CHETLAT""; feature=PPL"
Lakshadweep,KADMAT - LD6( 31-OCT-2025 ),LD-6,KADMAT,11.22467,72.77482,0.6800,geonames,false,"geonames=12382222; matched=""Kadmat""; query=""KADMAT""; feature=PPL"
Lakshadweep,KALPENI - LD7( 09-MAY-2025 ),LD-7,KALPENI,10.0826,73.64316,0.6800,geonames,false,"geonames=11185516; matched=""Kalpeni""; query=""KALPENI""; feature=PPL"
Lakshadweep,KAVARATTI - LD1( 13-JUN-2024 ),LD-1,KAVARATTI,10.56688,72.64203,0.6800,geonames,false,"geonames=1267390; matched=""Kavaratti""; query=""KAVARATTI""; feature=PPLA"
Lakshadweep,KILTAN - LD8( 11-FEB-2026 ),LD-8,KILTAN,11.48577,73.00384,0.6800,geonames,false,"geonames=12382223; matched=""Kiltan""; query=""KILTAN""; feature=PPL"
Lakshadweep,MINICOY - LD9( 06-NOV-2024 ),LD-9,MINICOY,8.28899,73.0617,0.6800,geonames,false,"geonames=11185845; matched=""Minicoy""; query=""MINICOY""; feature=PPL"
Madhya Pradesh,AGAR MALWA RTO - MP70( 25-JUL-2022 ),MP-70,AGAR MALWA,23.71177,76.01571,0.6200,geonames,false,"geonames=1279299; matched=""Agar""; query=""AGAR""; feature=PPLA2"
Madhya Pradesh,ALIRAJPUR DTO - MP69( 23-JUL-2022 ),MP-69,ALIRAJPUR,22.30393,74.35568,0.6800,geonames,false,"geonames=1258815; matched=""Alirajpur""; query=""ALIRAJPUR""; feature=PPL"
Madhya Pradesh,ANUPPUR DTO - MP65( 23-JUL-2022 ),MP-65,ANUPPUR,23.10344,81.69083,0.6800,geonames,false,"geonames=1278508; matched=""Anuppur""; query=""ANUPPUR""; feature=PPL"
Madhya Pradesh,ASHOKNAGAR DTO - MP67( 23-JUL-2022 ),MP-67,ASHOKNAGAR,24.57578,77.73123,0.6800,geonames,false,"geonames=1278297; matched=""Ashoknagar""; query=""ASHOKNAGAR""; feature=PPL"
Madhya Pradesh,BADWANI DTO - MP46( 23-JUL-2022 ),MP-46,BADWANI,23.5,78.5,0.6200,geonames,false,"geonames=1264542; matched=""Madhya Pradesh""; query=""Madhya Pradesh""; feature=ADM1"
Madhya Pradesh,BALAGHAT DTO - MP50( 23-JUL-2022 ),MP-50,BALAGHAT,21.8156,80.18845,0.6800,geonames,false,"geonames=1277661; matched=""Balaghat""; query=""BALAGHAT""; feature=PPL"
Madhya Pradesh,BETUL DTO - MP48( 23-JUL-2022 ),MP-48,BETUL,21.90056,77.90229,0.6800,geonames,false,"geonames=1276389; matched=""Betul""; query=""BETUL""; feature=PPL"
Madhya Pradesh,BHIND DTO - MP30( 23-JUL-2022 ),MP-30,BHIND,26.56671,78.78728,0.6800,geonames,false,"geonames=1275926; matched=""Bhind""; query=""BHIND""; feature=PPL"
Madhya Pradesh,BHOPAL RTO - MP4( 23-JUL-2022 ),MP-4,BHOPAL,23.25469,77.40289,0.6800,geonames,false,"geonames=1275841; matched=""Bhopal""; query=""BHOPAL""; feature=PPLA"
Madhya Pradesh,BURHANPUR DTO - MP68( 23-JUL-2022 ),MP-68,BURHANPUR,21.30868,76.23026,0.6800,geonames,false,"geonames=1275068; matched=""Burhanpur""; query=""BURHANPUR""; feature=PPL"
Madhya Pradesh,CHHATARPUR ARTO - MP16( 23-JUL-2022 ),MP-16,CHHATARPUR,24.9177,79.58871,0.6800,geonames,false,"geonames=1274337; matched=""Chhatarpur""; query=""CHHATARPUR""; feature=PPL"
Madhya Pradesh,CHHINDWARA ARTO - MP28( 23-JUL-2022 ),MP-28,CHHINDWARA,22.05697,78.93958,0.6800,geonames,false,"geonames=1274304; matched=""Chhindwara""; query=""CHHINDWARA""; feature=PPL"
Madhya Pradesh,DAMOH DTO - MP34( 23-JUL-2022 ),MP-34,DAMOH,23.83312,79.4419,0.6800,geonames,false,"geonames=1273587; matched=""Damoh""; query=""DAMOH""; feature=PPL"
Madhya Pradesh,DATIA DTO - MP32( 23-JUL-2022 ),MP-32,DATIA,25.67312,78.45908,0.6800,geonames,false,"geonames=1273403; matched=""Datia""; query=""DATIA""; feature=PPL"
Madhya Pradesh,DEWAS DTO - MP41( 23-JUL-2022 ),MP-41,DEWAS,22.96585,76.05526,0.6800,geonames,false,"geonames=1273066; matched=""Dewas""; query=""DEWAS""; feature=PPL"
Madhya Pradesh,DHAR ARTO - MP11( 23-JUL-2022 ),MP-11,DHAR,22.59373,75.29774,0.6800,geonames,false,"geonames=1272892; matched=""Dhar""; query=""DHAR""; feature=PPL"
Madhya Pradesh,DINDORI DTO - MP52( 26-JUL-2022 ),MP-52,DINDORI,22.8,81.1,0.6800,geonames,false,"geonames=7627178; matched=""Dindori""; query=""DINDORI""; feature=ADM2"
Madhya Pradesh,GUNA DTO - MP8( 23-JUL-2022 ),MP-8,GUNA,24.64691,77.3113,0.6800,geonames,false,"geonames=1270711; matched=""Guna""; query=""GUNA""; feature=PPL"
Madhya Pradesh,GWALIOR RTO - MP7( 23-JUL-2022 ),MP-7,GWALIOR,26.22983,78.17337,0.6800,geonames,false,"geonames=1270583; matched=""Gwalior""; query=""GWALIOR""; feature=PPL"
Madhya Pradesh,HARDA DTO - MP47( 23-JUL-2022 ),MP-47,HARDA,22.34414,77.09536,0.6800,geonames,false,"geonames=1270375; matched=""Harda""; query=""HARDA""; feature=PPL"
Madhya Pradesh,HOSANGABAD DTO - MP5( 23-JUL-2022 ),MP-5,HOSANGABAD,22.74747,77.72736,0.6800,geonames,false,"geonames=1269939; matched=""Narmadapuram""; query=""HOSANGABAD""; feature=PPL"
Madhya Pradesh,INDORE RTO - MP9( 23-JUL-2022 ),MP-9,INDORE,22.71792,75.8333,0.6800,geonames,false,"geonames=1269743; matched=""Indore""; query=""INDORE""; feature=PPL"
Madhya Pradesh,JABALPUR RTO - MP20( 23-JUL-2022 ),MP-20,JABALPUR,23.16697,79.95006,0.6800,geonames,false,"geonames=1269633; matched=""Jabalpur""; query=""JABALPUR""; feature=PPL"
Madhya Pradesh,JHABUA DTO - MP45( 23-JUL-2022 ),MP-45,JHABUA,22.76772,74.59087,0.6800,geonames,false,"geonames=1269053; matched=""Jhabua""; query=""JHABUA""; feature=PPL"
Madhya Pradesh,KATNI ARTO - MP21( 23-JUL-2022 ),MP-21,KATNI,23.83776,80.39405,0.6800,geonames,false,"geonames=1262395; matched=""Murwara""; query=""KATNI""; feature=PPL"
Madhya Pradesh,KHANDWA ARTO - MP12( 23-JUL-2022 ),MP-12,KHANDWA,21.82427,76.35086,0.6800,geonames,false,"geonames=1267031; matched=""Khandwa""; query=""KHANDWA""; feature=PPL"
Madhya Pradesh,KHARGONE ARTO - MP10( 23-JUL-2022 ),MP-10,KHARGONE,21.82292,75.61394,0.6800,geonames,false,"geonames=1266928; matched=""Khargone""; query=""KHARGONE""; feature=PPL"
Madhya Pradesh,MANDLA DTO - MP51( 23-JUL-2022 ),MP-51,MANDLA,22.59879,80.37115,0.6800,geonames,false,"geonames=1263852; matched=""Mandla""; query=""MANDLA""; feature=PPL"
Madhya Pradesh,MANDSAUR ARTO - MP14( 23-JUL-2022 ),MP-14,MANDSAUR,24.07184,75.06986,0.6800,geonames,false,"geonames=1263834; matched=""Mandsaur""; query=""MANDSAUR""; feature=PPL"
Madhya Pradesh,MORENA DTO - MP6( 23-JUL-2022 ),MP-6,MORENA,26.49892,77.99534,0.6800,geonames,false,"geonames=1262771; matched=""Morena""; query=""MORENA""; feature=PPL"
Madhya Pradesh,NARSINGHPUR DTO - MP49( 23-JUL-2022 ),MP-49,NARSINGHPUR,22.94936,79.18357,0.6800,geonames,false,"geonames=1261754; matched=""Narsimhapur""; query=""NARSINGHPUR""; feature=PPL"
Madhya Pradesh,NEEMUCH DTO - MP44( 23-JUL-2022 ),MP-44,NEEMUCH,24.47,74.87,0.6800,geonames,false,"geonames=8739995; matched=""Neemuch""; query=""NEEMUCH""; feature=ADM2"
Madhya Pradesh,NIWARI DTO - MP71( 20-OCT-2023 ),MP-71,NIWARI,25.28498,78.74888,0.6800,geonames,false,"geonames=12572552; matched=""Niwari""; query=""NIWARI""; feature=ADM2"
Madhya Pradesh,PANNA DTO - MP35( 23-JUL-2022 ),MP-35,PANNA,24.72094,80.18772,0.6800,geonames,false,"geonames=1260454; matched=""Panna""; query=""PANNA""; feature=PPL"
Madhya Pradesh,RAISEN DTO - MP38( 23-JUL-2022 ),MP-38,RAISEN,23.33033,77.7811,0.6800,geonames,false,"geonames=1258952; matched=""Raisen""; query=""RAISEN""; feature=PPL"
Madhya Pradesh,RAJGARH DTO - MP39( 23-JUL-2022 ),MP-39,RAJGARH,23.83333,76.75,0.6800,geonames,false,"geonames=1258878; matched=""Rajgarh""; query=""RAJGARH""; feature=ADM2"
Madhya Pradesh,RATLAM DTO - MP43( 23-JUL-2022 ),MP-43,RATLAM,23.33033,75.04032,0.6800,geonames,false,"geonames=1258342; matched=""Ratlam""; query=""RATLAM""; feature=PPL"
Madhya Pradesh,REWA RTO - MP17( 23-JUL-2022 ),MP-17,REWA,24.53256,81.29234,0.6800,geonames,false,"geonames=1258182; matched=""Rewa""; query=""REWA""; feature=PPL"
Madhya Pradesh,SAGAR RTO - MP15( 23-JUL-2022 ),MP-15,SAGAR,23.83877,78.73874,0.6800,geonames,false,"geonames=1257845; matched=""Saugor""; query=""SAGAR""; feature=PPL"
Madhya Pradesh,SATNA ARTO - MP19( 23-JUL-2022 ),MP-19,SATNA,24.57726,80.82719,0.6800,geonames,false,"geonames=1257022; matched=""Satna""; query=""SATNA""; feature=PPL"
Madhya Pradesh,SEHORE DTO - MP37( 23-JUL-2022 ),MP-37,SEHORE,23.2,77.08333,0.6800,geonames,false,"geonames=1256913; matched=""Sehore""; query=""SEHORE""; feature=PPL"
Madhya Pradesh,SEONI ARTO - MP22( 23-JUL-2022 ),MP-22,SEONI,22.08503,79.55037,0.6800,geonames,false,"geonames=1256826; matched=""Seoni""; query=""SEONI""; feature=PPL"
Madhya Pradesh,SHAHDOL RTO - MP18( 23-JUL-2022 ),MP-18,SHAHDOL,23.29356,81.3619,0.6800,geonames,false,"geonames=1256739; matched=""Shahdol""; query=""SHAHDOL""; feature=PPL"
Madhya Pradesh,SHAJAPUR DTO - MP42( 23-JUL-2022 ),MP-42,SHAJAPUR,23.42637,76.27775,0.6800,geonames,false,"geonames=1256693; matched=""Shajapur""; query=""SHAJAPUR""; feature=PPL"
Madhya Pradesh,SHEOPUR DTO - MP31( 23-JUL-2022 ),MP-31,SHEOPUR,25.66472,76.69616,0.6800,geonames,false,"geonames=1256593; matched=""Sheopur""; query=""SHEOPUR""; feature=PPL"
Madhya Pradesh,SHIVPURI DTO - MP33( 23-JUL-2022 ),MP-33,SHIVPURI,25.42378,77.66223,0.6800,geonames,false,"geonames=1256451; matched=""Shivpuri""; query=""SHIVPURI""; feature=PPL"
Madhya Pradesh,SIDHI DTO - MP53( 26-JUL-2022 ),MP-53,SIDHI,24.4038,81.87954,0.6800,geonames,false,"geonames=1256369; matched=""Sidhi""; query=""SIDHI""; feature=PPL"
Madhya Pradesh,SINGROLI DTO - MP66( 23-JUL-2022 ),MP-66,SINGROLI,23.5,78.5,0.6200,geonames,false,"geonames=1264542; matched=""Madhya Pradesh""; query=""Madhya Pradesh""; feature=ADM1"
Madhya Pradesh,STATE TRANSPORT AUTHORITY - MP999( 14-FEB-2023 ),MP-999,STATE AUTHORITY,23.5,78.5,0.6800,geonames,false,"geonames=1264542; matched=""Madhya Pradesh""; query=""Madhya Pradesh""; feature=ADM1"
Madhya Pradesh,TIKAMGARH DTO - MP36( 23-JUL-2022 ),MP-36,TIKAMGARH,24.74327,78.83061,0.6800,geonames,false,"geonames=1254534; matched=""Tikamgarh""; query=""TIKAMGARH""; feature=PPL"
Madhya Pradesh,UJJAIN RTO - MP13( 23-JUL-2022 ),MP-13,UJJAIN,23.18239,75.77643,0.6800,geonames,false,"geonames=1253914; matched=""Ujjain""; query=""UJJAIN""; feature=PPL"
Madhya Pradesh,UMARIA DTO - MP54( 26-JUL-2022 ),MP-54,UMARIA,23.52473,80.83716,0.6800,geonames,false,"geonames=1253863; matched=""Umaria""; query=""UMARIA""; feature=PPL"
Madhya Pradesh,VIDISHA DTO - MP40( 19-JUL-2022 ),MP-40,VIDISHA,23.52604,77.81092,0.6800,geonames,false,"geonames=1253200; matched=""Vidisha""; query=""VIDISHA""; feature=PPL"
Maharashtra,AKLUJ - MH45( 03-APR-2017 ),MH-45,AKLUJ,17.89241,75.02138,0.6800,geonames,false,"geonames=1279113; matched=""Akluj""; query=""AKLUJ""; feature=PPL"
Maharashtra,AMBEJOGAI - MH44( 02-MAY-2017 ),MH-44,AMBEJOGAI,18.73312,76.38616,0.6800,geonames,false,"geonames=1278862; matched=""Ambajogai""; query=""AMBEJOGAI""; feature=PPL"
Maharashtra,AMRAWATI - MH27( 21-JAN-2017 ),MH-27,AMRAWATI,19.5,76,0.6200,geonames,false,"geonames=1264418; matched=""State of Maharashtra""; query=""Maharashtra""; feature=ADM1"
Maharashtra,BARAMATI - MH42( 10-MAR-2017 ),MH-42,BARAMATI,18.15174,74.57767,0.6800,geonames,false,"geonames=1277091; matched=""Baramati""; query=""BARAMATI""; feature=PPL"
Maharashtra,BEED - MH23( 17-MAR-2017 ),MH-23,BEED,18.98921,75.75634,0.6800,geonames,false,"geonames=1275539; matched=""Beed""; query=""BEED""; feature=PPLA3"
Maharashtra,BHADGAON - MH54( 20-MAR-2024 ),MH-54,BHADGAON,20.66905,75.22937,0.6800,geonames,false,"geonames=1276346; matched=""Bhadgaon""; query=""BHADGAON""; feature=PPL"
Maharashtra,BHANDARA - MH36( 12-APR-2017 ),MH-36,BHANDARA,21.16817,79.64885,0.6800,geonames,false,"geonames=1276191; matched=""Bhandara""; query=""BHANDARA""; feature=PPL"
Maharashtra,BULDHANA - MH28( 07-NOV-2017 ),MH-28,BULDHANA,20.58333,76.41667,0.6800,geonames,false,"geonames=1275118; matched=""Buldhana""; query=""BULDHANA""; feature=ADM2"
Maharashtra,CHALISGAON - MH52( 05-MAR-2024 ),MH-52,CHALISGAON,20.45781,75.01596,0.6800,geonames,false,"geonames=1274868; matched=""Chalisgaon""; query=""CHALISGAON""; feature=PPL"
Maharashtra,CHHATRAPATI SAMBHAJINAGAR - MH20( 20-OCT-2016 ),MH-20,CHHATRAPATI SAMBHAJINAGAR,19.5,76,0.6200,geonames,false,"geonames=1264418; matched=""State of Maharashtra""; query=""Maharashtra""; feature=ADM1"
Maharashtra,Chiplun Chiplun Track - MH202( 04-DEC-2019 ),MH-202,Chiplun Chiplun Track,17.53339,73.50935,0.6200,geonames,false,"geonames=1274119; matched=""Chiplun""; query=""Chiplun""; feature=PPL"
Maharashtra,DHARASHIV - MH25( 31-OCT-2017 ),MH-25,DHARASHIV,18.18158,76.03889,0.6800,geonames,false,"geonames=1261012; matched=""Dharashiv""; query=""DHARASHIV""; feature=PPLA3"
Maharashtra,DHULE - MH18( 03-JAN-2017 ),MH-18,DHULE,20.9013,74.77737,0.6800,geonames,false,"geonames=1272691; matched=""Dhule""; query=""DHULE""; feature=PPLA2"
Maharashtra,"DY REGIONAL TRANSPORT OFFICE, HINGOLI - MH38( 15-JUL-2017 )",MH-38,"DY , HINGOLI",19.71464,77.14238,0.6200,geonames,false,"geonames=1270072; matched=""Hingoli""; query=""HINGOLI""; feature=PPL"
Maharashtra,DY RTO RATNAGIRI - MH8( 10-APR-2017 ),MH-8,DY RATNAGIRI,16.99154,73.31022,0.6200,geonames,false,"geonames=1258338; matched=""Ratnagiri""; query=""RATNAGIRI""; feature=PPLA3"
Maharashtra,"Dy.REGIONAL TRANSPORT OFFICE,MIRA BHAYANDAR - MH58( 07-MAY-2025 )",MH-58,"Dy. ,MIRA BHAYANDAR",19.30157,72.85107,0.6200,geonames,false,"geonames=1276014; matched=""Bhayandar""; query=""BHAYANDAR""; feature=PPL"
Maharashtra,GADCHIROLI - MH33( 18-APR-2017 ),MH-33,GADCHIROLI,20.18061,80.00522,0.6800,geonames,false,"geonames=1271558; matched=""Garhchiroli""; query=""GADCHIROLI""; feature=PPL"
Maharashtra,GONDHIA - MH35( 11-APR-2017 ),MH-35,GONDHIA,19.5,76,0.6200,geonames,false,"geonames=1264418; matched=""State of Maharashtra""; query=""Maharashtra""; feature=ADM1"
Maharashtra,ICHALKARANJI - MH51( 07-MAR-2024 ),MH-51,ICHALKARANJI,16.69117,74.46054,0.6800,geonames,false,"geonames=1269834; matched=""Ichalkaranji""; query=""ICHALKARANJI""; feature=PPL"
Maharashtra,JALANA - MH21( 03-AUG-2017 ),MH-21,JALANA,19.8,75.9,0.6800,geonames,false,"geonames=7626532; matched=""Jalna""; query=""JALANA""; feature=ADM2"
Maharashtra,KALYAN - MH5( 11-MAY-2017 ),MH-5,KALYAN,19.2437,73.13554,0.6800,geonames,false,"geonames=1268295; matched=""Kalyan""; query=""KALYAN""; feature=PPL"
Maharashtra,KARAD - MH50( 20-MAR-2017 ),MH-50,KARAD,17.28937,74.18183,0.6800,geonames,false,"geonames=1267904; matched=""Karad""; query=""KARAD""; feature=PPL"
Maharashtra,KHAMGAON - MH56( 15-APR-2025 ),MH-56,KHAMGAON,20.70738,76.56827,0.6800,geonames,false,"geonames=1267084; matched=""Khamgaon""; query=""KHAMGAON""; feature=PPL"
Maharashtra,KOLHAPUR - MH9( 02-MAR-2017 ),MH-9,KOLHAPUR,16.69563,74.23167,0.6800,geonames,false,"geonames=1266285; matched=""Kolhapur""; query=""KOLHAPUR""; feature=PPL"
Maharashtra,MALEGAON - MH41( 23-AUG-2017 ),MH-41,MALEGAON,20.54966,74.53462,0.6800,geonames,false,"geonames=1264115; matched=""Malegaon""; query=""MALEGAON""; feature=PPL"
Maharashtra,MUMBAI (CENTRAL) - MH1( 15-DEC-2016 ),MH-1,MUMBAI,19.07283,72.88261,0.6800,geonames,false,"geonames=1275339; matched=""Mumbai""; query=""MUMBAI""; feature=PPLA"
Maharashtra,MUMBAI (EAST) - MH3( 13-DEC-2016 ),MH-3,MUMBAI,19.07283,72.88261,0.6800,geonames,false,"geonames=1275339; matched=""Mumbai""; query=""MUMBAI""; feature=PPLA"
Maharashtra,MUMBAI (WEST) - MH2( 21-APR-2017 ),MH-2,MUMBAI,19.07283,72.88261,0.6800,geonames,false,"geonames=1275339; matched=""Mumbai""; query=""MUMBAI""; feature=PPLA"
Maharashtra,NAGPUR (EAST) - MH49( 17-APR-2017 ),MH-49,NAGPUR,21.14631,79.08491,0.6800,geonames,false,"geonames=1262180; matched=""Nagpur""; query=""NAGPUR""; feature=PPLA2"
Maharashtra,NAGPUR (RURAL) - MH40( 17-JAN-2017 ),MH-40,NAGPUR,21.14631,79.08491,0.6800,geonames,false,"geonames=1262180; matched=""Nagpur""; query=""NAGPUR""; feature=PPLA2"
Maharashtra,NAGPUR (U) - MH31( 18-JAN-2017 ),MH-31,NAGPUR,21.14631,79.08491,0.6800,geonames,false,"geonames=1262180; matched=""Nagpur""; query=""NAGPUR""; feature=PPLA2"
Maharashtra,NANDED - MH26( 12-JAN-2017 ),MH-26,NANDED,19.16023,77.31497,0.6800,geonames,false,"geonames=1261977; matched=""Nanded""; query=""NANDED""; feature=PPL"
Maharashtra,NANDURBAR - MH39( 02-MAY-2017 ),MH-39,NANDURBAR,21.36671,74.24051,0.6800,geonames,false,"geonames=1261931; matched=""Nandurbar""; query=""NANDURBAR""; feature=PPL"
Maharashtra,NASHIK - MH15( 05-JAN-2017 ),MH-15,NASHIK,19.99727,73.79096,0.6800,geonames,false,"geonames=1261731; matched=""Nashik""; query=""NASHIK""; feature=PPLA2"
Maharashtra,PANVEL - MH46( 31-JAN-2017 ),MH-46,PANVEL,18.98878,73.11013,0.6800,geonames,false,"geonames=1260434; matched=""Panvel""; query=""PANVEL""; feature=PPL"
Maharashtra,PARBHANI - MH22( 25-APR-2017 ),MH-22,PARBHANI,19.26855,76.77081,0.6800,geonames,false,"geonames=1260341; matched=""Parbhani""; query=""PARBHANI""; feature=PPL"
Maharashtra,PEN (RAIGAD) - MH6( 16-MAY-2017 ),MH-6,PEN,18.73734,73.09603,0.6800,geonames,false,"geonames=1259931; matched=""Pen""; query=""PEN""; feature=PPL"
Maharashtra,PHALTAN - MH53( 03-SEP-2024 ),MH-53,PHALTAN,17.99113,74.43177,0.6800,geonames,false,"geonames=1259811; matched=""Phaltan""; query=""PHALTAN""; feature=PPL"
Maharashtra,PUNE - MH12( 25-JAN-2017 ),MH-12,PUNE,18.51957,73.85535,0.6800,geonames,false,"geonames=1259229; matched=""Pune""; query=""PUNE""; feature=PPL"
Maharashtra,R.T.O.BORIVALI - MH47( 21-APR-2017 ),MH-47,R.T.O.BORIVALI,19.5,76,0.6200,geonames,false,"geonames=1264418; matched=""State of Maharashtra""; query=""Maharashtra""; feature=ADM1"
Maharashtra,RTO AHILYANAGAR - MH16( 16-MAR-2017 ),MH-16,AHILYANAGAR,19.09457,74.73843,0.6800,geonames,false,"geonames=1279228; matched=""Ahilyanagar""; query=""AHILYANAGAR""; feature=PPL"
Maharashtra,RTO AKOLA - MH30( 20-FEB-2017 ),MH-30,AKOLA,20.70957,76.9981,0.6800,geonames,false,"geonames=1279105; matched=""Akola""; query=""AKOLA""; feature=PPL"
Maharashtra,RTO CHANDRAPUR - MH34( 25-APR-2017 ),MH-34,CHANDRAPUR,19.95076,79.29523,0.6800,geonames,false,"geonames=1274693; matched=""Chanda""; query=""CHANDRAPUR""; feature=PPL"
Maharashtra,RTO JALGAON - MH19( 24-MAR-2017 ),MH-19,JALGAON,21.00292,75.56602,0.6800,geonames,false,"geonames=1269407; matched=""Jalgaon""; query=""JALGAON""; feature=PPL"
Maharashtra,RTO LATUR - MH24( 15-MAR-2017 ),MH-24,LATUR,18.39721,76.56784,0.6800,geonames,false,"geonames=1265014; matched=""Latur""; query=""LATUR""; feature=PPLA3"
Maharashtra,RTO MH04-Mira Bhayander FitnessTrack - MH203( 01-MAY-2022 ),MH-04,Mira Bhayander FitnessTrack,19.5,76,0.6200,geonames,false,"geonames=1264418; matched=""State of Maharashtra""; query=""Maharashtra""; feature=ADM1"
Maharashtra,RTO PIMPRI CHINCHWAD - MH14( 06-FEB-2017 ),MH-14,PIMPRI CHINCHWAD,18.61867,73.80375,0.6800,geonames,false,"geonames=7626690; matched=""Pimpri-Chinchwad""; query=""PIMPRI CHINCHWAD""; feature=PPL"
Maharashtra,RTO SATARA - MH11( 04-MAR-2017 ),MH-11,SATARA,17.68589,73.99333,0.6800,geonames,false,"geonames=1257055; matched=""Satara""; query=""SATARA""; feature=PPL"
Maharashtra,RTO SOLAPUR - MH13( 05-APR-2017 ),MH-13,SOLAPUR,17.67152,75.91044,0.6800,geonames,false,"geonames=1256436; matched=""Sholapur""; query=""SOLAPUR""; feature=PPL"
Maharashtra,SANGLI - MH10( 03-MAR-2017 ),MH-10,SANGLI,16.85438,74.56417,0.6800,geonames,false,"geonames=1257416; matched=""Sangli""; query=""SANGLI""; feature=PPL"
Maharashtra,SINDHUDURG(KUDAL) - MH7( 10-APR-2017 ),MH-7,SINDHUDURG,16.17,73.7,0.6800,geonames,false,"geonames=7626539; matched=""Sindhudurg""; query=""SINDHUDURG""; feature=ADM2"
Maharashtra,SRIRAMPUR - MH17( 22-MAR-2017 ),MH-17,SRIRAMPUR,19.5,76,0.6200,geonames,false,"geonames=1264418; matched=""State of Maharashtra""; query=""Maharashtra""; feature=ADM1"
Maharashtra,TC OFFICE - MH99( 06-JUN-2018 ),MH-99,TC,19.5,76,0.6800,geonames,false,"geonames=1264418; matched=""State of Maharashtra""; query=""Maharashtra""; feature=ADM1"
Maharashtra,THANE - MH4( 08-MAR-2017 ),MH-4,THANE,19.19704,72.96355,0.6800,geonames,false,"geonames=1254661; matched=""Thane""; query=""THANE""; feature=PPL"
Maharashtra,UDGIR - MH55( 28-AUG-2024 ),MH-55,UDGIR,18.39258,77.11756,0.6800,geonames,false,"geonames=1253958; matched=""Udgir""; query=""UDGIR""; feature=PPL"
Maharashtra,VAIJAPUR - MH57( 06-JUN-2025 ),MH-57,VAIJAPUR,19.92672,74.7275,0.6800,geonames,false,"geonames=1253545; matched=""Vaijapur""; query=""VAIJAPUR""; feature=PPL"
Maharashtra,VASAI - MH48( 08-JUN-2017 ),MH-48,VASAI,19.43819,72.88031,0.6800,geonames,false,"geonames=12684584; matched=""Vasai""; query=""VASAI""; feature=ADM3"
Maharashtra,VASHI (NEW MUMBAI) - MH43( 07-JUL-2016 ),MH-43,VASHI,19.5,76,0.6200,geonames,false,"geonames=1264418; matched=""State of Maharashtra""; query=""Maharashtra""; feature=ADM1"
Maharashtra,WARDHA - MH32( 06-APR-2017 ),MH-32,WARDHA,20.73933,78.59784,0.6800,geonames,false,"geonames=1252942; matched=""Wardha""; query=""WARDHA""; feature=PPL"
Maharashtra,WASHIM - MH37( 11-APR-2017 ),MH-37,WASHIM,20.11128,77.133,0.6800,geonames,false,"geonames=1252908; matched=""Washim""; query=""WASHIM""; feature=PPL"
Maharashtra,YAWATMAL - MH29( 07-JUL-2017 ),MH-29,YAWATMAL,19.5,76,0.6200,geonames,false,"geonames=1264418; matched=""State of Maharashtra""; query=""Maharashtra""; feature=ADM1"
Manipur,BISHNUPUR - MN5( 27-AUG-2018 ),MN-5,BISHNUPUR,24.62845,93.76179,0.6800,geonames,false,"geonames=8740324; matched=""Bishnupur""; query=""BISHNUPUR""; feature=PPLA2"
Manipur,CHURACHANDPUR - MN2( 11-APR-2018 ),MN-2,CHURACHANDPUR,24.33353,93.66999,0.6800,geonames,false,"geonames=1273909; matched=""Churachandpur""; query=""CHURACHANDPUR""; feature=PPL"
Manipur,Chandel - MN9( 27-OCT-2021 ),MN-9,Chandel,24.31205,94.02911,0.6800,geonames,false,"geonames=12685771; matched=""Chandel""; query=""Chandel""; feature=ADM3"
Manipur,"DTO, JIRIBAM - MN14( 29-AUG-2025 )",MN-14,", JIRIBAM",24.80427,93.12148,0.6800,geonames,false,"geonames=11875582; matched=""Jiribam""; query=""JIRIBAM""; feature=PPLA2"
Manipur,"DTO, KAMJONG - MN12( 13-FEB-2025 )",MN-12,", KAMJONG",24.76126,94.54211,0.6800,geonames,false,"geonames=12686836; matched=""Kamjong""; query=""KAMJONG""; feature=ADM3"
Manipur,"DTO, Kakching - MN13( 29-AUG-2025 )",MN-13,", Kakching",24.4982,93.98126,0.6800,geonames,false,"geonames=1268567; matched=""Kakching""; query=""Kakching""; feature=PPLA2"
Manipur,"DTO, NONEY - MN15( 29-AUG-2025 )",MN-15,", NONEY",25,94,0.6200,geonames,false,"geonames=1263706; matched=""Manipur""; query=""Manipur""; feature=ADM1"
Manipur,"DTO, PHERZAWL - MN16( 29-AUG-2025 )",MN-16,", PHERZAWL",24.26227,93.18873,0.6800,geonames,false,"geonames=11875591; matched=""Pherzawl""; query=""PHERZAWL""; feature=PPLA2"
Manipur,IMPHAL EAST - MN6( 26-SEP-2018 ),MN-6,IMPHAL EAST,24.80805,93.9442,0.6200,geonames,false,"geonames=1269771; matched=""Imphal""; query=""IMPHAL""; feature=PPLA"
Manipur,IMPHAL WEST - MN1( 09-MAY-2017 ),MN-1,IMPHAL WEST,24.80805,93.9442,0.6200,geonames,false,"geonames=1269771; matched=""Imphal""; query=""IMPHAL""; feature=PPLA"
Manipur,KANGPOKPI - MN3( 20-AUG-2018 ),MN-3,KANGPOKPI,25.15273,93.97167,0.6800,geonames,false,"geonames=1268086; matched=""Kangpokpi""; query=""KANGPOKPI""; feature=PPLA2"
Manipur,SENAPATI - MN8( 11-OCT-2018 ),MN-8,SENAPATI,25.26705,94.02237,0.6800,geonames,false,"geonames=8740334; matched=""Senapati""; query=""SENAPATI""; feature=ADM2"
Manipur,STA MANIPUR - MN99( 08-SEP-2020 ),MN-99,STA MANIPUR,25,94,0.6800,geonames,false,"geonames=1263706; matched=""Manipur""; query=""MANIPUR""; feature=ADM1"
Manipur,TENGNOUPAL - MN11( 05-MAR-2023 ),MN-11,TENGNOUPAL,24.41179,94.19128,0.6800,geonames,false,"geonames=12686832; matched=""Tengnoupal""; query=""TENGNOUPAL""; feature=ADM3"
Manipur,THOUBAL - MN4( 20-SEP-2018 ),MN-4,THOUBAL,24.63881,93.99639,0.6800,geonames,false,"geonames=1254570; matched=""Thoubal""; query=""THOUBAL""; feature=PPL"
Manipur,Tamenglong - MN10( 27-OCT-2021 ),MN-10,Tamenglong,24.97548,93.51563,0.6800,geonames,false,"geonames=8740332; matched=""Tamenglong""; query=""Tamenglong""; feature=ADM2"
Manipur,UKHRUL - MN7( 08-MAR-2018 ),MN-7,UKHRUL,25.04828,94.35883,0.6800,geonames,false,"geonames=8740338; matched=""Ukhrul""; query=""UKHRUL""; feature=ADM2"
Meghalaya,AMPATI - ML14( 03-NOV-2017 ),ML-14,AMPATI,25.4623,89.93325,0.6800,geonames,false,"geonames=11875610; matched=""Ampati""; query=""AMPATI""; feature=PPLA2"
Meghalaya,BAGHMARA - ML9( 02-FEB-2017 ),ML-9,BAGHMARA,25.36122,90.62665,0.6800,geonames,false,"geonames=12680515; matched=""Baghmara""; query=""BAGHMARA""; feature=ADM3"
Meghalaya,Commissioner of Transport - null98( 07-MAY-2025 ),,Commissioner of null98,25.5,91.33333,0.6200,geonames,false,"geonames=1263207; matched=""Meghalaya""; query=""Meghalaya""; feature=ADM1"
Meghalaya,JOWAI - ML4( 03-AUG-2017 ),ML-4,JOWAI,25.5,92.25,0.6800,geonames,false,"geonames=1269523; matched=""West Jaintia Hills""; query=""JOWAI""; feature=ADM2"
Meghalaya,KHLIEHRIAT - ML11( 11-JUL-2017 ),ML-11,KHLIEHRIAT,25.24107,92.31845,0.6800,geonames,false,"geonames=12680540; matched=""Khliehriat""; query=""KHLIEHRIAT""; feature=ADM3"
Meghalaya,MAIRANG - ML15( 05-JUL-2022 ),ML-15,MAIRANG,25.56165,91.63602,0.6800,geonames,false,"geonames=1264285; matched=""Mairang""; query=""MAIRANG""; feature=PPL"
Meghalaya,MAWKYRWAT - ML12( 26-FEB-2018 ),ML-12,MAWKYRWAT,25.38138,91.3401,0.6800,geonames,false,"geonames=12680527; matched=""Mawkyrwat""; query=""MAWKYRWAT""; feature=ADM3"
Meghalaya,NONGPOH - ML10( 06-MAR-2017 ),ML-10,NONGPOH,25.9023,91.87694,0.6800,geonames,false,"geonames=1261208; matched=""Nongpoh""; query=""NONGPOH""; feature=PPL"
Meghalaya,NONGSTOIN - ML6( 08-DEC-2017 ),ML-6,NONGSTOIN,25.51704,91.26484,0.6800,geonames,false,"geonames=1261205; matched=""Nongstoin""; query=""NONGSTOIN""; feature=PPL"
Meghalaya,RESUBELPARA - ML13( 19-DEC-2017 ),ML-13,RESUBELPARA,25.90404,90.60747,0.6800,geonames,false,"geonames=11184460; matched=""Resubelpara""; query=""RESUBELPARA""; feature=PPLA2"
Meghalaya,SHILLONG - ML5( 29-FEB-2016 ),ML-5,SHILLONG,25.56892,91.88313,0.6800,geonames,false,"geonames=1256523; matched=""Shillong""; query=""SHILLONG""; feature=PPLA"
Meghalaya,STATE TRANSPORT AUTHORITY - ML99( 28-NOV-2017 ),ML-99,STATE AUTHORITY,25.5,91.33333,0.6800,geonames,false,"geonames=1263207; matched=""Meghalaya""; query=""Meghalaya""; feature=ADM1"
Meghalaya,TURA - ML8( 31-JAN-2017 ),ML-8,TURA,25.51421,90.20239,0.6800,geonames,false,"geonames=1254046; matched=""Tura""; query=""TURA""; feature=PPL"
Meghalaya,WILLIAMNAGAR - ML7( 14-AUG-2017 ),ML-7,WILLIAMNAGAR,25.4955,90.6168,0.6800,geonames,false,"geonames=7701509; matched=""Williamnagar""; query=""WILLIAMNAGAR""; feature=PPLA2"
Mizoram,AIZAWL DTO - MZ1( 29-AUG-2017 ),MZ-1,AIZAWL,23.72894,92.71791,0.6800,geonames,false,"geonames=1279186; matched=""Aizawl""; query=""AIZAWL""; feature=PPLA"
Mizoram,CHAMPHAI - MZ4( 29-AUG-2017 ),MZ-4,CHAMPHAI,23.53798,93.3732,0.6800,geonames,false,"geonames=1261468; matched=""Ngur""; query=""CHAMPHAI""; feature=PPL"
Mizoram,HNAHTHIAL - MZ11( 17-OCT-2025 ),MZ-11,HNAHTHIAL,22.96611,92.92966,0.6800,geonames,false,"geonames=12523346; matched=""Hnahthial""; query=""HNAHTHIAL""; feature=PPLA2"
Mizoram,KHAWZAWL - MZ10( 14-OCT-2025 ),MZ-10,KHAWZAWL,23.51771,93.18886,0.6800,geonames,false,"geonames=9072757; matched=""Khawzawl""; query=""KHAWZAWL""; feature=PPLA2"
Mizoram,KOLASIB - MZ5( 29-AUG-2017 ),MZ-5,KOLASIB,24.22215,92.67697,0.6800,geonames,false,"geonames=8261085; matched=""Kolasib district""; query=""KOLASIB""; feature=ADM2"
Mizoram,LAWNGTLAI - MZ7( 10-MAY-2018 ),MZ-7,LAWNGTLAI,22.53,92.9,0.6800,geonames,false,"geonames=9166022; matched=""Lawngtlai""; query=""LAWNGTLAI""; feature=ADM2"
Mizoram,LUNGLEI - MZ2( 29-AUG-2017 ),MZ-2,LUNGLEI,22.89247,92.74218,0.6800,geonames,false,"geonames=1264688; matched=""Lunglei""; query=""LUNGLEI""; feature=PPL"
Mizoram,MAMIT - MZ8( 29-AUG-2017 ),MZ-8,MAMIT,23.78492,92.46939,0.6800,geonames,false,"geonames=7909838; matched=""Mamit""; query=""MAMIT""; feature=ADM2"
Mizoram,SAIHA - MZ3( 29-AUG-2017 ),MZ-3,SAIHA,22.49183,92.98143,0.6800,geonames,false,"geonames=1257771; matched=""Saiha""; query=""SAIHA""; feature=PPL"
Mizoram,SAITUAL - MZ9( 29-AUG-2017 ),MZ-9,SAITUAL,23.68307,92.96712,0.6800,geonames,false,"geonames=12572558; matched=""Saitual""; query=""SAITUAL""; feature=PPLA2"
Mizoram,SERCHHIP - MZ6( 29-AUG-2017 ),MZ-6,SERCHHIP,23.29312,92.84679,0.6800,geonames,false,"geonames=1256812; matched=""Serchhip""; query=""SERCHHIP""; feature=PPL"
Mizoram,STATE TRANSPORT AUTHORITY - MZ99( 30-AUG-2017 ),MZ-99,STATE AUTHORITY,23,93,0.6800,geonames,false,"geonames=1262963; matched=""Mizoram""; query=""Mizoram""; feature=ADM1"
Nagaland,DIMAPUR DTO - NL7( 19-JUN-2018 ),NL-7,DIMAPUR,25.91174,93.7217,0.6800,geonames,false,"geonames=1272552; matched=""Dimapur""; query=""DIMAPUR""; feature=PPL"
Nagaland,KOHIMA RTO - NL1( 16-SEP-2019 ),NL-1,KOHIMA,25.67467,94.11099,0.6800,geonames,false,"geonames=1266366; matched=""Kohima""; query=""KOHIMA""; feature=PPLA"
Nagaland,MOKOKCHUNG RTO - NL2( 05-APR-2019 ),NL-2,MOKOKCHUNG,26.3248,94.51834,0.6800,geonames,false,"geonames=1262843; matched=""Mokokchung""; query=""MOKOKCHUNG""; feature=PPL"
Nagaland,MON DTO - NL4( 30-NOV-2018 ),NL-4,MON,26.75,94.83333,0.6800,geonames,false,"geonames=1262825; matched=""Mon""; query=""MON""; feature=ADM2"
Nagaland,PHEK DTO - NL8( 16-NOV-2018 ),NL-8,PHEK,25.75,94.5,0.6800,geonames,false,"geonames=1259785; matched=""Phek""; query=""PHEK""; feature=ADM2"
Nagaland,TRANSPORT COMMISSIONERATE - NL99( 20-JUL-2021 ),NL-99,COMMISSIONERATE,26.08333,94.5,0.6200,geonames,false,"geonames=1262271; matched=""State of Nagaland""; query=""Nagaland""; feature=ADM1"
Nagaland,TUENSANG DTO - NL3( 05-NOV-2018 ),NL-3,TUENSANG,26.26704,94.82415,0.6800,geonames,false,"geonames=1254133; matched=""Tuensang""; query=""TUENSANG""; feature=PPL"
Nagaland,WOKHA DTO - NL5( 04-OCT-2018 ),NL-5,WOKHA,26.09717,94.25817,0.6800,geonames,false,"geonames=1252840; matched=""Wokha""; query=""WOKHA""; feature=PPL"
Nagaland,ZUNHEBOTO DTO - NL6( 28-MAR-2019 ),NL-6,ZUNHEBOTO,25.96667,94.51667,0.6800,geonames,false,"geonames=1252653; matched=""Zunheboto""; query=""ZUNHEBOTO""; feature=PPLA2"
Odisha,ANGUL RTO - OD19( 25-DEC-2017 ),OD-19,ANGUL,20.84089,85.10192,0.6800,geonames,false,"geonames=1278593; matched=""Angul""; query=""ANGUL""; feature=PPL"
Odisha,ARTO BARBIL - OD901( 04-DEC-2017 ),OD-901,BARBIL,22.10194,85.37752,0.6800,geonames,false,"geonames=7279597; matched=""Barbil""; query=""BARBIL""; feature=PPL"
Odisha,BALASORE RTO - OD1( 07-NOV-2017 ),OD-1,BALASORE,21.49266,86.93348,0.6800,geonames,false,"geonames=1277599; matched=""Balasore""; query=""BALASORE""; feature=PPL"
Odisha,BARGARH RTO - OD17( 04-DEC-2017 ),OD-17,BARGARH,21.33348,83.61905,0.6800,geonames,false,"geonames=1276988; matched=""Bargarh""; query=""BARGARH""; feature=PPL"
Odisha,BHADRAK RTO - OD22( 04-DEC-2017 ),OD-22,BHADRAK,21.05447,86.5156,0.6800,geonames,false,"geonames=1276325; matched=""Bhadrak""; query=""BHADRAK""; feature=PPL"
Odisha,BHANJANAGAR RTO - OD32( 04-DEC-2017 ),OD-32,BHANJANAGAR,19.92719,84.58201,0.6800,geonames,false,"geonames=1276159; matched=""Bhanjanagar""; query=""BHANJANAGAR""; feature=PPL"
Odisha,BHUBANESWAR RTO - OD2( 22-JAN-2018 ),OD-2,BHUBANESWAR,20.27241,85.83385,0.6800,geonames,false,"geonames=1275817; matched=""Bhubaneswar""; query=""BHUBANESWAR""; feature=PPLA"
Odisha,BHUBANESWAR-II RTO - OD33( 23-OCT-2017 ),OD-33,BHUBANESWAR II,20.27241,85.83385,0.6200,geonames,false,"geonames=1275817; matched=""Bhubaneswar""; query=""BHUBANESWAR""; feature=PPLA"
Odisha,BOLANGIR RTO - OD3( 25-DEC-2017 ),OD-3,BOLANGIR,20.70419,83.49029,0.6800,geonames,false,"geonames=1277643; matched=""Balangir""; query=""BOLANGIR""; feature=PPL"
Odisha,BOUDH RTO - OD27( 23-OCT-2017 ),OD-27,BOUDH,20.833,84.333,0.6800,geonames,false,"geonames=8996923; matched=""Baudh""; query=""BOUDH""; feature=ADM2"
Odisha,CHANDIKHOLE RTO - OD4( 23-OCT-2017 ),OD-4,CHANDIKHOLE,20.5,84.41667,0.6200,geonames,false,"geonames=1261029; matched=""State of Odisha""; query=""Odisha""; feature=ADM1"
Odisha,CUTTACK RTO - OD5( 31-MAY-2017 ),OD-5,CUTTACK,20.46497,85.87927,0.6800,geonames,false,"geonames=1273780; matched=""Cuttack""; query=""CUTTACK""; feature=PPL"
Odisha,DEOGARH RTO - OD28( 23-OCT-2017 ),OD-28,DEOGARH,21.53827,84.73337,0.6800,geonames,false,"geonames=1273246; matched=""Deogarh""; query=""DEOGARH""; feature=PPL"
Odisha,DHENKANAL RTO - OD6( 07-NOV-2017 ),OD-6,DHENKANAL,20.65744,85.59693,0.6800,geonames,false,"geonames=1272780; matched=""Dhenkanal""; query=""DHENKANAL""; feature=PPL"
Odisha,GAJAPATI RTO - OD20( 07-NOV-2017 ),OD-20,GAJAPATI,18.91,84.2,0.6800,geonames,false,"geonames=8533699; matched=""Gajapati""; query=""GAJAPATI""; feature=ADM2"
Odisha,GANJAM RTO - OD7( 04-DEC-2017 ),OD-7,GANJAM,19.31151,84.7929,0.6800,geonames,false,"geonames=1275198; matched=""Brahmapur""; query=""GANJAM""; feature=PPL"
Odisha,JAGATSINGHPUR RTO - OD21( 04-DEC-2017 ),OD-21,JAGATSINGHPUR,20.2557,86.17112,0.6800,geonames,false,"geonames=1269581; matched=""Jagatsinghapur""; query=""JAGATSINGHPUR""; feature=PPL"
Odisha,JAJPUR RTO - OD34( 23-OCT-2017 ),OD-34,JAJPUR,20.84852,86.33729,0.6800,geonames,false,"geonames=1269477; matched=""Jajpur""; query=""JAJPUR""; feature=PPL"
Odisha,JHARSUGUDA RTO - OD23( 07-NOV-2017 ),OD-23,JHARSUGUDA,21.85531,84.00698,0.6800,geonames,false,"geonames=1268977; matched=""Jharsuguda""; query=""JHARSUGUDA""; feature=PPLA2"
Odisha,KALAHANDI RTO - OD8( 23-OCT-2017 ),OD-8,KALAHANDI,19.75,83,0.6800,geonames,false,"geonames=1268508; matched=""Kalahandi""; query=""KALAHANDI""; feature=ADM2"
Odisha,KENDRAPARA RTO - OD29( 23-OCT-2017 ),OD-29,KENDRAPARA,20.50166,86.42227,0.6800,geonames,false,"geonames=1267283; matched=""Kendraparha""; query=""KENDRAPARA""; feature=PPL"
Odisha,KEONJHAR RTO - OD9( 04-DEC-2017 ),OD-9,KEONJHAR,21.6318,85.59686,0.6800,geonames,false,"geonames=1267267; matched=""Keonjhargarh""; query=""KEONJHAR""; feature=PPL"
Odisha,KHORDHA ARTO - OD201( 20-JAN-2018 ),OD-201,KHORDHA,20.18268,85.61629,0.6800,geonames,false,"geonames=1266616; matched=""Khordha""; query=""KHORDHA""; feature=PPL"
Odisha,KORAPUT RTO - OD10( 25-DEC-2017 ),OD-10,KORAPUT,18.81199,82.71048,0.6800,geonames,false,"geonames=1266128; matched=""Koraput""; query=""KORAPUT""; feature=PPL"
Odisha,MALKANAGIRI RTO - OD30( 25-DEC-2017 ),OD-30,MALKANAGIRI,18.36428,81.888,0.6800,geonames,false,"geonames=1264075; matched=""Malakanagiri""; query=""MALKANAGIRI""; feature=PPL"
Odisha,MAYURBHANJ RTO - OD11( 08-NOV-2017 ),OD-11,MAYURBHANJ,21.93458,86.72852,0.6800,geonames,false,"geonames=1276942; matched=""Baripada""; query=""MAYURBHANJ""; feature=PPL"
Odisha,NAWARANGPUR RTO - OD24( 07-NOV-2017 ),OD-24,NAWARANGPUR,20.5,84.41667,0.6200,geonames,false,"geonames=1261029; matched=""State of Odisha""; query=""Odisha""; feature=ADM1"
Odisha,NAYAGARH RTO - OD25( 25-DEC-2017 ),OD-25,NAYAGARH,20.13,85.1,0.6800,geonames,false,"geonames=8986741; matched=""Nayagarh District""; query=""NAYAGARH""; feature=ADM2"
Odisha,NUAPADA RTO - OD26( 06-NOV-2017 ),OD-26,NUAPADA,20.6,82.5,0.6800,geonames,false,"geonames=8533697; matched=""Nuapada""; query=""NUAPADA""; feature=ADM2"
Odisha,PHULBANI RTO - OD12( 23-OCT-2017 ),OD-12,PHULBANI,20.48101,84.23063,0.6800,geonames,false,"geonames=1259756; matched=""Phulbani""; query=""PHULBANI""; feature=PPL"
Odisha,PURI RTO - OD13( 25-DEC-2017 ),OD-13,PURI,19.79825,85.82494,0.6800,geonames,false,"geonames=1259184; matched=""Puri""; query=""PURI""; feature=PPL"
Odisha,RAIRANGPUR ARTO - OD111( 08-NOV-2017 ),OD-111,RAIRANGPUR,22.26675,86.17385,0.6800,geonames,false,"geonames=1265830; matched=""Rairangpur""; query=""RAIRANGPUR""; feature=PPL"
Odisha,RAYGADA RTO - OD18( 25-DEC-2017 ),OD-18,RAYGADA,20.5,84.41667,0.6200,geonames,false,"geonames=1261029; matched=""State of Odisha""; query=""Odisha""; feature=ADM1"
Odisha,ROURKELA RTO - OD14( 25-DEC-2017 ),OD-14,ROURKELA,22.22496,84.86414,0.6800,geonames,false,"geonames=1258315; matched=""Rourkela""; query=""ROURKELA""; feature=PPL"
Odisha,SAMBALPUR RTO - OD15( 04-DEC-2017 ),OD-15,SAMBALPUR,21.46527,83.97573,0.6800,geonames,false,"geonames=1257542; matched=""Sambalpur""; query=""SAMBALPUR""; feature=PPL"
Odisha,SONEPUR RTO - OD31( 08-NOV-2017 ),OD-31,SONEPUR,20.83333,83.91667,0.6800,geonames,false,"geonames=1255763; matched=""Sonepur""; query=""SONEPUR""; feature=PPL"
Odisha,STATE TRANSPORT AUTHORITY - OD99( 24-APR-2018 ),OD-99,STATE AUTHORITY,20.5,84.41667,0.6800,geonames,false,"geonames=1261029; matched=""State of Odisha""; query=""Odisha""; feature=ADM1"
Odisha,SUNDERGARH RTO - OD16( 08-NOV-2017 ),OD-16,SUNDERGARH,22.11667,84.03333,0.6800,geonames,false,"geonames=1255437; matched=""Sundergarh""; query=""SUNDERGARH""; feature=PPL"
Odisha,TALCHER RTO - OD35( 25-DEC-2017 ),OD-35,TALCHER,20.94927,85.23354,0.6800,geonames,false,"geonames=1255143; matched=""Talcher""; query=""TALCHER""; feature=PPL"
Puducherry,BAHOUR - PY11( 27-JAN-2017 ),PY-11,BAHOUR,11.93381,79.82979,0.6200,geonames,false,"geonames=1259425; matched=""Puducherry""; query=""Puducherry""; feature=PPLA"
Puducherry,CHECK POST - PY99( 23-MAR-2018 ),PY-99,CHECK POST,11.93381,79.82979,0.6200,geonames,false,"geonames=1259425; matched=""Puducherry""; query=""Puducherry""; feature=PPLA"
Puducherry,KARAIKAL - PY2( 16-APR-2018 ),PY-2,KARAIKAL,11.93381,79.82979,0.6200,geonames,false,"geonames=1259425; matched=""Puducherry""; query=""Puducherry""; feature=PPLA"
Puducherry,MAHE - PY3( 12-MAR-2018 ),PY-3,MAHE,11.93381,79.82979,0.6200,geonames,false,"geonames=1259425; matched=""Puducherry""; query=""Puducherry""; feature=PPLA"
Puducherry,OULGARET - PY5( 06-FEB-2018 ),PY-5,OULGARET,11.93381,79.82979,0.6200,geonames,false,"geonames=1259425; matched=""Puducherry""; query=""Puducherry""; feature=PPLA"
Puducherry,PUDUCHERRY - PY1( 28-MAY-2018 ),PY-1,PUDUCHERRY,11.93381,79.82979,0.6800,geonames,false,"geonames=1259425; matched=""Puducherry""; query=""PUDUCHERRY""; feature=PPLA"
Puducherry,THIRUBUVANAI(VILLIANUR) - PY51( 27-JUN-2017 ),PY-51,THIRUBUVANAI,11.93381,79.82979,0.6200,geonames,false,"geonames=1259425; matched=""Puducherry""; query=""Puducherry""; feature=PPLA"
Puducherry,YANAM - PY4( 03-MAR-2018 ),PY-4,YANAM,11.93381,79.82979,0.6200,geonames,false,"geonames=1259425; matched=""Puducherry""; query=""Puducherry""; feature=PPLA"
Punjab,PUNJAB STA(RAC)/(AITP) - PB1( 16-FEB-2018 ),PB-1,PUNJAB STA /,30.91667,75.41667,0.6800,geonames,false,"geonames=1259223; matched=""State of Punjab""; query=""PUNJAB""; feature=ADM1"
Punjab,RTO AMRITSAR - PB2( 02-NOV-2017 ),PB-2,AMRITSAR,31.62234,74.87534,0.6800,geonames,false,"geonames=1278710; matched=""Amritsar""; query=""AMRITSAR""; feature=PPL"
Punjab,RTO BARNALA - PB19( 02-JAN-2018 ),PB-19,BARNALA,30.37451,75.5487,0.6800,geonames,false,"geonames=1276895; matched=""Barnala""; query=""BARNALA""; feature=PPL"
Punjab,RTO BATHINDA - PB3( 25-OCT-2017 ),PB-3,BATHINDA,30.20747,74.93893,0.6800,geonames,false,"geonames=1276070; matched=""Bathinda""; query=""BATHINDA""; feature=PPL"
Punjab,RTO FARIDKOT - PB4( 25-OCT-2017 ),PB-4,FARIDKOT,30.67399,74.75579,0.6800,geonames,false,"geonames=1271949; matched=""Faridkot""; query=""FARIDKOT""; feature=PPL"
Punjab,RTO FATEHGARH SAHIB - PB23( 11-OCT-2017 ),PB-23,FATEHGARH SAHIB,30.64379,76.34787,0.6800,geonames,false,"geonames=7909874; matched=""Fatehgarh Sahib""; query=""FATEHGARH SAHIB""; feature=ADM2"
Punjab,RTO FAZILKA - PB22( 10-NOV-2017 ),PB-22,FAZILKA,30.40207,74.02836,0.6800,geonames,false,"geonames=1271891; matched=""Fazilka""; query=""FAZILKA""; feature=PPLA2"
Punjab,RTO FEROZPUR - PB5( 25-OCT-2017 ),PB-5,FEROZPUR,30.91667,75.41667,0.6200,geonames,false,"geonames=1259223; matched=""State of Punjab""; query=""Punjab""; feature=ADM1"
Punjab,RTO GURDASPUR - PB6( 27-OCT-2017 ),PB-6,GURDASPUR,32.03933,75.40318,0.6800,geonames,false,"geonames=1270647; matched=""Gurdaspur""; query=""GURDASPUR""; feature=PPL"
Punjab,RTO HOSHIARPUR - PB7( 01-NOV-2017 ),PB-7,HOSHIARPUR,31.53723,75.91269,0.6800,geonames,false,"geonames=1269937; matched=""Hoshiarpur""; query=""HOSHIARPUR""; feature=PPLA2"
Punjab,RTO JALANDHAR - PB8( 30-OCT-2017 ),PB-8,JALANDHAR,31.32556,75.57917,0.6800,geonames,false,"geonames=1268782; matched=""Jalandhar""; query=""JALANDHAR""; feature=PPL"
Punjab,RTO KAPURTHALA - PB9( 01-NOV-2017 ),PB-9,KAPURTHALA,31.38011,75.38105,0.6800,geonames,false,"geonames=1267911; matched=""Kapurthala Town""; query=""KAPURTHALA""; feature=PPL"
Punjab,RTO LUDHIANA - PB10( 25-JAN-2018 ),PB-10,LUDHIANA,30.91204,75.85379,0.6800,geonames,false,"geonames=1264728; matched=""Ludhiana""; query=""LUDHIANA""; feature=PPL"
Punjab,RTO MALERKOTLA - PB28( 01-NOV-2017 ),PB-28,MALERKOTLA,30.53376,75.90824,0.6800,geonames,false,"geonames=12680250; matched=""Malerkotla""; query=""MALERKOTLA""; feature=ADM2"
Punjab,RTO MANSA - PB31( 24-OCT-2017 ),PB-31,MANSA,29.98844,75.40167,0.6800,geonames,false,"geonames=1263622; matched=""Mansa""; query=""MANSA""; feature=PPL"
Punjab,RTO MOGA - PB29( 18-OCT-2017 ),PB-29,MOGA,30.81383,75.16878,0.6800,geonames,false,"geonames=1262951; matched=""Moga""; query=""MOGA""; feature=PPL"
Punjab,RTO MUKTSAR SAHIB - PB30( 27-FEB-2018 ),PB-30,MUKTSAR SAHIB,30.47426,74.5166,0.6200,geonames,false,"geonames=1262578; matched=""Muktsar""; query=""MUKTSAR""; feature=PPL"
Punjab,RTO PATHANKOT - PB35( 01-NOV-2017 ),PB-35,PATHANKOT,32.27484,75.65287,0.6800,geonames,false,"geonames=1260137; matched=""Pathankot""; query=""PATHANKOT""; feature=PPL"
Punjab,RTO PATIALA - PB11( 22-DEC-2017 ),PB-11,PATIALA,30.33625,76.3922,0.6800,geonames,false,"geonames=1260107; matched=""Patiala""; query=""PATIALA""; feature=PPL"
Punjab,RTO ROPAR - PB12( 31-OCT-2017 ),PB-12,ROPAR,30.96896,76.52695,0.6800,geonames,false,"geonames=1257951; matched=""Ropar""; query=""ROPAR""; feature=PPL"
Punjab,RTO SAHIBZADA AJIT SINGH NAGAR - PB65( 24-OCT-2017 ),PB-65,SAHIBZADA AJIT SINGH NAGAR,30.65,76.7,0.6800,geonames,false,"geonames=8407426; matched=""Ajitgarh""; query=""SAHIBZADA AJIT SINGH NAGAR""; feature=ADM2"
Punjab,RTO SANGRUR - PB13( 13-NOV-2017 ),PB-13,SANGRUR,30.24506,75.84488,0.6800,geonames,false,"geonames=1257402; matched=""Sangrur""; query=""SANGRUR""; feature=PPL"
Punjab,RTO SBS NAGAR - PB32( 28-OCT-2017 ),PB-32,SBS NAGAR,30.91667,75.41667,0.6200,geonames,false,"geonames=1259223; matched=""State of Punjab""; query=""Punjab""; feature=ADM1"
Punjab,RTO TARN TARAN - PB46( 26-OCT-2017 ),PB-46,TARN TARAN,31.45191,74.92777,0.6800,geonames,false,"geonames=1254868; matched=""Tarn Taran""; query=""TARN TARAN""; feature=PPL"
Punjab,SDM ABOHAR - PB15( 26-OCT-2017 ),PB-15,SDM ABOHAR,30.14453,74.19552,0.6200,geonames,false,"geonames=1279403; matched=""Abohar""; query=""ABOHAR""; feature=PPL"
Punjab,SDM ADAMPUR - PB94( 26-OCT-2023 ),PB-94,SDM ADAMPUR,31.43224,75.71484,0.6200,geonames,false,"geonames=1462733; matched=""Adampur""; query=""ADAMPUR""; feature=PPL"
Punjab,SDM AHMEDGARH - PB82( 01-NOV-2017 ),PB-82,SDM AHMEDGARH,30.67731,75.82633,0.6200,geonames,false,"geonames=13494596; matched=""Ahmedgarh""; query=""AHMEDGARH""; feature=PPL"
Punjab,SDM AJNALA - PB14( 02-NOV-2017 ),PB-14,SDM AJNALA,31.84473,74.76295,0.6200,geonames,false,"geonames=1279158; matched=""Ajnala""; query=""AJNALA""; feature=PPL"
Punjab,SDM AMARGARH - PB92( 22-OCT-2021 ),PB-92,SDM AMARGARH,30.46207,76.01438,0.6200,geonames,false,"geonames=10432960; matched=""Amargarh""; query=""AMARGARH""; feature=PPL"
Punjab,SDM AMLOH - PB48( 04-OCT-2017 ),PB-48,SDM AMLOH,30.60837,76.23199,0.6200,geonames,false,"geonames=1278758; matched=""Amloh""; query=""AMLOH""; feature=PPL"
Punjab,SDM AMRITSAR-2 - PB89( 02-NOV-2017 ),PB-89,SDM AMRITSAR 2,30.91667,75.41667,0.6200,geonames,false,"geonames=1259223; matched=""State of Punjab""; query=""Punjab""; feature=ADM1"
Punjab,SDM ANANDPUR SAHIB - PB16( 30-OCT-2017 ),PB-16,SDM ANANDPUR SAHIB,30.91667,75.41667,0.6200,geonames,false,"geonames=1259223; matched=""State of Punjab""; query=""Punjab""; feature=ADM1"
Punjab,SDM BABA BAKALA - PB17( 02-NOV-2017 ),PB-17,SDM BABA BAKALA,30.91667,75.41667,0.6200,geonames,false,"geonames=1259223; matched=""State of Punjab""; query=""Punjab""; feature=ADM1"
Punjab,SDM BAGHA PURANA - PB69( 18-OCT-2017 ),PB-69,SDM BAGHA PURANA,30.91667,75.41667,0.6200,geonames,false,"geonames=1259223; matched=""State of Punjab""; query=""Punjab""; feature=ADM1"
Punjab,SDM BALACHAUR - PB20( 01-NOV-2017 ),PB-20,SDM BALACHAUR,31.06062,76.30166,0.6200,geonames,false,"geonames=1277666; matched=""Balachor""; query=""BALACHAUR""; feature=PPL"
Punjab,SDM BANGA - PB78( 01-NOV-2017 ),PB-78,SDM BANGA,31.18874,75.99495,0.6200,geonames,false,"geonames=1277338; matched=""Banga""; query=""BANGA""; feature=PPL"
Punjab,SDM BASSI PATHANA - PB52( 28-SEP-2017 ),PB-52,SDM BASSI PATHANA,30.91667,75.41667,0.6200,geonames,false,"geonames=1259223; matched=""State of Punjab""; query=""Punjab""; feature=ADM1"
Punjab,SDM BATALA - PB18( 27-OCT-2017 ),PB-18,SDM BATALA,31.80921,75.20294,0.6200,geonames,false,"geonames=1276720; matched=""Batala""; query=""BATALA""; feature=PPL"
Punjab,SDM BHAWNIGARH - PB84( 25-OCT-2017 ),PB-84,SDM BHAWNIGARH,30.91667,75.41667,0.6200,geonames,false,"geonames=1259223; matched=""State of Punjab""; query=""Punjab""; feature=ADM1"
Punjab,SDM BHIKHIWIND - PB88( 26-OCT-2017 ),PB-88,SDM BHIKHIWIND,31.25724,74.65416,0.6200,geonames,false,"geonames=12681627; matched=""Bhikhiwind""; query=""BHIKHIWIND""; feature=ADM3"
Punjab,SDM BHOLATH - PB57( 01-NOV-2017 ),PB-57,SDM BHOLATH,31.54279,75.50755,0.6200,geonames,false,"geonames=1275859; matched=""Bhulath Gharbi""; query=""BHOLATH""; feature=PPL"
Punjab,SDM BUDHLADA - PB50( 26-OCT-2017 ),PB-50,SDM BUDHLADA,29.92799,75.56205,0.6200,geonames,false,"geonames=1275147; matched=""Budhlada""; query=""BUDHLADA""; feature=PPL"
Punjab,SDM CHAMKAUR SAHIB - PB71( 26-OCT-2017 ),PB-71,SDM CHAMKAUR SAHIB,30.91667,75.41667,0.6200,geonames,false,"geonames=1259223; matched=""State of Punjab""; query=""Punjab""; feature=ADM1"
Punjab,SDM DASUYA - PB21( 01-NOV-2017 ),PB-21,SDM DASUYA,31.81679,75.6531,0.6200,geonames,false,"geonames=1273410; matched=""Dasuya""; query=""DASUYA""; feature=PPL"
Punjab,SDM DERA BABA NANAK - PB58( 27-OCT-2017 ),PB-58,SDM DERA BABA NANAK,30.91667,75.41667,0.6200,geonames,false,"geonames=1259223; matched=""State of Punjab""; query=""Punjab""; feature=ADM1"
Punjab,SDM DERA BASSI - PB70( 17-OCT-2017 ),PB-70,SDM DERA BASSI,30.91667,75.41667,0.6200,geonames,false,"geonames=1259223; matched=""State of Punjab""; query=""Punjab""; feature=ADM1"
Punjab,SDM DHAR KALAN - PB68( 01-NOV-2017 ),PB-68,SDM DHAR KALAN,31.54235,75.23568,0.6200,geonames,false,"geonames=10698040; matched=""Raya""; query=""KALAN""; feature=PPL"
Punjab,SDM DHARAMKOT - PB76( 18-OCT-2017 ),PB-76,SDM DHARAMKOT,30.97053,75.23011,0.6200,geonames,false,"geonames=12681621; matched=""Dharamkot""; query=""DHARAMKOT""; feature=ADM3"
Punjab,SDM DHURI - PB59( 27-OCT-2017 ),PB-59,SDM DHURI,30.36846,75.86791,0.6200,geonames,false,"geonames=1272670; matched=""Dhuri""; query=""DHURI""; feature=PPL"
Punjab,SDM DINANAGAR - PB99( 25-MAR-2019 ),PB-99,SDM DINANAGAR,32.13664,75.47291,0.6200,geonames,false,"geonames=1272546; matched=""Dinanagar""; query=""DINANAGAR""; feature=PPL"
Punjab,SDM DIRBA - PB86( 01-NOV-2017 ),PB-86,SDM DIRBA,30.07222,75.99607,0.6200,geonames,false,"geonames=1272517; matched=""Dirba""; query=""DIRBA""; feature=PPL"
Punjab,SDM DUDHAN SADHAN - PB83( 26-OCT-2017 ),PB-83,SDM DUDHAN SADHAN,30.91667,75.41667,0.6200,geonames,false,"geonames=1259223; matched=""State of Punjab""; query=""Punjab""; feature=ADM1"
Punjab,SDM GARSHANKAR - PB24( 27-OCT-2017 ),PB-24,SDM GARSHANKAR,31.21537,76.14149,0.6200,geonames,false,"geonames=1271538; matched=""Garhshankar""; query=""GARSHANKAR""; feature=PPL"
Punjab,SDM GIDDARBAHA - PB60( 13-OCT-2017 ),PB-60,SDM GIDDARBAHA,30.19953,74.66627,0.6200,geonames,false,"geonames=1271212; matched=""Giddarbaha""; query=""GIDDARBAHA""; feature=PPL"
Punjab,SDM GURU HAR SAHAI - PB77( 24-OCT-2017 ),PB-77,SDM GURU HAR SAHAI,30.91667,75.41667,0.6200,geonames,false,"geonames=1259223; matched=""State of Punjab""; query=""Punjab""; feature=ADM1"
Punjab,SDM JAGRAON - PB25( 03-NOV-2017 ),PB-25,SDM JAGRAON,30.78783,75.47391,0.6200,geonames,false,"geonames=1269564; matched=""Jagraon""; query=""JAGRAON""; feature=PPL"
Punjab,SDM JAITO - PB62( 24-OCT-2017 ),PB-62,SDM JAITO,30.45126,74.89189,0.6200,geonames,false,"geonames=1269488; matched=""Jaito""; query=""JAITO""; feature=PPL"
Punjab,SDM JALALABAD - PB61( 26-OCT-2017 ),PB-61,SDM JALALABAD,30.60622,74.25727,0.6200,geonames,false,"geonames=1269445; matched=""Jalalabad""; query=""JALALABAD""; feature=PPL"
Punjab,SDM JALANDHAR-11 - PB90( 27-OCT-2017 ),PB-90,SDM JALANDHAR 11,30.91667,75.41667,0.6200,geonames,false,"geonames=1259223; matched=""State of Punjab""; query=""Punjab""; feature=ADM1"
Punjab,SDM KALANAUR - PB85( 27-OCT-2017 ),PB-85,SDM KALANAUR,32.01227,75.15063,0.6200,geonames,false,"geonames=1268475; matched=""Kalanaur""; query=""KALANAUR""; feature=PPL"
Punjab,SDM KHADUR SAHIB - PB63( 26-OCT-2017 ),PB-63,SDM KHADUR SAHIB,30.91667,75.41667,0.6200,geonames,false,"geonames=1259223; matched=""State of Punjab""; query=""Punjab""; feature=ADM1"
Punjab,SDM KHAMANO - PB49( 26-SEP-2017 ),PB-49,SDM KHAMANO,30.91667,75.41667,0.6200,geonames,false,"geonames=1259223; matched=""State of Punjab""; query=""Punjab""; feature=ADM1"
Punjab,SDM KHANNA - PB26( 01-NOV-2017 ),PB-26,SDM KHANNA,30.70547,76.22196,0.6200,geonames,false,"geonames=1267016; matched=""Khanna""; query=""KHANNA""; feature=PPL"
Punjab,SDM KHARAR - PB27( 23-OCT-2017 ),PB-27,SDM KHARAR,30.74632,76.64689,0.6200,geonames,false,"geonames=1266960; matched=""Kharar""; query=""KHARAR""; feature=PPL"
Punjab,SDM KOTKAPURA - PB79( 25-OCT-2017 ),PB-79,SDM KOTKAPURA,30.5819,74.83298,0.6200,geonames,false,"geonames=7279734; matched=""Kotkapura""; query=""KOTKAPURA""; feature=PPL"
Punjab,SDM LEHRAGAGA - PB75( 27-OCT-2017 ),PB-75,SDM LEHRAGAGA,29.94265,75.80144,0.6200,geonames,false,"geonames=12501476; matched=""Lehragaga""; query=""LEHRAGAGA""; feature=PPL"
Punjab,SDM LOPOKE - PB93( 26-OCT-2023 ),PB-93,SDM LOPOKE,30.91667,75.41667,0.6200,geonames,false,"geonames=1259223; matched=""State of Punjab""; query=""Punjab""; feature=ADM1"
Punjab,SDM LUDHIANA EAST - PB91( 29-DEC-2017 ),PB-91,SDM LUDHIANA EAST,30.91667,75.41667,0.6200,geonames,false,"geonames=1259223; matched=""State of Punjab""; query=""Punjab""; feature=ADM1"
Punjab,SDM MAJITHA - PB81( 28-OCT-2017 ),PB-81,SDM MAJITHA,31.75711,74.95891,0.6200,geonames,false,"geonames=1264241; matched=""Majitha""; query=""MAJITHA""; feature=PPL"
Punjab,SDM MALOUT - PB53( 17-OCT-2017 ),PB-53,SDM MALOUT,30.21121,74.4818,0.6200,geonames,false,"geonames=1264138; matched=""Malout""; query=""MALOUT""; feature=PPL"
Punjab,SDM MAUR MANDI - PB80( 25-OCT-2017 ),PB-80,SDM MAUR MANDI,30.91667,75.41667,0.6200,geonames,false,"geonames=1259223; matched=""State of Punjab""; query=""Punjab""; feature=ADM1"
Punjab,SDM MOONAK - PB64( 27-OCT-2017 ),PB-64,SDM MOONAK,29.82529,75.89055,0.6200,geonames,false,"geonames=11185885; matched=""Moonak""; query=""MOONAK""; feature=PPL"
Punjab,SDM MORINDA - PB87( 27-OCT-2017 ),PB-87,SDM MORINDA,30.79014,76.49883,0.6200,geonames,false,"geonames=1262426; matched=""Morinda""; query=""MORINDA""; feature=PPL"
Punjab,SDM MUKERIAN - PB54( 27-OCT-2017 ),PB-54,SDM MUKERIAN,31.95394,75.61716,0.6200,geonames,false,"geonames=1262596; matched=""Mukerian""; query=""MUKERIAN""; feature=PPL"
Punjab,SDM NABHA - PB34( 13-OCT-2017 ),PB-34,SDM NABHA,30.37577,76.15292,0.6200,geonames,false,"geonames=1262319; matched=""Nabha""; query=""NABHA""; feature=PPL"
Punjab,SDM NAKODAR - PB33( 31-OCT-2017 ),PB-33,SDM NAKODAR,31.12586,75.47508,0.6200,geonames,false,"geonames=1262097; matched=""Nakodar""; query=""NAKODAR""; feature=PPLA3"
Punjab,SDM NANGAL - PB74( 26-OCT-2017 ),PB-74,SDM NANGAL,31.38966,76.37574,0.6200,geonames,false,"geonames=1261922; matched=""Nangal""; query=""NANGAL""; feature=PPL"
Punjab,SDM NIHAL SINGH WALA - PB66( 18-OCT-2017 ),PB-66,SDM NIHAL SINGH WALA,30.91667,75.41667,0.6200,geonames,false,"geonames=1259223; matched=""State of Punjab""; query=""Punjab""; feature=ADM1"
Punjab,SDM PATRAN - PB72( 11-OCT-2017 ),PB-72,SDM PATRAN,29.9577,76.0486,0.6200,geonames,false,"geonames=7910929; matched=""Patran""; query=""PATRAN""; feature=PPL"
Punjab,SDM PATTI - PB38( 26-OCT-2017 ),PB-38,SDM PATTI,31.28092,74.85849,0.6200,geonames,false,"geonames=1260045; matched=""Patti""; query=""PATTI""; feature=PPL"
Punjab,SDM PAYAL - PB55( 03-NOV-2017 ),PB-55,SDM PAYAL,30.72131,76.06046,0.6200,geonames,false,"geonames=1260845; matched=""Pail""; query=""PAYAL""; feature=PPL"
Punjab,SDM PHAGWARA - PB36( 01-NOV-2017 ),PB-36,SDM PHAGWARA,31.22452,75.77387,0.6200,geonames,false,"geonames=1259827; matched=""Phagwara""; query=""PHAGWARA""; feature=PPL"
Punjab,SDM PHILLOUR - PB37( 28-OCT-2017 ),PB-37,SDM PHILLOUR,30.91667,75.41667,0.6200,geonames,false,"geonames=1259223; matched=""State of Punjab""; query=""Punjab""; feature=ADM1"
Punjab,SDM RAIKOT - PB56( 20-NOV-2017 ),PB-56,SDM RAIKOT,30.65,75.6,0.6200,geonames,false,"geonames=1258993; matched=""Raikot""; query=""RAIKOT""; feature=PPL"
Punjab,SDM RAJPURA - PB39( 24-OCT-2017 ),PB-39,SDM RAJPURA,30.47856,76.59284,0.6200,geonames,false,"geonames=1258803; matched=""Rajpura""; query=""RAJPURA""; feature=PPL"
Punjab,SDM RAMPURA PHUL - PB40( 25-OCT-2017 ),PB-40,SDM RAMPURA PHUL,30.91667,75.41667,0.6200,geonames,false,"geonames=1259223; matched=""State of Punjab""; query=""Punjab""; feature=ADM1"
Punjab,SDM SAMANA - PB42( 11-OCT-2017 ),PB-42,SDM SAMANA,30.15395,76.19851,0.6200,geonames,false,"geonames=1257559; matched=""Samana""; query=""SAMANA""; feature=PPL"
Punjab,SDM SAMRALA - PB43( 27-OCT-2017 ),PB-43,SDM SAMRALA,30.83601,76.19324,0.6200,geonames,false,"geonames=1257503; matched=""Samrala""; query=""SAMRALA""; feature=PPL"
Punjab,SDM SARDULGARH - PB51( 27-OCT-2017 ),PB-51,SDM SARDULGARH,29.69224,75.23608,0.6200,geonames,false,"geonames=1257191; matched=""Sardulgarh""; query=""SARDULGARH""; feature=PPL"
Punjab,SDM SHAHKOT - PB67( 30-OCT-2017 ),PB-67,SDM SHAHKOT,31.08173,75.33708,0.6200,geonames,false,"geonames=1256725; matched=""Shahkot""; query=""SHAHKOT""; feature=PPL"
Punjab,SDM SULTANPUR LODHI - PB41( 30-OCT-2017 ),PB-41,SDM SULTANPUR LODHI,30.91667,75.41667,0.6200,geonames,false,"geonames=1259223; matched=""State of Punjab""; query=""Punjab""; feature=ADM1"
Punjab,SDM SUNAM - PB44( 26-OCT-2017 ),PB-44,SDM SUNAM,30.12883,75.79943,0.6200,geonames,false,"geonames=1255449; matched=""Sunam""; query=""SUNAM""; feature=PPL"
Punjab,SDM TALWANDI SABO - PB45( 24-OCT-2017 ),PB-45,SDM TALWANDI SABO,30.91667,75.41667,0.6200,geonames,false,"geonames=1259223; matched=""State of Punjab""; query=""Punjab""; feature=ADM1"
Punjab,SDM TANDA - PB95( 29-AUG-2024 ),PB-95,SDM TANDA,31.68497,75.59995,0.6200,geonames,false,"geonames=12681640; matched=""Tanda""; query=""TANDA""; feature=ADM3"
Punjab,SDM TAPA - PB73( 03-NOV-2017 ),PB-73,SDM TAPA,30.29794,75.36936,0.6200,geonames,false,"geonames=10255848; matched=""Tapa""; query=""TAPA""; feature=PPL"
Punjab,SDM ZIRA - PB47( 26-OCT-2017 ),PB-47,SDM ZIRA,30.96853,74.99106,0.6200,geonames,false,"geonames=7645176; matched=""Zira""; query=""ZIRA""; feature=PPL"
Rajasthan,A&L Company - RJ267( 08-APR-2021 ),RJ-267,A&L Company,26.58333,73.83333,0.6200,geonames,false,"geonames=1258899; matched=""State of Rajasthan""; query=""Rajasthan""; feature=ADM1"
Rajasthan,ABU ROAD DTO - RJ38( 07-JAN-2019 ),RJ-38,ABU ROAD,24.48012,72.78186,0.6800,geonames,false,"geonames=1279394; matched=""Abu Road""; query=""ABU ROAD""; feature=PPL"
Rajasthan,AJMER RTO - RJ1( 13-APR-2017 ),RJ-1,AJMER,26.4521,74.63867,0.6800,geonames,false,"geonames=1279159; matched=""Ajmer""; query=""AJMER""; feature=PPL"
Rajasthan,ALWAR RTO - RJ2( 19-APR-2018 ),RJ-2,ALWAR,27.56246,76.625,0.6800,geonames,false,"geonames=1278946; matched=""Alwar""; query=""ALWAR""; feature=PPL"
Rajasthan,ARAVALI FITNESS TESTING CENTER - RJ218( 02-DEC-2019 ),RJ-218,ARAVALI FITNESS TESTING CENTER,26.58333,73.83333,0.6200,geonames,false,"geonames=1258899; matched=""State of Rajasthan""; query=""Rajasthan""; feature=ADM1"
Rajasthan,Adinath Fitness Center - RJ260( 01-JAN-2021 ),RJ-260,Adinath Fitness Center,26.58333,73.83333,0.6200,geonames,false,"geonames=1258899; matched=""State of Rajasthan""; query=""Rajasthan""; feature=ADM1"
Rajasthan,Agarwal Fitness Center - RJ225( 15-JAN-2020 ),RJ-225,Agarwal Fitness Center,26.58333,73.83333,0.6200,geonames,false,"geonames=1258899; matched=""State of Rajasthan""; query=""Rajasthan""; feature=ADM1"
Rajasthan,Alwar Auto Mobile Fitness Center - RJ243( 11-SEP-2020 ),RJ-243,Alwar Auto Mobile Fitness Center,26.58333,73.83333,0.6200,geonames,false,"geonames=1258899; matched=""State of Rajasthan""; query=""Rajasthan""; feature=ADM1"
Rajasthan,Alwar Fitness Center - RJ254( 26-NOV-2020 ),RJ-254,Alwar Fitness Center,27.56246,76.625,0.6800,geonames,false,"geonames=1278946; matched=""Alwar""; query=""Alwar""; feature=PPL"
Rajasthan,Arihant Vehicle Fitness Center - RJ257( 07-DEC-2020 ),RJ-257,Arihant Vehicle Fitness Center,26.58333,73.83333,0.6200,geonames,false,"geonames=1258899; matched=""State of Rajasthan""; query=""Rajasthan""; feature=ADM1"
Rajasthan,Atharva Enterprises - RJ261( 05-JAN-2021 ),RJ-261,Atharva Enterprises,26.58333,73.83333,0.6200,geonames,false,"geonames=1258899; matched=""State of Rajasthan""; query=""Rajasthan""; feature=ADM1"
Rajasthan,BALAJI ALLIANCE - RJ280( 07-APR-2022 ),RJ-280,BALAJI ALLIANCE,26.58333,73.83333,0.6200,geonames,false,"geonames=1258899; matched=""State of Rajasthan""; query=""Rajasthan""; feature=ADM1"
Rajasthan,BALAJI FITNESS CENTER (BHILWARA) - RJ210( 15-OCT-2019 ),RJ-210,BALAJI FITNESS CENTER,26.58333,73.83333,0.6200,geonames,false,"geonames=1258899; matched=""State of Rajasthan""; query=""Rajasthan""; feature=ADM1"
Rajasthan,BALAJI FITNESS CENTER (HANUMANGARH) - RJ209( 15-OCT-2019 ),RJ-209,BALAJI FITNESS CENTER,26.58333,73.83333,0.6200,geonames,false,"geonames=1258899; matched=""State of Rajasthan""; query=""Rajasthan""; feature=ADM1"
Rajasthan,BALOTRA DTO - RJ39( 17-JUL-2019 ),RJ-39,BALOTRA,25.83242,72.24,0.6800,geonames,false,"geonames=1277527; matched=""Balotra""; query=""BALOTRA""; feature=PPL"
Rajasthan,BANSWARA DTO - RJ3( 03-MAY-2018 ),RJ-3,BANSWARA,23.54109,74.4425,0.6800,geonames,false,"geonames=1277214; matched=""Banswara""; query=""BANSWARA""; feature=PPL"
Rajasthan,BANSWARA VEHICLE FITNESS CENTER - RJ276( 24-MAR-2022 ),RJ-276,BANSWARA VEHICLE FITNESS CENTER,23.54109,74.4425,0.6200,geonames,false,"geonames=1277214; matched=""Banswara""; query=""BANSWARA""; feature=PPL"
Rajasthan,BARAN DTO - RJ28( 09-JAN-2018 ),RJ-28,BARAN,25.1,76.51667,0.6800,geonames,false,"geonames=1277084; matched=""Baran""; query=""BARAN""; feature=PPL"
Rajasthan,BARMER DTO - RJ4( 22-DEC-2017 ),RJ-4,BARMER,25.74572,71.39211,0.6800,geonames,false,"geonames=1276901; matched=""Barmer""; query=""BARMER""; feature=PPL"
Rajasthan,BEAWAR DTO - RJ36( 24-NOV-2017 ),RJ-36,BEAWAR,26.10119,74.32028,0.6800,geonames,false,"geonames=1276634; matched=""Beawar""; query=""BEAWAR""; feature=PPL"
Rajasthan,BHARATPUR RTO - RJ5( 12-JUL-2017 ),RJ-5,BHARATPUR,27.21731,77.49009,0.6800,geonames,false,"geonames=1276128; matched=""Bharatpur""; query=""BHARATPUR""; feature=PPL"
Rajasthan,BHILWARA DTO - RJ6( 28-JUN-2017 ),RJ-6,BHILWARA,25.34707,74.64081,0.6800,geonames,false,"geonames=1275960; matched=""Bhilwara""; query=""BHILWARA""; feature=PPL"
Rajasthan,BHINMAL DTO - RJ46( 23-JUL-2019 ),RJ-46,BHINMAL,24.99944,72.27141,0.6800,geonames,false,"geonames=1275920; matched=""Bhinmal""; query=""BHINMAL""; feature=PPL"
Rajasthan,BHIWARI DTO - RJ40( 06-FEB-2018 ),RJ-40,BHIWARI,26.58333,73.83333,0.6200,geonames,false,"geonames=1258899; matched=""State of Rajasthan""; query=""Rajasthan""; feature=ADM1"
Rajasthan,BIKANER RTO - RJ7( 02-MAY-2017 ),RJ-7,BIKANER,28.01762,73.31495,0.6800,geonames,false,"geonames=1275665; matched=""Bikaner""; query=""BIKANER""; feature=PPL"
Rajasthan,BUNDI DTO - RJ8( 19-DEC-2017 ),RJ-8,BUNDI,25.43855,75.63735,0.6800,geonames,false,"geonames=1275103; matched=""Bundi""; query=""BUNDI""; feature=PPL"
Rajasthan,Bharat Vahan Fitness Center - RJ250( 13-NOV-2020 ),RJ-250,Bharat Vahan Fitness Center,26.58333,73.83333,0.6200,geonames,false,"geonames=1258899; matched=""State of Rajasthan""; query=""Rajasthan""; feature=ADM1"
Rajasthan,CHITTORGARH RTO - RJ9( 08-NOV-2017 ),RJ-9,CHITTORGARH,24.88963,74.62403,0.6800,geonames,false,"geonames=1274040; matched=""Chittorgarh""; query=""CHITTORGARH""; feature=PPL"
Rajasthan,CHOMU DTO - RJ41( 20-SEP-2017 ),RJ-41,CHOMU,27.16955,75.72226,0.6800,geonames,false,"geonames=1274496; matched=""Chaumu""; query=""CHOMU""; feature=PPL"
Rajasthan,CHURU DTO - RJ10( 25-JAN-2018 ),RJ-10,CHURU,28.30415,74.96718,0.6800,geonames,false,"geonames=1273892; matched=""Churu""; query=""CHURU""; feature=PPL"
Rajasthan,DAUSA RTO - RJ29( 20-SEP-2017 ),RJ-29,DAUSA,26.89,76.33584,0.6800,geonames,false,"geonames=1273369; matched=""Dausa""; query=""DAUSA""; feature=PPL"
Rajasthan,DEEG DTO - RJ63( 24-JAN-2026 ),RJ-63,DEEG,27.47188,77.32564,0.6800,geonames,false,"geonames=1272639; matched=""Dig""; query=""DEEG""; feature=PPL"
Rajasthan,DHOLPUR DTO - RJ11( 07-NOV-2017 ),RJ-11,DHOLPUR,26.69286,77.87968,0.6800,geonames,false,"geonames=1272805; matched=""Dhaulpur""; query=""DHOLPUR""; feature=PPL"
Rajasthan,DIDWANA DTO - RJ37( 04-JUN-2018 ),RJ-37,DIDWANA,27.40096,74.57537,0.6800,geonames,false,"geonames=1272640; matched=""Didwana""; query=""DIDWANA""; feature=PPL"
Rajasthan,DUDU DTO - RJ47( 11-APR-2017 ),RJ-47,DUDU,26.65349,75.12729,0.6800,geonames,false,"geonames=12680621; matched=""Dudu""; query=""DUDU""; feature=ADM3"
Rajasthan,DUDU FITNESS CENTER - RJ281( 11-APR-2022 ),RJ-281,DUDU FITNESS CENTER,26.65349,75.12729,0.6800,geonames,false,"geonames=12680621; matched=""Dudu""; query=""DUDU""; feature=ADM3"
Rajasthan,DUNGARPUR DTO - RJ12( 27-SEP-2017 ),RJ-12,DUNGARPUR,23.84306,73.71466,0.6800,geonames,false,"geonames=1272201; matched=""Dungarpur""; query=""DUNGARPUR""; feature=PPL"
Rajasthan,EXPLORE IT SERVICES PVT. LTD. - RJ228( 26-FEB-2020 ),RJ-228,EXPLORE IT SERVICES PVT. LTD.,26.58333,73.83333,0.6200,geonames,false,"geonames=1258899; matched=""State of Rajasthan""; query=""Rajasthan""; feature=ADM1"
Rajasthan,FREEDOM MOTORS - RJ224( 10-JAN-2020 ),RJ-224,FREEDOM MOTORS,26.58333,73.83333,0.6200,geonames,false,"geonames=1258899; matched=""State of Rajasthan""; query=""Rajasthan""; feature=ADM1"
Rajasthan,G.Y. Fitness Center - RJ223( 31-DEC-2019 ),RJ-223,G.Y. Fitness Center,26.58333,73.83333,0.6200,geonames,false,"geonames=1258899; matched=""State of Rajasthan""; query=""Rajasthan""; feature=ADM1"
Rajasthan,Ganesh Ji Fitness Center - RJ226( 23-JAN-2020 ),RJ-226,Ganesh Ji Fitness Center,26.58333,73.83333,0.6200,geonames,false,"geonames=1258899; matched=""State of Rajasthan""; query=""Rajasthan""; feature=ADM1"
Rajasthan,HANUMANGARH DTO - RJ31( 30-APR-2018 ),RJ-31,HANUMANGARH,29.58182,74.32938,0.6800,geonames,false,"geonames=1270407; matched=""Hanumangarh""; query=""HANUMANGARH""; feature=PPL"
Rajasthan,Hindustan Automobiles - RJ251( 25-NOV-2020 ),RJ-251,Hindustan Automobiles,26.58333,73.83333,0.6200,geonames,false,"geonames=1258899; matched=""State of Rajasthan""; query=""Rajasthan""; feature=ADM1"
Rajasthan,INFINITY FITNESS CENTER - RJ231( 20-MAR-2020 ),RJ-231,INFINITY FITNESS CENTER,26.58333,73.83333,0.6200,geonames,false,"geonames=1258899; matched=""State of Rajasthan""; query=""Rajasthan""; feature=ADM1"
Rajasthan,Indira Vehicle Fitness Centre - RJ269( 27-MAY-2021 ),RJ-269,Indira Vehicle Fitness Centre,26.58333,73.83333,0.6200,geonames,false,"geonames=1258899; matched=""State of Rajasthan""; query=""Rajasthan""; feature=ADM1"
Rajasthan,"JAGATPURA, JAIPUR ARTO - RJ141( 20-DEC-2016 )",RJ-141,"JAGATPURA, JAIPUR",26.91962,75.78781,0.6200,geonames,false,"geonames=1269515; matched=""Jaipur""; query=""JAIPUR""; feature=PPLA"
Rajasthan,JAIPUR (FIRST) RTO - RJ14( 28-NOV-2016 ),RJ-14,JAIPUR,26.91962,75.78781,0.6800,geonames,false,"geonames=1269515; matched=""Jaipur""; query=""JAIPUR""; feature=PPLA"
Rajasthan,JAIPUR (SECOND) RTO - RJ59( 19-JAN-2023 ),RJ-59,JAIPUR,26.91962,75.78781,0.6800,geonames,false,"geonames=1269515; matched=""Jaipur""; query=""JAIPUR""; feature=PPLA"
Rajasthan,JAISALMER DTO - RJ15( 27-FEB-2018 ),RJ-15,JAISALMER,26.91763,70.90387,0.6800,geonames,false,"geonames=1269507; matched=""Jaisalmer""; query=""JAISALMER""; feature=PPL"
Rajasthan,JALORE DTO - RJ16( 05-OCT-2017 ),RJ-16,JALORE,25.08,72.29,0.6800,geonames,false,"geonames=1269393; matched=""Jalore""; query=""JALORE""; feature=ADM2"
Rajasthan,JALORE FITNESS CENTRE - RJ282( 20-APR-2022 ),RJ-282,JALORE FITNESS CENTRE,25.08,72.29,0.6200,geonames,false,"geonames=1269393; matched=""Jalore""; query=""JALORE""; feature=ADM2"
Rajasthan,JHALAWAR DTO - RJ17( 09-JAN-2018 ),RJ-17,JHALAWAR,24.59633,76.16499,0.6800,geonames,false,"geonames=1269027; matched=""Jhalawar""; query=""JHALAWAR""; feature=PPL"
Rajasthan,JHUNJHUNU DTO - RJ18( 16-JAN-2018 ),RJ-18,JHUNJHUNU,28.12559,75.39797,0.6800,geonames,false,"geonames=1268936; matched=""Jhunjhunun""; query=""JHUNJHUNU""; feature=PPL"
Rajasthan,JODHPUR RTO - RJ19( 27-DEC-2017 ),RJ-19,JODHPUR,26.26841,73.00594,0.6800,geonames,false,"geonames=1268865; matched=""Jodhpur""; query=""JODHPUR""; feature=PPL"
Rajasthan,Jai Bhawani Fitness Center - RJ236( 20-AUG-2020 ),RJ-236,Jai Bhawani Fitness Center,26.91962,75.78781,0.6200,geonames,false,"geonames=1269515; matched=""Jaipur""; query=""Jai""; feature=PPLA"
Rajasthan,Jaipur Vehicle Fitness and Maintenance Center - RJ234( 10-JUL-2020 ),RJ-234,Jaipur Vehicle Fitness and Maintenance Center,26.58333,73.83333,0.6200,geonames,false,"geonames=1258899; matched=""State of Rajasthan""; query=""Rajasthan""; feature=ADM1"
Rajasthan,Jodhpur Parivahan Fitness Centre - RJ242( 11-SEP-2020 ),RJ-242,Jodhpur Parivahan Fitness Centre,26.58333,73.83333,0.6200,geonames,false,"geonames=1258899; matched=""State of Rajasthan""; query=""Rajasthan""; feature=ADM1"
Rajasthan,KAROLI DTO - RJ34( 16-JAN-2018 ),RJ-34,KAROLI,26.58333,73.83333,0.6200,geonames,false,"geonames=1258899; matched=""State of Rajasthan""; query=""Rajasthan""; feature=ADM1"
Rajasthan,KEKRI DTO - RJ48( 14-DEC-2017 ),RJ-48,KEKRI,25.97132,75.14992,0.6800,geonames,false,"geonames=1267336; matched=""Kekri""; query=""KEKRI""; feature=PPL"
Rajasthan,KHETRI DTO - RJ53( 13-SEP-2018 ),RJ-53,KHETRI,28.00069,75.78644,0.6800,geonames,false,"geonames=1266744; matched=""Khetri""; query=""KHETRI""; feature=PPL"
Rajasthan,KISHANGARH DTO - RJ42( 20-FEB-2018 ),RJ-42,KISHANGARH,26.59006,74.85397,0.6800,geonames,false,"geonames=1266486; matched=""Kishangarh""; query=""KISHANGARH""; feature=PPL"
Rajasthan,KOTA RTO - RJ20( 06-JUN-2017 ),RJ-20,KOTA,25.18254,75.83907,0.6800,geonames,false,"geonames=1266049; matched=""Kota""; query=""KOTA""; feature=PPL"
Rajasthan,KOTPUTALI DTO - RJ32( 20-SEP-2017 ),RJ-32,KOTPUTALI,26.58333,73.83333,0.6200,geonames,false,"geonames=1258899; matched=""State of Rajasthan""; query=""Rajasthan""; feature=ADM1"
Rajasthan,Kota Vehicle Fitness Center - RJ263( 05-APR-2021 ),RJ-263,Kota Vehicle Fitness Center,25.18254,75.83907,0.6200,geonames,false,"geonames=1266049; matched=""Kota""; query=""Kota""; feature=PPL"
Rajasthan,Laxmi Parivahan Fitness Center - RJ266( 07-APR-2021 ),RJ-266,Laxmi Parivahan Fitness Center,26.58333,73.83333,0.6200,geonames,false,"geonames=1258899; matched=""State of Rajasthan""; query=""Rajasthan""; feature=ADM1"
Rajasthan,M & D Automobile Fitness Center - RJ222( 31-DEC-2019 ),RJ-222,M & D Automobile Fitness Center,26.58333,73.83333,0.6200,geonames,false,"geonames=1258899; matched=""State of Rajasthan""; query=""Rajasthan""; feature=ADM1"
Rajasthan,M.K. Fitness Center - RJ239( 03-SEP-2020 ),RJ-239,M.K. Fitness Center,26.58333,73.83333,0.6200,geonames,false,"geonames=1258899; matched=""State of Rajasthan""; query=""Rajasthan""; feature=ADM1"
Rajasthan,M/S Dholpur Fitness Center - RJ201( 14-MAY-2019 ),RJ-201,M/S Dholpur Fitness Center,26.69286,77.87968,0.6200,geonames,false,"geonames=1272805; matched=""Dhaulpur""; query=""Dholpur""; feature=PPL"
Rajasthan,M/S Jagdamba Fitness Center - RJ203( 30-JUL-2019 ),RJ-203,M/S Jagdamba Fitness Center,26.58333,73.83333,0.6200,geonames,false,"geonames=1258899; matched=""State of Rajasthan""; query=""Rajasthan""; feature=ADM1"
Rajasthan,M/S Nandan Fitness Testing Center - RJ204( 22-AUG-2019 ),RJ-204,M/S Nandan Fitness Testing Center,26.58333,73.83333,0.6200,geonames,false,"geonames=1258899; matched=""State of Rajasthan""; query=""Rajasthan""; feature=ADM1"
Rajasthan,M/S OM Fitness & Service Center - RJ202( 25-JUL-2019 ),RJ-202,M/S OM Fitness & Service Center,26.58333,73.83333,0.6200,geonames,false,"geonames=1258899; matched=""State of Rajasthan""; query=""Rajasthan""; feature=ADM1"
Rajasthan,MAHADEV FITNESS CENTER BHILWARA - RJ274( 08-MAR-2022 ),RJ-274,MAHADEV FITNESS CENTER BHILWARA,25.34707,74.64081,0.6200,geonames,false,"geonames=1275960; matched=""Bhilwara""; query=""BHILWARA""; feature=PPL"
Rajasthan,MAHADEV FITNESS CENTER JODHPUR - RJ273( 08-MAR-2022 ),RJ-273,MAHADEV FITNESS CENTER JODHPUR,26.26841,73.00594,0.6200,geonames,false,"geonames=1268865; matched=""Jodhpur""; query=""JODHPUR""; feature=PPL"
Rajasthan,MAHAVEER JAIN FITNESS CENTRE - RJ229( 02-MAR-2020 ),RJ-229,MAHAVEER JAIN FITNESS CENTRE,26.58333,73.83333,0.6200,geonames,false,"geonames=1258899; matched=""State of Rajasthan""; query=""Rajasthan""; feature=ADM1"
Rajasthan,MAHAVEER PRASAD RAM KISHAN - RJ232( 08-JUN-2020 ),RJ-232,MAHAVEER PRASAD RAM KISHAN,26.58333,73.83333,0.6200,geonames,false,"geonames=1258899; matched=""State of Rajasthan""; query=""Rajasthan""; feature=ADM1"
Rajasthan,MEERA FITNESS TESTING CENTER CHITTORGARH - RJ215( 06-NOV-2019 ),RJ-215,MEERA FITNESS TESTING CENTER CHITTORGARH,24.88963,74.62403,0.6200,geonames,false,"geonames=1274040; matched=""Chittorgarh""; query=""CHITTORGARH""; feature=PPL"
Rajasthan,Mahadev Fitness Center - RJ233( 14-JUL-2020 ),RJ-233,Mahadev Fitness Center,26.58333,73.83333,0.6200,geonames,false,"geonames=1258899; matched=""State of Rajasthan""; query=""Rajasthan""; feature=ADM1"
Rajasthan,Marudhara Transport Company - RJ271( 05-JUL-2021 ),RJ-271,Marudhara Company,26.58333,73.83333,0.6200,geonames,false,"geonames=1258899; matched=""State of Rajasthan""; query=""Rajasthan""; feature=ADM1"
Rajasthan,Marwar Fitness Center - RJ249( 13-NOV-2020 ),RJ-249,Marwar Fitness Center,26.58333,73.83333,0.6200,geonames,false,"geonames=1258899; matched=""State of Rajasthan""; query=""Rajasthan""; feature=ADM1"
Rajasthan,Matsya Fitness Center - RJ220( 26-DEC-2019 ),RJ-220,Matsya Fitness Center,26.58333,73.83333,0.6200,geonames,false,"geonames=1258899; matched=""State of Rajasthan""; query=""Rajasthan""; feature=ADM1"
Rajasthan,Meel Motors - RJ230( 02-MAR-2020 ),RJ-230,Meel Motors,26.58333,73.83333,0.6200,geonames,false,"geonames=1258899; matched=""State of Rajasthan""; query=""Rajasthan""; feature=ADM1"
Rajasthan,Meera Fitness Center - RJ247( 22-OCT-2020 ),RJ-247,Meera Fitness Center,26.58333,73.83333,0.6200,geonames,false,"geonames=1258899; matched=""State of Rajasthan""; query=""Rajasthan""; feature=ADM1"
Rajasthan,NAGAUR DTO - RJ21( 07-NOV-2017 ),RJ-21,NAGAUR,27.20201,73.73394,0.6800,geonames,false,"geonames=1262216; matched=""Nagaur""; query=""NAGAUR""; feature=PPL"
Rajasthan,NOHAR DTO - RJ49( 01-JUN-2018 ),RJ-49,NOHAR,29.18292,74.77064,0.6800,geonames,false,"geonames=1261234; matched=""Nohar""; query=""NOHAR""; feature=PPL"
Rajasthan,NOKHA DTO - RJ50( 07-FEB-2018 ),RJ-50,NOKHA,27.56155,73.47141,0.6800,geonames,false,"geonames=1261227; matched=""Nokha""; query=""NOKHA""; feature=PPL"
Rajasthan,Naganaray Fitness Center - RJ255( 02-DEC-2020 ),RJ-255,Naganaray Fitness Center,26.58333,73.83333,0.6200,geonames,false,"geonames=1258899; matched=""State of Rajasthan""; query=""Rajasthan""; feature=ADM1"
Rajasthan,Navdeep Fitness Test Center - RJ248( 02-NOV-2020 ),RJ-248,Navdeep Fitness Test Center,26.58333,73.83333,0.6200,geonames,false,"geonames=1258899; matched=""State of Rajasthan""; query=""Rajasthan""; feature=ADM1"
Rajasthan,Navdurga Vahan Fitness Center - RJ245( 30-SEP-2020 ),RJ-245,Navdurga Vahan Fitness Center,26.58333,73.83333,0.6200,geonames,false,"geonames=1258899; matched=""State of Rajasthan""; query=""Rajasthan""; feature=ADM1"
Rajasthan,Navkar Shri Fitness Testing Center - RJ216( 26-NOV-2019 ),RJ-216,Navkar Shri Fitness Testing Center,26.58333,73.83333,0.6200,geonames,false,"geonames=1258899; matched=""State of Rajasthan""; query=""Rajasthan""; feature=ADM1"
Rajasthan,Nokha Vehicle Fitness Center - RJ253( 27-NOV-2020 ),RJ-253,Nokha Vehicle Fitness Center,27.56155,73.47141,0.6200,geonames,false,"geonames=1261227; matched=""Nokha""; query=""Nokha""; feature=PPL"
Rajasthan,PALI RTO - RJ22( 10-APR-2018 ),RJ-22,PALI,25.77276,73.32335,0.6800,geonames,false,"geonames=1260716; matched=""Pali""; query=""PALI""; feature=PPL"
Rajasthan,PAWAN VEHICLE FITNESS CENTER PVT LTD - RJ277( 05-APR-2022 ),RJ-277,PAWAN VEHICLE FITNESS CENTER PVT LTD,26.58333,73.83333,0.6200,geonames,false,"geonames=1258899; matched=""State of Rajasthan""; query=""Rajasthan""; feature=ADM1"
Rajasthan,PHALODI DTO - RJ43( 12-SEP-2018 ),RJ-43,PHALODI,27.13102,72.36826,0.6800,geonames,false,"geonames=1259813; matched=""Phalodi""; query=""PHALODI""; feature=PPL"
Rajasthan,PIPAR CITY DTO - RJ54( 17-AUG-2021 ),RJ-54,PIPAR CITY,26.38441,73.54394,0.6800,geonames,false,"geonames=1259608; matched=""Pipar""; query=""PIPAR CITY""; feature=PPL"
Rajasthan,POKHRAN DTO - RJ55( 17-AUG-2021 ),RJ-55,POKHRAN,26.92007,71.91631,0.6800,geonames,false,"geonames=1259460; matched=""Pokaran""; query=""POKHRAN""; feature=PPL"
Rajasthan,PRATAPGARH DTO - RJ35( 07-NOV-2017 ),RJ-35,PRATAPGARH,24.03215,74.78162,0.6800,geonames,false,"geonames=1259338; matched=""Pratapgarh""; query=""PRATAPGARH""; feature=PPL"
Rajasthan,Parasvnath Fitness Center - RJ240( 03-SEP-2020 ),RJ-240,Parasvnath Fitness Center,26.58333,73.83333,0.6200,geonames,false,"geonames=1258899; matched=""State of Rajasthan""; query=""Rajasthan""; feature=ADM1"
Rajasthan,Preksha Parivahan Fitness Center - RJ265( 08-APR-2021 ),RJ-265,Preksha Parivahan Fitness Center,26.58333,73.83333,0.6200,geonames,false,"geonames=1258899; matched=""State of Rajasthan""; query=""Rajasthan""; feature=ADM1"
Rajasthan,Prerna Parivahan Fitness Center - RJ272( 05-JUL-2021 ),RJ-272,Prerna Parivahan Fitness Center,26.58333,73.83333,0.6200,geonames,false,"geonames=1258899; matched=""State of Rajasthan""; query=""Rajasthan""; feature=ADM1"
Rajasthan,R.K. Fitness Center - RJ221( 31-DEC-2019 ),RJ-221,R.K. Fitness Center,26.58333,73.83333,0.6200,geonames,false,"geonames=1258899; matched=""State of Rajasthan""; query=""Rajasthan""; feature=ADM1"
Rajasthan,RAJASTHAN VEHICLE FITNESS CENTER - RJ283( 21-AUG-2023 ),RJ-283,RAJASTHAN VEHICLE FITNESS CENTER,26.58333,73.83333,0.6200,geonames,false,"geonames=1258899; matched=""State of Rajasthan""; query=""RAJASTHAN""; feature=ADM1"
Rajasthan,RAJSAMAND DTO - RJ30( 27-AUG-2019 ),RJ-30,RAJSAMAND,25.07145,73.8798,0.6800,geonames,false,"geonames=1258797; matched=""Rajsamand""; query=""RAJSAMAND""; feature=PPL"
Rajasthan,RAMGANJMANDI DTO - RJ33( 22-FEB-2018 ),RJ-33,RAMGANJMANDI,26.58333,73.83333,0.6200,geonames,false,"geonames=1258899; matched=""State of Rajasthan""; query=""Rajasthan""; feature=ADM1"
Rajasthan,Royal Motors - RJ268( 27-MAY-2021 ),RJ-268,Royal Motors,26.58333,73.83333,0.6200,geonames,false,"geonames=1258899; matched=""State of Rajasthan""; query=""Rajasthan""; feature=ADM1"
Rajasthan,SADULSHAHAR DTO - RJ56( 17-AUG-2021 ),RJ-56,SADULSHAHAR,29.9087,74.17567,0.6800,geonames,false,"geonames=12501475; matched=""Sadulshahar""; query=""SADULSHAHAR""; feature=PPL"
Rajasthan,SAHAPURA (BHILWARA) DTO - RJ51( 16-FEB-2018 ),RJ-51,SAHAPURA,26.58333,73.83333,0.6200,geonames,false,"geonames=1258899; matched=""State of Rajasthan""; query=""Rajasthan""; feature=ADM1"
Rajasthan,SAHAPURA (JAIPUR) DTO - RJ52( 15-DEC-2017 ),RJ-52,SAHAPURA,26.58333,73.83333,0.6200,geonames,false,"geonames=1258899; matched=""State of Rajasthan""; query=""Rajasthan""; feature=ADM1"
Rajasthan,SALUMBAR DTO - RJ58( 10-OCT-2022 ),RJ-58,SALUMBAR,24.13524,74.04442,0.6800,geonames,false,"geonames=1257588; matched=""Salumbar""; query=""SALUMBAR""; feature=PPL"
Rajasthan,SAWAI MADHOPUR DTO - RJ25( 19-JUL-2016 ),RJ-25,SAWAI MADHOPUR,26.02301,76.34408,0.6800,geonames,false,"geonames=1256949; matched=""Sawai Madhopur""; query=""SAWAI MADHOPUR""; feature=PPL"
Rajasthan,SHAHPURA BHILWARA FITNESS CENTER - RJ275( 16-MAR-2022 ),RJ-275,SHAHPURA BHILWARA FITNESS CENTER,25.34707,74.64081,0.6200,geonames,false,"geonames=1275960; matched=""Bhilwara""; query=""BHILWARA""; feature=PPL"
Rajasthan,SHAHPURA VEHICLE FITNESS CENTER (JAIPUR) - RJ213( 01-NOV-2019 ),RJ-213,SHAHPURA VEHICLE FITNESS CENTER,27.3912,75.95956,0.6200,geonames,false,"geonames=1256705; matched=""Shahpura""; query=""SHAHPURA""; feature=PPL"
Rajasthan,SHIV KRIPA FITNESS CENTER PVT LTD - RJ279( 05-APR-2022 ),RJ-279,SHIV KRIPA FITNESS CENTER PVT LTD,26.58333,73.83333,0.6200,geonames,false,"geonames=1258899; matched=""State of Rajasthan""; query=""Rajasthan""; feature=ADM1"
Rajasthan,SHREE BALAJI FITNESS CENTER PALI - RJ241( 07-SEP-2020 ),RJ-241,SHREE BALAJI FITNESS CENTER PALI,25.77276,73.32335,0.6200,geonames,false,"geonames=1260716; matched=""Pali""; query=""PALI""; feature=PPL"
Rajasthan,SHREE SHYAM VEHICLE FITNESS CENTER - RJ246( 08-OCT-2020 ),RJ-246,SHREE SHYAM VEHICLE FITNESS CENTER,26.58333,73.83333,0.6200,geonames,false,"geonames=1258899; matched=""State of Rajasthan""; query=""Rajasthan""; feature=ADM1"
Rajasthan,SHRI BALAJI FITNESS CENTER BIKANER - RJ206( 11-SEP-2019 ),RJ-206,SHRI BALAJI FITNESS CENTER BIKANER,28.01762,73.31495,0.6200,geonames,false,"geonames=1275665; matched=""Bikaner""; query=""BIKANER""; feature=PPL"
Rajasthan,SHRI MAHALAXMI FITNESS CENTER - RJ278( 05-APR-2022 ),RJ-278,SHRI MAHALAXMI FITNESS CENTER,26.58333,73.83333,0.6200,geonames,false,"geonames=1258899; matched=""State of Rajasthan""; query=""Rajasthan""; feature=ADM1"
Rajasthan,SIKAR RTO - RJ23( 27-SEP-2017 ),RJ-23,SIKAR,27.61206,75.13996,0.6800,geonames,false,"geonames=1256320; matched=""Sikar""; query=""SIKAR""; feature=PPL"
Rajasthan,SIROHI DTO - RJ24( 27-FEB-2018 ),RJ-24,SIROHI,24.88838,72.84794,0.6800,geonames,false,"geonames=1256067; matched=""Sirohi""; query=""SIROHI""; feature=PPL"
Rajasthan,SRI GANGANAGAR DTO - RJ13( 27-SEP-2017 ),RJ-13,SRI GANGANAGAR,29.92009,73.87496,0.6800,geonames,false,"geonames=1271685; matched=""Sri Ganganagar""; query=""SRI GANGANAGAR""; feature=PPLA2"
Rajasthan,SUJANGARH DTO - RJ44( 16-FEB-2018 ),RJ-44,SUJANGARH,27.7,74.46667,0.6800,geonames,false,"geonames=1255560; matched=""Sujangarh""; query=""SUJANGARH""; feature=PPL"
Rajasthan,SUMERPUR DTO - RJ57( 17-AUG-2021 ),RJ-57,SUMERPUR,25.1543,73.08157,0.6800,geonames,false,"geonames=8224613; matched=""Sumerpur""; query=""SUMERPUR""; feature=PPL"
Rajasthan,Schoolnet India Limited - RJ256( 27-NOV-2020 ),RJ-256,Schoolnet India Limited,26.58333,73.83333,0.6200,geonames,false,"geonames=1258899; matched=""State of Rajasthan""; query=""Rajasthan""; feature=ADM1"
Rajasthan,Shanti Vehicle Fitness Testing Center - RJ208( 10-OCT-2019 ),RJ-208,Shanti Vehicle Fitness Testing Center,26.58333,73.83333,0.6200,geonames,false,"geonames=1258899; matched=""State of Rajasthan""; query=""Rajasthan""; feature=ADM1"
Rajasthan,Shashank Automobiles - RJ227( 23-JAN-2020 ),RJ-227,Shashank Automobiles,26.58333,73.83333,0.6200,geonames,false,"geonames=1258899; matched=""State of Rajasthan""; query=""Rajasthan""; feature=ADM1"
Rajasthan,Shree Fitness Center - RJ211( 11-OCT-2019 ),RJ-211,Shree Fitness Center,26.58333,73.83333,0.6200,geonames,false,"geonames=1258899; matched=""State of Rajasthan""; query=""Rajasthan""; feature=ADM1"
Rajasthan,Shree Kamdhenu Fitness Center - RJ219( 26-DEC-2019 ),RJ-219,Shree Kamdhenu Fitness Center,26.58333,73.83333,0.6200,geonames,false,"geonames=1258899; matched=""State of Rajasthan""; query=""Rajasthan""; feature=ADM1"
Rajasthan,Shri Bikaner Fitness Center - RJ205( 02-SEP-2019 ),RJ-205,Shri Bikaner Fitness Center,28.01762,73.31495,0.6200,geonames,false,"geonames=1275665; matched=""Bikaner""; query=""Bikaner""; feature=PPL"
Rajasthan,Shri Fitness Center - RJ259( 21-DEC-2020 ),RJ-259,Shri Fitness Center,26.58333,73.83333,0.6200,geonames,false,"geonames=1258899; matched=""State of Rajasthan""; query=""Rajasthan""; feature=ADM1"
Rajasthan,Shri Force Fitness Center - RJ217( 03-DEC-2019 ),RJ-217,Shri Force Fitness Center,26.58333,73.83333,0.6200,geonames,false,"geonames=1258899; matched=""State of Rajasthan""; query=""Rajasthan""; feature=ADM1"
Rajasthan,Shri Karni Fitness Center - RJ214( 04-NOV-2019 ),RJ-214,Shri Karni Fitness Center,26.58333,73.83333,0.6200,geonames,false,"geonames=1258899; matched=""State of Rajasthan""; query=""Rajasthan""; feature=ADM1"
Rajasthan,Shri Vinayak Auto Fitness Center - RJ252( 27-NOV-2020 ),RJ-252,Shri Vinayak Auto Fitness Center,26.58333,73.83333,0.6200,geonames,false,"geonames=1258899; matched=""State of Rajasthan""; query=""Rajasthan""; feature=ADM1"
Rajasthan,Sikar Vehicle Fitness Center - RJ212( 23-OCT-2019 ),RJ-212,Sikar Vehicle Fitness Center,27.61206,75.13996,0.6200,geonames,false,"geonames=1256320; matched=""Sikar""; query=""Sikar""; feature=PPL"
Rajasthan,Speedline Auto Fitness Private Limited - RJ270( 27-MAY-2021 ),RJ-270,Speedline Auto Fitness Private Limited,26.58333,73.83333,0.6200,geonames,false,"geonames=1258899; matched=""State of Rajasthan""; query=""Rajasthan""; feature=ADM1"
Rajasthan,Swarna Shri Fitness Testing Center - RJ207( 09-OCT-2019 ),RJ-207,Swarna Shri Fitness Testing Center,26.58333,73.83333,0.6200,geonames,false,"geonames=1258899; matched=""State of Rajasthan""; query=""Rajasthan""; feature=ADM1"
Rajasthan,TIRUPATI ASSOCIATES - RJ238( 27-AUG-2020 ),RJ-238,TIRUPATI ASSOCIATES,26.58333,73.83333,0.6200,geonames,false,"geonames=1258899; matched=""State of Rajasthan""; query=""Rajasthan""; feature=ADM1"
Rajasthan,TIRUPATI ASSOCIATES MORIJA CHOMU - RJ237( 27-AUG-2020 ),RJ-237,TIRUPATI ASSOCIATES MORIJA CHOMU,27.16955,75.72226,0.6200,geonames,false,"geonames=1274496; matched=""Chaumu""; query=""CHOMU""; feature=PPL"
Rajasthan,TIRUPATI FITNESS CENTER - RJ235( 22-JUL-2020 ),RJ-235,TIRUPATI FITNESS CENTER,26.58333,73.83333,0.6200,geonames,false,"geonames=1258899; matched=""State of Rajasthan""; query=""Rajasthan""; feature=ADM1"
Rajasthan,TONK DTO - RJ26( 07-NOV-2017 ),RJ-26,TONK,26.16638,75.78824,0.6800,geonames,false,"geonames=1254241; matched=""Tonk""; query=""TONK""; feature=PPL"
Rajasthan,Tonk Fitness Center - RJ244( 30-SEP-2020 ),RJ-244,Tonk Fitness Center,26.16638,75.78824,0.6800,geonames,false,"geonames=1254241; matched=""Tonk""; query=""Tonk""; feature=PPL"
Rajasthan,UDAIPUR RTO - RJ27( 06-JUN-2017 ),RJ-27,UDAIPUR,24.58584,73.71346,0.6800,geonames,false,"geonames=1253986; matched=""Udaipur""; query=""UDAIPUR""; feature=PPL"
Rajasthan,Udaipur Fitness Center - RJ262( 05-APR-2021 ),RJ-262,Udaipur Fitness Center,24.58584,73.71346,0.6800,geonames,false,"geonames=1253986; matched=""Udaipur""; query=""Udaipur""; feature=PPL"
Rajasthan,VATSAL ENTERPRISES - RJ258( 18-DEC-2020 ),RJ-258,VATSAL ENTERPRISES,26.58333,73.83333,0.6200,geonames,false,"geonames=1258899; matched=""State of Rajasthan""; query=""Rajasthan""; feature=ADM1"
Rajasthan,Vaahan Fitness Center - RJ264( 06-APR-2021 ),RJ-264,Vaahan Fitness Center,26.58333,73.83333,0.6200,geonames,false,"geonames=1258899; matched=""State of Rajasthan""; query=""Rajasthan""; feature=ADM1"
Sikkim,GYALSING - SK2( 05-JUL-2017 ),SK-2,GYALSING,27.75,88.5,0.6200,geonames,false,"geonames=1256312; matched=""Sikkim""; query=""Sikkim""; feature=ADM1"
Sikkim,JORETHANG - SK4( 19-APR-2018 ),SK-4,JORETHANG,27.10696,88.32332,0.6800,geonames,false,"geonames=7279751; matched=""Jorethang""; query=""JORETHANG""; feature=PPL"
Sikkim,MANGAN - SK3( 24-APR-2017 ),SK-3,MANGAN,27.66667,88.5,0.6800,geonames,false,"geonames=1261190; matched=""Mangan""; query=""MANGAN""; feature=ADM2"
Sikkim,NAMCHI - SK5( 01-DEC-2017 ),SK-5,NAMCHI,27.3112,88.37435,0.6800,geonames,false,"geonames=1255681; matched=""Namchi""; query=""NAMCHI""; feature=ADM2"
Sikkim,"Office of the Secretary, STA - SK99( 23-JAN-2024 )",SK-99,"of the Secretary, STA",27.75,88.5,0.6200,geonames,false,"geonames=1256312; matched=""Sikkim""; query=""Sikkim""; feature=ADM1"
Sikkim,Pakyong - SK7( 12-JUN-2018 ),SK-7,Pakyong,27.22503,88.6492,0.6800,geonames,false,"geonames=12680256; matched=""Pakyong""; query=""Pakyong""; feature=ADM2"
Sikkim,RTO GANGTOK - SK1( 12-SEP-2016 ),SK-1,GANGTOK,27.32574,88.61216,0.6800,geonames,false,"geonames=1271631; matched=""Gangtok""; query=""GANGTOK""; feature=PPLA"
Sikkim,SORENG - SK6( 02-APR-2018 ),SK-6,SORENG,27.18993,88.20187,0.6800,geonames,false,"geonames=12680262; matched=""Soreng""; query=""SORENG""; feature=ADM2"
Sikkim,"Singtam, East Sikkim - SK8( 25-JAN-2019 )",SK-8,"Singtam, East Sikkim",27.75,88.5,0.6200,geonames,false,"geonames=1256312; matched=""Sikkim""; query=""Sikkim""; feature=ADM1"
Tamil Nadu,ALANGUDI UO - TN641( 04-JUN-2018 ),TN-641,ALANGUDI UO,10.3606,78.98492,0.6800,geonames,false,"geonames=1279059; matched=""Alangudi""; query=""ALANGUDI""; feature=PPL"
Tamil Nadu,ALANGULAM UO - TN644( 05-MAR-2024 ),TN-644,ALANGULAM UO,8.86404,77.49937,0.6800,geonames,false,"geonames=1279058; matched=""Alangulam""; query=""ALANGULAM""; feature=PPL"
Tamil Nadu,AMBASAMUTHIRAM UO - TN611( 28-AUG-2018 ),TN-611,AMBASAMUTHIRAM UO,11,78.33333,0.6200,geonames,false,"geonames=1255053; matched=""State of Tamil Nadu""; query=""Tamil Nadu""; feature=ADM1"
Tamil Nadu,AMBATTUR RTO - TN612( 07-JUN-2018 ),TN-612,AMBATTUR,13.09818,80.16152,0.6800,geonames,false,"geonames=1278840; matched=""Ambattur""; query=""AMBATTUR""; feature=PPL"
Tamil Nadu,AMBUR UO - TN628( 11-JUL-2018 ),TN-628,AMBUR UO,12.79163,78.71644,0.6800,geonames,false,"geonames=1278815; matched=""Ambur""; query=""AMBUR""; feature=PPL"
Tamil Nadu,ARAKKONAM UO - TN609( 06-JUL-2018 ),TN-609,ARAKKONAM UO,13.08449,79.67053,0.6800,geonames,false,"geonames=1278471; matched=""Arakkonam""; query=""ARAKKONAM""; feature=PPL"
Tamil Nadu,ARANI RTO - TN516( 21-MAY-2018 ),TN-516,ARANI,12.66771,79.28529,0.6800,geonames,false,"geonames=1278454; matched=""Arni""; query=""ARANI""; feature=PPL"
Tamil Nadu,ARANTHANGI UO - TN592( 19-DEC-2017 ),TN-592,ARANTHANGI UO,10.20472,79.06661,0.6800,geonames,false,"geonames=12684605; matched=""Aranthangi""; query=""ARANTHANGI""; feature=ADM3"
Tamil Nadu,ARAVAKURICHI UO - TN632( 27-JUN-2018 ),TN-632,ARAVAKURICHI UO,10.77598,77.90869,0.6800,geonames,false,"geonames=1278435; matched=""Aravakkurichchi""; query=""ARAVAKURICHI""; feature=PPL"
Tamil Nadu,ARIYALUR RTO - TN61( 14-AUG-2018 ),TN-61,ARIYALUR,11.15,79.25,0.6800,geonames,false,"geonames=8199441; matched=""Ariyalur""; query=""ARIYALUR""; feature=ADM2"
Tamil Nadu,ARUPPUKOTTAI UO - TN622( 25-JUL-2018 ),TN-622,ARUPPUKOTTAI UO,11,78.33333,0.6200,geonames,false,"geonames=1255053; matched=""State of Tamil Nadu""; query=""Tamil Nadu""; feature=ADM1"
Tamil Nadu,ATTUR RTO - TN591( 08-JAN-2018 ),TN-591,ATTUR,11.59414,78.60143,0.6800,geonames,false,"geonames=1278173; matched=""Attur""; query=""ATTUR""; feature=PPL"
Tamil Nadu,AVINASHI UO - TN580( 14-AUG-2018 ),TN-580,AVINASHI UO,11.19297,77.26865,0.6800,geonames,false,"geonames=1278124; matched=""Avinashi""; query=""AVINASHI""; feature=PPL"
Tamil Nadu,BATLAGUNDU UO - TN596( 20-JUL-2018 ),TN-596,BATLAGUNDU UO,10.16069,77.75883,0.6800,geonames,false,"geonames=1253352; matched=""Vattalkundu""; query=""BATLAGUNDU""; feature=PPL"
Tamil Nadu,BHAVANI UO - TN578( 30-JUL-2018 ),TN-578,BHAVANI UO,11.44553,77.68215,0.6800,geonames,false,"geonames=1276037; matched=""Bhavani""; query=""BHAVANI""; feature=PPL"
Tamil Nadu,CHENGALPATTU RTO - TN19( 07-JUN-2018 ),TN-19,CHENGALPATTU,12.69184,79.97661,0.6800,geonames,false,"geonames=1274430; matched=""Chengalpattu""; query=""CHENGALPATTU""; feature=PPLA2"
Tamil Nadu,CHENNAI (CENTRAL) RTO - TN1( 12-JUN-2018 ),TN-1,CHENNAI,13.08784,80.27847,0.6800,geonames,false,"geonames=1264527; matched=""Chennai""; query=""CHENNAI""; feature=PPLA"
Tamil Nadu,CHENNAI (EAST) RTO - TN4( 03-JUL-2018 ),TN-4,CHENNAI,13.08784,80.27847,0.6800,geonames,false,"geonames=1264527; matched=""Chennai""; query=""CHENNAI""; feature=PPLA"
Tamil Nadu,CHENNAI (NORTH) RTO - TN5( 01-JUL-2018 ),TN-5,CHENNAI,13.08784,80.27847,0.6800,geonames,false,"geonames=1264527; matched=""Chennai""; query=""CHENNAI""; feature=PPLA"
Tamil Nadu,CHENNAI (NORTH-EAST) RTO - TN3( 03-JUL-2018 ),TN-3,CHENNAI,13.08784,80.27847,0.6800,geonames,false,"geonames=1264527; matched=""Chennai""; query=""CHENNAI""; feature=PPLA"
Tamil Nadu,CHENNAI (SOUTH) RTO - TN7( 01-JUN-2018 ),TN-7,CHENNAI,13.08784,80.27847,0.6800,geonames,false,"geonames=1264527; matched=""Chennai""; query=""CHENNAI""; feature=PPLA"
Tamil Nadu,CHENNAI (SOUTH-EAST) RTO - TN6( 11-JUN-2018 ),TN-6,CHENNAI,13.08784,80.27847,0.6800,geonames,false,"geonames=1264527; matched=""Chennai""; query=""CHENNAI""; feature=PPLA"
Tamil Nadu,CHENNAI (SOUTH-WEST) RTO - TN10( 03-JUL-2018 ),TN-10,CHENNAI,13.08784,80.27847,0.6800,geonames,false,"geonames=1264527; matched=""Chennai""; query=""CHENNAI""; feature=PPLA"
Tamil Nadu,CHENNAI (WEST) RTO - TN9( 28-MAY-2018 ),TN-9,CHENNAI,13.08784,80.27847,0.6800,geonames,false,"geonames=1264527; matched=""Chennai""; query=""CHENNAI""; feature=PPLA"
Tamil Nadu,CHEYYAR UO - TN635( 07-APR-2017 ),TN-635,CHEYYAR UO,12.66052,79.54308,0.6800,geonames,false,"geonames=1254322; matched=""Cheyyar""; query=""CHEYYAR""; feature=PPL"
Tamil Nadu,CHIDAMBARAM RTO - TN544( 19-JUN-2018 ),TN-544,CHIDAMBARAM,11.39933,79.69144,0.6800,geonames,false,"geonames=1274256; matched=""Chidambaram""; query=""CHIDAMBARAM""; feature=PPL"
Tamil Nadu,COIMBATORE (CENTRAL) RTO - TN66( 17-JUL-2018 ),TN-66,COIMBATORE,11.00555,76.96612,0.6800,geonames,false,"geonames=1273865; matched=""Coimbatore""; query=""COIMBATORE""; feature=PPL"
Tamil Nadu,COIMBATORE (NORTH) RTO - TN38( 17-JUL-2018 ),TN-38,COIMBATORE,11.00555,76.96612,0.6800,geonames,false,"geonames=1273865; matched=""Coimbatore""; query=""COIMBATORE""; feature=PPL"
Tamil Nadu,COIMBATORE (SOUTH) RTO - TN37( 28-MAY-2018 ),TN-37,COIMBATORE,11.00555,76.96612,0.6800,geonames,false,"geonames=1273865; matched=""Coimbatore""; query=""COIMBATORE""; feature=PPL"
Tamil Nadu,COIMBATORE (WEST) RTO - TN99( 17-JUL-2018 ),TN-99,COIMBATORE,11.00555,76.96612,0.6800,geonames,false,"geonames=1273865; matched=""Coimbatore""; query=""COIMBATORE""; feature=PPL"
Tamil Nadu,CUDDALORE RTO - TN31( 15-JUN-2018 ),TN-31,CUDDALORE,11.75617,79.76693,0.6800,geonames,false,"geonames=1273802; matched=""Cuddalore""; query=""CUDDALORE""; feature=PPL"
Tamil Nadu,DHARAPURAM RTO - TN594( 18-JUL-2018 ),TN-594,DHARAPURAM,10.73828,77.53223,0.6800,geonames,false,"geonames=1272873; matched=""Dharapuram""; query=""DHARAPURAM""; feature=PPL"
Tamil Nadu,DHARMAPURI RTO - TN29( 03-AUG-2018 ),TN-29,DHARMAPURI,12.1277,78.15794,0.6800,geonames,false,"geonames=1272847; matched=""Dharmapuri""; query=""DHARMAPURI""; feature=PPL"
Tamil Nadu,DINDIGUL RTO - TN57( 19-JUN-2018 ),TN-57,DINDIGUL,10.36896,77.98036,0.6800,geonames,false,"geonames=1272543; matched=""Dindigul""; query=""DINDIGUL""; feature=PPL"
Tamil Nadu,ERODE (WEST) RTO - TN86( 10-AUG-2018 ),TN-86,ERODE,11.3428,77.72741,0.6800,geonames,false,"geonames=1272013; matched=""Erode""; query=""ERODE""; feature=PPL"
Tamil Nadu,ERODE RTO - TN33( 14-AUG-2018 ),TN-33,ERODE,11.3428,77.72741,0.6800,geonames,false,"geonames=1272013; matched=""Erode""; query=""ERODE""; feature=PPL"
Tamil Nadu,GINGEE UO - TN627( 14-JUN-2018 ),TN-627,GINGEE UO,12.25282,79.41727,0.6800,geonames,false,"geonames=1271199; matched=""Gingee""; query=""GINGEE""; feature=PPL"
Tamil Nadu,GOPICHETTIPALAYAM RTO - TN36( 30-JUL-2018 ),TN-36,GOPICHETTIPALAYAM,11,78.33333,0.6200,geonames,false,"geonames=1255053; matched=""State of Tamil Nadu""; query=""Tamil Nadu""; feature=ADM1"
Tamil Nadu,GUDALORE UO - TN582( 18-JUL-2018 ),TN-582,GUDALORE UO,11,78.33333,0.6200,geonames,false,"geonames=1255053; matched=""State of Tamil Nadu""; query=""Tamil Nadu""; feature=ADM1"
Tamil Nadu,GUDIYATHAM UO - TN514( 06-JUL-2018 ),TN-514,GUDIYATHAM UO,12.94601,78.87377,0.6800,geonames,false,"geonames=1270800; matched=""Gudiyatham""; query=""GUDIYATHAM""; feature=PPL"
Tamil Nadu,GUMMIDIPOONDI UO - TN625( 07-JUN-2018 ),TN-625,GUMMIDIPOONDI UO,13.43044,80.08417,0.6800,geonames,false,"geonames=12684093; matched=""Gummidipoondi""; query=""GUMMIDIPOONDI""; feature=ADM3"
Tamil Nadu,HARUR UO - TN527( 03-AUG-2018 ),TN-527,HARUR UO,12.05267,78.48023,0.6800,geonames,false,"geonames=1270265; matched=""Harur""; query=""HARUR""; feature=PPL"
Tamil Nadu,HOSUR RTO - TN70( 06-JUL-2018 ),TN-70,HOSUR,12.73647,77.83264,0.6800,geonames,false,"geonames=1269934; matched=""Hosur""; query=""HOSUR""; feature=PPL"
Tamil Nadu,ILLUPPUR UO - TN629( 24-MAY-2018 ),TN-629,ILLUPPUR UO,10.51347,78.62357,0.6800,geonames,false,"geonames=1269782; matched=""Iluppur""; query=""ILLUPPUR""; feature=PPL"
Tamil Nadu,KALLAKURICHI RTO - TN615( 15-JUN-2018 ),TN-615,KALLAKURICHI,11.73379,78.95925,0.6800,geonames,false,"geonames=12165956; matched=""Kallakurichi""; query=""KALLAKURICHI""; feature=PPLA2"
Tamil Nadu,KANCHEEPURAM RTO - TN21( 05-JUL-2018 ),TN-21,KANCHEEPURAM,12.83515,79.70006,0.6800,geonames,false,"geonames=1268159; matched=""Kanchipuram""; query=""KANCHEEPURAM""; feature=PPL"
Tamil Nadu,KANGEYAM UO - TN593( 17-AUG-2018 ),TN-593,KANGEYAM UO,10.98821,77.62745,0.6800,geonames,false,"geonames=12681944; matched=""Kangeyam""; query=""KANGEYAM""; feature=ADM3"
Tamil Nadu,KARAIKUDI UO - TN602( 21-AUG-2018 ),TN-602,KARAIKUDI UO,10.06615,78.76784,0.6800,geonames,false,"geonames=1267885; matched=""Karaikkudi""; query=""KARAIKUDI""; feature=PPL"
Tamil Nadu,KARUR RTO - TN47( 27-JUN-2018 ),TN-47,KARUR,10.95771,78.08095,0.6800,geonames,false,"geonames=1267648; matched=""Karur""; query=""KARUR""; feature=PPL"
Tamil Nadu,KOVILPATTI RTO - TN607( 24-AUG-2018 ),TN-607,KOVILPATTI,9.17167,77.86989,0.6800,geonames,false,"geonames=1265891; matched=""Kovilpatti""; query=""KOVILPATTI""; feature=PPL"
Tamil Nadu,KRISHNAGIRI RTO - TN24( 06-JUL-2018 ),TN-24,KRISHNAGIRI,12.51921,78.21382,0.6800,geonames,false,"geonames=1265863; matched=""Krishnagiri""; query=""KRISHNAGIRI""; feature=PPL"
Tamil Nadu,KULITHALI UO - TN585( 27-JUN-2018 ),TN-585,KULITHALI UO,11,78.33333,0.6200,geonames,false,"geonames=1255053; matched=""State of Tamil Nadu""; query=""Tamil Nadu""; feature=ADM1"
Tamil Nadu,KUMARAPALAYAM RTO - TN638( 28-JAN-2018 ),TN-638,KUMARAPALAYAM,11.44495,77.71102,0.6800,geonames,false,"geonames=8223943; matched=""Kumarapalayam""; query=""KUMARAPALAYAM""; feature=PPL"
Tamil Nadu,KUMBAKONAM RTO - TN68( 06-AUG-2018 ),TN-68,KUMBAKONAM,10.96209,79.39124,0.6800,geonames,false,"geonames=1265683; matched=""Kumbakonam""; query=""KUMBAKONAM""; feature=PPL"
Tamil Nadu,KUNDRATHUR RTO - TN85( 19-JUN-2018 ),TN-85,KUNDRATHUR,12.99623,80.07514,0.6800,geonames,false,"geonames=1465873; matched=""Kavanur""; query=""KUNDRATHUR""; feature=PPL"
Tamil Nadu,LALGUDI UO - TN631( 28-JUN-2018 ),TN-631,LALGUDI UO,10.87419,78.81935,0.6800,geonames,false,"geonames=1265163; matched=""Lalgudi""; query=""LALGUDI""; feature=PPL"
Tamil Nadu,MADURAI (CENTRAL) RTO - TN64( 17-AUG-2018 ),TN-64,MADURAI,9.919,78.11953,0.6800,geonames,false,"geonames=1264521; matched=""Madurai""; query=""MADURAI""; feature=PPLA2"
Tamil Nadu,MADURAI (NORTH) RTO - TN59( 01-JUN-2018 ),TN-59,MADURAI,9.919,78.11953,0.6800,geonames,false,"geonames=1264521; matched=""Madurai""; query=""MADURAI""; feature=PPLA2"
Tamil Nadu,MADURAI (SOUTH) RTO - TN58( 06-JUL-2018 ),TN-58,MADURAI,9.919,78.11953,0.6800,geonames,false,"geonames=1264521; matched=""Madurai""; query=""MADURAI""; feature=PPLA2"
Tamil Nadu,MADURANTAGAM UO - TN508( 07-JUN-2018 ),TN-508,MADURANTAGAM UO,11,78.33333,0.6200,geonames,false,"geonames=1255053; matched=""State of Tamil Nadu""; query=""Tamil Nadu""; feature=ADM1"
Tamil Nadu,MANAPARAI UO - TN584( 30-MAY-2018 ),TN-584,MANAPARAI UO,10.60772,78.42582,0.6800,geonames,false,"geonames=1263952; matched=""Manapparai""; query=""MANAPARAI""; feature=PPL"
Tamil Nadu,MANMANGALAM UO - TN637( 25-JUN-2018 ),TN-637,MANMANGALAM UO,10.97512,78.15706,0.6800,geonames,false,"geonames=12686479; matched=""Manmangalam""; query=""MANMANGALAM""; feature=ADM3"
Tamil Nadu,MANNARGUDI UO - TN588( 09-AUG-2018 ),TN-588,MANNARGUDI UO,10.66626,79.45064,0.6800,geonames,false,"geonames=1263659; matched=""Mannargudi""; query=""MANNARGUDI""; feature=PPL"
Tamil Nadu,MARTHANDAM RTO - TN75( 31-JUL-2018 ),TN-75,MARTHANDAM,8.30812,77.22144,0.6800,geonames,false,"geonames=11185837; matched=""Marthandam""; query=""MARTHANDAM""; feature=PPL"
Tamil Nadu,MAYILADUTHURAI RTO - TN589( 07-AUG-2018 ),TN-589,MAYILADUTHURAI,11.10354,79.655,0.6800,geonames,false,"geonames=1263247; matched=""Mayiladuthurai""; query=""MAYILADUTHURAI""; feature=PPLA2"
Tamil Nadu,MEENAMBAKKAM RTO - TN22( 09-JUL-2018 ),TN-22,MEENAMBAKKAM,12.98456,80.1747,0.6800,geonames,false,"geonames=9972728; matched=""Meenambakkam""; query=""MEENAMBAKKAM""; feature=PPL"
Tamil Nadu,MELUR UO - TN600( 01-JUN-2018 ),TN-600,MELUR UO,10.03241,78.3393,0.6800,geonames,false,"geonames=1263151; matched=""Melur""; query=""MELUR""; feature=PPL"
Tamil Nadu,METTUPALAYAM RTO - TN40( 18-JUL-2018 ),TN-40,METTUPALAYAM,11.29971,76.93485,0.6800,geonames,false,"geonames=1263103; matched=""Mettupalayam""; query=""METTUPALAYAM""; feature=PPL"
Tamil Nadu,METTUR RTO - TN590( 30-AUG-2018 ),TN-590,METTUR,11.78796,77.8008,0.6800,geonames,false,"geonames=1263101; matched=""Mettur""; query=""METTUR""; feature=PPL"
Tamil Nadu,MUSURI UO - TN621( 28-JUN-2018 ),TN-621,MUSURI UO,11,78.33333,0.6200,geonames,false,"geonames=1255053; matched=""State of Tamil Nadu""; query=""Tamil Nadu""; feature=ADM1"
Tamil Nadu,NAGAPATTINAM RTO - TN51( 07-AUG-2018 ),TN-51,NAGAPATTINAM,10.76377,79.84313,0.6800,geonames,false,"geonames=1262260; matched=""Nagapattinam""; query=""NAGAPATTINAM""; feature=PPL"
Tamil Nadu,NAGERCOIL RTO - TN74( 28-AUG-2018 ),TN-74,NAGERCOIL,8.17899,77.43227,0.6800,geonames,false,"geonames=1262204; matched=""Nagercoil""; query=""NAGERCOIL""; feature=PPL"
Tamil Nadu,NAMAKKAL (NORTH) RTO - TN28( 30-AUG-2018 ),TN-28,NAMAKKAL,11.22126,78.16524,0.6800,geonames,false,"geonames=1262039; matched=""Namakkal""; query=""NAMAKKAL""; feature=PPL"
Tamil Nadu,NAMAKKAL (SOUTH) RTO - TN88( 30-AUG-2018 ),TN-88,NAMAKKAL,11.22126,78.16524,0.6800,geonames,false,"geonames=1262039; matched=""Namakkal""; query=""NAMAKKAL""; feature=PPL"
Tamil Nadu,NATHAM UO - TN640( 04-JUN-2018 ),TN-640,NATHAM UO,10.22776,78.22969,0.6800,geonames,false,"geonames=1261705; matched=""Natham""; query=""NATHAM""; feature=PPL"
Tamil Nadu,NEYVELI UO - TN562( 20-JUN-2018 ),TN-562,NEYVELI UO,11.60877,79.4994,0.6800,geonames,false,"geonames=1261473; matched=""Neyveli""; query=""NEYVELI""; feature=PPL"
Tamil Nadu,ODDANCHATRAM UO - TN595( 24-JUL-2018 ),TN-595,ODDANCHATRAM UO,10.48013,77.74977,0.6800,geonames,false,"geonames=8223974; matched=""Oddanchathiram""; query=""ODDANCHATRAM""; feature=PPL"
Tamil Nadu,OMALURE UO - TN535( 29-AUG-2018 ),TN-535,OMALURE UO,11,78.33333,0.6200,geonames,false,"geonames=1255053; matched=""State of Tamil Nadu""; query=""Tamil Nadu""; feature=ADM1"
Tamil Nadu,OOTY RTO - TN43( 18-JUL-2018 ),TN-43,OOTY,11.4134,76.69521,0.6800,geonames,false,"geonames=1253993; matched=""Ooty""; query=""OOTY""; feature=PPL"
Tamil Nadu,PALACODE UO - TN616( 03-AUG-2018 ),TN-616,PALACODE UO,11,78.33333,0.6200,geonames,false,"geonames=1255053; matched=""State of Tamil Nadu""; query=""Tamil Nadu""; feature=ADM1"
Tamil Nadu,PALANI RTO - TN597( 24-JUL-2018 ),TN-597,PALANI,10.45034,77.5209,0.6800,geonames,false,"geonames=1260671; matched=""Palani""; query=""PALANI""; feature=PPL"
Tamil Nadu,PANRUTI UO - TN626( 19-JUN-2018 ),TN-626,PANRUTI UO,11.77662,79.55269,0.6800,geonames,false,"geonames=1260448; matched=""Panruti""; query=""PANRUTI""; feature=PPL"
Tamil Nadu,PARAMAKUDI UO - TN603( 24-JUL-2018 ),TN-603,PARAMAKUDI UO,9.48536,78.67656,0.6800,geonames,false,"geonames=12681763; matched=""Paramakudi""; query=""PARAMAKUDI""; feature=ADM3"
Tamil Nadu,PARAMATHI VELLURE UO - TN517( 30-AUG-2018 ),TN-517,PARAMATHI VELLURE UO,11,78.33333,0.6200,geonames,false,"geonames=1255053; matched=""State of Tamil Nadu""; query=""Tamil Nadu""; feature=ADM1"
Tamil Nadu,PATTUKOTTAI UNIT OFFICE - TN587( 06-AUG-2018 ),TN-587,PATTUKOTTAI UNIT,10.42358,79.31949,0.6800,geonames,false,"geonames=1260040; matched=""Pattukkottai""; query=""PATTUKOTTAI""; feature=PPL"
Tamil Nadu,PERAMBALUR RTO - TN46( 14-AUG-2018 ),TN-46,PERAMBALUR,11.23333,78.88333,0.6800,geonames,false,"geonames=1259896; matched=""Perambalur""; query=""PERAMBALUR""; feature=PPL"
Tamil Nadu,PERUNDURAI RTO - TN56( 14-AUG-2018 ),TN-56,PERUNDURAI,11.27564,77.58794,0.6800,geonames,false,"geonames=1259855; matched=""Perundurai""; query=""PERUNDURAI""; feature=PPL"
Tamil Nadu,POLLACHI RTO - TN41( 23-JUL-2018 ),TN-41,POLLACHI,10.65825,77.0085,0.6800,geonames,false,"geonames=1259440; matched=""Pollachi""; query=""POLLACHI""; feature=PPL"
Tamil Nadu,POONAMALLEE RTO - TN511( 11-JUN-2018 ),TN-511,POONAMALLEE,13.04888,80.11488,0.6800,geonames,false,"geonames=1259400; matched=""Poonamalle""; query=""POONAMALLEE""; feature=PPL"
Tamil Nadu,PUDUKOTTAI RTO - TN55( 28-DEC-2017 ),TN-55,PUDUKOTTAI,10.38128,78.82141,0.6800,geonames,false,"geonames=1259297; matched=""Pudukkottai""; query=""PUDUKOTTAI""; feature=PPL"
Tamil Nadu,RAJAPALAYAM UO - TN643( 15-NOV-2023 ),TN-643,RAJAPALAYAM UO,9.45296,77.55335,0.6800,geonames,false,"geonames=1258916; matched=""Rajapalayam""; query=""RAJAPALAYAM""; feature=PPL"
Tamil Nadu,RAMANATHAPURAM RTO - TN65( 21-AUG-2018 ),TN-65,RAMANATHAPURAM,9.37158,78.83077,0.6800,geonames,false,"geonames=1258740; matched=""Ramanathapuram""; query=""RAMANATHAPURAM""; feature=PPL"
Tamil Nadu,RANIPET RTO - TN73( 06-JUL-2018 ),TN-73,RANIPET,12.92471,79.33331,0.6800,geonames,false,"geonames=1258451; matched=""Ranipet""; query=""RANIPET""; feature=PPLA2"
Tamil Nadu,RASIPURAM UO - TN526( 30-AUG-2018 ),TN-526,RASIPURAM UO,11.46009,78.18635,0.6800,geonames,false,"geonames=1258386; matched=""Rasipuram""; query=""RASIPURAM""; feature=PPL"
Tamil Nadu,REDHILLS RTO - TN18( 07-JUN-2018 ),TN-18,REDHILLS,11,78.33333,0.6200,geonames,false,"geonames=1255053; matched=""State of Tamil Nadu""; query=""Tamil Nadu""; feature=ADM1"
Tamil Nadu,RTO CHENNAI (NORTH WEST) - TN2( 25-JUN-2018 ),TN-2,CHENNAI,13.08784,80.27847,0.6800,geonames,false,"geonames=1264527; matched=""Chennai""; query=""CHENNAI""; feature=PPLA"
Tamil Nadu,SALEM (EAST) RTO - TN54( 29-AUG-2018 ),TN-54,SALEM,11.65376,78.15538,0.6800,geonames,false,"geonames=1257629; matched=""Salem""; query=""SALEM""; feature=PPL"
Tamil Nadu,SALEM (SOUTH) RTO - TN90( 29-AUG-2018 ),TN-90,SALEM,11.65376,78.15538,0.6800,geonames,false,"geonames=1257629; matched=""Salem""; query=""SALEM""; feature=PPL"
Tamil Nadu,SALEM (WEST) RTO - TN30( 29-AUG-2018 ),TN-30,SALEM,11.65376,78.15538,0.6800,geonames,false,"geonames=1257629; matched=""Salem""; query=""SALEM""; feature=PPL"
Tamil Nadu,SANKAGIRI RTO - TN52( 30-AUG-2018 ),TN-52,SANKAGIRI,11.47599,77.86637,0.6800,geonames,false,"geonames=8224728; matched=""Sankagiri""; query=""SANKAGIRI""; feature=PPL"
Tamil Nadu,SANKARANKOVIL RTO - TN610( 28-AUG-2018 ),TN-610,SANKARANKOVIL,9.17048,77.54107,0.6800,geonames,false,"geonames=1257379; matched=""Sankarankovil""; query=""SANKARANKOVIL""; feature=PPL"
Tamil Nadu,SATHYAMANGALAM UO - TN579( 30-JUL-2018 ),TN-579,SATHYAMANGALAM UO,11.50526,77.23826,0.6800,geonames,false,"geonames=1256989; matched=""Sathyamangalam""; query=""SATHYAMANGALAM""; feature=PPL"
Tamil Nadu,SHOLINGANALLUR RTO - TN512( 19-JUN-2018 ),TN-512,SHOLINGANALLUR,12.88996,80.23127,0.6800,geonames,false,"geonames=6693809; matched=""Sholinganallur""; query=""SHOLINGANALLUR""; feature=PPL"
Tamil Nadu,SIRKALI UO - TN623( 07-AUG-2018 ),TN-623,SIRKALI UO,11.23725,79.73585,0.6800,geonames,false,"geonames=1256075; matched=""Sirkazhi""; query=""SIRKALI""; feature=PPL"
Tamil Nadu,SIVAGANGAI RTO - TN63( 21-AUG-2018 ),TN-63,SIVAGANGAI,9.92762,78.53763,0.6800,geonames,false,"geonames=7646154; matched=""Sivaganga""; query=""SIVAGANGAI""; feature=ADM2"
Tamil Nadu,SIVAKASI RTO - TN604( 21-AUG-2018 ),TN-604,SIVAKASI,9.44999,77.79797,0.6800,geonames,false,"geonames=1255947; matched=""Sivakasi""; query=""SIVAKASI""; feature=PPL"
Tamil Nadu,SRIPERUMBUDUR RTO - TN614( 01-AUG-2018 ),TN-614,SRIPERUMBUDUR,12.96763,79.94197,0.6800,geonames,false,"geonames=1255630; matched=""Sriperumbudur""; query=""SRIPERUMBUDUR""; feature=PPL"
Tamil Nadu,SRIRANGAM RTO - TN48( 28-JUN-2018 ),TN-48,SRIRANGAM,10.79161,78.61376,0.6800,geonames,false,"geonames=12684601; matched=""Srirangam""; query=""SRIRANGAM""; feature=ADM3"
Tamil Nadu,SRIVILLIPUTHUR RTO - TN605( 17-AUG-2018 ),TN-605,SRIVILLIPUTHUR,9.51272,77.63369,0.6800,geonames,false,"geonames=1255616; matched=""Srivilliputhur""; query=""SRIVILLIPUTHUR""; feature=PPL"
Tamil Nadu,STATE TRANSPORT AUTHORITY - TN999( 13-JUN-2018 ),TN-999,STATE AUTHORITY,11,78.33333,0.6800,geonames,false,"geonames=1255053; matched=""State of Tamil Nadu""; query=""Tamil Nadu""; feature=ADM1"
Tamil Nadu,SULUR UO - TN620( 28-MAY-2018 ),TN-620,SULUR UO,11.02427,77.12565,0.6800,geonames,false,"geonames=1255484; matched=""Sulur""; query=""SULUR""; feature=PPL"
Tamil Nadu,TAMBARAM RTO - TN513( 25-JUN-2018 ),TN-513,TAMBARAM,12.9246,80.12707,0.6800,geonames,false,"geonames=1255062; matched=""Tambaram""; query=""TAMBARAM""; feature=PPL"
Tamil Nadu,TENKASI RTO - TN76( 25-JUL-2018 ),TN-76,TENKASI,8.96003,77.31525,0.6800,geonames,false,"geonames=1254744; matched=""Thenkasi""; query=""TENKASI""; feature=PPL"
Tamil Nadu,THANJAVUR RTO - TN49( 06-AUG-2018 ),TN-49,THANJAVUR,10.78523,79.13909,0.6800,geonames,false,"geonames=1254649; matched=""Thanjavur""; query=""THANJAVUR""; feature=PPL"
Tamil Nadu,THENI RTO - TN60( 20-JUL-2018 ),TN-60,THENI,9.85,77.42,0.6800,geonames,false,"geonames=7646155; matched=""Theni""; query=""THENI""; feature=ADM2"
Tamil Nadu,THIRUCHENDUR RTO - TN606( 28-AUG-2018 ),TN-606,THIRUCHENDUR,11,78.33333,0.6200,geonames,false,"geonames=1255053; matched=""State of Tamil Nadu""; query=""Tamil Nadu""; feature=ADM1"
Tamil Nadu,THIRUKALUKUNTRAM UO - TN639( 04-JUN-2018 ),TN-639,THIRUKALUKUNTRAM UO,11,78.33333,0.6200,geonames,false,"geonames=1255053; matched=""State of Tamil Nadu""; query=""Tamil Nadu""; feature=ADM1"
Tamil Nadu,THIRUMANGALAM UO - TN598( 07-JUL-2018 ),TN-598,THIRUMANGALAM UO,9.82307,77.98381,0.6800,geonames,false,"geonames=1254372; matched=""Tirumangalam""; query=""THIRUMANGALAM""; feature=PPL"
Tamil Nadu,THIRUPATTUR RTO - TN624( 11-JUL-2018 ),TN-624,THIRUPATTUR,11,78.33333,0.6200,geonames,false,"geonames=1255053; matched=""State of Tamil Nadu""; query=""Tamil Nadu""; feature=ADM1"
Tamil Nadu,THIRUTHURAIPOONDI UO - TN630( 09-AUG-2018 ),TN-630,THIRUTHURAIPOONDI UO,10.52819,79.63268,0.6800,geonames,false,"geonames=1254341; matched=""Thiruthuraipoondi""; query=""THIRUTHURAIPOONDI""; feature=PPL"
Tamil Nadu,THIRUTTANI UO - TN634( 11-JUN-2018 ),TN-634,THIRUTTANI UO,11,78.33333,0.6200,geonames,false,"geonames=1255053; matched=""State of Tamil Nadu""; query=""Tamil Nadu""; feature=ADM1"
Tamil Nadu,THOOTHUKUDI RTO - TN69( 24-AUG-2018 ),TN-69,THOOTHUKUDI,8.76735,78.13425,0.6800,geonames,false,"geonames=8629640; matched=""Thoothukudi""; query=""THOOTHUKUDI""; feature=PPL"
Tamil Nadu,THURAIYUR UO - TN586( 28-JUN-2018 ),TN-586,THURAIYUR UO,11.14805,78.59911,0.6800,geonames,false,"geonames=8223939; matched=""Thuraiyur""; query=""THURAIYUR""; feature=PPL"
Tamil Nadu,TINDIVANAM RTO - TN571( 14-JUN-2018 ),TN-571,TINDIVANAM,12.234,79.65551,0.6800,geonames,false,"geonames=1254444; matched=""Tindivanam""; query=""TINDIVANAM""; feature=PPL"
Tamil Nadu,TIRUCHENGODE RTO - TN34( 15-MAR-2018 ),TN-34,TIRUCHENGODE,11.38016,77.89444,0.6800,geonames,false,"geonames=1254385; matched=""Tiruchengode""; query=""TIRUCHENGODE""; feature=PPL"
Tamil Nadu,TIRUCHI RTO - TN45( 30-MAY-2018 ),TN-45,TIRUCHI,10.8155,78.69651,0.6800,geonames,false,"geonames=1254388; matched=""Tiruchirappalli""; query=""TIRUCHI""; feature=PPL"
Tamil Nadu,TIRUCHI(EAST) RTO - TN81( 06-JUL-2018 ),TN-81,TIRUCHI,10.8155,78.69651,0.6800,geonames,false,"geonames=1254388; matched=""Tiruchirappalli""; query=""TIRUCHI""; feature=PPL"
Tamil Nadu,TIRUNELVELI RTO - TN72( 25-JUL-2018 ),TN-72,TIRUNELVELI,8.72742,77.6838,0.6800,geonames,false,"geonames=1254361; matched=""Tirunelveli""; query=""TIRUNELVELI""; feature=PPLA2"
Tamil Nadu,TIRUPPUR (NORTH) RTO - TN39( 25-JUL-2018 ),TN-39,TIRUPPUR,11.11541,77.35456,0.6800,geonames,false,"geonames=1254348; matched=""Tiruppur""; query=""TIRUPPUR""; feature=PPL"
Tamil Nadu,TIRUPPUR (SOUTH) RTO - TN42( 25-JUL-2018 ),TN-42,TIRUPPUR,11.11541,77.35456,0.6800,geonames,false,"geonames=1254348; matched=""Tiruppur""; query=""TIRUPPUR""; feature=PPL"
Tamil Nadu,TIRUVALLUR RTO - TN20( 11-JUN-2018 ),TN-20,TIRUVALLUR,13.14376,79.90889,0.6800,geonames,false,"geonames=1254331; matched=""Tiruvallur""; query=""TIRUVALLUR""; feature=PPL"
Tamil Nadu,TIRUVANNAMALAI RTO - TN25( 21-MAY-2018 ),TN-25,TIRUVANNAMALAI,12.22662,79.07461,0.6800,geonames,false,"geonames=1254327; matched=""Tiruvannamalai""; query=""TIRUVANNAMALAI""; feature=PPL"
Tamil Nadu,TIRUVARUR RTO - TN50( 09-AUG-2018 ),TN-50,TIRUVARUR,10.77269,79.6368,0.6800,geonames,false,"geonames=1254589; matched=""Thiruvarur""; query=""TIRUVARUR""; feature=PPL"
Tamil Nadu,TIRUVERANBUR UO - TN583( 09-JUL-2018 ),TN-583,TIRUVERANBUR UO,11,78.33333,0.6200,geonames,false,"geonames=1255053; matched=""State of Tamil Nadu""; query=""Tamil Nadu""; feature=ADM1"
Tamil Nadu,UDUMALPET RTO - TN581( 17-AUG-2018 ),TN-581,UDUMALPET,11,78.33333,0.6200,geonames,false,"geonames=1255053; matched=""State of Tamil Nadu""; query=""Tamil Nadu""; feature=ADM1"
Tamil Nadu,ULUNDURPET RTO - TN577( 15-JUN-2018 ),TN-577,ULUNDURPET,11.69099,79.2873,0.6800,geonames,false,"geonames=1266511; matched=""Ulundurpet""; query=""ULUNDURPET""; feature=PPL"
Tamil Nadu,USILAMPATTI UO - TN636( 14-AUG-2018 ),TN-636,USILAMPATTI UO,9.96936,77.78621,0.6800,geonames,false,"geonames=1253671; matched=""Usilampatti""; query=""USILAMPATTI""; feature=PPL"
Tamil Nadu,UTHAMAPALAYAM UO - TN601( 20-JUL-2018 ),TN-601,UTHAMAPALAYAM UO,9.80701,77.32718,0.6800,geonames,false,"geonames=1253635; matched=""Uttamapalaiyam""; query=""UTHAMAPALAYAM""; feature=PPL"
Tamil Nadu,VADIPATTI UO - TN599( 05-JUN-2018 ),TN-599,VADIPATTI UO,10.08481,77.96113,0.6800,geonames,false,"geonames=1253579; matched=""Vadipatti""; query=""VADIPATTI""; feature=PPL"
Tamil Nadu,VALAPPADI UO - TN613( 08-JAN-2018 ),TN-613,VALAPPADI UO,11,78.33333,0.6200,geonames,false,"geonames=1255053; matched=""State of Tamil Nadu""; query=""Tamil Nadu""; feature=ADM1"
Tamil Nadu,VALLIYUR UO - TN608( 25-JUL-2018 ),TN-608,VALLIYUR UO,11,78.33333,0.6200,geonames,false,"geonames=1255053; matched=""State of Tamil Nadu""; query=""Tamil Nadu""; feature=ADM1"
Tamil Nadu,VALPARAI UO - TN633( 24-JUL-2018 ),TN-633,VALPARAI UO,10.32691,76.95116,0.6800,geonames,false,"geonames=1253472; matched=""Valparai""; query=""VALPARAI""; feature=PPL"
Tamil Nadu,VANIYAMBADI RTO - TN515( 11-JUL-2018 ),TN-515,VANIYAMBADI,12.68162,78.62014,0.6800,geonames,false,"geonames=1253437; matched=""Vaniyambadi""; query=""VANIYAMBADI""; feature=PPL"
Tamil Nadu,VEDACHANDUR UO - TN617( 20-JUL-2018 ),TN-617,VEDACHANDUR UO,11,78.33333,0.6200,geonames,false,"geonames=1255053; matched=""State of Tamil Nadu""; query=""Tamil Nadu""; feature=ADM1"
Tamil Nadu,VELLORE RTO - TN23( 05-JUL-2018 ),TN-23,VELLORE,12.9184,79.13255,0.6800,geonames,false,"geonames=1253286; matched=""Vellore""; query=""VELLORE""; feature=PPL"
Tamil Nadu,VILUPPURAM RTO - TN32( 14-JUN-2018 ),TN-32,VILUPPURAM,11.93975,79.49244,0.6800,geonames,false,"geonames=1253166; matched=""Villupuram""; query=""VILUPPURAM""; feature=PPL"
Tamil Nadu,VIRUDHACHALAM UO - TN553( 19-JUN-2018 ),TN-553,VIRUDHACHALAM UO,11.51497,79.32824,0.6800,geonames,false,"geonames=8223970; matched=""Virudhachalam""; query=""VIRUDHACHALAM""; feature=PPL"
Tamil Nadu,VIRUDHUNAGAR RTO - TN67( 25-JUL-2018 ),TN-67,VIRUDHUNAGAR,9.45,77.92,0.6800,geonames,false,"geonames=7646157; matched=""Virudhunagar""; query=""VIRUDHUNAGAR""; feature=ADM2"
Telangana,- - TG112( 26-FEB-2026 ),TG-112,,17.83333,79.08333,0.6800,geonames,false,"geonames=1254788; matched=""State of Telangana""; query=""Telangana""; feature=ADM1"
Telangana,MULUGU - TG37( 27-FEB-2026 ),TG-37,MULUGU,18.191,79.943,0.6800,geonames,false,"geonames=12165955; matched=""Mulugu""; query=""MULUGU""; feature=PPLA2"
Telangana,NARAYANPET - TG38( 27-FEB-2026 ),TG-38,NARAYANPET,16.74799,77.4954,0.6800,geonames,false,"geonames=1261823; matched=""Narayanpet""; query=""NARAYANPET""; feature=PPLA2"
Telangana,RTA ADILABAD - TG1( 27-FEB-2026 ),TG-1,RTA ADILABAD,19.67203,78.5359,0.6800,geonames,false,"geonames=1279344; matched=""Adilabad""; query=""ADILABAD""; feature=PPL"
Telangana,RTA BHADRADRI - TG28( 27-FEB-2026 ),TG-28,RTA BHADRADRI,17.83333,79.08333,0.6200,geonames,false,"geonames=1254788; matched=""State of Telangana""; query=""Telangana""; feature=ADM1"
Telangana,RTA HANUMAKONDA - TG3( 02-MAR-2026 ),TG-3,RTA HANUMAKONDA,17.83333,79.08333,0.6200,geonames,false,"geonames=1254788; matched=""State of Telangana""; query=""Telangana""; feature=ADM1"
Telangana,RTA IBRAHIMPATNAM - TG107( 27-FEB-2026 ),TG-107,RTA IBRAHIMPATNAM,17.19573,78.65101,0.6800,geonames,false,"geonames=1269839; matched=""Ibrahimpatan""; query=""IBRAHIMPATNAM""; feature=PPL"
Telangana,RTA JAGITYAL - TG21( 27-FEB-2026 ),TG-21,RTA JAGITYAL,17.83333,79.08333,0.6200,geonames,false,"geonames=1254788; matched=""State of Telangana""; query=""Telangana""; feature=ADM1"
Telangana,RTA JANGOAN - TG27( 27-FEB-2026 ),TG-27,RTA JANGOAN,17.72943,79.16096,0.6800,geonames,false,"geonames=11875555; matched=""Jangoan""; query=""JANGOAN""; feature=ADM2"
Telangana,RTA JAYASHANKAR - TG25( 27-FEB-2026 ),TG-25,RTA JAYASHANKAR,18.43758,79.89203,0.6800,geonames,false,"geonames=11875554; matched=""Jayashankar Bhupalapally""; query=""JAYASHANKAR""; feature=ADM2"
Telangana,RTA JOGULAMBA - TG33( 27-FEB-2026 ),TG-33,RTA JOGULAMBA,17.83333,79.08333,0.6200,geonames,false,"geonames=1254788; matched=""State of Telangana""; query=""Telangana""; feature=ADM1"
Telangana,RTA KAMAREDDY - TG17( 26-FEB-2026 ),TG-17,RTA KAMAREDDY,18.32567,78.33416,0.6800,geonames,false,"geonames=11875552; matched=""Kamareddy""; query=""KAMAREDDY""; feature=ADM2"
Telangana,RTA KARIMNAGAR - TG2( 26-FEB-2026 ),TG-2,RTA KARIMNAGAR,18.43915,79.12856,0.6800,geonames,false,"geonames=1267755; matched=""Karimnagar""; query=""KARIMNAGAR""; feature=PPLA2"
Telangana,RTA KHAMMAM - TG4( 27-FEB-2026 ),TG-4,RTA KHAMMAM,17.24767,80.14368,0.6800,geonames,false,"geonames=1267076; matched=""Khammam""; query=""KHAMMAM""; feature=PPL"
Telangana,RTA KOMRAMBHEEM - TG20( 27-FEB-2026 ),TG-20,RTA KOMRAMBHEEM,17.83333,79.08333,0.6200,geonames,false,"geonames=1254788; matched=""State of Telangana""; query=""Telangana""; feature=ADM1"
Telangana,RTA MAHABOOBNAGAR - TG6( 27-FEB-2026 ),TG-6,RTA MAHABOOBNAGAR,17.83333,79.08333,0.6200,geonames,false,"geonames=1254788; matched=""State of Telangana""; query=""Telangana""; feature=ADM1"
Telangana,RTA MAHABUBABAD - TG26( 27-FEB-2026 ),TG-26,RTA MAHABUBABAD,17.6004,80.00543,0.6800,geonames,false,"geonames=11875551; matched=""Mahabubabad""; query=""MAHABUBABAD""; feature=ADM2"
Telangana,RTA MANCHERIAL - TG19( 26-FEB-2026 ),TG-19,RTA MANCHERIAL,18.87074,79.42863,0.6800,geonames,false,"geonames=1263936; matched=""Mancherial""; query=""MANCHERIAL""; feature=PPL"
Telangana,RTA MEDAK - TG35( 27-FEB-2026 ),TG-35,RTA MEDAK,18.04531,78.26078,0.6800,geonames,false,"geonames=1263230; matched=""Medak""; query=""MEDAK""; feature=PPL"
Telangana,RTA MEDCHAL - TG8( 27-FEB-2026 ),TG-8,RTA MEDCHAL,17.62972,78.48139,0.6800,geonames,false,"geonames=1263226; matched=""Medchal""; query=""MEDCHAL""; feature=PPL"
Telangana,RTA NAGARKURNOOL - TG31( 27-FEB-2026 ),TG-31,RTA NAGARKURNOOL,16.44689,78.30584,0.6800,geonames,false,"geonames=12686724; matched=""Nagarkurnool""; query=""NAGARKURNOOL""; feature=ADM3"
Telangana,RTA NALGONDA - TG5( 26-FEB-2026 ),TG-5,RTA NALGONDA,17.05439,79.26707,0.6800,geonames,false,"geonames=1262067; matched=""Nalgonda""; query=""NALGONDA""; feature=PPL"
Telangana,RTA NIRMAL - TG18( 26-FEB-2026 ),TG-18,RTA NIRMAL,19.09685,78.34407,0.6800,geonames,false,"geonames=1261288; matched=""Nirmal""; query=""NIRMAL""; feature=PPLA2"
Telangana,RTA NIZAMABAD - TG16( 26-FEB-2026 ),TG-16,RTA NIZAMABAD,18.67154,78.0988,0.6800,geonames,false,"geonames=1261258; matched=""Nizamabad""; query=""NIZAMABAD""; feature=PPL"
Telangana,RTA PEDDAPALLI - TG22( 27-FEB-2026 ),TG-22,RTA PEDDAPALLI,18.61357,79.37442,0.6800,geonames,false,"geonames=1259961; matched=""Peddapalli""; query=""PEDDAPALLI""; feature=PPLA2"
Telangana,RTA RAJANNA - TG23( 27-FEB-2026 ),TG-23,RTA RAJANNA,17.83333,79.08333,0.6200,geonames,false,"geonames=1254788; matched=""State of Telangana""; query=""Telangana""; feature=ADM1"
Telangana,RTA RANGAREDDY - TG7( 26-FEB-2026 ),TG-7,RTA RANGAREDDY,17.27883,78.16844,0.6800,geonames,false,"geonames=7626856; matched=""Rangareddi""; query=""RANGAREDDY""; feature=ADM2"
Telangana,RTA SANGAREDDY - TG15( 27-FEB-2026 ),TG-15,RTA SANGAREDDY,17.60929,78.1083,0.6800,geonames,false,"geonames=12681530; matched=""Sangareddy""; query=""SANGAREDDY""; feature=ADM3"
Telangana,RTA SIDDIPET - TG36( 27-FEB-2026 ),TG-36,RTA SIDDIPET,18.10483,78.84858,0.6800,geonames,false,"geonames=1256377; matched=""Siddipet""; query=""SIDDIPET""; feature=PPLA2"
Telangana,RTA SURYAPET - TG29( 27-FEB-2026 ),TG-29,RTA SURYAPET,17.14054,79.62045,0.6800,geonames,false,"geonames=1255344; matched=""Suriapet""; query=""SURYAPET""; feature=PPLA2"
Telangana,RTA UPPAL - TG108( 27-FEB-2026 ),TG-108,RTA UPPAL,17.40577,78.55911,0.6800,geonames,false,"geonames=1253744; matched=""Uppal Kalan""; query=""UPPAL""; feature=PPL"
Telangana,RTA VIKARABAD - TG34( 27-FEB-2026 ),TG-34,RTA VIKARABAD,17.3381,77.90441,0.6800,geonames,false,"geonames=1253182; matched=""Vikarabad""; query=""VIKARABAD""; feature=PPLA2"
Telangana,RTA WANAPARTHY - TG32( 27-FEB-2026 ),TG-32,RTA WANAPARTHY,16.36738,78.06889,0.6800,geonames,false,"geonames=1252956; matched=""Wanparti""; query=""WANAPARTHY""; feature=PPLA2"
Telangana,RTA WARANGAL - TG24( 02-MAR-2026 ),TG-24,RTA WARANGAL,18,79.58333,0.6800,geonames,false,"geonames=1252948; matched=""Warangal""; query=""WARANGAL""; feature=PPLA2"
Telangana,RTA YADADRI - TG30( 27-FEB-2026 ),TG-30,RTA YADADRI,17.83333,79.08333,0.6200,geonames,false,"geonames=1254788; matched=""State of Telangana""; query=""Telangana""; feature=ADM1"
Telangana,RTA-HYDERABAD-CZ - TG9( 26-FEB-2026 ),TG-9,RTA HYDERABAD CZ,17.38405,78.45636,0.6200,geonames,false,"geonames=1269843; matched=""Hyderabad""; query=""HYDERABAD""; feature=PPLA"
Telangana,RTA-HYDERABAD-EZ - TG11( 27-FEB-2026 ),TG-11,RTA HYDERABAD EZ,17.38405,78.45636,0.6200,geonames,false,"geonames=1269843; matched=""Hyderabad""; query=""HYDERABAD""; feature=PPLA"
Telangana,RTA-HYDERABAD-NZ - TG10( 26-FEB-2026 ),TG-10,RTA HYDERABAD NZ,17.38405,78.45636,0.6200,geonames,false,"geonames=1269843; matched=""Hyderabad""; query=""HYDERABAD""; feature=PPLA"
Telangana,RTA-HYDERABAD-SZ - TG12( 27-FEB-2026 ),TG-12,RTA HYDERABAD SZ,17.38405,78.45636,0.6200,geonames,false,"geonames=1269843; matched=""Hyderabad""; query=""HYDERABAD""; feature=PPLA"
Telangana,RTA-HYDERABAD-WZ - TG13( 27-FEB-2026 ),TG-13,RTA HYDERABAD WZ,17.38405,78.45636,0.6200,geonames,false,"geonames=1269843; matched=""Hyderabad""; query=""HYDERABAD""; feature=PPLA"
Telangana,UNIT OFFICE ARMOOR - TG116( 27-FEB-2026 ),TG-116,UNIT ARMOOR,18.84272,78.25156,0.6800,geonames,false,"geonames=12686335; matched=""Armoor""; query=""ARMOOR""; feature=ADM3"
Telangana,UNIT OFFICE BHADRACHALAM - TG128( 27-FEB-2026 ),TG-128,UNIT BHADRACHALAM,17.66846,80.88887,0.6800,geonames,false,"geonames=1276328; matched=""Bhadrachalam""; query=""BHADRACHALAM""; feature=PPL"
Telangana,UNIT OFFICE BHODAN - TG216( 27-FEB-2026 ),TG-216,UNIT BHODAN,17.83333,79.08333,0.6200,geonames,false,"geonames=1254788; matched=""State of Telangana""; query=""Telangana""; feature=ADM1"
Telangana,UNIT OFFICE HUZURABAD - TG102( 27-FEB-2026 ),TG-102,UNIT HUZURABAD,18.22745,79.42537,0.6800,geonames,false,"geonames=12686199; matched=""Huzurabad""; query=""HUZURABAD""; feature=ADM3"
Telangana,UNIT OFFICE KALWAKURTHY - TG131( 27-FEB-2026 ),TG-131,UNIT KALWAKURTHY,16.66396,78.49143,0.6800,geonames,false,"geonames=1268300; matched=""Kalwakurti""; query=""KALWAKURTHY""; feature=PPL"
Telangana,UNIT OFFICE KODAD - TG129( 27-FEB-2026 ),TG-129,UNIT KODAD,16.9985,79.9656,0.6800,geonames,false,"geonames=1266416; matched=""Kodar""; query=""KODAD""; feature=PPL"
Telangana,UNIT OFFICE KORUTLA - TG121( 27-FEB-2026 ),TG-121,UNIT KORUTLA,18.83737,78.72394,0.6800,geonames,false,"geonames=12685007; matched=""Korutla""; query=""KORUTLA""; feature=ADM3"
Telangana,UNIT OFFICE KUKATPALLY - TG208( 27-FEB-2026 ),TG-208,UNIT KUKATPALLY,17.48486,78.41376,0.6800,geonames,false,"geonames=1265767; matched=""Kukatpally""; query=""KUKATPALLY""; feature=PPLA3"
Telangana,UNIT OFFICE MIRYALAGUDA - TG305( 27-FEB-2026 ),TG-305,UNIT MIRYALAGUDA,16.8722,79.56247,0.6800,geonames,false,"geonames=1263012; matched=""Miryalaguda""; query=""MIRYALAGUDA""; feature=PPL"
Telangana,UNIT OFFICE PARGI - TG134( 27-FEB-2026 ),TG-134,UNIT PARGI,17.16112,77.86001,0.6800,geonames,false,"geonames=12686784; matched=""Pargi""; query=""PARGI""; feature=ADM3"
Telangana,UNIT OFFICE PATANCHERUVU - TG415( 27-FEB-2026 ),TG-415,UNIT PATANCHERUVU,17.83333,79.08333,0.6200,geonames,false,"geonames=1254788; matched=""State of Telangana""; query=""Telangana""; feature=ADM1"
Telangana,UNIT OFFICE PEBBAIR - TG132( 27-FEB-2026 ),TG-132,UNIT PEBBAIR,16.14836,77.97232,0.6800,geonames,false,"geonames=12686708; matched=""Pebbair""; query=""PEBBAIR""; feature=ADM3"
Telangana,UNIT OFFICE RAMAGUNDAM - TG122( 27-FEB-2026 ),TG-122,UNIT RAMAGUNDAM,18.80084,79.45206,0.6800,geonames,false,"geonames=1258662; matched=""Ramgundam""; query=""RAMAGUNDAM""; feature=PPL"
Telangana,UNIT OFFICE SATTUPALLI - TG304( 27-FEB-2026 ),TG-304,UNIT SATTUPALLI,17.83333,79.08333,0.6200,geonames,false,"geonames=1254788; matched=""State of Telangana""; query=""Telangana""; feature=ADM1"
Telangana,UNIT OFFICE SHADNAGAR - TG207( 27-FEB-2026 ),TG-207,UNIT SHADNAGAR,17.83333,79.08333,0.6200,geonames,false,"geonames=1254788; matched=""State of Telangana""; query=""Telangana""; feature=ADM1"
Telangana,UNIT OFFICE WYRA - TG404( 27-FEB-2026 ),TG-404,UNIT WYRA,17.15078,80.38522,0.6800,geonames,false,"geonames=12686201; matched=""Wyra""; query=""WYRA""; feature=ADM3"
Telangana,UNIT OFFICE ZAHIRABAD - TG215( 27-FEB-2026 ),TG-215,UNIT ZAHIRABAD,17.68138,77.60743,0.6800,geonames,false,"geonames=1252699; matched=""Zahirabad""; query=""ZAHIRABAD""; feature=PPL"
Tripura,DHALAI DTO - TR4( 22-DEC-2016 ),TR-4,DHALAI,24,92,0.6200,geonames,false,"geonames=1254169; matched=""Tripura""; query=""Tripura""; feature=ADM1"
Tripura,GOMATI DTO - TR3( 23-FEB-2017 ),TR-3,GOMATI,23.53399,91.48122,0.6800,geonames,false,"geonames=11875562; matched=""Gomati""; query=""GOMATI""; feature=ADM2"
Tripura,KHOWAI DTO - TR6( 22-FEB-2017 ),TR-6,KHOWAI,24.07964,91.59972,0.6800,geonames,false,"geonames=1266649; matched=""Khowai""; query=""KHOWAI""; feature=PPLA2"
Tripura,NORTH TRIPURA DTO - TR5( 03-MAR-2017 ),TR-5,NORTH TRIPURA,24.35539,92.17104,0.6800,geonames,false,"geonames=1261174; matched=""North Tripura""; query=""NORTH TRIPURA""; feature=ADM2"
Tripura,SEPAHIJALA DTO - TR7( 09-DEC-2016 ),TR-7,SEPAHIJALA,24,92,0.6200,geonames,false,"geonames=1254169; matched=""Tripura""; query=""Tripura""; feature=ADM1"
Tripura,SOUTH TRIPURA DTO - TR8( 23-FEB-2017 ),TR-8,SOUTH TRIPURA,23.1671,91.60953,0.6800,geonames,false,"geonames=1255671; matched=""South Tripura""; query=""SOUTH TRIPURA""; feature=ADM2"
Tripura,STA TRIPURA - TR99( 01-MAR-2017 ),TR-99,STA TRIPURA,24,92,0.6800,geonames,false,"geonames=1254169; matched=""Tripura""; query=""TRIPURA""; feature=ADM1"
Tripura,UNAKOTI DTO - TR2( 03-MAR-2017 ),TR-2,UNAKOTI,24.32781,92.00377,0.6800,geonames,false,"geonames=11875563; matched=""Unakoti""; query=""UNAKOTI""; feature=ADM2"
Tripura,WEST TRIPURA JTC - TR1( 01-MAR-2017 ),TR-1,WEST TRIPURA JTC,23.88577,91.39962,0.6200,geonames,false,"geonames=1252864; matched=""West Tripura""; query=""WEST TRIPURA""; feature=ADM2"
UT of DNH and DD,DAMAN - DD3( 14-DEC-2017 ),DD-3,DAMAN,20.41431,72.83236,0.4800,geonames,false,"geonames=1273618; matched=""Daman""; query=""DAMAN""; feature=PPLA"
UT of DNH and DD,DIU - DD2( 14-DEC-2017 ),DD-2,DIU,20.71405,70.98224,0.4800,geonames,false,"geonames=1272502; matched=""Diu""; query=""DIU""; feature=PPL"
UT of DNH and DD,SILVASSA - DD1( 20-DEC-2017 ),DD-1,SILVASSA,20.27386,72.99673,0.4800,geonames,false,"geonames=1256259; matched=""Silvassa""; query=""SILVASSA""; feature=PPLA2"
Uttar Pradesh,AKBARPUR(AMBEDKAR NAGAR) - UP45( 27-DEC-2017 ),UP-45,AKBARPUR,26.42953,82.53431,0.6800,geonames,false,"geonames=1279134; matched=""Akbarpur""; query=""AKBARPUR""; feature=PPL"
Uttar Pradesh,ALIGARH RTO - UP81( 20-DEC-2017 ),UP-81,ALIGARH,27.88145,78.07464,0.6800,geonames,false,"geonames=1279017; matched=""Aligarh""; query=""ALIGARH""; feature=PPL"
Uttar Pradesh,ARTO OFFICE RAMPUR - UP22( 12-FEB-2018 ),UP-22,RAMPUR,28.81014,79.02699,0.6800,geonames,false,"geonames=1258599; matched=""Rampur""; query=""RAMPUR""; feature=PPL"
Uttar Pradesh,AURAIYA - UP79( 12-OCT-2017 ),UP-79,AURAIYA,26.46517,79.50918,0.6800,geonames,false,"geonames=1278152; matched=""Auraiya""; query=""AURAIYA""; feature=PPL"
Uttar Pradesh,AYODHYA RTO - UP42( 26-DEC-2017 ),UP-42,AYODHYA,26.79909,82.2047,0.6800,geonames,false,"geonames=1278094; matched=""Ayodhya""; query=""AYODHYA""; feature=PPL"
Uttar Pradesh,Agra RTO - UP80( 23-NOV-2017 ),UP-80,Agra,27.18333,78.01667,0.6800,geonames,false,"geonames=1279259; matched=""Agra""; query=""Agra""; feature=PPLA2"
Uttar Pradesh,Amethi ARTO - UP36( 28-DEC-2017 ),UP-36,Amethi,26.15696,81.80519,0.6800,geonames,false,"geonames=1278806; matched=""Amethi""; query=""Amethi""; feature=PPL"
Uttar Pradesh,Azamgarh RTO - UP50( 26-FEB-2018 ),UP-50,Azamgarh,26.06832,83.18358,0.6800,geonames,false,"geonames=1278083; matched=""Azamgarh""; query=""Azamgarh""; feature=PPLA2"
Uttar Pradesh,BANDARTO - UP90( 22-FEB-2018 ),UP-90,BANDARTO,27.25,80.75,0.6200,geonames,false,"geonames=1253626; matched=""Uttar Pradesh""; query=""Uttar Pradesh""; feature=ADM1"
Uttar Pradesh,BAREILLY - UP25( 13-FEB-2018 ),UP-25,BAREILLY,28.36678,79.43167,0.6800,geonames,false,"geonames=1277013; matched=""Bareilly""; query=""BAREILLY""; feature=PPL"
Uttar Pradesh,BASTI RTO - UP51( 13-DEC-2017 ),UP-51,BASTI,26.78817,82.71617,0.6800,geonames,false,"geonames=1276736; matched=""Basti""; query=""BASTI""; feature=PPL"
Uttar Pradesh,Badaun - UP24( 12-FEB-2018 ),UP-24,Badaun,28.03811,79.12668,0.6800,geonames,false,"geonames=1275163; matched=""Budaun""; query=""Badaun""; feature=PPL"
Uttar Pradesh,Baghpat - UP17( 14-NOV-2017 ),UP-17,Baghpat,28.94485,77.21865,0.6800,geonames,false,"geonames=1277882; matched=""Baghpat""; query=""Baghpat""; feature=PPL"
Uttar Pradesh,Bahraich - UP40( 11-DEC-2017 ),UP-40,Bahraich,27.57429,81.59474,0.6800,geonames,false,"geonames=1277799; matched=""Bahraigh""; query=""Bahraich""; feature=PPL"
Uttar Pradesh,Ballia - UP60( 15-JAN-2018 ),UP-60,Ballia,25.83333,84.16667,0.6800,geonames,false,"geonames=1277553; matched=""Ballia""; query=""Ballia""; feature=ADM2"
Uttar Pradesh,Balrampur - UP47( 11-DEC-2017 ),UP-47,Balrampur,27.42949,82.18545,0.6800,geonames,false,"geonames=1277525; matched=""Balrampur""; query=""Balrampur""; feature=PPL"
Uttar Pradesh,Barabanki ARTO - UP41( 12-JAN-2016 ),UP-41,Barabanki,26.93864,81.3274,0.6800,geonames,false,"geonames=1277159; matched=""Bara Banki""; query=""Barabanki""; feature=ADM2"
Uttar Pradesh,Bhadohi(SANT RAVIDAS NAGAR) - UP66( 25-OCT-2017 ),UP-66,Bhadohi,25.39526,82.5703,0.6800,geonames,false,"geonames=1276335; matched=""Bhadohi""; query=""Bhadohi""; feature=PPL"
Uttar Pradesh,Bijnor - UP20( 13-FEB-2018 ),UP-20,Bijnor,29.373,78.13636,0.6800,geonames,false,"geonames=1275679; matched=""Bijnor""; query=""Bijnor""; feature=PPL"
Uttar Pradesh,Bulandshahar - UP13( 22-JAN-2018 ),UP-13,Bulandshahar,27.25,80.75,0.6200,geonames,false,"geonames=1253626; matched=""Uttar Pradesh""; query=""Uttar Pradesh""; feature=ADM1"
Uttar Pradesh,Chandauli - UP67( 17-JAN-2018 ),UP-67,Chandauli,25.26134,83.26408,0.6800,geonames,false,"geonames=9072811; matched=""Chandauli District""; query=""Chandauli""; feature=ADM2"
Uttar Pradesh,Chitrakoot - UP96( 22-FEB-2018 ),UP-96,Chitrakoot,25.20511,81.08962,0.6800,geonames,false,"geonames=9072788; matched=""Chitrakoot""; query=""Chitrakoot""; feature=ADM2"
Uttar Pradesh,DEORIA - UP52( 23-JAN-2018 ),UP-52,DEORIA,26.50167,83.77936,0.6800,geonames,false,"geonames=1273193; matched=""Deoria""; query=""DEORIA""; feature=PPL"
Uttar Pradesh,Etah - UP82( 27-NOV-2017 ),UP-82,Etah,27.55879,78.65692,0.6800,geonames,false,"geonames=1271992; matched=""Etah""; query=""Etah""; feature=PPL"
Uttar Pradesh,Etawah - UP75( 11-OCT-2017 ),UP-75,Etawah,26.77615,79.02133,0.6800,geonames,false,"geonames=1271987; matched=""Etawah""; query=""Etawah""; feature=PPL"
Uttar Pradesh,FATHEHPUR - UP71( 24-JAN-2018 ),UP-71,FATHEHPUR,27.25,80.75,0.6200,geonames,false,"geonames=1253626; matched=""Uttar Pradesh""; query=""Uttar Pradesh""; feature=ADM1"
Uttar Pradesh,FEROZABAD - UP83( 25-OCT-2017 ),UP-83,FEROZABAD,27.25,80.75,0.6200,geonames,false,"geonames=1253626; matched=""Uttar Pradesh""; query=""Uttar Pradesh""; feature=ADM1"
Uttar Pradesh,Farrukhabad - UP76( 29-JAN-2018 ),UP-76,Farrukhabad,27.39134,79.5793,0.6800,geonames,false,"geonames=1271942; matched=""Farrukhabad""; query=""Farrukhabad""; feature=PPL"
Uttar Pradesh,GHAZIABAD - UP14( 23-JAN-2018 ),UP-14,GHAZIABAD,28.66535,77.43915,0.6800,geonames,false,"geonames=1271308; matched=""Ghaziabad""; query=""GHAZIABAD""; feature=PPLA2"
Uttar Pradesh,GONDA - UP43( 14-DEC-2017 ),UP-43,GONDA,27.13181,81.95332,0.6800,geonames,false,"geonames=1270996; matched=""Gonda City""; query=""GONDA""; feature=PPL"
Uttar Pradesh,Ghazipur - UP61( 29-JAN-2018 ),UP-61,Ghazipur,25.58333,83.58526,0.6800,geonames,false,"geonames=1271306; matched=""Ghazipur""; query=""Ghazipur""; feature=PPL"
Uttar Pradesh,Gorakhpur RTO - UP53( 08-NOV-2017 ),UP-53,Gorakhpur,26.76628,83.36889,0.6800,geonames,false,"geonames=1270927; matched=""Gorakhpur""; query=""Gorakhpur""; feature=PPL"
Uttar Pradesh,HAMIRPUR(UP) - UP91( 24-FEB-2018 ),UP-91,HAMIRPUR,25.9553,80.14842,0.6800,geonames,false,"geonames=1270455; matched=""Hamirpur""; query=""HAMIRPUR""; feature=PPL"
Uttar Pradesh,HARDOI - UP30( 11-SEP-2017 ),UP-30,HARDOI,27.39491,80.13165,0.6800,geonames,false,"geonames=1270370; matched=""Hardoi""; query=""HARDOI""; feature=PPL"
Uttar Pradesh,HATHRAS - UP86( 18-DEC-2017 ),UP-86,HATHRAS,27.59551,78.05201,0.6800,geonames,false,"geonames=1270216; matched=""Hathras""; query=""HATHRAS""; feature=PPL"
Uttar Pradesh,Hapur - UP37( 23-JAN-2018 ),UP-37,Hapur,28.72985,77.78068,0.6800,geonames,false,"geonames=1270393; matched=""Hapur""; query=""Hapur""; feature=PPLA2"
Uttar Pradesh,JAUNPUR - UP62( 18-JAN-2018 ),UP-62,JAUNPUR,25.75356,82.68689,0.6800,geonames,false,"geonames=1269135; matched=""Jaunpur""; query=""JAUNPUR""; feature=PPL"
Uttar Pradesh,JPNAGAR - UP23( 17-NOV-2017 ),UP-23,JPNAGAR,27.25,80.75,0.6200,geonames,false,"geonames=1253626; matched=""Uttar Pradesh""; query=""Uttar Pradesh""; feature=ADM1"
Uttar Pradesh,JhansiRTO - UP93( 19-DEC-2017 ),UP-93,JhansiRTO,27.25,80.75,0.6200,geonames,false,"geonames=1253626; matched=""Uttar Pradesh""; query=""Uttar Pradesh""; feature=ADM1"
Uttar Pradesh,KANPUR NAGAR - UP78( 05-DEC-2016 ),UP-78,KANPUR NAGAR,26.46523,80.34975,0.6200,geonames,false,"geonames=1267995; matched=""Kanpur""; query=""KANPUR""; feature=PPL"
Uttar Pradesh,Kannauj - UP74( 13-FEB-2018 ),UP-74,Kannauj,27.05524,79.9188,0.6800,geonames,false,"geonames=1268011; matched=""Kannauj""; query=""Kannauj""; feature=PPL"
Uttar Pradesh,Kanpur Dehat - UP77( 11-DEC-2017 ),UP-77,Kanpur Dehat,26.46523,80.34975,0.6200,geonames,false,"geonames=1267995; matched=""Kanpur""; query=""Kanpur""; feature=PPL"
Uttar Pradesh,Kasganj(kashi ram nagar) - UP87( 29-NOV-2017 ),UP-87,Kasganj,27.80882,78.64579,0.6800,geonames,false,"geonames=1267588; matched=""Kasganj""; query=""Kasganj""; feature=PPL"
Uttar Pradesh,Kaushambi - UP73( 11-OCT-2017 ),UP-73,Kaushambi,25.53074,81.37729,0.6800,geonames,false,"geonames=9072745; matched=""Kaushambi District""; query=""Kaushambi""; feature=ADM2"
Uttar Pradesh,LAKHIMPUR KHERI - UP31( 29-JAN-2018 ),UP-31,LAKHIMPUR KHERI,27.94822,80.77935,0.6200,geonames,false,"geonames=1265242; matched=""Lakhimpur""; query=""LAKHIMPUR""; feature=PPL"
Uttar Pradesh,Lalitpur - UP94( 26-OCT-2017 ),UP-94,Lalitpur,24.69007,78.41915,0.6800,geonames,false,"geonames=1265157; matched=""Lalitpur""; query=""Lalitpur""; feature=PPL"
Uttar Pradesh,M/S Sai Dham Super Srv Soln Pvt Ltd Ghaziabad - UP214( 20-JAN-2021 ),UP-214,M/S Sai Dham Super Srv Soln Pvt Ltd Ghaziabad,28.66535,77.43915,0.6200,geonames,false,"geonames=1271308; matched=""Ghaziabad""; query=""Ghaziabad""; feature=PPLA2"
Uttar Pradesh,MAHANAGAR ARTO LUCKNOW (UP321) - UP321( 22-NOV-2017 ),UP-321,MAHANAGAR LUCKNOW,26.83928,80.92313,0.6200,geonames,false,"geonames=1264733; matched=""Lucknow""; query=""LUCKNOW""; feature=PPLA"
Uttar Pradesh,MATHURA - UP85( 22-FEB-2018 ),UP-85,MATHURA,27.5035,77.67215,0.6800,geonames,false,"geonames=1263364; matched=""Mathura""; query=""MATHURA""; feature=PPL"
Uttar Pradesh,MEERUT RTO - UP15( 15-JAN-2018 ),UP-15,MEERUT,28.98002,77.70636,0.6800,geonames,false,"geonames=1263214; matched=""Meerut""; query=""MEERUT""; feature=PPL"
Uttar Pradesh,MIRZAPUR RTO - UP63( 20-DEC-2017 ),UP-63,MIRZAPUR,25.1449,82.56534,0.6800,geonames,false,"geonames=1262995; matched=""Mirzapur""; query=""MIRZAPUR""; feature=PPL"
Uttar Pradesh,MORADABAD - UP21( 17-NOV-2017 ),UP-21,MORADABAD,28.83893,78.77684,0.6800,geonames,false,"geonames=1262801; matched=""Moradabad""; query=""MORADABAD""; feature=PPLA2"
Uttar Pradesh,Maharajganj - UP56( 18-SEP-2017 ),UP-56,Maharajganj,27.16945,83.50667,0.6800,geonames,false,"geonames=7729749; matched=""Maharajganj""; query=""Maharajganj""; feature=ADM2"
Uttar Pradesh,Mahoba - UP95( 23-FEB-2018 ),UP-95,Mahoba,25.2905,79.87533,0.6800,geonames,false,"geonames=1264359; matched=""Mahoba""; query=""Mahoba""; feature=PPL"
Uttar Pradesh,Mainpuri - UP84( 20-FEB-2018 ),UP-84,Mainpuri,27.22857,79.02882,0.6800,geonames,false,"geonames=1264292; matched=""Mainpuri""; query=""Mainpuri""; feature=PPL"
Uttar Pradesh,Mau - UP54( 23-JAN-2018 ),UP-54,Mau,25.94167,83.56111,0.6800,geonames,false,"geonames=1263311; matched=""Mau""; query=""Mau""; feature=PPL"
Uttar Pradesh,MuzaffarNagar - UP12( 19-FEB-2018 ),UP-12,MuzaffarNagar,29.47091,77.70332,0.6800,geonames,false,"geonames=1262332; matched=""Muzaffarnagar""; query=""MuzaffarNagar""; feature=PPLA2"
Uttar Pradesh,Noida - UP16( 13-NOV-2017 ),UP-16,Noida,28.58,77.33,0.6800,geonames,false,"geonames=7279746; matched=""Noida""; query=""Noida""; feature=PPL"
Uttar Pradesh,Orai - UP92( 18-DEC-2017 ),UP-92,Orai,25.99023,79.45334,0.6800,geonames,false,"geonames=1261039; matched=""Orai""; query=""Orai""; feature=PPL"
Uttar Pradesh,PADRAUNA(KUSHI NAGAR) - UP57( 08-NOV-2017 ),UP-57,PADRAUNA,26.90403,83.98087,0.6800,geonames,false,"geonames=1260909; matched=""Padrauna""; query=""PADRAUNA""; feature=PPL"
Uttar Pradesh,PRATAPGARH - UP72( 09-FEB-2018 ),UP-72,PRATAPGARH,25.92058,81.99629,0.6800,geonames,false,"geonames=1276574; matched=""Bela""; query=""PRATAPGARH""; feature=PPL"
Uttar Pradesh,Pilibhit - UP26( 12-FEB-2018 ),UP-26,Pilibhit,28.63124,79.80436,0.6800,geonames,false,"geonames=1259686; matched=""Pilibhit""; query=""Pilibhit""; feature=PPL"
Uttar Pradesh,Prayagraj RTO - UP70( 29-JAN-2018 ),UP-70,Prayagraj,25.44478,81.84322,0.6800,geonames,false,"geonames=1278994; matched=""Prayagraj""; query=""Prayagraj""; feature=PPL"
Uttar Pradesh,Raibareilly - UP33( 23-AUG-2017 ),UP-33,Raibareilly,27.25,80.75,0.6200,geonames,false,"geonames=1253626; matched=""Uttar Pradesh""; query=""Uttar Pradesh""; feature=ADM1"
Uttar Pradesh,SAHARANPUR RTO - UP11( 18-JAN-2018 ),UP-11,SAHARANPUR,29.9679,77.54522,0.6800,geonames,false,"geonames=1257806; matched=""Saharanpur""; query=""SAHARANPUR""; feature=PPL"
Uttar Pradesh,SAHJAHANPUR - UP27( 15-FEB-2018 ),UP-27,SAHJAHANPUR,27.25,80.75,0.6200,geonames,false,"geonames=1253626; matched=""Uttar Pradesh""; query=""Uttar Pradesh""; feature=ADM1"
Uttar Pradesh,SHAMLI ARTO - UP19( 08-FEB-2018 ),UP-19,SHAMLI,29.4497,77.30959,0.6800,geonames,false,"geonames=1256671; matched=""Shamli""; query=""SHAMLI""; feature=PPLA2"
Uttar Pradesh,SONBHADRA - UP64( 18-DEC-2017 ),UP-64,SONBHADRA,24.6886,83.06784,0.6800,geonames,false,"geonames=1258111; matched=""Robertsganj""; query=""SONBHADRA""; feature=PPL"
Uttar Pradesh,STATE TRANSPORT AUTHORITY - UP999( 20-FEB-2019 ),UP-999,STATE AUTHORITY,27.25,80.75,0.6800,geonames,false,"geonames=1253626; matched=""Uttar Pradesh""; query=""Uttar Pradesh""; feature=ADM1"
Uttar Pradesh,Sambhal ARTO - UP38( 30-NOV-2017 ),UP-38,Sambhal,28.58498,78.56959,0.6800,geonames,false,"geonames=1257540; matched=""Sambhal""; query=""Sambhal""; feature=PPLA2"
Uttar Pradesh,Sant Kabir Nagar - UP58( 12-DEC-2017 ),UP-58,Sant Kabir Nagar,27.25,80.75,0.6200,geonames,false,"geonames=1253626; matched=""Uttar Pradesh""; query=""Uttar Pradesh""; feature=ADM1"
Uttar Pradesh,Shravasti - UP46( 14-DEC-2017 ),UP-46,Shravasti,27.50746,82.0047,0.6800,geonames,false,"geonames=7626227; matched=""Shrawasti""; query=""Shravasti""; feature=ADM2"
Uttar Pradesh,Siddharth Nagar(naugarh) - UP55( 19-SEP-2017 ),UP-55,Siddharth Nagar,27.25797,83.01465,0.6800,geonames,false,"geonames=7626228; matched=""Siddharthnagar""; query=""Siddharth Nagar""; feature=ADM2"
Uttar Pradesh,Sitapur - UP34( 18-DEC-2017 ),UP-34,Sitapur,27.56192,80.68265,0.6800,geonames,false,"geonames=1255969; matched=""Sitapur""; query=""Sitapur""; feature=PPL"
Uttar Pradesh,Sultanpur - UP44( 11-OCT-2017 ),UP-44,Sultanpur,26.25788,82.07269,0.6800,geonames,false,"geonames=1255491; matched=""Sultanpur""; query=""Sultanpur""; feature=PPL"
Uttar Pradesh,TRANSPORT NAGAR RTO LUCKNOW (UP32) - UP32( 19-JUL-2016 ),UP-32,NAGAR LUCKNOW,26.83928,80.92313,0.6200,geonames,false,"geonames=1264733; matched=""Lucknow""; query=""LUCKNOW""; feature=PPLA"
Uttar Pradesh,Unnao - UP35( 12-SEP-2017 ),UP-35,Unnao,26.54706,80.48781,0.6800,geonames,false,"geonames=1253747; matched=""Unnao""; query=""Unnao""; feature=PPL"
Uttar Pradesh,VARANASI RTO - UP65( 17-JAN-2018 ),UP-65,VARANASI,25.31668,83.01041,0.6800,geonames,false,"geonames=1253405; matched=""Varanasi""; query=""VARANASI""; feature=PPL"
Uttarakhand,ALMORA RTO - UK1( 30-MAR-2017 ),UK-1,ALMORA,29.59713,79.65911,0.6800,geonames,false,"geonames=1278974; matched=""Almora""; query=""ALMORA""; feature=PPL"
Uttarakhand,BAGESHWAR ARTO - UK2( 03-MAY-2017 ),UK-2,BAGESHWAR,29.97315,79.83224,0.6800,geonames,false,"geonames=7701513; matched=""Bageshwar""; query=""BAGESHWAR""; feature=ADM2"
Uttarakhand,DEHRADUN RTO - UK7( 14-AUG-2015 ),UK-7,DEHRADUN,30.32443,78.03392,0.6800,geonames,false,"geonames=1273313; matched=""Dehradun""; query=""DEHRADUN""; feature=PPLA"
Uttarakhand,HALDWANI RTO - UK4( 01-AUG-2016 ),UK-4,HALDWANI,29.22254,79.5286,0.6800,geonames,false,"geonames=1270498; matched=""Haldwani""; query=""HALDWANI""; feature=PPL"
Uttarakhand,HARIDWAR ARTO - UK8( 29-JAN-2016 ),UK-8,HARIDWAR,29.94791,78.16025,0.6800,geonames,false,"geonames=1270351; matched=""Haridwar""; query=""HARIDWAR""; feature=PPL"
Uttarakhand,KARANPRAYAG ARTO - UK11( 18-APR-2016 ),UK-11,KARANPRAYAG,30.25,79.25,0.6200,geonames,false,"geonames=1444366; matched=""State of Uttarakhand""; query=""Uttarakhand""; feature=ADM1"
Uttarakhand,KASHIPUR ARTO - UK18( 30-DEC-2015 ),UK-18,KASHIPUR,29.21399,78.95693,0.6800,geonames,false,"geonames=1267579; matched=""Kashipur""; query=""KASHIPUR""; feature=PPL"
Uttarakhand,KOTDWAR ARTO - UK15( 19-JAN-2016 ),UK-15,KOTDWAR,30.25,79.25,0.6200,geonames,false,"geonames=1444366; matched=""State of Uttarakhand""; query=""Uttarakhand""; feature=ADM1"
Uttarakhand,PAURI RTO - UK12( 21-APR-2016 ),UK-12,PAURI,30.15286,78.7771,0.6800,geonames,false,"geonames=1260016; matched=""Pauri""; query=""PAURI""; feature=PPL"
Uttarakhand,PITHORAGARH ARTO - UK5( 28-MAR-2017 ),UK-5,PITHORAGARH,29.58349,80.20947,0.6800,geonames,false,"geonames=1259503; matched=""Pithoragarh""; query=""PITHORAGARH""; feature=PPL"
Uttarakhand,RAMNAGAR ARTO - UK19( 30-JAN-2017 ),UK-19,RAMNAGAR,29.3925,79.1283,0.6800,geonames,false,"geonames=1258637; matched=""Ramnagar""; query=""RAMNAGAR""; feature=PPL"
Uttarakhand,RANIKHET ARTO - UK20( 30-JAN-2017 ),UK-20,RANIKHET,29.64082,79.43229,0.6800,geonames,false,"geonames=1258455; matched=""Ranikhet""; query=""RANIKHET""; feature=PPL"
Uttarakhand,RISHIKESH ARTO - UK14( 16-DEC-2015 ),UK-14,RISHIKESH,30.10778,78.29255,0.6800,geonames,false,"geonames=1258128; matched=""Rishikesh""; query=""RISHIKESH""; feature=PPL"
Uttarakhand,ROORKEE ARTO - UK17( 03-OCT-2016 ),UK-17,ROORKEE,29.86632,77.89118,0.6800,geonames,false,"geonames=1258044; matched=""Roorkee""; query=""ROORKEE""; feature=PPL"
Uttarakhand,RUDRAPRAYAG ARTO - UK13( 19-FEB-2016 ),UK-13,RUDRAPRAYAG,30.60872,79.06517,0.6800,geonames,false,"geonames=8739870; matched=""Rudraprayag""; query=""RUDRAPRAYAG""; feature=ADM2"
Uttarakhand,STATE TRANSPORT AUTHORITY - UK111( 29-FEB-2016 ),UK-111,STATE AUTHORITY,30.25,79.25,0.6800,geonames,false,"geonames=1444366; matched=""State of Uttarakhand""; query=""Uttarakhand""; feature=ADM1"
Uttarakhand,TANAKPUR ARTO - UK3( 01-FEB-2017 ),UK-3,TANAKPUR,29.074,80.11139,0.6800,geonames,false,"geonames=1255027; matched=""Tanakpur""; query=""TANAKPUR""; feature=PPL"
Uttarakhand,TEHRI ARTO - UK9( 07-JUN-2016 ),UK-9,TEHRI,30.39086,78.4803,0.6800,geonames,false,"geonames=1254808; matched=""Tehri""; query=""TEHRI""; feature=PPL"
Uttarakhand,UDHAM SINGH NAGAR ARTO - UK6( 29-DEC-2015 ),UK-6,UDHAM SINGH NAGAR,29.02746,79.52347,0.6800,geonames,false,"geonames=7701516; matched=""Udham Singh Nagar""; query=""UDHAM SINGH NAGAR""; feature=ADM2"
Uttarakhand,UTTARKASHI ARTO - UK10( 05-MAY-2017 ),UK-10,UTTARKASHI,30.97212,78.6068,0.6800,geonames,false,"geonames=1253629; matched=""Uttarkashi""; query=""UTTARKASHI""; feature=ADM2"
Uttarakhand,VIKAS NAGAR ARTO - UK16( 16-MAY-2016 ),UK-16,VIKAS NAGAR,30.3897,77.84337,0.6800,geonames,false,"geonames=12682587; matched=""Vikas Nagar""; query=""VIKAS NAGAR""; feature=ADM3"
West Bengal,ALIPORE RTO - WB19( 13-DEC-2016 ),WB-19,ALIPORE,24,88,0.6200,geonames,false,"geonames=1252881; matched=""West Bengal""; query=""West Bengal""; feature=ADM1"
West Bengal,ALIPURDUAR RTO - WB69( 22-FEB-2017 ),WB-69,ALIPURDUAR,26.4835,89.52286,0.6800,geonames,false,"geonames=1279003; matched=""Alipur Duar""; query=""ALIPURDUAR""; feature=PPLA2"
West Bengal,ARAMBAG ARTO - WB18( 10-JAN-2017 ),WB-18,ARAMBAG,22.85857,87.85514,0.6800,geonames,false,"geonames=12680770; matched=""Arambag""; query=""ARAMBAG""; feature=ADM3"
West Bengal,BANGAON ARTO - WB27( 17-JAN-2017 ),WB-27,BANGAON,23.04553,88.83084,0.6800,geonames,false,"geonames=1277324; matched=""Bangaon""; query=""BANGAON""; feature=PPL"
West Bengal,BANKURA RTO - WB67( 11-APR-2017 ),WB-67,BANKURA,23.23241,87.0716,0.6800,geonames,false,"geonames=1277264; matched=""Bankura""; query=""BANKURA""; feature=PPL"
West Bengal,BARASAT RTO - WB25( 17-JAN-2017 ),WB-25,BARASAT,22.72154,88.48198,0.6800,geonames,false,"geonames=1277065; matched=""Barasat""; query=""BARASAT""; feature=PPL"
West Bengal,BARRACKPORE ARTO - WB23( 27-DEC-2016 ),WB-23,BARRACKPORE,22.76602,88.36336,0.6800,geonames,false,"geonames=1277100; matched=""Barakpur""; query=""BARRACKPORE""; feature=PPL"
West Bengal,BARUIPUR ARTO - WB95( 31-JAN-2017 ),WB-95,BARUIPUR,22.36544,88.4325,0.6800,geonames,false,"geonames=1276832; matched=""Baruipur""; query=""BARUIPUR""; feature=PPL"
West Bengal,BASIRHAT ARTO - WB21( 17-JAN-2017 ),WB-21,BASIRHAT,22.66142,88.85477,0.6800,geonames,false,"geonames=1276759; matched=""Basirhat City""; query=""BASIRHAT""; feature=PPL"
West Bengal,BEHALA ARTO - WB9( 27-DEC-2017 ),WB-9,BEHALA,24,88,0.6200,geonames,false,"geonames=1252881; matched=""West Bengal""; query=""West Bengal""; feature=ADM1"
West Bengal,BIRBHUM RTO - WB53( 28-FEB-2017 ),WB-53,BIRBHUM,23.95364,87.66155,0.6800,geonames,false,"geonames=1275525; matched=""Birbhum""; query=""BIRBHUM""; feature=ADM2"
West Bengal,BISHNUPUR ARTO - WB87( 11-APR-2017 ),WB-87,BISHNUPUR,23.0738,87.31991,0.6800,geonames,false,"geonames=1275462; matched=""Bishnupur""; query=""BISHNUPUR""; feature=PPL"
West Bengal,BOLPUR ARTO - WB47( 28-FEB-2017 ),WB-47,BOLPUR,23.66278,87.69695,0.6800,geonames,false,"geonames=1275346; matched=""Bolpur""; query=""BOLPUR""; feature=PPL"
West Bengal,BUNIADPUR ARTO - null62( 19-MAY-2025 ),,BUNIADPUR null62,24,88,0.6200,geonames,false,"geonames=1252881; matched=""West Bengal""; query=""West Bengal""; feature=ADM1"
West Bengal,CANNING ARTO - null98( 19-MAY-2025 ),,CANNING null98,22.31399,88.66508,0.6200,geonames,false,"geonames=1274984; matched=""Canning""; query=""CANNING""; feature=PPL"
West Bengal,CHANCHOL ARTO - WB83( 23-MAR-2017 ),WB-83,CHANCHOL,24,88,0.6200,geonames,false,"geonames=1252881; matched=""West Bengal""; query=""West Bengal""; feature=ADM1"
West Bengal,CONTAI ARTO - WB31( 09-FEB-2017 ),WB-31,CONTAI,21.77985,87.74892,0.6800,geonames,false,"geonames=1344069; matched=""Contai""; query=""CONTAI""; feature=PPL"
West Bengal,COOCHBEHAR RTO - WB63( 28-MAR-2017 ),WB-63,COOCHBEHAR,26.29282,89.34713,0.6800,geonames,false,"geonames=1266437; matched=""Cooch Behar District""; query=""COOCHBEHAR""; feature=ADM2"
West Bengal,DAKSHIN DINAJPUR RTO - WB61( 06-APR-2017 ),WB-61,DAKSHIN DINAJPUR,25.22,88.76,0.6800,geonames,false,"geonames=8299687; matched=""Dakshin Dinajpur""; query=""DAKSHIN DINAJPUR""; feature=ADM2"
West Bengal,DARJEELING RTO - WB76( 30-MAR-2017 ),WB-76,DARJEELING,27.03333,88.26667,0.6800,geonames,false,"geonames=1273467; matched=""Darjiling""; query=""DARJEELING""; feature=PPL"
West Bengal,DIAMOND HARBOUR ARTO - WB97( 31-JAN-2017 ),WB-97,DIAMOND HARBOUR,22.19268,88.18951,0.6800,geonames,false,"geonames=1272657; matched=""Diamond Harbour""; query=""DIAMOND HARBOUR""; feature=PPL"
West Bengal,DURGAPORE ARTO - WB39( 21-FEB-2017 ),WB-39,DURGAPORE,24,88,0.6200,geonames,false,"geonames=1252881; matched=""West Bengal""; query=""West Bengal""; feature=ADM1"
West Bengal,GHATAL ARTO - WB50( 07-MAR-2017 ),WB-50,GHATAL,22.66244,87.73399,0.6800,geonames,false,"geonames=1271346; matched=""Ghatal""; query=""GHATAL""; feature=PPL"
West Bengal,HALDIA ARTO - WB32( 10-JUL-2017 ),WB-32,HALDIA,22.06046,88.10975,0.6800,geonames,false,"geonames=1344377; matched=""Haldia""; query=""HALDIA""; feature=PPL"
West Bengal,HOOGHLY RTO - WB15( 10-JAN-2017 ),WB-15,HOOGHLY,22.90877,88.39674,0.6800,geonames,false,"geonames=1269910; matched=""Hugli""; query=""HOOGHLY""; feature=PPL"
West Bengal,HOWRAH RTO - WB11( 20-DEC-2016 ),WB-11,HOWRAH,22.57688,88.31857,0.6800,geonames,false,"geonames=1270396; matched=""Howrah""; query=""HOWRAH""; feature=PPL"
West Bengal,ISLAMPUR ARTO - WB91( 28-MAR-2017 ),WB-91,ISLAMPUR,26.26541,88.18982,0.6800,geonames,false,"geonames=1269665; matched=""Islampur""; query=""ISLAMPUR""; feature=PPL"
West Bengal,JALPAIGURI RTO - WB71( 21-FEB-2017 ),WB-71,JALPAIGURI,26.51667,88.73333,0.6800,geonames,false,"geonames=1269388; matched=""Jalpaiguri""; query=""JALPAIGURI""; feature=PPLA2"
West Bengal,JANGIPUR ARTO - WB93( 16-MAR-2017 ),WB-93,JANGIPUR,24.47001,88.07659,0.6800,geonames,false,"geonames=1269247; matched=""Jangipur""; query=""JANGIPUR""; feature=PPL"
West Bengal,JHARGRAM RTO - WB49( 07-MAR-2017 ),WB-49,JHARGRAM,22.45384,86.99497,0.6800,geonames,false,"geonames=1268990; matched=""Jhargram""; query=""JHARGRAM""; feature=PPLA2"
West Bengal,KALIMPONG RTO - WB78( 30-MAR-2017 ),WB-78,KALIMPONG,27.03461,88.63084,0.6800,geonames,false,"geonames=1268403; matched=""Kalimpong""; query=""KALIMPONG""; feature=PPL"
West Bengal,KALNA ARTO - WB43( 21-FEB-2017 ),WB-43,KALNA,23.21944,88.36295,0.6800,geonames,false,"geonames=1268341; matched=""Kalna""; query=""KALNA""; feature=PPL"
West Bengal,KALYANI ARTO - WB89( 16-MAR-2017 ),WB-89,KALYANI,22.9757,88.4337,0.6800,geonames,false,"geonames=1268293; matched=""Kalyani""; query=""KALYANI""; feature=PPL"
West Bengal,KANDI - WB99( 11-JUL-2024 ),WB-99,KANDI,23.95946,88.04018,0.6800,geonames,false,"geonames=1268135; matched=""Kandi""; query=""KANDI""; feature=PPL"
West Bengal,KASBA ARTO - WB5( 28-SEP-2016 ),WB-5,KASBA,24,88,0.6200,geonames,false,"geonames=1252881; matched=""West Bengal""; query=""West Bengal""; feature=ADM1"
West Bengal,KATWA ARTO - WB75( 04-SEP-2018 ),WB-75,KATWA,23.64558,88.13258,0.6800,geonames,false,"geonames=1267457; matched=""Katoya""; query=""KATWA""; feature=PPL"
West Bengal,KHARAGPUR ARTO - WB35( 07-MAR-2017 ),WB-35,KHARAGPUR,22.33971,87.32501,0.6800,geonames,false,"geonames=1266976; matched=""Kharagpur""; query=""KHARAGPUR""; feature=PPL"
West Bengal,MALDA RTO - WB65( 21-MAR-2017 ),WB-65,MALDA,25.00447,88.14573,0.6800,geonames,false,"geonames=1269723; matched=""Malda""; query=""MALDA""; feature=PPLA2"
West Bengal,MANBAZAR - WB80( 09-JUN-2023 ),WB-80,MANBAZAR,24,88,0.6200,geonames,false,"geonames=1252881; matched=""West Bengal""; query=""West Bengal""; feature=ADM1"
West Bengal,MATHABHANGA ARTO - WB85( 28-MAR-2017 ),WB-85,MATHABHANGA,26.34197,89.21555,0.6800,geonames,false,"geonames=1263395; matched=""Matabhanga""; query=""MATHABHANGA""; feature=PPL"
West Bengal,MURSHIDABAD RTO - WB57( 23-MAR-2017 ),WB-57,MURSHIDABAD,24.1839,88.27171,0.6800,geonames,false,"geonames=1262412; matched=""Murshidabad""; query=""MURSHIDABAD""; feature=PPL"
West Bengal,NADIA RTO - WB51( 06-APR-2017 ),WB-51,NADIA,23.4067,88.36861,0.6800,geonames,false,"geonames=1261669; matched=""Navadwip""; query=""NADIA""; feature=PPL"
West Bengal,PASCHIM BURDWAN RTO - WB37( 04-APR-2017 ),WB-37,PASCHIM BURDWAN,23.25572,87.85691,0.6200,geonames,false,"geonames=1277029; matched=""Barddhaman""; query=""BURDWAN""; feature=PPL"
West Bengal,PASCHIM MIDNAPORE RTO - WB33( 07-MAR-2017 ),WB-33,PASCHIM MIDNAPORE,22.42114,87.32257,0.6200,geonames,false,"geonames=1263220; matched=""Medinipur""; query=""MIDNAPORE""; feature=PPL"
West Bengal,PURBA BURDWAN RTO - WB41( 21-FEB-2017 ),WB-41,PURBA BURDWAN,23.25572,87.85691,0.6200,geonames,false,"geonames=1277029; matched=""Barddhaman""; query=""BURDWAN""; feature=PPL"
West Bengal,PURULIA RTO - WB55( 16-FEB-2017 ),WB-55,PURULIA,23.33062,86.36303,0.6800,geonames,false,"geonames=1259163; matched=""Puruliya""; query=""PURULIA""; feature=PPL"
West Bengal,PVD KOLKATA - WB1( 25-JAN-2017 ),WB-1,PVD KOLKATA,22.56263,88.36304,0.6800,geonames,false,"geonames=1275004; matched=""Kolkata""; query=""KOLKATA""; feature=PPLA"
West Bengal,RAGHUNATHPUR ARTO - WB81( 16-FEB-2017 ),WB-81,RAGHUNATHPUR,23.53878,86.6735,0.6800,geonames,false,"geonames=1259049; matched=""Raghunathpur""; query=""RAGHUNATHPUR""; feature=PPL"
West Bengal,RAMPURHAT ARTO - WB45( 28-FEB-2017 ),WB-45,RAMPURHAT,24,88,0.6200,geonames,false,"geonames=1252881; matched=""West Bengal""; query=""West Bengal""; feature=ADM1"
West Bengal,SALTLAKE ARTO - WB7( 03-JAN-2017 ),WB-7,SALTLAKE,24,88,0.6200,geonames,false,"geonames=1252881; matched=""West Bengal""; query=""West Bengal""; feature=ADM1"
West Bengal,SILIGURI ARTO - WB73( 30-MAR-2017 ),WB-73,SILIGURI,26.71004,88.42851,0.6800,geonames,false,"geonames=1256525; matched=""Siliguri""; query=""SILIGURI""; feature=PPL"
West Bengal,SRIRAMPUR ARTO - WB17( 10-JAN-2017 ),WB-17,SRIRAMPUR,22.94849,88.01954,0.6800,geonames,false,"geonames=1348562; matched=""Srirampur""; query=""SRIRAMPUR""; feature=PPL"
West Bengal,STA WEST BENGAL - WB999( 08-AUG-2018 ),WB-999,STA WEST BENGAL,24,88,0.6800,geonames,false,"geonames=1252881; matched=""West Bengal""; query=""WEST BENGAL""; feature=ADM1"
West Bengal,STA-Durgapur - WB997( 08-MAR-2019 ),WB-997,STA Durgapur,23.51583,87.30801,0.6800,geonames,false,"geonames=1272175; matched=""Durgapur""; query=""Durgapur""; feature=PPL"
West Bengal,STA-North Bengal (Siliguri) - WB998( 13-MAR-2019 ),WB-998,STA North Bengal,24,88,0.6200,geonames,false,"geonames=1252881; matched=""West Bengal""; query=""Bengal""; feature=ADM1"
West Bengal,TAMLUK RTO - WB29( 09-FEB-2017 ),WB-29,TAMLUK,22.30083,87.92593,0.6800,geonames,false,"geonames=1255046; matched=""Tamluk""; query=""TAMLUK""; feature=PPL"
West Bengal,TEHATTA ARTO - WB52( 08-JUL-2020 ),WB-52,TEHATTA,24,88,0.6200,geonames,false,"geonames=1252881; matched=""West Bengal""; query=""West Bengal""; feature=ADM1"
West Bengal,ULUBERIA ARTO - WB13( 25-JAN-2017 ),WB-13,ULUBERIA,22.4756,88.09898,0.6800,geonames,false,"geonames=1253880; matched=""Uluberiya""; query=""ULUBERIA""; feature=PPL"
West Bengal,UTTAR DINAJPUR RTO - WB59( 04-APR-2017 ),WB-59,UTTAR DINAJPUR,25.614,88.126,0.6800,geonames,false,"geonames=8335142; matched=""Uttar Dinajpur""; query=""UTTAR DINAJPUR""; feature=ADM2"
